DateTime,turbidity,Normalized
5/10/2022 11:30,1.22,0.000143135
5/10/2022 11:45,1.16,0.000136095
5/10/2022 12:00,1.16,0.000136095
5/10/2022 12:15,1.13,0.000132576
5/10/2022 12:30,1.16,0.000136095
5/10/2022 12:45,1.2,0.000140788
5/10/2022 13:00,1.17,0.000137269
5/10/2022 13:15,1.16,0.000136095
5/10/2022 13:30,1.13,0.000132576
5/10/2022 13:45,1.11,0.000130229
5/10/2022 14:00,1.11,0.000130229
5/10/2022 14:15,1.13,0.000132576
5/10/2022 14:30,1.04,0.000122017
5/10/2022 14:45,1.01,0.000118497
5/10/2022 15:00,1.26,0.000147828
5/10/2022 15:15,1.13,0.000132576
5/10/2022 15:30,1.04,0.000122017
5/10/2022 15:45,1.06,0.000124363
5/10/2022 16:00,1,0.000117324
5/10/2022 16:15,1.07,0.000125536
5/10/2022 16:30,1.14,0.000133749
5/10/2022 16:45,1.06,0.000124363
5/10/2022 17:00,1.11,0.000130229
5/10/2022 17:15,1.09,0.000127883
5/10/2022 17:30,1.09,0.000127883
5/10/2022 17:45,1.08,0.000126709
5/10/2022 18:00,1.16,0.000136095
5/10/2022 18:15,1.03,0.000120843
5/10/2022 18:30,1.09,0.000127883
5/10/2022 18:45,1.09,0.000127883
5/10/2022 19:00,1.12,0.000131402
5/10/2022 19:15,1.13,0.000132576
5/10/2022 19:30,1.11,0.000130229
5/10/2022 19:45,1.21,0.000141962
5/10/2022 20:00,1.3,0.000152521
5/10/2022 20:15,1.32,0.000154867
5/10/2022 20:30,1.3,0.000152521
5/10/2022 20:45,1.36,0.00015956
5/10/2022 21:00,1.27,0.000149001
5/10/2022 21:15,1.27,0.000149001
5/10/2022 21:30,1.31,0.000153694
5/10/2022 21:45,1.31,0.000153694
5/10/2022 22:00,1.31,0.000153694
5/10/2022 22:15,1.37,0.000160733
5/10/2022 22:30,1.39,0.00016308
5/10/2022 22:45,1.38,0.000161907
5/10/2022 23:00,1.4,0.000164253
5/10/2022 23:15,1.35,0.000158387
5/10/2022 23:30,1.37,0.000160733
5/10/2022 23:45,1.46,0.000171292
5/11/2022 0:00,1.35,0.000158387
5/11/2022 0:15,1.34,0.000157214
5/11/2022 0:30,1.43,0.000167773
5/11/2022 0:45,1.32,0.000154867
5/11/2022 1:00,1.43,0.000167773
5/11/2022 1:15,1.44,0.000168946
5/11/2022 1:30,1.42,0.000166599
5/11/2022 1:45,1.39,0.00016308
5/11/2022 2:00,1.53,0.000179505
5/11/2022 2:15,1.39,0.00016308
5/11/2022 2:30,1.48,0.000173639
5/11/2022 2:45,1.48,0.000173639
5/11/2022 3:00,1.52,0.000178332
5/11/2022 3:15,1.52,0.000178332
5/11/2022 3:30,1.55,0.000181852
5/11/2022 3:45,1.49,0.000174812
5/11/2022 4:00,1.59,0.000186545
5/11/2022 4:15,1.63,0.000191237
5/11/2022 4:30,1.59,0.000186545
5/11/2022 4:45,1.53,0.000179505
5/11/2022 5:00,1.57,0.000184198
5/11/2022 5:15,1.57,0.000184198
5/11/2022 5:30,1.65,0.000193584
5/11/2022 5:45,2.16,0.000253419
5/11/2022 6:00,2.06,0.000241687
5/11/2022 6:15,2.03,0.000238167
5/11/2022 6:30,2.05,0.000240513
5/11/2022 6:45,2.1,0.00024638
5/11/2022 7:00,2.08,0.000244033
5/11/2022 7:15,2.08,0.000244033
5/11/2022 7:30,2.01,0.00023582
5/11/2022 7:45,2,0.000234647
5/11/2022 8:00,1.95,0.000228781
5/11/2022 8:15,1.9,0.000222915
5/11/2022 8:30,1.94,0.000227608
5/11/2022 8:45,1.85,0.000217049
5/11/2022 9:00,1.84,0.000215875
5/11/2022 9:15,1.82,0.000213529
5/11/2022 9:30,1.73,0.00020297
5/11/2022 9:45,1.76,0.00020649
5/11/2022 10:00,1.75,0.000205316
5/11/2022 10:15,1.66,0.000194757
5/11/2022 10:30,1.78,0.000208836
5/11/2022 10:45,1.65,0.000193584
5/11/2022 11:00,1.67,0.00019593
5/11/2022 11:15,5.96,0.000699249
5/11/2022 11:30,1.95,0.000228781
5/11/2022 11:45,1.56,0.000183025
5/11/2022 12:00,1.54,0.000180678
5/11/2022 12:15,1.54,0.000180678
5/11/2022 12:30,1.47,0.000172466
5/11/2022 12:45,1.45,0.000170119
5/11/2022 13:00,1.42,0.000166599
5/11/2022 13:15,1.46,0.000171292
5/11/2022 13:30,1.38,0.000161907
5/11/2022 13:45,1.5,0.000175985
5/11/2022 14:00,1.35,0.000158387
5/11/2022 14:15,1.37,0.000160733
5/11/2022 14:30,1.37,0.000160733
5/11/2022 14:45,1.32,0.000154867
5/11/2022 15:00,1.25,0.000146654
5/11/2022 15:15,1.3,0.000152521
5/11/2022 15:30,1.24,0.000145481
5/11/2022 15:45,1.44,0.000168946
5/11/2022 16:00,1.32,0.000154867
5/11/2022 16:15,1.23,0.000144308
5/11/2022 16:30,1.22,0.000143135
5/11/2022 16:45,1.19,0.000139615
5/11/2022 17:00,1.23,0.000144308
5/11/2022 17:15,1.19,0.000139615
5/11/2022 17:30,1.17,0.000137269
5/11/2022 17:45,1.18,0.000138442
5/11/2022 18:00,1.28,0.000150174
5/11/2022 18:15,1.27,0.000149001
5/11/2022 18:30,1.22,0.000143135
5/11/2022 18:45,1.36,0.00015956
5/11/2022 19:00,1.53,0.000179505
5/11/2022 19:15,1.49,0.000174812
5/11/2022 19:30,1.45,0.000170119
5/11/2022 19:45,1.42,0.000166599
5/11/2022 20:00,1.63,0.000191237
5/11/2022 20:15,1.47,0.000172466
5/11/2022 20:30,1.56,0.000183025
5/11/2022 20:45,1.43,0.000167773
5/11/2022 21:00,1.55,0.000181852
5/11/2022 21:15,1.56,0.000183025
5/11/2022 21:30,1.48,0.000173639
5/11/2022 21:45,1.49,0.000174812
5/11/2022 22:00,1.55,0.000181852
5/11/2022 22:15,1.5,0.000175985
5/11/2022 22:30,1.56,0.000183025
5/11/2022 22:45,1.54,0.000180678
5/11/2022 23:00,1.59,0.000186545
5/11/2022 23:15,1.55,0.000181852
5/11/2022 23:30,2.01,0.00023582
5/11/2022 23:45,1.92,0.000225261
5/12/2022 0:00,1.87,0.000219395
5/12/2022 0:15,1.76,0.00020649
5/12/2022 0:30,1.83,0.000214702
5/12/2022 0:45,1.72,0.000201797
5/12/2022 1:00,1.71,0.000200623
5/12/2022 1:15,1.69,0.000198277
5/12/2022 1:30,1.58,0.000185371
5/12/2022 1:45,1.62,0.000190064
5/12/2022 2:00,1.6,0.000187718
5/12/2022 2:15,1.72,0.000201797
5/12/2022 2:30,1.72,0.000201797
5/12/2022 2:45,1.67,0.00019593
5/12/2022 3:00,1.63,0.000191237
5/12/2022 3:15,1.62,0.000190064
5/12/2022 3:30,1.61,0.000188891
5/12/2022 3:45,1.62,0.000190064
5/12/2022 4:00,1.64,0.000192411
5/12/2022 4:15,1.66,0.000194757
5/12/2022 4:30,1.72,0.000201797
5/12/2022 4:45,1.68,0.000197104
5/12/2022 5:00,1.69,0.000198277
5/12/2022 5:15,1.67,0.00019593
5/12/2022 5:30,1.72,0.000201797
5/12/2022 5:45,1.77,0.000207663
5/12/2022 6:00,1.7,0.00019945
5/12/2022 6:15,1.66,0.000194757
5/12/2022 6:30,1.63,0.000191237
5/12/2022 6:45,2.51,0.000294482
5/12/2022 7:00,1.95,0.000228781
5/12/2022 7:15,2.29,0.000268671
5/12/2022 7:30,1.76,0.00020649
5/12/2022 7:45,1.69,0.000198277
5/12/2022 8:00,2.1,0.00024638
5/12/2022 8:15,1.65,0.000193584
5/12/2022 8:30,1.59,0.000186545
5/12/2022 8:45,1.67,0.00019593
5/12/2022 9:00,1.77,0.000207663
5/12/2022 9:15,1.84,0.000215875
5/12/2022 9:30,1.81,0.000212356
5/12/2022 9:45,1.67,0.00019593
5/12/2022 10:00,1.73,0.00020297
5/12/2022 10:15,1.81,0.000212356
5/12/2022 10:30,1.71,0.000200623
5/12/2022 10:45,1.77,0.000207663
5/12/2022 11:00,1.69,0.000198277
5/12/2022 11:15,1.64,0.000192411
5/12/2022 11:30,1.64,0.000192411
5/12/2022 11:45,1.68,0.000197104
5/12/2022 12:00,1.69,0.000198277
5/12/2022 12:15,1.57,0.000184198
5/12/2022 12:30,1.73,0.00020297
5/12/2022 12:45,2.81,0.000329679
5/12/2022 13:00,3.12,0.00036605
5/12/2022 13:15,2.82,0.000330853
5/12/2022 13:30,2.68,0.000314427
5/12/2022 13:45,3.41,0.000400073
5/12/2022 14:00,2.95,0.000346105
5/12/2022 14:15,2.62,0.000307388
5/12/2022 14:30,2.97,0.000348451
5/12/2022 14:45,2.98,0.000349624
5/12/2022 15:00,2.89,0.000339065
5/12/2022 15:15,2.74,0.000321467
5/12/2022 15:30,2.84,0.000333199
5/12/2022 15:45,2.69,0.0003156
5/12/2022 16:00,3.08,0.000361357
5/12/2022 16:15,3.12,0.00036605
5/12/2022 16:30,3.43,0.00040242
5/12/2022 16:45,2.59,0.000303868
5/12/2022 17:00,3.06,0.00035901
5/12/2022 17:15,2.33,0.000273364
5/12/2022 17:30,2.79,0.000327333
5/12/2022 17:45,0.96,0.000112631
5/12/2022 18:00,1,0.000117324
5/12/2022 18:15,1.01,0.000118497
5/12/2022 18:30,1.05,0.00012319
5/12/2022 18:45,1.03,0.000120843
5/12/2022 19:00,1.05,0.00012319
5/12/2022 19:15,1.03,0.000120843
5/12/2022 19:30,1.01,0.000118497
5/12/2022 19:45,1.04,0.000122017
5/12/2022 20:00,1.02,0.00011967
5/12/2022 20:15,1.05,0.00012319
5/12/2022 20:30,1.15,0.000134922
5/12/2022 20:45,1.21,0.000141962
5/12/2022 21:00,1.2,0.000140788
5/12/2022 21:15,1.22,0.000143135
5/12/2022 21:30,1.25,0.000146654
5/12/2022 21:45,1.27,0.000149001
5/12/2022 22:00,1.26,0.000147828
5/12/2022 22:15,1.33,0.00015604
5/12/2022 22:30,1.24,0.000145481
5/12/2022 22:45,1.23,0.000144308
5/12/2022 23:00,1.21,0.000141962
5/12/2022 23:15,1.24,0.000145481
5/12/2022 23:30,1.2,0.000140788
5/12/2022 23:45,1.23,0.000144308
5/13/2022 0:00,1.27,0.000149001
5/13/2022 0:15,1.38,0.000161907
5/13/2022 0:30,1.31,0.000153694
5/13/2022 0:45,1.29,0.000151347
5/13/2022 1:00,1.34,0.000157214
5/13/2022 1:15,1.3,0.000152521
5/13/2022 1:30,1.27,0.000149001
5/13/2022 1:45,1.27,0.000149001
5/13/2022 2:00,1.31,0.000153694
5/13/2022 2:15,1.28,0.000150174
5/13/2022 2:30,1.27,0.000149001
5/13/2022 2:45,1.28,0.000150174
5/13/2022 3:00,1.32,0.000154867
5/13/2022 3:15,1.32,0.000154867
5/13/2022 3:30,1.31,0.000153694
5/13/2022 3:45,1.31,0.000153694
5/13/2022 4:00,1.27,0.000149001
5/13/2022 4:15,1.31,0.000153694
5/13/2022 4:30,1.32,0.000154867
5/13/2022 4:45,1.31,0.000153694
5/13/2022 5:00,1.32,0.000154867
5/13/2022 5:15,1.34,0.000157214
5/13/2022 5:30,1.37,0.000160733
5/13/2022 5:45,1.28,0.000150174
5/13/2022 6:00,1.25,0.000146654
5/13/2022 6:15,1.32,0.000154867
5/13/2022 6:30,1.28,0.000150174
5/13/2022 6:45,1.26,0.000147828
5/13/2022 7:00,1.23,0.000144308
5/13/2022 7:15,1.27,0.000149001
5/13/2022 7:30,1.25,0.000146654
5/13/2022 7:45,1.25,0.000146654
5/13/2022 8:00,1.27,0.000149001
5/13/2022 8:15,1.26,0.000147828
5/13/2022 8:30,1.23,0.000144308
5/13/2022 8:45,1.21,0.000141962
5/13/2022 9:00,1.19,0.000139615
5/13/2022 9:15,1.2,0.000140788
5/13/2022 9:30,1.17,0.000137269
5/13/2022 9:45,1.15,0.000134922
5/13/2022 10:00,1.17,0.000137269
5/13/2022 10:15,1.11,0.000130229
5/13/2022 10:30,1.21,0.000141962
5/13/2022 10:45,1.13,0.000132576
5/13/2022 11:00,1.12,0.000131402
5/13/2022 11:15,1.1,0.000129056
5/13/2022 11:30,1.14,0.000133749
5/13/2022 11:45,1.04,0.000122017
5/13/2022 12:00,1.03,0.000120843
5/13/2022 12:15,1.04,0.000122017
5/13/2022 12:30,0.99,0.00011615
5/13/2022 12:45,1.02,0.00011967
5/13/2022 13:00,1.04,0.000122017
5/13/2022 13:15,0.91,0.000106764
5/13/2022 13:30,0.96,0.000112631
5/13/2022 13:45,0.87,0.000102072
5/13/2022 14:00,0.89,0.000104418
5/13/2022 14:15,0.9,0.000105591
5/13/2022 14:30,0.89,0.000104418
5/13/2022 14:45,0.9,0.000105591
5/13/2022 15:00,0.89,0.000104418
5/13/2022 15:15,0.92,0.000107938
5/13/2022 15:30,0.88,0.000103245
5/13/2022 15:45,0.91,0.000106764
5/13/2022 16:00,0.93,0.000109111
5/13/2022 16:15,0.88,0.000103245
5/13/2022 16:30,0.88,0.000103245
5/13/2022 16:45,0.89,0.000104418
5/13/2022 17:00,0.93,0.000109111
5/13/2022 17:15,0.9,0.000105591
5/13/2022 17:30,0.89,0.000104418
5/13/2022 17:45,0.92,0.000107938
5/13/2022 18:00,0.89,0.000104418
5/13/2022 18:15,0.91,0.000106764
5/13/2022 18:30,0.88,0.000103245
5/13/2022 18:45,0.9,0.000105591
5/13/2022 19:00,0.93,0.000109111
5/13/2022 19:15,0.95,0.000111457
5/13/2022 19:30,0.94,0.000110284
5/13/2022 19:45,0.94,0.000110284
5/13/2022 20:00,1.01,0.000118497
5/13/2022 20:15,0.99,0.00011615
5/13/2022 20:30,1.06,0.000124363
5/13/2022 20:45,1.1,0.000129056
5/13/2022 21:00,1.07,0.000125536
5/13/2022 21:15,1.13,0.000132576
5/13/2022 21:30,1.13,0.000132576
5/13/2022 21:45,1.14,0.000133749
5/13/2022 22:00,1.16,0.000136095
5/13/2022 22:15,1.16,0.000136095
5/13/2022 22:30,1.11,0.000130229
5/13/2022 22:45,1.15,0.000134922
5/13/2022 23:00,1.16,0.000136095
5/13/2022 23:15,1.19,0.000139615
5/13/2022 23:30,1.25,0.000146654
5/13/2022 23:45,1.14,0.000133749
5/14/2022 0:00,1.17,0.000137269
5/14/2022 0:15,1.17,0.000137269
5/14/2022 0:30,1.15,0.000134922
5/14/2022 0:45,1.16,0.000136095
5/14/2022 1:00,1.19,0.000139615
5/14/2022 1:15,1.17,0.000137269
5/14/2022 1:30,1.19,0.000139615
5/14/2022 1:45,1.17,0.000137269
5/14/2022 2:00,1.17,0.000137269
5/14/2022 2:15,1.2,0.000140788
5/14/2022 2:30,1.2,0.000140788
5/14/2022 2:45,1.17,0.000137269
5/14/2022 3:00,1.09,0.000127883
5/14/2022 3:15,1.15,0.000134922
5/14/2022 3:30,1.12,0.000131402
5/14/2022 3:45,1.16,0.000136095
5/14/2022 4:00,1.18,0.000138442
5/14/2022 4:15,1.21,0.000141962
5/14/2022 4:30,1.14,0.000133749
5/14/2022 4:45,1.18,0.000138442
5/14/2022 5:00,1.21,0.000141962
5/14/2022 5:15,1.18,0.000138442
5/14/2022 5:30,1.25,0.000146654
5/14/2022 5:45,1.19,0.000139615
5/14/2022 6:00,1.15,0.000134922
5/14/2022 6:15,1.22,0.000143135
5/14/2022 6:30,1.23,0.000144308
5/14/2022 6:45,1.73,0.00020297
5/14/2022 7:00,1.27,0.000149001
5/14/2022 7:15,1.32,0.000154867
5/14/2022 7:30,1.26,0.000147828
5/14/2022 7:45,1.31,0.000153694
5/14/2022 8:00,1.3,0.000152521
5/14/2022 8:15,1.15,0.000134922
5/14/2022 8:30,1.14,0.000133749
5/14/2022 8:45,1.12,0.000131402
5/14/2022 9:00,1.11,0.000130229
5/14/2022 9:15,1.09,0.000127883
5/14/2022 9:30,1.07,0.000125536
5/14/2022 9:45,1.01,0.000118497
5/14/2022 10:00,1.03,0.000120843
5/14/2022 10:15,1,0.000117324
5/14/2022 10:30,1.01,0.000118497
5/14/2022 10:45,1.03,0.000120843
5/14/2022 11:00,0.96,0.000112631
5/14/2022 11:15,0.98,0.000114977
5/14/2022 11:30,0.98,0.000114977
5/14/2022 11:45,0.89,0.000104418
5/14/2022 12:00,0.94,0.000110284
5/14/2022 12:15,0.95,0.000111457
5/14/2022 12:30,0.9,0.000105591
5/14/2022 12:45,0.89,0.000104418
5/14/2022 13:00,0.85,9.97251E-05
5/14/2022 13:15,0.84,9.85518E-05
5/14/2022 13:30,0.86,0.000100898
5/14/2022 13:45,0.84,9.85518E-05
5/14/2022 14:00,0.82,9.62053E-05
5/14/2022 14:15,0.76,8.91659E-05
5/14/2022 14:30,0.76,8.91659E-05
5/14/2022 14:45,0.73,8.56462E-05
5/14/2022 15:00,0.79,9.26856E-05
5/14/2022 15:15,3.86,0.000452869
5/14/2022 15:30,3.93,0.000461082
5/14/2022 15:45,3.46,0.00040594
5/14/2022 16:00,3.78,0.000443483
5/14/2022 16:15,3.44,0.000403593
5/14/2022 16:30,3.52,0.000412979
5/14/2022 16:45,3.33,0.000390688
5/14/2022 17:00,3.32,0.000389514
5/14/2022 17:15,3.49,0.000409459
5/14/2022 17:30,2.79,0.000327333
5/14/2022 17:45,3.07,0.000360183
5/14/2022 18:00,2.87,0.000336719
5/14/2022 18:15,3.39,0.000397727
5/14/2022 18:30,3.06,0.00035901
5/14/2022 18:45,2.36,0.000276884
5/14/2022 19:00,2.27,0.000266325
5/14/2022 19:15,2.36,0.000276884
5/14/2022 19:30,0.73,8.56462E-05
5/14/2022 19:45,0.78,9.15124E-05
5/14/2022 20:00,0.8,9.38589E-05
5/14/2022 20:15,0.83,9.73786E-05
5/14/2022 20:30,0.89,0.000104418
5/14/2022 20:45,0.89,0.000104418
5/14/2022 21:00,0.96,0.000112631
5/14/2022 21:15,0.98,0.000114977
5/14/2022 21:30,0.95,0.000111457
5/14/2022 21:45,1.03,0.000120843
5/14/2022 22:00,0.98,0.000114977
5/14/2022 22:15,0.95,0.000111457
5/14/2022 22:30,1.03,0.000120843
5/14/2022 22:45,1.06,0.000124363
5/14/2022 23:00,1,0.000117324
5/14/2022 23:15,1.03,0.000120843
5/14/2022 23:30,1.05,0.00012319
5/14/2022 23:45,1.02,0.00011967
5/15/2022 0:00,1.03,0.000120843
5/15/2022 0:15,1.05,0.00012319
5/15/2022 0:30,1,0.000117324
5/15/2022 0:45,1.05,0.00012319
5/15/2022 1:00,1.03,0.000120843
5/15/2022 1:15,1.04,0.000122017
5/15/2022 1:30,1.04,0.000122017
5/15/2022 1:45,1.03,0.000120843
5/15/2022 2:00,1.08,0.000126709
5/15/2022 2:15,1.07,0.000125536
5/15/2022 2:30,1.07,0.000125536
5/15/2022 2:45,1.08,0.000126709
5/15/2022 3:00,1.19,0.000139615
5/15/2022 3:15,1.15,0.000134922
5/15/2022 3:30,1.15,0.000134922
5/15/2022 3:45,1.11,0.000130229
5/15/2022 4:00,1.11,0.000130229
5/15/2022 4:15,1.12,0.000131402
5/15/2022 4:30,1.14,0.000133749
5/15/2022 4:45,1.21,0.000141962
5/15/2022 5:00,1.2,0.000140788
5/15/2022 5:15,1.19,0.000139615
5/15/2022 5:30,1.18,0.000138442
5/15/2022 5:45,1.14,0.000133749
5/15/2022 6:00,1.14,0.000133749
5/15/2022 6:15,1.12,0.000131402
5/15/2022 6:30,1.11,0.000130229
5/15/2022 6:45,1.15,0.000134922
5/15/2022 7:00,1.16,0.000136095
5/15/2022 7:15,1.11,0.000130229
5/15/2022 7:30,1.14,0.000133749
5/15/2022 7:45,1.12,0.000131402
5/15/2022 8:00,1.13,0.000132576
5/15/2022 8:15,1.11,0.000130229
5/15/2022 8:30,1.03,0.000120843
5/15/2022 8:45,1.04,0.000122017
5/15/2022 9:00,1.02,0.00011967
5/15/2022 9:15,1.07,0.000125536
5/15/2022 9:30,1.06,0.000124363
5/15/2022 9:45,1.06,0.000124363
5/15/2022 10:00,1.07,0.000125536
5/15/2022 10:15,1.08,0.000126709
5/15/2022 10:30,1.1,0.000129056
5/15/2022 10:45,1.04,0.000122017
5/15/2022 11:00,1.02,0.00011967
5/15/2022 11:15,0.96,0.000112631
5/15/2022 11:30,0.94,0.000110284
5/15/2022 11:45,0.9,0.000105591
5/15/2022 12:00,0.89,0.000104418
5/15/2022 12:15,0.86,0.000100898
5/15/2022 12:30,0.85,9.97251E-05
5/15/2022 12:45,0.85,9.97251E-05
5/15/2022 13:00,0.8,9.38589E-05
5/15/2022 13:15,0.77,9.03392E-05
5/15/2022 13:30,0.75,8.79927E-05
5/15/2022 13:45,0.75,8.79927E-05
5/15/2022 14:00,0.73,8.56462E-05
5/15/2022 14:15,0.72,8.4473E-05
5/15/2022 14:30,0.71,8.32997E-05
5/15/2022 14:45,0.73,8.56462E-05
5/15/2022 15:00,0.75,8.79927E-05
5/15/2022 15:15,0.76,8.91659E-05
5/15/2022 15:30,0.71,8.32997E-05
5/15/2022 15:45,0.73,8.56462E-05
5/15/2022 16:00,0.76,8.91659E-05
5/15/2022 16:15,0.7,8.21265E-05
5/15/2022 16:30,0.72,8.4473E-05
5/15/2022 16:45,0.77,9.03392E-05
5/15/2022 17:00,0.71,8.32997E-05
5/15/2022 17:15,0.69,8.09533E-05
5/15/2022 17:30,0.68,7.978E-05
5/15/2022 17:45,0.73,8.56462E-05
5/15/2022 18:00,0.71,8.32997E-05
5/15/2022 18:15,0.74,8.68195E-05
5/15/2022 18:30,0.72,8.4473E-05
5/15/2022 18:45,0.73,8.56462E-05
5/15/2022 19:00,0.75,8.79927E-05
5/15/2022 19:15,0.66,7.74336E-05
5/15/2022 19:30,0.73,8.56462E-05
5/15/2022 19:45,0.74,8.68195E-05
5/15/2022 20:00,0.77,9.03392E-05
5/15/2022 20:15,0.75,8.79927E-05
5/15/2022 20:30,0.85,9.97251E-05
5/15/2022 20:45,0.82,9.62053E-05
5/15/2022 21:00,0.98,0.000114977
5/15/2022 21:15,0.91,0.000106764
5/15/2022 21:30,1.01,0.000118497
5/15/2022 21:45,0.98,0.000114977
5/15/2022 22:00,0.91,0.000106764
5/15/2022 22:15,0.94,0.000110284
5/15/2022 22:30,0.92,0.000107938
5/15/2022 22:45,0.93,0.000109111
5/15/2022 23:00,0.97,0.000113804
5/15/2022 23:15,1,0.000117324
5/15/2022 23:30,1,0.000117324
5/15/2022 23:45,1.02,0.00011967
5/16/2022 0:00,1.02,0.00011967
5/16/2022 0:15,1.06,0.000124363
5/16/2022 0:30,1.1,0.000129056
5/16/2022 0:45,1.06,0.000124363
5/16/2022 1:00,1.09,0.000127883
5/16/2022 1:15,1.02,0.00011967
5/16/2022 1:30,1.06,0.000124363
5/16/2022 1:45,1.07,0.000125536
5/16/2022 2:00,1.08,0.000126709
5/16/2022 2:15,1.08,0.000126709
5/16/2022 2:30,1.07,0.000125536
5/16/2022 2:45,1.07,0.000125536
5/16/2022 3:00,1.06,0.000124363
5/16/2022 3:15,1.06,0.000124363
5/16/2022 3:30,1.09,0.000127883
5/16/2022 3:45,1.1,0.000129056
5/16/2022 4:00,1.1,0.000129056
5/16/2022 4:15,1.09,0.000127883
5/16/2022 4:30,1.07,0.000125536
5/16/2022 4:45,1.1,0.000129056
5/16/2022 5:00,1.13,0.000132576
5/16/2022 5:15,1.15,0.000134922
5/16/2022 5:30,1.17,0.000137269
5/16/2022 5:45,1.1,0.000129056
5/16/2022 6:00,1.1,0.000129056
5/16/2022 6:15,1.07,0.000125536
5/16/2022 6:30,1.05,0.00012319
5/16/2022 6:45,1.08,0.000126709
5/16/2022 7:00,1.08,0.000126709
5/16/2022 7:15,1.05,0.00012319
5/16/2022 7:30,1.09,0.000127883
5/16/2022 7:45,1.03,0.000120843
5/16/2022 8:00,1.04,0.000122017
5/16/2022 8:15,1.01,0.000118497
5/16/2022 8:30,0.98,0.000114977
5/16/2022 8:45,0.97,0.000113804
5/16/2022 9:00,1,0.000117324
5/16/2022 9:15,0.97,0.000113804
5/16/2022 9:30,0.89,0.000104418
5/16/2022 9:45,0.95,0.000111457
5/16/2022 10:00,0.96,0.000112631
5/16/2022 10:15,0.92,0.000107938
5/16/2022 10:30,0.9,0.000105591
5/16/2022 10:45,0.89,0.000104418
5/16/2022 11:00,0.89,0.000104418
5/16/2022 11:15,0.84,9.85518E-05
5/16/2022 11:30,0.86,0.000100898
5/16/2022 11:45,0.86,0.000100898
5/16/2022 12:00,0.83,9.73786E-05
5/16/2022 12:15,0.75,8.79927E-05
5/16/2022 12:30,0.79,9.26856E-05
5/16/2022 12:45,0.79,9.26856E-05
5/16/2022 13:00,0.74,8.68195E-05
5/16/2022 13:15,0.76,8.91659E-05
5/16/2022 13:30,0.72,8.4473E-05
5/16/2022 13:45,0.68,7.978E-05
5/16/2022 14:00,0.65,7.62603E-05
5/16/2022 14:15,0.66,7.74336E-05
5/16/2022 14:30,0.61,7.15674E-05
5/16/2022 14:45,0.6,7.03942E-05
5/16/2022 15:00,0.9,0.000105591
5/16/2022 15:15,0.74,8.68195E-05
5/16/2022 15:30,0.88,0.000103245
5/16/2022 15:45,0.74,8.68195E-05
5/16/2022 16:00,0.64,7.50871E-05
5/16/2022 16:15,0.68,7.978E-05
5/16/2022 16:30,2.85,0.000334372
5/16/2022 16:45,1.79,0.000210009
5/16/2022 17:00,1.43,0.000167773
5/16/2022 17:15,1.83,0.000214702
5/16/2022 17:30,1.7,0.00019945
5/16/2022 17:45,1.49,0.000174812
5/16/2022 18:00,1.5,0.000175985
5/16/2022 18:15,1.45,0.000170119
5/16/2022 18:30,1.58,0.000185371
5/16/2022 18:45,1.74,0.000204143
5/16/2022 19:00,3.93,0.000461082
5/16/2022 19:15,2.48,0.000290963
5/16/2022 19:30,2.08,0.000244033
5/16/2022 19:45,1.72,0.000201797
5/16/2022 20:00,1.57,0.000184198
5/16/2022 20:15,1.85,0.000217049
5/16/2022 20:30,1.68,0.000197104
5/16/2022 20:45,1.58,0.000185371
5/16/2022 21:00,1.46,0.000171292
5/16/2022 21:15,1.35,0.000158387
5/16/2022 21:30,1.4,0.000164253
5/16/2022 21:45,1.35,0.000158387
5/16/2022 22:00,1.37,0.000160733
5/16/2022 22:15,1.4,0.000164253
5/16/2022 22:30,4.01,0.000470468
5/16/2022 22:45,3.47,0.000407113
5/16/2022 23:00,3.5,0.000410633
5/16/2022 23:15,1.44,0.000168946
5/16/2022 23:30,1.39,0.00016308
5/16/2022 23:45,1.35,0.000158387
5/17/2022 0:00,1.36,0.00015956
5/17/2022 0:15,1.34,0.000157214
5/17/2022 0:30,1.41,0.000165426
5/17/2022 0:45,1.39,0.00016308
5/17/2022 1:00,1.34,0.000157214
5/17/2022 1:15,1.28,0.000150174
5/17/2022 1:30,1.27,0.000149001
5/17/2022 1:45,1.3,0.000152521
5/17/2022 2:00,1.79,0.000210009
5/17/2022 2:15,1.39,0.00016308
5/17/2022 2:30,1.51,0.000177159
5/17/2022 2:45,1.43,0.000167773
5/17/2022 3:00,1.35,0.000158387
5/17/2022 3:15,1.39,0.00016308
5/17/2022 3:30,1.34,0.000157214
5/17/2022 3:45,1.28,0.000150174
5/17/2022 4:00,1.63,0.000191237
5/17/2022 4:15,1.3,0.000152521
5/17/2022 4:30,1.39,0.00016308
5/17/2022 4:45,1.33,0.00015604
5/17/2022 5:00,1.31,0.000153694
5/17/2022 5:15,1.32,0.000154867
5/17/2022 5:30,1.29,0.000151347
5/17/2022 5:45,1.32,0.000154867
5/17/2022 6:00,1.24,0.000145481
5/17/2022 6:15,1.2,0.000140788
5/17/2022 6:30,1.18,0.000138442
5/17/2022 6:45,2.24,0.000262805
5/17/2022 7:00,1.76,0.00020649
5/17/2022 7:15,2.36,0.000276884
5/17/2022 7:30,1.45,0.000170119
5/17/2022 7:45,1.48,0.000173639
5/17/2022 8:00,2.39,0.000280403
5/17/2022 8:15,3.43,0.00040242
5/17/2022 8:30,2.27,0.000266325
5/17/2022 8:45,2.01,0.00023582
5/17/2022 9:00,1.79,0.000210009
5/17/2022 9:15,1.74,0.000204143
5/17/2022 9:30,1.53,0.000179505
5/17/2022 9:45,1.55,0.000181852
5/17/2022 10:00,1.46,0.000171292
5/17/2022 10:15,1.41,0.000165426
5/17/2022 10:30,1.31,0.000153694
5/17/2022 10:45,1.29,0.000151347
5/17/2022 11:00,1.23,0.000144308
5/17/2022 11:15,1.24,0.000145481
5/17/2022 11:30,1.14,0.000133749
5/17/2022 11:45,1.14,0.000133749
5/17/2022 12:00,1.14,0.000133749
5/17/2022 12:15,1.15,0.000134922
5/17/2022 12:30,1.11,0.000130229
5/17/2022 12:45,1.34,0.000157214
5/17/2022 13:00,1.26,0.000147828
5/17/2022 13:15,1.18,0.000138442
5/17/2022 13:30,1.19,0.000139615
5/17/2022 13:45,1.28,0.000150174
5/17/2022 14:00,1.23,0.000144308
5/17/2022 14:15,1.21,0.000141962
5/17/2022 14:30,1.17,0.000137269
5/17/2022 14:45,1.13,0.000132576
5/17/2022 15:15,0.82,9.62053E-05
5/17/2022 15:30,0.735,8.62328E-05
5/17/2022 15:45,0.725,8.50596E-05
5/17/2022 16:00,0.67,7.86068E-05
5/17/2022 16:15,0.775,9.09258E-05
5/17/2022 16:30,0.7,8.21265E-05
5/17/2022 16:45,0.74,8.68195E-05
5/17/2022 17:00,0.72,8.4473E-05
5/17/2022 17:15,0.64,7.50871E-05
5/17/2022 17:30,0.78,9.15124E-05
5/17/2022 17:45,0.8,9.38589E-05
5/17/2022 18:00,0.71,8.32997E-05
5/17/2022 18:15,0.715,8.38864E-05
5/17/2022 18:30,0.685,8.03667E-05
5/17/2022 18:45,0.65,7.62603E-05
5/17/2022 19:00,0.63,7.39139E-05
5/17/2022 19:15,0.75,8.79927E-05
5/17/2022 19:30,0.685,8.03667E-05
5/17/2022 19:45,0.72,8.4473E-05
5/17/2022 20:00,0.73,8.56462E-05
5/17/2022 20:15,0.725,8.50596E-05
5/17/2022 20:30,0.755,8.85793E-05
5/17/2022 20:45,0.9,0.000105591
5/17/2022 21:00,0.96,0.000112631
5/17/2022 21:15,0.96,0.000112631
5/17/2022 21:30,0.95,0.000111457
5/17/2022 21:45,0.945,0.000110871
5/17/2022 22:00,1.02,0.00011967
5/17/2022 22:15,1.4,0.000164253
5/17/2022 22:30,1.305,0.000153107
5/17/2022 22:45,1.21,0.000141962
5/17/2022 23:00,1.175,0.000137855
5/17/2022 23:15,1.35,0.000158387
5/17/2022 23:30,2.49,0.000292136
5/17/2022 23:45,2.68,0.000314427
5/18/2022 0:00,1.29,0.000151347
5/18/2022 0:15,1.55,0.000181852
5/18/2022 0:30,1.235,0.000144895
5/18/2022 0:45,1.565,0.000183611
5/18/2022 1:00,1.3,0.000152521
5/18/2022 1:15,1.17,0.000137269
5/18/2022 1:30,1.25,0.000146654
5/18/2022 1:45,1.165,0.000136682
5/18/2022 2:00,1.515,0.000177745
5/18/2022 2:15,2.54,0.000298002
5/18/2022 2:30,1.605,0.000188304
5/18/2022 2:45,1.435,0.000168359
5/18/2022 3:00,1.485,0.000174226
5/18/2022 3:15,1.28,0.000150174
5/18/2022 3:30,1.425,0.000167186
5/18/2022 3:45,1.595,0.000187131
5/18/2022 4:00,1.56,0.000183025
5/18/2022 4:15,1.52,0.000178332
5/18/2022 4:30,1.405,0.00016484
5/18/2022 4:45,1.29,0.000151347
5/18/2022 5:00,1.325,0.000155454
5/18/2022 5:15,1.36,0.00015956
5/18/2022 5:30,1.35,0.000158387
5/18/2022 5:45,1.29,0.000151347
5/18/2022 6:00,1.44,0.000168946
5/18/2022 6:15,1.685,0.00019769
5/18/2022 6:30,1.84,0.000215875
5/18/2022 6:45,1.75,0.000205316
5/18/2022 7:00,2.44,0.00028627
5/18/2022 7:15,2.66,0.000312081
5/18/2022 7:30,2.23,0.000261632
5/18/2022 7:45,2.915,0.000341998
5/18/2022 8:00,3.315,0.000388928
5/18/2022 8:15,2.91,0.000341412
5/18/2022 8:30,3.45,0.000404766
5/18/2022 8:45,4.325,0.000507425
5/18/2022 9:00,4.72,0.000553767
5/18/2022 9:15,4.2,0.000492759
5/18/2022 9:30,3.785,0.00044407
5/18/2022 9:45,3.405,0.000399487
5/18/2022 10:00,4.6,0.000539689
5/18/2022 10:15,3.375,0.000395967
5/18/2022 10:30,3.205,0.000376022
5/18/2022 10:45,3.32,0.000389514
5/18/2022 11:00,5.27,0.000618295
5/18/2022 11:15,3.825,0.000448763
5/18/2022 11:30,4.705,0.000552007
5/18/2022 11:45,3.57,0.000418845
5/18/2022 12:00,3.865,0.000453456
5/18/2022 12:15,3.825,0.000448763
5/18/2022 12:30,10.515,0.001233658
5/18/2022 12:45,12.855,0.001508195
5/18/2022 13:00,27.55,0.003232265
5/18/2022 13:15,192.405,0.022573645
5/18/2022 13:30,94.115,0.01104191
5/18/2022 13:45,105.26,0.012349481
5/18/2022 14:00,250.71,0.029414197
5/18/2022 14:15,103.955,0.012196374
5/18/2022 14:30,19.45,0.002281944
5/18/2022 14:45,32.695,0.003835895
5/18/2022 15:00,63.355,0.007433036
5/18/2022 15:15,64.23,0.007535694
5/18/2022 15:30,38.915,0.004565648
5/18/2022 15:45,54.475,0.006391203
5/18/2022 16:00,135.035,0.015842791
5/18/2022 16:15,115.14,0.013508638
5/18/2022 16:30,31.37,0.003680441
5/18/2022 16:45,73.92,0.00867256
5/18/2022 17:00,95.41,0.011193844
5/18/2022 17:15,34.315,0.004025959
5/18/2022 17:30,117.34,0.01376675
5/18/2022 17:45,99.155,0.011633221
5/18/2022 18:00,116.95,0.013720994
5/18/2022 18:15,118.5,0.013902846
5/18/2022 18:30,127.915,0.015007447
5/18/2022 18:45,112.305,0.013176026
5/18/2022 19:00,111.03,0.013026438
5/18/2022 19:15,130.96,0.015364697
5/18/2022 19:30,101.84,0.011948234
5/18/2022 19:45,127.83,0.014997475
5/18/2022 20:00,114.415,0.013423579
5/18/2022 20:15,113.54,0.01332092
5/18/2022 20:30,102.22,0.011992817
5/18/2022 20:45,106.655,0.012513148
5/18/2022 21:00,149.595,0.017551023
5/18/2022 21:15,121.685,0.014276521
5/18/2022 21:30,121.165,0.014215513
5/18/2022 21:45,116.74,0.013696356
5/18/2022 22:00,130.525,0.015313662
5/18/2022 22:15,170.945,0.020055881
5/18/2022 22:30,143.585,0.016845908
5/18/2022 22:45,100.54,0.011795714
5/18/2022 23:00,127.94,0.01501038
5/18/2022 23:15,136.405,0.016003524
5/18/2022 23:30,198.9116667,0.023337031
5/18/2022 23:45,197.5883333,0.023181773
5/19/2022 0:00,146.815,0.017224863
5/19/2022 0:15,139.8166667,0.016403793
5/19/2022 0:30,150.8533333,0.017698655
5/19/2022 0:45,172.785,0.020271757
5/19/2022 1:00,240.1266667,0.028172523
5/19/2022 1:15,202.2183333,0.023724981
5/19/2022 1:30,210.405,0.02468547
5/19/2022 1:45,225.32,0.026435351
5/19/2022 2:00,230.075,0.026993225
5/19/2022 2:15,283.15,0.033220175
5/19/2022 2:30,301.45,0.035367196
5/19/2022 2:45,316.895,0.037179259
5/19/2022 3:00,293.42,0.034425088
5/19/2022 3:15,317.035,0.037195685
5/19/2022 3:30,327.295,0.038399425
5/19/2022 3:45,521.875,0.061228249
5/19/2022 4:00,357.38,0.041929105
5/19/2022 4:15,333.38,0.039113339
5/19/2022 4:30,380.385,0.044628134
5/19/2022 4:45,371.17,0.043546997
5/19/2022 5:00,361.395,0.042400159
5/19/2022 5:15,387.025,0.045407163
5/19/2022 5:30,394.25,0.046254826
5/19/2022 5:45,430.355,0.050490794
5/19/2022 6:00,406.195,0.047656256
5/19/2022 6:15,429.305,0.050367604
5/19/2022 6:30,460.07,0.053977064
5/19/2022 6:45,475.735,0.055814938
5/19/2022 7:00,485.05,0.056907808
5/19/2022 7:15,480.035,0.05631943
5/19/2022 7:30,488.16,0.057272684
5/19/2022 7:45,507.375,0.059527057
5/19/2022 8:00,548.645,0.064369001
5/19/2022 8:15,521.85,0.061225316
5/19/2022 8:30,535.21,0.062792759
5/19/2022 8:45,612.775,0.071892963
5/19/2022 9:00,631.035,0.074035292
5/19/2022 9:15,686.27,0.080515661
5/19/2022 9:30,693.375,0.081349245
5/19/2022 9:45,766.39,0.089915627
5/19/2022 10:00,811.565,0.09521572
5/19/2022 10:15,788.975,0.09256538
5/19/2022 10:30,842.645,0.098862137
5/19/2022 10:45,921.385,0.108100197
5/19/2022 11:00,890.905,0.104524174
5/19/2022 11:15,941.375,0.110445495
5/19/2022 11:30,937.1,0.109943937
5/19/2022 11:45,927.905,0.108865147
5/19/2022 12:00,948.145,0.111239776
5/19/2022 12:15,984.84,0.115544965
5/19/2022 12:30,1032.63,0.12115186
5/19/2022 12:45,995.95,0.11684843
5/19/2022 13:00,907.23,0.106439481
5/19/2022 13:15,795.625,0.093345582
5/19/2022 13:30,709.705,0.083265139
5/19/2022 13:45,737.83,0.086564865
5/19/2022 14:00,642.1,0.075333478
5/19/2022 14:15,519.79,0.060983629
5/19/2022 14:30,594.865,0.069791698
5/19/2022 14:45,594.605,0.069761194
5/19/2022 15:00,502.075,0.058905242
5/19/2022 15:15,435.275,0.051068026
5/19/2022 15:30,650.425,0.076310197
5/19/2022 15:45,524.655,0.061554409
5/19/2022 16:00,525.185,0.06161659
5/19/2022 16:15,588.705,0.069068985
5/19/2022 16:30,587.635,0.068943448
5/19/2022 16:45,536.2,0.062908909
5/19/2022 17:00,563.955,0.066165226
5/19/2022 17:15,565.755,0.066376408
5/19/2022 17:30,584.58,0.068585025
5/19/2022 17:45,580.16,0.068066454
5/19/2022 18:00,533.77,0.062623813
5/19/2022 18:15,505.45,0.059301209
5/19/2022 18:30,494.74,0.058044673
5/19/2022 18:45,492.075,0.057732006
5/19/2022 19:00,460.375,0.054012848
5/19/2022 19:15,444.35,0.052132738
5/19/2022 19:30,465.2,0.054578934
5/19/2022 19:45,420.72,0.049360381
5/19/2022 20:00,409.7,0.048067475
5/19/2022 20:15,367.315,0.043094715
5/19/2022 20:30,381.7,0.044782415
5/19/2022 20:45,377.3,0.044266191
5/19/2022 21:00,410.285,0.048136109
5/19/2022 21:15,443.225,0.052000749
5/19/2022 21:30,429.72,0.050416293
5/19/2022 21:45,431.025,0.050569401
5/19/2022 22:00,450.175,0.052816147
5/19/2022 22:15,440.25,0.051651711
5/19/2022 22:30,427.215,0.050122398
5/19/2022 22:45,435.135,0.051051601
5/19/2022 23:00,415.43,0.048739739
5/19/2022 23:15,429.98,0.050446798
5/19/2022 23:30,427.8,0.050191032
5/19/2022 23:45,451.335,0.052952243
5/20/2022 0:00,463.93,0.054429933
5/20/2022 0:15,442.555,0.051922142
5/20/2022 0:30,473.185,0.055515763
5/20/2022 0:45,452.66,0.053107697
5/20/2022 1:00,437.035,0.051274515
5/20/2022 1:15,430.62,0.050521885
5/20/2022 1:30,447.19,0.052465937
5/20/2022 1:45,433.465,0.05085567
5/20/2022 2:00,452.12,0.053044342
5/20/2022 2:15,458.73,0.053819851
5/20/2022 2:30,436.545,0.051217027
5/20/2022 2:45,443.25,0.052003682
5/20/2022 3:00,436.49,0.051210574
5/20/2022 3:15,419.22,0.049184396
5/20/2022 3:30,447.5,0.052502307
5/20/2022 3:45,419.1,0.049170317
5/20/2022 4:00,423.55,0.049692407
5/20/2022 4:15,398.875,0.046797447
5/20/2022 4:30,392.76,0.046080014
5/20/2022 4:45,411.29,0.04825402
5/20/2022 5:00,406.675,0.047712571
5/20/2022 5:15,402.465,0.047218639
5/20/2022 5:30,427.76,0.050186339
5/20/2022 5:45,425.615,0.04993468
5/20/2022 6:00,387.56,0.045469931
5/20/2022 6:15,405.855,0.047616366
5/20/2022 6:30,416.48,0.048862929
5/20/2022 6:45,408.29,0.047902049
5/20/2022 7:00,439.73,0.051590703
5/20/2022 7:15,409.295,0.048019959
5/20/2022 7:30,409.66,0.048062782
5/20/2022 7:45,399.365,0.046854936
5/20/2022 8:00,393.76,0.046197337
5/20/2022 8:15,394.965,0.046338712
5/20/2022 8:30,384.25,0.04508159
5/20/2022 8:45,379.015,0.044467401
5/20/2022 9:00,399.78,0.046903625
5/20/2022 9:15,396.61,0.046531709
5/20/2022 9:30,402.925,0.047272608
5/20/2022 9:45,436.33,0.051191802
5/20/2022 10:00,405.33,0.047554771
5/20/2022 10:15,422.92,0.049618493
5/20/2022 10:30,409.825,0.048082141
5/20/2022 10:45,423.34,0.049667769
5/20/2022 11:00,425.14,0.049878951
5/20/2022 11:15,437.105,0.051282728
5/20/2022 11:30,464.165,0.054457505
5/20/2022 11:45,384.46,0.045106228
5/20/2022 12:00,383.68,0.045014715
5/20/2022 12:15,428.97,0.050328301
5/20/2022 12:30,463.66,0.054398256
5/20/2022 12:45,566.85,0.066504877
5/20/2022 13:00,667.035,0.078258941
5/20/2022 13:15,731.08,0.085772931
5/20/2022 13:30,801.18,0.093997314
5/20/2022 13:45,888.31,0.104219719
5/20/2022 14:00,911.36,0.106924028
5/20/2022 14:15,904.21,0.106085164
5/20/2022 14:30,903.18,0.105964321
5/20/2022 14:45,961.27,0.112779648
5/20/2022 15:00,982.095,0.115222912
5/20/2022 15:15,1073.755,0.125976792
5/20/2022 15:30,1139.5,0.133690232
5/20/2022 15:45,1087.465,0.127585299
5/20/2022 16:00,1136.89,0.133384017
5/20/2022 16:15,1150.295,0.13495674
5/20/2022 16:30,1023.565,0.120088321
5/20/2022 16:45,1047.31,0.12287417
5/20/2022 17:00,1105.875,0.129745226
5/20/2022 17:15,1088.06,0.127655106
5/20/2022 17:30,1100.81,0.129150982
5/20/2022 17:45,1084.735,0.127265005
5/20/2022 18:00,1134.29,0.133078976
5/20/2022 18:15,1149.425,0.134854668
5/20/2022 18:30,1044.505,0.122545077
5/20/2022 18:45,924.75,0.108494991
5/20/2022 19:00,961.34,0.112787861
5/20/2022 19:15,825.595,0.09686177
5/20/2022 19:30,869.88,0.102057445
5/20/2022 19:45,877.265,0.10292388
5/20/2022 20:00,750.23,0.088019678
5/20/2022 20:15,670.185,0.078628511
5/20/2022 20:30,663.39,0.077831297
5/20/2022 20:45,633.27,0.07429751
5/20/2022 21:00,569.995,0.06687386
5/20/2022 21:15,644.04,0.075561085
5/20/2022 21:30,604.3,0.070898646
5/20/2022 21:45,566.19,0.066427444
5/20/2022 22:00,585.075,0.0686431
5/20/2022 22:15,576.095,0.067589534
5/20/2022 22:30,517.24,0.060684454
5/20/2022 22:45,466.715,0.05475668
5/20/2022 23:00,530.855,0.062281815
5/20/2022 23:15,488.16,0.057272684
5/20/2022 23:30,622.315,0.07301223
5/20/2022 23:45,634.37,0.074426566
5/21/2022 0:00,545.52,0.064002365
5/21/2022 0:15,467.135,0.054805956
5/21/2022 0:30,456.975,0.053613948
5/21/2022 0:45,536.72,0.062969918
5/21/2022 1:00,428.87,0.050316568
5/21/2022 1:15,340.28,0.039922871
5/21/2022 1:30,346.345,0.040634439
5/21/2022 1:45,337.31,0.03957442
5/21/2022 2:00,294.445,0.034545345
5/21/2022 2:15,363.96,0.042701094
5/21/2022 2:30,370.045,0.043415008
5/21/2022 2:45,424.02,0.049747549
5/21/2022 3:00,337.845,0.039637189
5/21/2022 3:15,371.92,0.04363499
5/21/2022 3:30,405.7,0.047598181
5/21/2022 3:45,390.25,0.045785531
5/21/2022 4:00,438.525,0.051449328
5/21/2022 4:15,344.935,0.040469013
5/21/2022 4:30,396.05,0.046466008
5/21/2022 4:45,437.35,0.051311472
5/21/2022 5:00,400.42,0.046978712
5/21/2022 5:15,400.545,0.046993378
5/21/2022 5:30,388.415,0.045570243
5/21/2022 5:45,369.34,0.043332295
5/21/2022 6:00,389.6,0.045709271
5/21/2022 6:15,377.4,0.044277923
5/21/2022 6:30,413.08,0.048464029
5/21/2022 6:45,362.515,0.042531562
5/21/2022 7:00,358.39,0.042047602
5/21/2022 7:15,417.91,0.049030702
5/21/2022 7:30,415.71,0.04877259
5/21/2022 7:45,350.675,0.04114245
5/21/2022 8:00,400.585,0.046998071
5/21/2022 8:15,397.78,0.046668978
5/21/2022 8:30,391.355,0.045915174
5/21/2022 8:45,369.095,0.043303551
5/21/2022 9:00,370.55,0.043474257
5/21/2022 9:15,361.355,0.042395466
5/21/2022 9:30,376.005,0.044114257
5/21/2022 9:45,364.635,0.042780288
5/21/2022 10:00,337.66,0.039615484
5/21/2022 10:15,339.395,0.03981904
5/21/2022 10:30,329.915,0.038706812
5/21/2022 10:45,308.645,0.03621134
5/21/2022 11:00,303.655,0.035625895
5/21/2022 11:15,311.535,0.036550405
5/21/2022 11:30,240.605,0.028228643
5/21/2022 11:45,268.58,0.03151077
5/21/2022 12:00,268.4,0.031489652
5/21/2022 12:15,340.01,0.039891194
5/21/2022 12:30,415.21,0.048713928
5/21/2022 12:45,412.595,0.048407127
5/21/2022 13:00,400.125,0.046944102
5/21/2022 13:15,481.76,0.056521813
5/21/2022 13:30,497.53,0.058372006
5/21/2022 13:45,531.795,0.062392099
5/21/2022 14:00,588.715,0.069070158
5/21/2022 14:15,632.61,0.074220077
5/21/2022 14:30,554.395,0.065043612
5/21/2022 14:45,499.575,0.058611933
5/21/2022 15:00,477.585,0.056031987
5/21/2022 15:15,495.83,0.058172556
5/21/2022 15:30,458.165,0.053753563
5/21/2022 15:45,452.595,0.053100071
5/21/2022 16:00,419.985,0.049274148
5/21/2022 16:15,429.68,0.0504116
5/21/2022 16:30,469.355,0.055066414
5/21/2022 16:45,478.085,0.056090649
5/21/2022 17:00,481.18,0.056453765
5/21/2022 17:15,503.005,0.059014353
5/21/2022 17:30,495.945,0.058186048
5/21/2022 17:45,556.845,0.065331055
5/21/2022 18:00,571.96,0.067104401
5/21/2022 18:15,568.485,0.066696702
5/21/2022 18:30,553.005,0.064880532
5/21/2022 18:45,494.31,0.057994224
5/21/2022 19:00,563.105,0.066065501
5/21/2022 19:15,712.285,0.083567834
5/21/2022 19:30,692.115,0.081201417
5/21/2022 19:45,678.36,0.079587631
5/21/2022 20:00,597.485,0.070099086
5/21/2022 20:15,568.725,0.066724859
5/21/2022 20:30,580.805,0.068142128
5/21/2022 20:45,503.21,0.059038404
5/21/2022 21:00,438.19,0.051410024
5/21/2022 21:15,435.44,0.051087384
5/21/2022 21:30,466.06,0.054679833
5/21/2022 21:45,330.385,0.038761955
5/21/2022 22:00,576.25,0.067607719
5/21/2022 22:15,477.15,0.055980951
5/21/2022 22:30,432.795,0.050777063
5/21/2022 22:45,498.975,0.058541539
5/21/2022 23:00,495.12,0.058089256
5/21/2022 23:15,392.33,0.046029564
5/21/2022 23:30,450.345,0.052836092
5/21/2022 23:45,470.45,0.055194883
5/22/2022 0:00,459.475,0.053907257
5/22/2022 0:15,394.29,0.046259519
5/22/2022 0:30,392.645,0.046066521
5/22/2022 0:45,457.045,0.053622161
5/22/2022 1:00,415.47,0.048744432
5/22/2022 1:15,416.565,0.048872902
5/22/2022 1:30,428.895,0.050319501
5/22/2022 1:45,419.31,0.049194955
5/22/2022 2:00,486.245,0.057048009
5/22/2022 2:15,461.325,0.054124306
5/22/2022 2:30,400.395,0.046975779
5/22/2022 2:45,468.075,0.05491624
5/22/2022 3:00,461.92,0.054194113
5/22/2022 3:15,552.655,0.064839469
5/22/2022 3:30,467.64,0.054865204
5/22/2022 3:45,405.43,0.047566503
5/22/2022 4:00,421.75,0.049481224
5/22/2022 4:15,462.875,0.054306157
5/22/2022 4:30,445.145,0.05222601
5/22/2022 4:45,415.37,0.0487327
5/22/2022 5:00,511.725,0.060037414
5/22/2022 5:15,482.27,0.056581648
5/22/2022 5:30,480.245,0.056344068
5/22/2022 5:45,458.93,0.053843316
5/22/2022 6:00,429.01,0.050332994
5/22/2022 6:15,438.835,0.051485698
5/22/2022 6:30,487.855,0.0572369
5/22/2022 6:45,442.83,0.051954406
5/22/2022 7:00,439.335,0.05154436
5/22/2022 7:15,431.06,0.050573507
5/22/2022 7:30,454.67,0.053343517
5/22/2022 7:45,354.74,0.041619371
5/22/2022 8:00,400.72,0.047013909
5/22/2022 8:15,331.545,0.03889805
5/22/2022 8:30,378.22,0.044374129
5/22/2022 8:45,462.82,0.054299704
5/22/2022 9:00,464.025,0.054441079
5/22/2022 9:15,397.65,0.046653726
5/22/2022 9:30,431.345,0.050606944
5/22/2022 9:45,408.33,0.047906742
5/22/2022 10:00,388.67,0.04560016
5/22/2022 10:15,302.66,0.035509158
5/22/2022 10:30,461.53,0.054148357
5/22/2022 10:45,422.415,0.049559245
5/22/2022 11:00,352.73,0.04138355
5/22/2022 11:15,380.785,0.044675064
5/22/2022 11:30,357.68,0.041964302
5/22/2022 11:45,312.16,0.036623732
5/22/2022 12:00,310.07,0.036378526
5/22/2022 12:15,344.65,0.040435576
5/22/2022 12:30,320.24,0.037571707
5/22/2022 12:45,375.925,0.044104871
5/22/2022 13:00,367.035,0.043061864
5/22/2022 13:15,308.575,0.036203127
5/22/2022 13:30,290.48,0.034080157
5/22/2022 13:45,300.055,0.03520353
5/22/2022 14:00,336.88,0.039523971
5/22/2022 14:15,330.11,0.038729691
5/22/2022 14:30,310.19,0.036392605
5/22/2022 14:45,353.645,0.041490901
5/22/2022 15:00,366.315,0.042977391
5/22/2022 15:15,358.125,0.042016511
5/22/2022 15:30,375.145,0.044013358
5/22/2022 15:45,461.36,0.054128412
5/22/2022 16:00,507.52,0.059544069
5/22/2022 16:15,503.88,0.059117011
5/22/2022 16:30,496.12,0.05820658
5/22/2022 16:45,524.83,0.06157494
5/22/2022 17:00,583.015,0.068401413
5/22/2022 17:15,563.565,0.066119469
5/22/2022 17:30,515.415,0.060470339
5/22/2022 17:45,595.475,0.069863265
5/22/2022 18:00,644.13,0.075571645
5/22/2022 18:15,594.57,0.069757087
5/22/2022 18:30,527.48,0.061885848
5/22/2022 18:45,478.34,0.056120566
5/22/2022 19:00,457.3,0.053652078
5/22/2022 19:15,415.885,0.048793122
5/22/2022 19:30,333.505,0.039128004
5/22/2022 19:45,512.82,0.060165884
5/22/2022 20:00,432.335,0.050723095
5/22/2022 20:15,475.23,0.05575569
5/22/2022 20:30,504.64,0.059206177
5/22/2022 20:45,474.51,0.055671217
5/22/2022 21:00,497.32,0.058347368
5/22/2022 21:15,455.89,0.053486652
5/22/2022 21:30,419.1,0.049170317
5/22/2022 21:45,453.795,0.053240859
5/22/2022 22:00,453.365,0.05319041
5/22/2022 22:15,439.63,0.05157897
5/22/2022 22:30,385.34,0.045209472
5/22/2022 22:45,415.765,0.048779043
5/22/2022 23:00,405.47,0.047571196
5/22/2022 23:15,210.89,0.024742372
5/22/2022 23:30,324.48,0.038069159
5/22/2022 23:45,337.625,0.039611377
5/23/2022 0:00,351.83,0.041277959
5/23/2022 0:15,409.57,0.048052223
5/23/2022 0:30,341.105,0.040019663
5/23/2022 0:45,315.725,0.037041991
5/23/2022 1:00,320.935,0.037653247
5/23/2022 1:15,307.32,0.036055886
5/23/2022 1:30,404.46,0.0474527
5/23/2022 1:45,332.805,0.039045878
5/23/2022 2:00,291.145,0.034158177
5/23/2022 2:15,323.445,0.037947729
5/23/2022 2:30,347.195,0.040734164
5/23/2022 2:45,381.615,0.044772442
5/23/2022 3:00,344.29,0.040393339
5/23/2022 3:15,359.05,0.042125035
5/23/2022 3:30,389.11,0.045651782
5/23/2022 3:45,257.33,0.03019088
5/23/2022 4:00,229.57,0.026933977
5/23/2022 4:15,285.78,0.033528736
5/23/2022 4:30,265.465,0.031145307
5/23/2022 4:45,243.445,0.028561842
5/23/2022 5:00,255.295,0.029952126
5/23/2022 5:15,267.15,0.031342997
5/23/2022 5:30,224.065,0.02628811
5/23/2022 5:45,206.005,0.024169246
5/23/2022 6:00,243.34,0.028549523
5/23/2022 6:15,245.575,0.028811741
5/23/2022 6:30,205.525,0.024112931
5/23/2022 6:45,176.015,0.020650712
5/23/2022 7:00,205.135,0.024067175
5/23/2022 7:15,268.68,0.031522502
5/23/2022 7:30,236.29,0.027722391
5/23/2022 7:45,251.6,0.029518615
5/23/2022 8:00,281.84,0.033066481
5/23/2022 8:15,234.14,0.027470146
5/23/2022 8:30,198.795,0.023323343
5/23/2022 8:45,208.205,0.024427358
5/23/2022 9:00,226.715,0.026599018
5/23/2022 9:15,216.34,0.025381786
5/23/2022 9:30,206.225,0.024195058
5/23/2022 9:45,220.155,0.025829375
5/23/2022 10:00,177.645,0.020841949
5/23/2022 10:15,178.87,0.020985671
5/23/2022 10:30,211.95,0.024866735
5/23/2022 10:45,196.06,0.023002463
5/23/2022 11:00,170.4,0.01999194
5/23/2022 11:15,163.015,0.019125505
5/23/2022 11:30,189.94,0.022284443
5/23/2022 11:45,163.495,0.01918182
5/23/2022 12:00,136.285,0.015989446
5/23/2022 12:15,156.305,0.018338264
5/23/2022 12:30,151.05,0.017721728
5/23/2022 12:45,141.3,0.016577823
5/23/2022 13:00,189.54,0.022237513
5/23/2022 13:15,175.545,0.02059557
5/23/2022 13:30,194.075,0.022769576
5/23/2022 13:45,182.885,0.021456725
5/23/2022 14:00,209.995,0.024637367
5/23/2022 14:15,211.145,0.02477229
5/23/2022 14:30,217.11,0.025472125
5/23/2022 14:45,222.365,0.02608866
5/23/2022 15:00,162.43,0.019056871
5/23/2022 15:15,191.265,0.022439897
5/23/2022 15:30,194.375,0.022804773
5/23/2022 15:45,170.74,0.02003183
5/23/2022 16:00,161.22,0.018914909
5/23/2022 16:15,152.715,0.017917072
5/23/2022 16:30,130.31,0.015288437
5/23/2022 16:45,118.71,0.013927483
5/23/2022 17:00,122.31,0.014349848
5/23/2022 17:15,117.345,0.013767337
5/23/2022 17:30,95.51,0.011205576
5/23/2022 17:45,109.4,0.012835201
5/23/2022 18:00,83.125,0.009752523
5/23/2022 18:15,104.315,0.01223861
5/23/2022 18:30,80.82,0.009482093
5/23/2022 18:45,88.445,0.010376685
5/23/2022 19:00,67.935,0.007970378
5/23/2022 19:15,84.87,0.009957253
5/23/2022 19:30,115.62,0.013564954
5/23/2022 19:45,107.055,0.012560077
5/23/2022 20:00,145.05,0.017017787
5/23/2022 20:15,114.6,0.013445284
5/23/2022 20:30,139.07,0.016316192
5/23/2022 20:45,110.785,0.012997694
5/23/2022 21:00,116.095,0.013620682
5/23/2022 21:15,98.045,0.011502991
5/23/2022 21:30,105.52,0.012379985
5/23/2022 21:45,86.79,0.010182514
5/23/2022 22:00,62.44,0.007325685
5/23/2022 22:15,80.61,0.009457455
5/23/2022 22:30,57.285,0.006720882
5/23/2022 22:45,34.26,0.004019506
5/23/2022 23:00,51.19,0.006005795
5/23/2022 23:15,60.15,0.007057014
5/23/2022 23:30,46.355,0.005438535
5/23/2022 23:45,96.055,0.011269518
5/24/2022 0:00,72.15,0.008464897
5/24/2022 0:15,101.16,0.011868454
5/24/2022 0:30,90.21,0.010583761
5/24/2022 0:45,65.735,0.007712266
5/24/2022 1:00,116.08,0.013618922
5/24/2022 1:15,158.62,0.018609868
5/24/2022 1:30,160.245,0.018800519
5/24/2022 1:45,142.95,0.016771407
5/24/2022 2:00,134.34,0.015761251
5/24/2022 2:15,116.645,0.01368521
5/24/2022 2:30,99.91,0.0117218
5/24/2022 2:45,55.54,0.006516152
5/24/2022 3:00,72.665,0.008525319
5/24/2022 3:15,81.635,0.009577711
5/24/2022 3:30,82.925,0.009729059
5/24/2022 3:45,118.57,0.013911058
5/24/2022 4:00,129.1,0.015146476
5/24/2022 4:15,116.455,0.013662919
5/24/2022 4:30,129.225,0.015161141
5/24/2022 4:45,119.925,0.014070032
5/24/2022 5:00,155.595,0.018254964
5/24/2022 5:15,133.225,0.015630435
5/24/2022 5:30,158.365,0.01857995
5/24/2022 5:45,178.005,0.020884186
5/24/2022 6:00,159.845,0.018753589
5/24/2022 6:15,95.665,0.011223761
5/24/2022 6:30,154.22,0.018093644
5/24/2022 6:45,136.485,0.01601291
5/24/2022 7:00,149.515,0.017541637
5/24/2022 7:15,196.43,0.023045873
5/24/2022 7:30,167.265,0.01962413
5/24/2022 7:45,138.08,0.016200041
5/24/2022 8:00,126.63,0.014856686
5/24/2022 8:15,105.425,0.01236884
5/24/2022 8:30,76.08,0.008925979
5/24/2022 8:45,105.625,0.012392304
5/24/2022 9:00,63.83,0.007488765
5/24/2022 9:15,82.275,0.009652798
5/24/2022 9:30,70.75,0.008300644
5/24/2022 9:45,48.32,0.005669076
5/24/2022 10:00,40.045,0.004698223
5/24/2022 10:15,58.015,0.006806528
5/24/2022 10:30,45.595,0.005349369
5/24/2022 10:45,18.205,0.002135876
5/24/2022 12:15,1.13,0.000132576
5/24/2022 12:30,1.125,0.000131989
5/24/2022 12:45,1.56,0.000183025
5/24/2022 13:00,1.29,0.000151347
5/24/2022 13:15,1.38,0.000161907
5/24/2022 13:30,1.155,0.000135509
5/24/2022 13:45,0.935,0.000109698
5/24/2022 14:00,0.865,0.000101485
5/24/2022 14:15,0.66,7.74336E-05
5/24/2022 14:30,0.67,7.86068E-05
5/24/2022 14:45,0.61,7.15674E-05
5/24/2022 15:00,0.615,7.2154E-05
5/24/2022 15:15,0.985,0.000115564
5/24/2022 15:30,0.8,9.38589E-05
5/24/2022 15:45,0.795,9.32723E-05
5/24/2022 16:00,0.805,9.44455E-05
5/24/2022 16:15,0.62,7.27406E-05
5/24/2022 16:30,0.6,7.03942E-05
5/24/2022 16:45,0.58,6.80477E-05
5/24/2022 17:00,1.385,0.000162493
5/24/2022 17:15,1.315,0.000154281
5/24/2022 17:30,1.155,0.000135509
5/24/2022 17:45,1.01,0.000118497
5/24/2022 18:00,1.03,0.000120843
5/24/2022 18:15,1.265,0.000148414
5/24/2022 18:30,1.1,0.000129056
5/24/2022 18:45,1.03,0.000120843
5/24/2022 19:00,0.905,0.000106178
5/24/2022 19:15,1.05,0.00012319
5/24/2022 19:30,0.925,0.000108524
5/24/2022 19:45,0.98,0.000114977
5/24/2022 20:00,0.94,0.000110284
5/24/2022 20:15,0.99,0.00011615
5/24/2022 20:30,1.47,0.000172466
5/24/2022 20:45,0.86,0.000100898
5/24/2022 21:00,1.05,0.00012319
5/24/2022 21:15,0.905,0.000106178
5/24/2022 21:30,1.25,0.000146654
5/24/2022 21:45,0.91,0.000106764
5/24/2022 22:00,0.955,0.000112044
5/24/2022 22:15,0.86,0.000100898
5/24/2022 22:30,1,0.000117324
5/24/2022 22:45,1.045,0.000122603
5/24/2022 23:00,1.02,0.00011967
5/24/2022 23:15,0.79,9.26856E-05
5/24/2022 23:30,0.885,0.000103831
5/24/2022 23:45,1.04,0.000122017
5/25/2022 0:00,1.025,0.000120257
5/25/2022 0:15,1.005,0.00011791
5/25/2022 0:30,1.065,0.00012495
5/25/2022 0:45,0.8,9.38589E-05
5/25/2022 1:00,0.91,0.000106764
5/25/2022 1:15,0.99,0.00011615
5/25/2022 1:30,0.93,0.000109111
5/25/2022 1:45,0.965,0.000113217
5/25/2022 2:00,1.005,0.00011791
5/25/2022 2:15,1.285,0.000150761
5/25/2022 2:30,1.135,0.000133162
5/25/2022 2:45,0.98,0.000114977
5/25/2022 3:00,0.81,9.50321E-05
5/25/2022 3:15,0.965,0.000113217
5/25/2022 3:30,0.905,0.000106178
5/25/2022 3:45,1.05,0.00012319
5/25/2022 4:00,1.395,0.000163666
5/25/2022 4:15,1.065,0.00012495
5/25/2022 4:30,0.905,0.000106178
5/25/2022 4:45,1.165,0.000136682
5/25/2022 5:00,1.105,0.000129643
5/25/2022 5:15,1.415,0.000166013
5/25/2022 5:30,1.245,0.000146068
5/25/2022 5:45,1.275,0.000149588
5/25/2022 6:00,1.42,0.000166599
5/25/2022 6:15,1.135,0.000133162
5/25/2022 6:30,0.955,0.000112044
5/25/2022 6:45,1.365,0.000160147
5/25/2022 7:00,1.305,0.000153107
5/25/2022 7:15,1.105,0.000129643
5/25/2022 7:30,1.315,0.000154281
5/25/2022 7:45,1.02,0.00011967
5/25/2022 8:00,1.235,0.000144895
5/25/2022 8:15,0.955,0.000112044
5/25/2022 8:30,1.21,0.000141962
5/25/2022 8:45,1.3,0.000152521
5/25/2022 9:00,1.3,0.000152521
5/25/2022 9:15,1.32,0.000154867
5/25/2022 9:30,1.225,0.000143721
5/25/2022 9:45,1.085,0.000127296
5/25/2022 10:00,1.345,0.0001578
5/25/2022 10:15,1.245,0.000146068
5/25/2022 10:30,1.065,0.00012495
5/25/2022 10:45,1.175,0.000137855
5/25/2022 11:00,1.08,0.000126709
5/25/2022 11:15,1.29,0.000151347
5/25/2022 11:30,0.82,9.62053E-05
5/25/2022 11:45,0.875,0.000102658
5/25/2022 12:00,0.875,0.000102658
5/25/2022 12:15,1.065,0.00012495
5/25/2022 12:30,0.77,9.03392E-05
5/25/2022 12:45,0.82,9.62053E-05
5/25/2022 13:00,0.795,9.32723E-05
5/25/2022 13:15,0.795,9.32723E-05
5/25/2022 13:30,0.71,8.32997E-05
5/25/2022 13:45,0.69,8.09533E-05
5/25/2022 14:00,0.68,7.978E-05
5/25/2022 14:15,0.69,8.09533E-05
5/25/2022 14:30,0.79,9.26856E-05
5/25/2022 14:45,0.895,0.000105005
5/25/2022 15:00,0.73,8.56462E-05
5/25/2022 15:15,0.53,6.21815E-05
5/25/2022 15:30,0.66,7.74336E-05
5/25/2022 15:45,0.525,6.15949E-05
5/25/2022 16:00,0.8,9.38589E-05
5/25/2022 16:15,0.39,4.57562E-05
5/25/2022 16:30,0.765,8.97525E-05
5/25/2022 16:45,0.645,7.56737E-05
5/25/2022 17:00,0.54,6.33547E-05
5/25/2022 17:15,0.475,5.57287E-05
5/25/2022 17:30,0.62,7.27406E-05
5/25/2022 17:45,0.48,5.63153E-05
5/25/2022 18:00,1.485,0.000174226
5/25/2022 18:15,1.82,0.000213529
5/25/2022 18:30,2.03,0.000238167
5/25/2022 18:45,1.58,0.000185371
5/25/2022 19:00,1.32,0.000154867
5/25/2022 19:15,1.275,0.000149588
5/25/2022 19:30,1.53,0.000179505
5/25/2022 19:45,1.33,0.00015604
5/25/2022 20:00,1.355,0.000158973
5/25/2022 20:15,1.045,0.000122603
5/25/2022 20:30,1.755,0.000205903
5/25/2022 20:45,1.49,0.000174812
5/25/2022 21:00,1.525,0.000178918
5/25/2022 21:15,1.3,0.000152521
5/25/2022 21:30,1.575,0.000184785
5/25/2022 21:45,1.535,0.000180092
5/25/2022 22:00,1.88,0.000220568
5/25/2022 22:15,2.27,0.000266325
5/25/2022 22:30,1.475,0.000173052
5/25/2022 22:45,2.14,0.000251072
5/25/2022 23:00,1.645,0.000192997
5/25/2022 23:15,1.475,0.000173052
5/25/2022 23:30,1.755,0.000205903
5/25/2022 23:45,2.17,0.000254592
5/26/2022 0:00,1.57,0.000184198
5/26/2022 0:15,2.02,0.000236994
5/26/2022 0:30,1.93,0.000226435
5/26/2022 0:45,1.23,0.000144308
5/26/2022 1:00,1.68,0.000197104
5/26/2022 1:15,1.445,0.000169533
5/26/2022 1:30,1.73,0.00020297
5/26/2022 1:45,1.43,0.000167773
5/26/2022 2:00,2.015,0.000236407
5/26/2022 2:15,1.735,0.000203556
5/26/2022 2:30,1.715,0.00020121
5/26/2022 2:45,1.94,0.000227608
5/26/2022 3:00,2.225,0.000261045
5/26/2022 3:15,1.94,0.000227608
5/26/2022 3:30,2.115,0.000248139
5/26/2022 3:45,2.72,0.00031912
5/26/2022 4:00,1.94,0.000227608
5/26/2022 4:15,2.28,0.000267498
5/26/2022 4:30,1.9,0.000222915
5/26/2022 4:45,1.805,0.000211769
5/26/2022 5:00,2.515,0.000295069
5/26/2022 5:15,2.295,0.000269258
5/26/2022 5:30,2.28,0.000267498
5/26/2022 5:45,1.78,0.000208836
5/26/2022 6:00,1.96,0.000229954
5/26/2022 6:15,2.07,0.00024286
5/26/2022 6:30,2.245,0.000263391
5/26/2022 6:45,2.015,0.000236407
5/26/2022 7:00,2.145,0.000251659
5/26/2022 7:15,1.605,0.000188304
5/26/2022 7:30,1.955,0.000229368
5/26/2022 7:45,1.905,0.000223501
5/26/2022 8:00,3.075,0.00036077
5/26/2022 8:15,2.045,0.000239927
5/26/2022 8:30,1.95,0.000228781
5/26/2022 8:45,2.57,0.000301522
5/26/2022 9:00,1.78,0.000208836
5/26/2022 9:15,2.07,0.00024286
5/26/2022 9:30,2.115,0.000248139
5/26/2022 9:45,1.82,0.000213529
5/26/2022 10:00,2.005,0.000235234
5/26/2022 10:15,1.99,0.000233474
5/26/2022 10:30,1.675,0.000196517
5/26/2022 10:45,1.555,0.000182438
5/26/2022 11:00,1.37,0.000160733
5/26/2022 11:15,1.535,0.000180092
5/26/2022 11:30,1.855,0.000217635
5/26/2022 11:45,1.795,0.000210596
5/26/2022 12:00,1.885,0.000221155
5/26/2022 12:15,2.46,0.000288616
5/26/2022 12:30,1.76,0.00020649
5/26/2022 12:45,2.185,0.000256352
5/26/2022 13:00,1.93,0.000226435
5/26/2022 13:15,1.615,0.000189478
5/26/2022 13:30,1.165,0.000136682
5/26/2022 13:45,1.565,0.000183611
5/26/2022 14:00,1.775,0.000208249
5/26/2022 14:15,1.605,0.000188304
5/26/2022 14:30,1.64,0.000192411
5/26/2022 14:45,1.605,0.000188304
5/26/2022 15:00,1.86,0.000218222
5/26/2022 15:15,2.15,0.000252246
5/26/2022 15:30,1.75,0.000205316
5/26/2022 15:45,2.225,0.000261045
5/26/2022 16:00,1.785,0.000209423
5/26/2022 16:15,1.615,0.000189478
5/26/2022 16:30,2.55,0.000299175
5/26/2022 16:45,1.705,0.000200037
5/26/2022 17:00,1.815,0.000212942
5/26/2022 17:15,1.53,0.000179505
5/26/2022 17:30,1.73,0.00020297
5/26/2022 17:45,1.685,0.00019769
5/26/2022 18:00,1.555,0.000182438
5/26/2022 18:15,1.715,0.00020121
5/26/2022 18:30,1.59,0.000186545
5/26/2022 18:45,1.89,0.000221742
5/26/2022 19:00,2.43,0.000285096
5/26/2022 19:15,2.765,0.0003244
5/26/2022 19:30,1.73,0.00020297
5/26/2022 19:45,2.095,0.000245793
5/26/2022 20:00,3.425,0.000401833
5/26/2022 20:15,2.03,0.000238167
5/26/2022 20:30,1.985,0.000232887
5/26/2022 20:45,1.95,0.000228781
5/26/2022 21:00,2.055,0.0002411
5/26/2022 21:15,1.79,0.000210009
5/26/2022 21:30,2.8,0.000328506
5/26/2022 21:45,2.675,0.000313841
5/26/2022 22:00,2.935,0.000344345
5/26/2022 22:15,2.625,0.000307974
5/26/2022 22:30,4.785,0.000561393
5/26/2022 22:45,3.875,0.000454629
5/26/2022 23:00,3.005,0.000352557
5/26/2022 23:15,3.37,0.000395381
5/26/2022 23:30,3.005,0.000352557
5/26/2022 23:45,2.945,0.000345518
5/27/2022 0:00,2.555,0.000299762
5/27/2022 0:15,4.385,0.000514464
5/27/2022 0:30,3.23,0.000378955
5/27/2022 0:45,3.885,0.000455802
5/27/2022 1:00,3.12,0.00036605
5/27/2022 1:15,4.225,0.000495692
5/27/2022 1:30,2.72,0.00031912
5/27/2022 1:45,2.795,0.000327919
5/27/2022 2:00,2.445,0.000286856
5/27/2022 2:15,2.355,0.000276297
5/27/2022 2:30,3.72,0.000436444
5/27/2022 2:45,3.185,0.000373676
5/27/2022 3:00,3.965,0.000465188
5/27/2022 3:15,2.985,0.000350211
5/27/2022 3:30,2.48,0.000290963
5/27/2022 3:45,3.92,0.000459908
5/27/2022 4:00,2.66,0.000312081
5/27/2022 4:15,4.42,0.00051857
5/27/2022 4:30,3.355,0.000393621
5/27/2022 4:45,4.25,0.000498625
5/27/2022 5:00,3.085,0.000361943
5/27/2022 5:15,2.675,0.000313841
5/27/2022 5:30,4.02,0.000471641
5/27/2022 5:45,3.065,0.000359597
5/27/2022 6:00,3.23,0.000378955
5/27/2022 6:15,5.17,0.000606563
5/27/2022 6:30,3.905,0.000458149
5/27/2022 6:45,3.54,0.000415326
5/27/2022 7:00,3.395,0.000398314
5/27/2022 7:15,3.33,0.000390688
5/27/2022 7:30,2.925,0.000343172
5/27/2022 7:45,4.68,0.000549074
5/27/2022 8:00,3.55,0.000416499
5/27/2022 8:15,3.92,0.000459908
5/27/2022 8:30,2.77,0.000324986
5/27/2022 8:45,5.355,0.000628268
5/27/2022 9:00,5.3,0.000621815
5/27/2022 9:15,4.675,0.000548488
5/27/2022 9:30,5.095,0.000597764
5/27/2022 9:45,4.035,0.000473401
5/27/2022 10:00,4.56,0.000534996
5/27/2022 10:15,3.925,0.000460495
5/27/2022 10:30,4.09,0.000479853
5/27/2022 10:45,3.335,0.000391274
5/27/2022 11:00,4.085,0.000479267
5/27/2022 11:15,3.655,0.000428818
5/27/2022 11:30,3.49,0.000409459
5/27/2022 11:45,3.2,0.000375435
5/27/2022 12:00,2.445,0.000286856
5/27/2022 12:15,3.715,0.000435857
5/27/2022 12:30,4.28,0.000502145
5/27/2022 12:45,5.945,0.000697489
5/27/2022 13:00,5.24,0.000614776
5/27/2022 13:15,3.045,0.00035725
5/27/2022 13:30,2.365,0.00027747
5/27/2022 13:45,3.39,0.000397727
5/27/2022 14:00,2.325,0.000272777
5/27/2022 14:15,2.93,0.000343758
5/27/2022 14:30,1.91,0.000224088
5/27/2022 14:45,3.165,0.000371329
5/27/2022 15:00,1.9,0.000222915
5/27/2022 15:15,4.06,0.000476334
5/27/2022 15:30,2.995,0.000351384
5/27/2022 15:45,2.635,0.000309148
5/27/2022 16:00,6.135,0.00071978
5/27/2022 16:15,6.06,0.000710981
5/27/2022 16:30,7.68,0.000901045
5/27/2022 16:45,6.04,0.000708634
5/27/2022 17:00,4.91,0.000576059
5/27/2022 17:15,6.845,0.00080308
5/27/2022 17:30,5.12,0.000600697
5/27/2022 17:45,5,0.000586618
5/27/2022 18:00,5.2,0.000610083
5/27/2022 18:15,5.175,0.00060715
5/27/2022 18:30,5.505,0.000645866
5/27/2022 18:45,4.33,0.000508011
5/27/2022 19:00,4.185,0.000490999
5/27/2022 19:15,5.08,0.000596004
5/27/2022 19:30,5.095,0.000597764
5/27/2022 19:45,5.1,0.00059835
5/27/2022 20:00,5.505,0.000645866
5/27/2022 20:15,4.115,0.000482787
5/27/2022 20:30,4.88,0.000572539
5/27/2022 20:45,5.415,0.000635307
5/27/2022 21:00,5.935,0.000696316
5/27/2022 21:15,4.64,0.000544381
5/27/2022 21:30,4.985,0.000584858
5/27/2022 21:45,7.085,0.000831238
5/27/2022 22:00,7.175,0.000841797
5/27/2022 22:15,5.275,0.000618882
5/27/2022 22:30,6.595,0.000773749
5/27/2022 22:45,6.96,0.000816572
5/27/2022 23:00,6.9,0.000809533
5/27/2022 23:15,6.565,0.000770229
5/27/2022 23:30,6.73,0.000789588
5/27/2022 23:45,7.34,0.000861155
5/28/2022 0:00,6.7,0.000786068
5/28/2022 0:15,5.82,0.000682823
5/28/2022 0:30,7.39,0.000867021
5/28/2022 0:45,6.9,0.000809533
5/28/2022 1:00,7.065,0.000828891
5/28/2022 1:15,8.355,0.000980239
5/28/2022 1:30,6.16,0.000722713
5/28/2022 1:45,5.885,0.000690449
5/28/2022 2:00,7.64,0.000896352
5/28/2022 2:15,8.005,0.000939175
5/28/2022 2:30,8.475,0.000994317
5/28/2022 2:45,8.72,0.001023062
5/28/2022 3:00,9.33,0.001094629
5/28/2022 3:15,8.55,0.001003117
5/28/2022 3:30,9.595,0.00112572
5/28/2022 3:45,6.5,0.000762603
5/28/2022 4:00,7.42,0.000870541
5/28/2022 4:15,8.075,0.000947388
5/28/2022 4:30,8.39,0.000984345
5/28/2022 4:45,10.505,0.001232484
5/28/2022 5:00,7.955,0.000933309
5/28/2022 5:15,9.25,0.001085243
5/28/2022 5:30,6.775,0.000794867
5/28/2022 5:45,9.045,0.001061192
5/28/2022 6:00,6.855,0.000804253
5/28/2022 6:15,8.23,0.000965573
5/28/2022 6:30,6.765,0.000793694
5/28/2022 6:45,7.085,0.000831238
5/28/2022 7:00,9.185,0.001077617
5/28/2022 7:15,7.81,0.000916297
5/28/2022 7:30,8.215,0.000963813
5/28/2022 7:45,8.265,0.000969679
5/28/2022 8:00,8.64,0.001013676
5/28/2022 8:15,7.38,0.000865848
5/28/2022 8:30,7.22,0.000847076
5/28/2022 8:45,7.27,0.000852943
5/28/2022 9:00,7.095,0.000832411
5/28/2022 9:15,8.355,0.000980239
5/28/2022 9:30,10.415,0.001221925
5/28/2022 9:45,6.415,0.000752631
5/28/2022 10:00,6.71,0.000787241
5/28/2022 10:15,8.825,0.001035381
5/28/2022 10:30,10.56,0.001238937
5/28/2022 10:45,9.32,0.001093456
5/28/2022 11:00,7.61,0.000892833
5/28/2022 11:15,7.155,0.00083945
5/28/2022 11:30,9.235,0.001083483
5/28/2022 11:45,7.325,0.000859395
5/28/2022 12:00,7.68,0.000901045
5/28/2022 12:15,8.77,0.001028928
5/28/2022 12:30,9.525,0.001117507
5/28/2022 12:45,10.895,0.001278241
5/28/2022 13:00,8.21,0.000963227
5/28/2022 13:15,8.385,0.000983758
5/28/2022 13:30,11.6,0.001360954
5/28/2022 13:45,12.085,0.001417856
5/28/2022 14:00,8.445,0.000990798
5/28/2022 14:15,9.145,0.001072924
5/28/2022 14:30,7.885,0.000925097
5/28/2022 14:45,9.695,0.001137452
5/28/2022 15:00,9.285,0.00108935
5/28/2022 15:15,9.38,0.001100495
5/28/2022 15:30,9.035,0.001060019
5/28/2022 15:45,9.21,0.00108055
5/28/2022 16:00,8.695,0.001020129
5/28/2022 16:15,8.775,0.001029515
5/28/2022 16:30,9.515,0.001116334
5/28/2022 16:45,7.79,0.000913951
5/28/2022 17:00,7.7,0.000903392
5/28/2022 17:15,9.16,0.001074684
5/28/2022 17:30,7.735,0.000907498
5/28/2022 17:45,7.235,0.000848836
5/28/2022 18:00,7.51,0.0008811
5/28/2022 18:15,7.655,0.000898112
5/28/2022 18:30,8.03,0.000942108
5/28/2022 18:45,5.815,0.000682237
5/28/2022 19:00,5.845,0.000685756
5/28/2022 19:15,6.915,0.000811293
5/28/2022 19:30,6.045,0.000709221
5/28/2022 19:45,7.525,0.00088286
5/28/2022 20:00,7.04,0.000825958
5/28/2022 20:15,7.51,0.0008811
5/28/2022 20:30,6.65,0.000780202
5/28/2022 20:45,6.645,0.000779615
5/28/2022 21:00,7.17,0.00084121
5/28/2022 21:15,7.295,0.000855876
5/28/2022 21:30,7.655,0.000898112
5/28/2022 21:45,6.58,0.000771989
5/28/2022 22:00,8.19,0.00096088
5/28/2022 22:15,7.385,0.000866435
5/28/2022 22:30,9.135,0.001071751
5/28/2022 22:45,5.985,0.000702182
5/28/2022 23:00,6.415,0.000752631
5/28/2022 23:15,7.365,0.000864088
5/28/2022 23:30,6.18,0.00072506
5/28/2022 23:45,6,0.000703942
5/29/2022 0:00,7.5,0.000879927
5/29/2022 0:15,6.3,0.000739139
5/29/2022 0:30,6.755,0.000792521
5/29/2022 0:45,6.96,0.000816572
5/29/2022 1:00,6.055,0.000710394
5/29/2022 1:15,7.685,0.000901632
5/29/2022 1:30,6.84,0.000802493
5/29/2022 1:45,6.915,0.000811293
5/29/2022 2:00,6.98,0.000818919
5/29/2022 2:15,6.855,0.000804253
5/29/2022 2:30,7.82,0.00091747
5/29/2022 2:45,6.48,0.000760257
5/29/2022 3:00,7.73,0.000906911
5/29/2022 3:15,9.68,0.001135692
5/29/2022 3:30,8.925,0.001047113
5/29/2022 3:45,9.655,0.001132759
5/29/2022 4:00,7.75,0.000909258
5/29/2022 4:15,7.875,0.000923923
5/29/2022 4:30,8.035,0.000942695
5/29/2022 4:45,7.79,0.000913951
5/29/2022 5:00,8.215,0.000963813
5/29/2022 5:15,9.15,0.001073511
5/29/2022 5:30,10.46,0.001227205
5/29/2022 5:45,8.66,0.001016022
5/29/2022 6:00,8.68,0.001018369
5/29/2022 6:15,8.315,0.000975546
5/29/2022 6:30,9.73,0.001141559
5/29/2022 6:45,7.95,0.000932723
5/29/2022 7:00,9.695,0.001137452
5/29/2022 7:15,9.825,0.001152704
5/29/2022 7:30,7.64,0.000896352
5/29/2022 7:45,8.97,0.001052393
5/29/2022 8:00,7.775,0.000912191
5/29/2022 8:15,8.16,0.000957361
5/29/2022 8:30,7.375,0.000865261
5/29/2022 8:45,6.76,0.000793107
5/29/2022 9:00,11.12,0.001304638
5/29/2022 9:15,8.225,0.000964987
5/29/2022 9:30,10.055,0.001179689
5/29/2022 9:45,8.82,0.001034794
5/29/2022 10:00,7.765,0.000911018
5/29/2022 10:15,7.4,0.000868195
5/29/2022 10:30,7.435,0.000872301
5/29/2022 10:45,6.515,0.000764363
5/29/2022 11:00,7.89,0.000925683
5/29/2022 11:15,6.425,0.000753804
5/29/2022 11:30,7.495,0.00087934
5/29/2022 11:45,10.94,0.00128352
5/29/2022 12:00,8.62,0.001011329
5/29/2022 12:15,9.48,0.001112228
5/29/2022 12:30,9.11,0.001068818
5/29/2022 12:45,9.69,0.001136866
5/29/2022 13:00,10.955,0.00128528
5/29/2022 13:15,9.8,0.001149771
5/29/2022 13:30,10.665,0.001251256
5/29/2022 13:45,11.705,0.001373273
5/29/2022 14:00,12.06,0.001414923
5/29/2022 14:15,13.55,0.001589735
5/29/2022 14:30,12.5,0.001466545
5/29/2022 14:45,22.565,0.002647407
5/29/2022 15:00,22,0.002581119
5/29/2022 15:15,13.005,0.001525793
5/29/2022 15:30,15.565,0.001826142
5/29/2022 15:45,0.575,6.74611E-05
5/29/2022 16:00,0.65,7.62603E-05
5/29/2022 16:15,0.635,7.45005E-05
5/29/2022 16:30,0.67,7.86068E-05
5/29/2022 16:45,0.595,6.98075E-05
5/29/2022 17:00,0.63,7.39139E-05
5/29/2022 17:15,0.6,7.03942E-05
5/29/2022 17:30,0.64,7.50871E-05
5/29/2022 17:45,0.59,6.92209E-05
5/29/2022 18:00,0.6,7.03942E-05
5/29/2022 18:15,0.46,5.39689E-05
5/29/2022 18:30,0.47,5.51421E-05
5/29/2022 18:45,0.49,5.74886E-05
5/29/2022 19:00,0.535,6.27681E-05
5/29/2022 19:15,0.525,6.15949E-05
5/29/2022 19:30,0.565,6.62878E-05
5/29/2022 19:45,0.49,5.74886E-05
5/29/2022 20:00,0.49,5.74886E-05
5/29/2022 20:15,0.51,5.9835E-05
5/29/2022 20:30,0.605,7.09808E-05
5/29/2022 20:45,0.65,7.62603E-05
5/29/2022 21:00,0.675,7.91934E-05
5/29/2022 21:15,0.665,7.80202E-05
5/29/2022 21:30,0.67,7.86068E-05
5/29/2022 21:45,0.675,7.91934E-05
5/29/2022 22:00,0.72,8.4473E-05
5/29/2022 22:15,0.695,8.15399E-05
5/29/2022 22:30,0.72,8.4473E-05
5/29/2022 22:45,0.71,8.32997E-05
5/29/2022 23:00,0.795,9.32723E-05
5/29/2022 23:15,0.825,9.6792E-05
5/29/2022 23:30,0.865,0.000101485
5/29/2022 23:45,0.805,9.44455E-05
5/30/2022 0:00,0.79,9.26856E-05
5/30/2022 0:15,0.83,9.73786E-05
5/30/2022 0:30,0.83,9.73786E-05
5/30/2022 0:45,0.85,9.97251E-05
5/30/2022 1:00,0.88,0.000103245
5/30/2022 1:15,0.89,0.000104418
5/30/2022 1:30,0.86,0.000100898
5/30/2022 1:45,0.865,0.000101485
5/30/2022 2:00,0.975,0.000114391
5/30/2022 2:15,0.845,9.91384E-05
5/30/2022 2:30,1.02,0.00011967
5/30/2022 2:45,0.925,0.000108524
5/30/2022 3:00,0.975,0.000114391
5/30/2022 3:15,0.915,0.000107351
5/30/2022 3:30,0.93,0.000109111
5/30/2022 3:45,0.955,0.000112044
5/30/2022 4:00,0.94,0.000110284
5/30/2022 4:15,0.9,0.000105591
5/30/2022 4:30,0.975,0.000114391
5/30/2022 4:45,0.905,0.000106178
5/30/2022 5:00,0.905,0.000106178
5/30/2022 5:15,0.88,0.000103245
5/30/2022 5:30,1.38,0.000161907
5/30/2022 5:45,1.175,0.000137855
5/30/2022 6:00,0.89,0.000104418
5/30/2022 6:15,1.08,0.000126709
5/30/2022 6:30,1.345,0.0001578
5/30/2022 6:45,1,0.000117324
5/30/2022 7:00,1.11,0.000130229
5/30/2022 7:15,1.19,0.000139615
5/30/2022 7:30,1.195,0.000140202
5/30/2022 7:45,1.025,0.000120257
5/30/2022 8:00,1.005,0.00011791
5/30/2022 8:15,1.09,0.000127883
5/30/2022 8:30,1.17,0.000137269
5/30/2022 8:45,1.335,0.000156627
5/30/2022 9:00,1.56,0.000183025
5/30/2022 9:15,1.515,0.000177745
5/30/2022 9:30,1.545,0.000181265
5/30/2022 9:45,1.32,0.000154867
5/30/2022 10:00,4.265,0.000500385
5/30/2022 10:15,1.93,0.000226435
5/30/2022 10:30,1.31,0.000153694
5/30/2022 10:45,1.92,0.000225261
5/30/2022 11:00,1.875,0.000219982
5/30/2022 11:15,1.215,0.000142548
5/30/2022 11:30,2.325,0.000272777
5/30/2022 11:45,1.725,0.000202383
5/30/2022 12:00,1.21,0.000141962
5/30/2022 12:15,3.38,0.000396554
5/30/2022 12:30,1.095,0.000128469
5/30/2022 12:45,1.7,0.00019945
5/30/2022 13:00,1.69,0.000198277
5/30/2022 13:15,2.26,0.000265151
5/30/2022 13:30,1.075,0.000126123
5/30/2022 13:45,1.085,0.000127296
5/30/2022 14:00,1.03,0.000120843
5/30/2022 14:15,1.17,0.000137269
5/30/2022 14:30,0.99,0.00011615
5/30/2022 14:45,1.58,0.000185371
5/30/2022 15:00,1.645,0.000192997
5/30/2022 15:15,1.41,0.000165426
5/30/2022 15:30,0.95,0.000111457
5/30/2022 15:45,1.125,0.000131989
5/30/2022 16:00,1.19,0.000139615
5/30/2022 16:15,0.92,0.000107938
5/30/2022 16:30,1.12,0.000131402
5/30/2022 16:45,1.04,0.000122017
5/30/2022 17:00,0.955,0.000112044
5/30/2022 17:15,0.93,0.000109111
5/30/2022 17:30,1.4,0.000164253
5/30/2022 17:45,1.485,0.000174226
5/30/2022 18:00,2.57,0.000301522
5/30/2022 18:15,2.35,0.00027571
5/30/2022 18:30,1.92,0.000225261
5/30/2022 18:45,4.16,0.000488066
5/30/2022 19:00,2.365,0.00027747
5/30/2022 19:15,2.08,0.000244033
5/30/2022 19:30,4.9,0.000574886
5/30/2022 19:45,1.665,0.000195344
5/30/2022 20:00,2.94,0.000344931
5/30/2022 20:15,1.53,0.000179505
5/30/2022 20:30,2.05,0.000240513
5/30/2022 20:45,1.665,0.000195344
5/30/2022 21:00,1.795,0.000210596
5/30/2022 21:15,1.67,0.00019593
5/30/2022 21:30,1.705,0.000200037
5/30/2022 21:45,1.77,0.000207663
5/30/2022 22:00,1.73,0.00020297
5/30/2022 22:15,1.485,0.000174226
5/30/2022 22:30,4.275,0.000501558
5/30/2022 22:45,2.165,0.000254006
5/30/2022 23:00,1.78,0.000208836
5/30/2022 23:15,1.57,0.000184198
5/30/2022 23:30,1.405,0.00016484
5/30/2022 23:45,1.64,0.000192411
5/31/2022 0:00,1.54,0.000180678
5/31/2022 0:15,1.53,0.000179505
5/31/2022 0:30,1.695,0.000198863
5/31/2022 0:45,1.95,0.000228781
5/31/2022 1:00,1.5,0.000175985
5/31/2022 1:15,1.4,0.000164253
5/31/2022 1:30,1.63,0.000191237
5/31/2022 1:45,1.825,0.000214116
5/31/2022 2:00,1.925,0.000225848
5/31/2022 2:15,1.805,0.000211769
5/31/2022 2:30,1.715,0.00020121
5/31/2022 2:45,1.62,0.000190064
5/31/2022 3:00,1.675,0.000196517
5/31/2022 3:15,1.695,0.000198863
5/31/2022 3:30,1.685,0.00019769
5/31/2022 3:45,1.685,0.00019769
5/31/2022 4:00,1.65,0.000193584
5/31/2022 4:15,1.88,0.000220568
5/31/2022 4:30,1.585,0.000185958
5/31/2022 4:45,1.695,0.000198863
5/31/2022 5:00,1.81,0.000212356
5/31/2022 5:15,1.69,0.000198277
5/31/2022 5:30,1.81,0.000212356
5/31/2022 5:45,1.84,0.000215875
5/31/2022 6:00,1.945,0.000228194
5/31/2022 6:15,2.12,0.000248726
5/31/2022 6:30,2.045,0.000239927
5/31/2022 6:45,2.35,0.00027571
5/31/2022 7:00,2.425,0.00028451
5/31/2022 7:15,1.965,0.000230541
5/31/2022 7:30,2.01,0.00023582
5/31/2022 7:45,1.835,0.000215289
5/31/2022 8:00,1.915,0.000224675
5/31/2022 8:15,2.02,0.000236994
5/31/2022 8:30,1.95,0.000228781
5/31/2022 8:45,2.07,0.00024286
5/31/2022 9:00,2.09,0.000245206
5/31/2022 9:15,2.105,0.000246966
5/31/2022 9:30,1.935,0.000227021
5/31/2022 9:45,1.99,0.000233474
5/31/2022 10:00,2.1,0.00024638
5/31/2022 10:15,2.295,0.000269258
5/31/2022 10:30,1.87,0.000219395
5/31/2022 10:45,1.73,0.00020297
5/31/2022 11:00,1.915,0.000224675
5/31/2022 11:15,1.92,0.000225261
5/31/2022 11:30,1.93,0.000226435
5/31/2022 11:45,1.835,0.000215289
5/31/2022 12:00,1.875,0.000219982
5/31/2022 12:15,1.795,0.000210596
5/31/2022 12:30,2.04,0.00023934
5/31/2022 12:45,1.935,0.000227021
5/31/2022 13:00,1.575,0.000184785
5/31/2022 13:15,1.47,0.000172466
5/31/2022 13:30,1.37,0.000160733
5/31/2022 13:45,1.3,0.000152521
5/31/2022 14:00,1.57,0.000184198
5/31/2022 14:15,1.61,0.000188891
5/31/2022 14:30,1.975,0.000231714
5/31/2022 14:45,1.635,0.000191824
5/31/2022 15:00,1.46,0.000171292
5/31/2022 15:15,1.38,0.000161907
5/31/2022 15:30,1.73,0.00020297
5/31/2022 15:45,1.495,0.000175399
5/31/2022 16:00,1.36,0.00015956
5/31/2022 16:15,1.095,0.000128469
5/31/2022 16:30,1.27,0.000149001
5/31/2022 16:45,1.57,0.000184198
5/31/2022 17:00,1.19,0.000139615
5/31/2022 17:15,1.59,0.000186545
5/31/2022 17:30,1.415,0.000166013
5/31/2022 17:45,1.435,0.000168359
5/31/2022 18:00,1.645,0.000192997
5/31/2022 18:15,1.3,0.000152521
5/31/2022 18:30,1.18,0.000138442
5/31/2022 18:45,1.17,0.000137269
5/31/2022 19:00,1.205,0.000141375
5/31/2022 19:15,0.97,0.000113804
5/31/2022 19:30,1.975,0.000231714
5/31/2022 19:45,1.11,0.000130229
5/31/2022 20:00,1.32,0.000154867
5/31/2022 20:15,1.45,0.000170119
5/31/2022 20:30,1.325,0.000155454
5/31/2022 20:45,1.28,0.000150174
5/31/2022 21:00,1.4,0.000164253
5/31/2022 21:15,1.495,0.000175399
5/31/2022 21:30,1.46,0.000171292
5/31/2022 21:45,1.545,0.000181265
5/31/2022 22:00,1.375,0.00016132
5/31/2022 22:15,1.45,0.000170119
5/31/2022 22:30,1.57,0.000184198
5/31/2022 22:45,1.435,0.000168359
5/31/2022 23:00,1.47,0.000172466
5/31/2022 23:15,1.645,0.000192997
5/31/2022 23:30,1.61,0.000188891
5/31/2022 23:45,1.785,0.000209423
6/1/2022 0:00,2.315,0.000271604
6/1/2022 0:15,1.885,0.000221155
6/1/2022 0:30,1.91,0.000224088
6/1/2022 0:45,2.29,0.000268671
6/1/2022 1:00,2.03,0.000238167
6/1/2022 1:15,2.08,0.000244033
6/1/2022 1:30,2.095,0.000245793
6/1/2022 1:45,2.015,0.000236407
6/1/2022 2:00,1.895,0.000222328
6/1/2022 2:15,2.13,0.000249899
6/1/2022 2:30,2.16,0.000253419
6/1/2022 2:45,1.87,0.000219395
6/1/2022 3:00,1.67,0.00019593
6/1/2022 3:15,1.78,0.000208836
6/1/2022 3:30,1.74,0.000204143
6/1/2022 3:45,1.835,0.000215289
6/1/2022 4:00,1.84,0.000215875
6/1/2022 4:15,1.83,0.000214702
6/1/2022 4:30,2.365,0.00027747
6/1/2022 4:45,1.765,0.000207076
6/1/2022 5:00,2.105,0.000246966
6/1/2022 5:15,1.9,0.000222915
6/1/2022 5:30,2.265,0.000265738
6/1/2022 5:45,2.275,0.000266911
6/1/2022 6:00,2.215,0.000259872
6/1/2022 6:15,2.595,0.000304455
6/1/2022 6:30,2.345,0.000275124
6/1/2022 6:45,2.65,0.000310908
6/1/2022 7:00,4.62,0.000542035
6/1/2022 7:15,2.44,0.00028627
6/1/2022 7:30,2.1,0.00024638
6/1/2022 7:45,2.695,0.000316187
6/1/2022 8:00,3.39,0.000397727
6/1/2022 8:15,3.365,0.000394794
6/1/2022 8:30,3.99,0.000468121
6/1/2022 8:45,2.625,0.000307974
6/1/2022 9:00,4.13,0.000484546
6/1/2022 9:15,2.89,0.000339065
6/1/2022 9:30,4.455,0.000522677
6/1/2022 9:45,3.75,0.000439963
6/1/2022 10:00,3.825,0.000448763
6/1/2022 10:15,4.6,0.000539689
6/1/2022 10:30,3.42,0.000401247
6/1/2022 10:45,4.01,0.000470468
6/1/2022 11:00,3.25,0.000381302
6/1/2022 11:15,4.23,0.000496279
6/1/2022 11:30,5.145,0.00060363
6/1/2022 11:45,3.035,0.000356077
6/1/2022 12:00,3.165,0.000371329
6/1/2022 12:15,3.145,0.000368983
6/1/2022 12:30,3.56,0.000417672
6/1/2022 12:45,4.515,0.000529716
6/1/2022 13:00,2.91,0.000341412
6/1/2022 13:15,2.985,0.000350211
6/1/2022 13:30,4.055,0.000475747
6/1/2022 13:45,2.84,0.000333199
6/1/2022 14:00,2.925,0.000343172
6/1/2022 14:15,3.13,0.000367223
6/1/2022 14:30,3.105,0.00036429
6/1/2022 14:45,2.54,0.000298002
6/1/2022 15:00,2.855,0.000334959
6/1/2022 15:15,2.935,0.000344345
6/1/2022 15:30,3.17,0.000371916
6/1/2022 15:45,3.255,0.000381888
6/1/2022 16:00,2.96,0.000347278
6/1/2022 16:15,2.23,0.000261632
6/1/2022 16:30,2.385,0.000279817
6/1/2022 16:45,3.14,0.000368396
6/1/2022 17:00,2.51,0.000294482
6/1/2022 17:15,2.99,0.000350798
6/1/2022 17:30,2.515,0.000295069
6/1/2022 17:45,2.55,0.000299175
6/1/2022 18:00,2.745,0.000322053
6/1/2022 18:15,2.615,0.000306801
6/1/2022 18:30,2.91,0.000341412
6/1/2022 18:45,2.58,0.000302695
6/1/2022 19:00,3.16,0.000370743
6/1/2022 19:15,2.645,0.000310321
6/1/2022 19:30,2.265,0.000265738
6/1/2022 19:45,2.68,0.000314427
6/1/2022 20:00,2.06,0.000241687
6/1/2022 20:15,2.265,0.000265738
6/1/2022 20:30,2.76,0.000323813
6/1/2022 20:45,4.405,0.00051681
6/1/2022 21:00,2.21,0.000259285
6/1/2022 21:15,1.83,0.000214702
6/1/2022 21:30,2.92,0.000342585
6/1/2022 21:45,1.66,0.000194757
6/1/2022 22:00,2.115,0.000248139
6/1/2022 22:15,2.765,0.0003244
6/1/2022 22:30,2.8,0.000328506
6/1/2022 22:45,3.2,0.000375435
6/1/2022 23:00,2.945,0.000345518
6/1/2022 23:15,2.04,0.00023934
6/1/2022 23:30,3.255,0.000381888
6/1/2022 23:45,2.31,0.000271017
6/2/2022 0:00,1.865,0.000218808
6/2/2022 0:15,1.82,0.000213529
6/2/2022 0:30,1.65,0.000193584
6/2/2022 0:45,1.695,0.000198863
6/2/2022 1:00,1.6,0.000187718
6/2/2022 1:15,1.565,0.000183611
6/2/2022 1:30,1.5,0.000175985
6/2/2022 1:45,1.58,0.000185371
6/2/2022 2:00,1.54,0.000180678
6/2/2022 2:15,1.505,0.000176572
6/2/2022 2:30,1.58,0.000185371
6/2/2022 2:45,1.59,0.000186545
6/2/2022 3:00,1.815,0.000212942
6/2/2022 3:15,1.77,0.000207663
6/2/2022 3:30,1.53,0.000179505
6/2/2022 3:45,1.635,0.000191824
6/2/2022 4:00,1.52,0.000178332
6/2/2022 4:15,1.715,0.00020121
6/2/2022 4:30,1.8,0.000211182
6/2/2022 4:45,1.84,0.000215875
6/2/2022 5:00,1.61,0.000188891
6/2/2022 5:15,1.56,0.000183025
6/2/2022 5:30,1.775,0.000208249
6/2/2022 5:45,1.45,0.000170119
6/2/2022 6:00,1.455,0.000170706
6/2/2022 6:15,1.65,0.000193584
6/2/2022 6:30,1.56,0.000183025
6/2/2022 6:45,1.74,0.000204143
6/2/2022 7:00,1.975,0.000231714
6/2/2022 7:15,1.755,0.000205903
6/2/2022 7:30,1.94,0.000227608
6/2/2022 7:45,2.135,0.000250486
6/2/2022 8:00,2.08,0.000244033
6/2/2022 8:15,2.065,0.000242273
6/2/2022 8:30,2.08,0.000244033
6/2/2022 8:45,2.04,0.00023934
6/2/2022 9:00,1.81,0.000212356
6/2/2022 9:15,2.03,0.000238167
6/2/2022 9:30,2.33,0.000273364
6/2/2022 9:45,2.275,0.000266911
6/2/2022 10:00,1.995,0.000234061
6/2/2022 10:15,1.91,0.000224088
6/2/2022 10:30,1.825,0.000214116
6/2/2022 10:45,1.725,0.000202383
6/2/2022 11:00,1.905,0.000223501
6/2/2022 11:15,1.62,0.000190064
6/2/2022 11:30,1.81,0.000212356
6/2/2022 11:45,1.83,0.000214702
6/2/2022 12:00,1.645,0.000192997
6/2/2022 12:15,1.45,0.000170119
6/2/2022 12:30,1.595,0.000187131
6/2/2022 12:45,1.62,0.000190064
6/2/2022 13:00,1.66,0.000194757
6/2/2022 13:15,1.52,0.000178332
6/2/2022 13:30,1.705,0.000200037
6/2/2022 13:45,1.705,0.000200037
6/2/2022 14:00,1.69,0.000198277
6/2/2022 14:15,1.2,0.000140788
6/2/2022 14:30,1.305,0.000153107
6/2/2022 14:45,1.385,0.000162493
6/2/2022 15:00,1.29,0.000151347
6/2/2022 15:15,1.405,0.00016484
6/2/2022 15:30,1.225,0.000143721
6/2/2022 15:45,1.25,0.000146654
6/2/2022 16:00,1.165,0.000136682
6/2/2022 16:15,1.27,0.000149001
6/2/2022 16:30,1.325,0.000155454
6/2/2022 16:45,0.97,0.000113804
6/2/2022 17:00,0.94,0.000110284
6/2/2022 17:15,0.955,0.000112044
6/2/2022 17:30,1.115,0.000130816
6/2/2022 17:45,1.275,0.000149588
6/2/2022 18:00,1.02,0.00011967
6/2/2022 18:15,1.15,0.000134922
6/2/2022 18:30,1.145,0.000134336
6/2/2022 18:45,1.16,0.000136095
6/2/2022 19:00,1.125,0.000131989
6/2/2022 19:15,1.28,0.000150174
6/2/2022 19:30,1.225,0.000143721
6/2/2022 19:45,1.095,0.000128469
6/2/2022 20:00,1.145,0.000134336
6/2/2022 20:15,1.165,0.000136682
6/2/2022 20:30,1.31,0.000153694
6/2/2022 20:45,1.25,0.000146654
6/2/2022 21:00,1.29,0.000151347
6/2/2022 21:15,1.45,0.000170119
6/2/2022 21:30,1.35,0.000158387
6/2/2022 21:45,1.2,0.000140788
6/2/2022 22:00,1.315,0.000154281
6/2/2022 22:15,1.37,0.000160733
6/2/2022 22:30,1.36,0.00015956
6/2/2022 22:45,1.36,0.00015956
6/2/2022 23:00,1.365,0.000160147
6/2/2022 23:15,1.335,0.000156627
6/2/2022 23:30,1.38,0.000161907
6/2/2022 23:45,1.34,0.000157214
6/3/2022 0:00,1.31,0.000153694
6/3/2022 0:15,1.26,0.000147828
6/3/2022 0:30,1.355,0.000158973
6/3/2022 0:45,1.43,0.000167773
6/3/2022 1:00,1.41,0.000165426
6/3/2022 1:15,1.48,0.000173639
6/3/2022 1:30,1.435,0.000168359
6/3/2022 1:45,1.55,0.000181852
6/3/2022 2:00,1.5,0.000175985
6/3/2022 2:15,1.475,0.000173052
6/3/2022 2:30,1.75,0.000205316
6/3/2022 2:45,1.44,0.000168946
6/3/2022 3:00,1.61,0.000188891
6/3/2022 3:15,1.54,0.000180678
6/3/2022 3:30,1.565,0.000183611
6/3/2022 3:45,1.6,0.000187718
6/3/2022 4:00,1.535,0.000180092
6/3/2022 4:15,1.535,0.000180092
6/3/2022 4:30,1.635,0.000191824
6/3/2022 4:45,1.545,0.000181265
6/3/2022 5:00,1.58,0.000185371
6/3/2022 5:15,1.61,0.000188891
6/3/2022 5:30,1.57,0.000184198
6/3/2022 5:45,1.78,0.000208836
6/3/2022 6:00,1.535,0.000180092
6/3/2022 6:15,1.59,0.000186545
6/3/2022 6:30,1.54,0.000180678
6/3/2022 6:45,1.665,0.000195344
6/3/2022 7:00,1.615,0.000189478
6/3/2022 7:15,1.7,0.00019945
6/3/2022 7:30,2.165,0.000254006
6/3/2022 7:45,1.735,0.000203556
6/3/2022 8:00,1.585,0.000185958
6/3/2022 8:15,1.615,0.000189478
6/3/2022 8:30,1.68,0.000197104
6/3/2022 8:45,1.655,0.000194171
6/3/2022 9:00,1.68,0.000197104
6/3/2022 9:15,1.665,0.000195344
6/3/2022 9:30,1.675,0.000196517
6/3/2022 9:45,1.84,0.000215875
6/3/2022 10:00,1.8,0.000211182
6/3/2022 10:15,1.83,0.000214702
6/3/2022 10:30,1.7,0.00019945
6/3/2022 10:45,1.74,0.000204143
6/3/2022 11:00,1.925,0.000225848
6/3/2022 11:15,1.695,0.000198863
6/3/2022 11:30,1.875,0.000219982
6/3/2022 11:45,1.935,0.000227021
6/3/2022 12:00,1.995,0.000234061
6/3/2022 12:15,1.77,0.000207663
6/3/2022 12:30,1.735,0.000203556
6/3/2022 12:45,1.79,0.000210009
6/3/2022 13:00,1.87,0.000219395
6/3/2022 13:15,1.62,0.000190064
6/3/2022 13:30,1.605,0.000188304
6/3/2022 13:45,1.78,0.000208836
6/3/2022 14:00,1.55,0.000181852
6/3/2022 14:15,1.58,0.000185371
6/3/2022 14:30,1.7,0.00019945
6/3/2022 14:45,1.52,0.000178332
6/3/2022 15:00,1.7,0.00019945
6/3/2022 15:15,1.675,0.000196517
6/3/2022 15:30,1.41,0.000165426
6/3/2022 15:45,1.53,0.000179505
6/3/2022 16:00,1.545,0.000181265
6/3/2022 16:15,1.49,0.000174812
6/3/2022 16:30,1.62,0.000190064
6/3/2022 16:45,1.65,0.000193584
6/3/2022 17:00,1.61,0.000188891
6/3/2022 17:15,1.6,0.000187718
6/3/2022 17:30,1.795,0.000210596
6/3/2022 17:45,1.935,0.000227021
6/3/2022 18:00,1.48,0.000173639
6/3/2022 18:15,1.815,0.000212942
6/3/2022 18:30,1.685,0.00019769
6/3/2022 18:45,1.595,0.000187131
6/3/2022 19:00,1.77,0.000207663
6/3/2022 19:15,1.78,0.000208836
6/3/2022 19:30,1.785,0.000209423
6/3/2022 19:45,1.85,0.000217049
6/3/2022 20:00,1.675,0.000196517
6/3/2022 20:15,1.875,0.000219982
6/3/2022 20:30,1.68,0.000197104
6/3/2022 20:45,1.705,0.000200037
6/3/2022 21:00,1.68,0.000197104
6/3/2022 21:15,1.905,0.000223501
6/3/2022 21:30,1.93,0.000226435
6/3/2022 21:45,1.74,0.000204143
6/3/2022 22:00,1.68,0.000197104
6/3/2022 22:15,1.67,0.00019593
6/3/2022 22:30,1.995,0.000234061
6/3/2022 22:45,1.865,0.000218808
6/3/2022 23:00,1.97,0.000231127
6/3/2022 23:15,1.875,0.000219982
6/3/2022 23:30,2.095,0.000245793
6/3/2022 23:45,2.13,0.000249899
6/4/2022 0:00,1.985,0.000232887
6/4/2022 0:15,2.07,0.00024286
6/4/2022 0:30,1.99,0.000233474
6/4/2022 0:45,2.05,0.000240513
6/4/2022 1:00,2.045,0.000239927
6/4/2022 1:15,2.255,0.000264565
6/4/2022 1:30,2.175,0.000255179
6/4/2022 1:45,1.935,0.000227021
6/4/2022 2:00,2.095,0.000245793
6/4/2022 2:15,2.015,0.000236407
6/4/2022 2:30,2.205,0.000258699
6/4/2022 2:45,1.99,0.000233474
6/4/2022 3:00,2.125,0.000249313
6/4/2022 3:15,2.005,0.000235234
6/4/2022 3:30,2.015,0.000236407
6/4/2022 3:45,2.13,0.000249899
6/4/2022 4:00,2.135,0.000250486
6/4/2022 4:15,2.31,0.000271017
6/4/2022 4:30,2.21,0.000259285
6/4/2022 4:45,2.1,0.00024638
6/4/2022 5:00,2.08,0.000244033
6/4/2022 5:15,2.425,0.00028451
6/4/2022 5:30,2.215,0.000259872
6/4/2022 5:45,2.065,0.000242273
6/4/2022 6:00,2.29,0.000268671
6/4/2022 6:15,2.375,0.000278644
6/4/2022 6:30,2.295,0.000269258
6/4/2022 6:45,2.18,0.000255765
6/4/2022 7:00,2.1,0.00024638
6/4/2022 7:15,2.155,0.000252832
6/4/2022 7:30,2.255,0.000264565
6/4/2022 7:45,2.155,0.000252832
6/4/2022 8:00,2.19,0.000256939
6/4/2022 8:15,2.205,0.000258699
6/4/2022 8:30,2.075,0.000243446
6/4/2022 8:45,2.11,0.000247553
6/4/2022 9:00,2.305,0.000270431
6/4/2022 9:15,2.39,0.000280403
6/4/2022 9:30,2.43,0.000285096
6/4/2022 9:45,2.415,0.000283336
6/4/2022 10:00,2.465,0.000289203
6/4/2022 10:15,2.385,0.000279817
6/4/2022 10:30,2.33,0.000273364
6/4/2022 10:45,2.335,0.000273951
6/4/2022 11:00,2.34,0.000274537
6/4/2022 11:15,2.27,0.000266325
6/4/2022 11:30,2.165,0.000254006
6/4/2022 11:45,2.43,0.000285096
6/4/2022 12:00,2.545,0.000298589
6/4/2022 12:15,2.08,0.000244033
6/4/2022 12:30,2.115,0.000248139
6/4/2022 12:45,2.365,0.00027747
6/4/2022 13:00,2.24,0.000262805
6/4/2022 13:15,2.1,0.00024638
6/4/2022 13:30,1.91,0.000224088
6/4/2022 13:45,2,0.000234647
6/4/2022 14:00,2.09,0.000245206
6/4/2022 14:15,2.185,0.000256352
6/4/2022 14:30,2.34,0.000274537
6/4/2022 14:45,2.05,0.000240513
6/4/2022 15:00,2.05,0.000240513
6/4/2022 15:15,1.96,0.000229954
6/4/2022 15:30,2.065,0.000242273
6/4/2022 15:45,2.005,0.000235234
6/4/2022 16:00,1.98,0.000232301
6/4/2022 16:15,1.8,0.000211182
6/4/2022 16:30,1.88,0.000220568
6/4/2022 16:45,2.29,0.000268671
6/4/2022 17:00,2.14,0.000251072
6/4/2022 17:15,2.565,0.000300935
6/4/2022 17:30,1.92,0.000225261
6/4/2022 17:45,2.34,0.000274537
6/4/2022 18:00,1.955,0.000229368
6/4/2022 18:15,2.065,0.000242273
6/4/2022 18:30,1.865,0.000218808
6/4/2022 18:45,1.67,0.00019593
6/4/2022 19:00,1.86,0.000218222
6/4/2022 19:15,2.055,0.0002411
6/4/2022 19:30,2.115,0.000248139
6/4/2022 19:45,1.855,0.000217635
6/4/2022 20:00,2.065,0.000242273
6/4/2022 20:15,1.515,0.000177745
6/4/2022 20:30,1.505,0.000176572
6/4/2022 20:45,1.965,0.000230541
6/4/2022 21:00,1.85,0.000217049
6/4/2022 21:15,1.845,0.000216462
6/4/2022 21:30,1.73,0.00020297
6/4/2022 21:45,1.665,0.000195344
6/4/2022 22:00,2.305,0.000270431
6/4/2022 22:15,1.95,0.000228781
6/4/2022 22:30,1.905,0.000223501
6/4/2022 22:45,2.255,0.000264565
6/4/2022 23:00,1.91,0.000224088
6/4/2022 23:15,1.73,0.00020297
6/4/2022 23:30,1.92,0.000225261
6/4/2022 23:45,2.19,0.000256939
6/5/2022 0:00,2.195,0.000257525
6/5/2022 0:15,1.58,0.000185371
6/5/2022 0:30,1.89,0.000221742
6/5/2022 0:45,1.65,0.000193584
6/5/2022 1:00,1.555,0.000182438
6/5/2022 1:15,1.795,0.000210596
6/5/2022 1:30,1.625,0.000190651
6/5/2022 1:45,1.68,0.000197104
6/5/2022 2:00,1.5,0.000175985
6/5/2022 2:15,2.105,0.000246966
6/5/2022 2:30,1.83,0.000214702
6/5/2022 2:45,2.1,0.00024638
6/5/2022 3:00,1.87,0.000219395
6/5/2022 3:15,1.9,0.000222915
6/5/2022 3:30,2.095,0.000245793
6/5/2022 3:45,1.71,0.000200623
6/5/2022 4:00,1.81,0.000212356
6/5/2022 4:15,2.02,0.000236994
6/5/2022 4:30,1.905,0.000223501
6/5/2022 4:45,1.865,0.000218808
6/5/2022 5:00,1.765,0.000207076
6/5/2022 5:15,1.935,0.000227021
6/5/2022 5:30,2,0.000234647
6/5/2022 5:45,2.22,0.000260458
6/5/2022 6:00,2.135,0.000250486
6/5/2022 6:15,1.895,0.000222328
6/5/2022 6:30,2.645,0.000310321
6/5/2022 6:45,3.19,0.000374262
6/5/2022 7:00,3.04,0.000356664
6/5/2022 7:15,2.09,0.000245206
6/5/2022 7:30,1.955,0.000229368
6/5/2022 7:45,2.04,0.00023934
6/5/2022 8:00,2.22,0.000260458
6/5/2022 8:15,2.53,0.000296829
6/5/2022 8:30,3.34,0.000391861
6/5/2022 8:45,2.615,0.000306801
6/5/2022 9:00,4.44,0.000520917
6/5/2022 9:15,3.01,0.000353144
6/5/2022 9:30,4.95,0.000580752
6/5/2022 9:45,3.32,0.000389514
6/5/2022 10:00,2.455,0.000288029
6/5/2022 10:15,2.735,0.00032088
6/5/2022 10:30,2.61,0.000306215
6/5/2022 10:45,3.6,0.000422365
6/5/2022 11:00,3.065,0.000359597
6/5/2022 11:15,6.815,0.00079956
6/5/2022 11:30,5.745,0.000674024
6/5/2022 11:45,5.65,0.000662878
6/5/2022 12:00,5.935,0.000696316
6/5/2022 12:15,7.09,0.000831824
6/5/2022 12:30,9.375,0.001099909
6/5/2022 12:45,4.03,0.000472814
6/5/2022 13:00,6.485,0.000760843
6/5/2022 13:15,8.42,0.000987865
6/5/2022 13:30,9.59,0.001125133
6/5/2022 13:45,5.135,0.000602457
6/5/2022 14:00,7.66,0.000898699
6/5/2022 14:15,5.54,0.000649973
6/5/2022 14:30,7.005,0.000821852
6/5/2022 14:45,6.6,0.000774336
6/5/2022 15:00,10.745,0.001260642
6/5/2022 15:15,4.68,0.000549074
6/5/2022 15:30,4.725,0.000554354
6/5/2022 15:45,9.375,0.001099909
6/5/2022 16:00,6.265,0.000735032
6/5/2022 16:15,9.075,0.001064712
6/5/2022 16:30,4.91,0.000576059
6/5/2022 16:45,8.09,0.000949148
6/5/2022 17:00,8.97,0.001052393
6/5/2022 17:15,3.37,0.000395381
6/5/2022 17:30,2.27,0.000266325
6/5/2022 17:45,2.885,0.000338479
6/5/2022 18:00,2.505,0.000293896
6/5/2022 18:15,1.99,0.000233474
6/5/2022 18:30,1.935,0.000227021
6/5/2022 18:45,1.875,0.000219982
6/5/2022 19:00,1.965,0.000230541
6/5/2022 19:15,2.26,0.000265151
6/5/2022 19:30,2.2,0.000258112
6/5/2022 19:45,2.13,0.000249899
6/5/2022 20:00,2.095,0.000245793
6/5/2022 20:15,2.165,0.000254006
6/5/2022 20:30,2.56,0.000300348
6/5/2022 20:45,1.985,0.000232887
6/5/2022 21:00,2.385,0.000279817
6/5/2022 21:15,1.655,0.000194171
6/5/2022 21:30,2.43,0.000285096
6/5/2022 21:45,2.43,0.000285096
6/5/2022 22:00,2.615,0.000306801
6/5/2022 22:15,2.355,0.000276297
6/5/2022 22:30,2.38,0.00027923
6/5/2022 22:45,1.94,0.000227608
6/5/2022 23:00,2.225,0.000261045
6/5/2022 23:15,2.465,0.000289203
6/5/2022 23:30,2.385,0.000279817
6/5/2022 23:45,2.44,0.00028627
6/6/2022 0:00,2.45,0.000287443
6/6/2022 0:15,2.735,0.00032088
6/6/2022 0:30,2.44,0.00028627
6/6/2022 0:45,2.625,0.000307974
6/6/2022 1:00,2.42,0.000283923
6/6/2022 1:15,2.815,0.000330266
6/6/2022 1:30,2.645,0.000310321
6/6/2022 1:45,2.52,0.000295655
6/6/2022 2:00,2.915,0.000341998
6/6/2022 2:15,2.61,0.000306215
6/6/2022 2:30,2.4,0.000281577
6/6/2022 2:45,2.625,0.000307974
6/6/2022 3:00,2.395,0.00028099
6/6/2022 3:15,2.505,0.000293896
6/6/2022 3:30,2.375,0.000278644
6/6/2022 3:45,2.67,0.000313254
6/6/2022 4:00,2.44,0.00028627
6/6/2022 4:15,2.95,0.000346105
6/6/2022 4:30,2.515,0.000295069
6/6/2022 4:45,2.62,0.000307388
6/6/2022 5:00,2.595,0.000304455
6/6/2022 5:15,2.895,0.000339652
6/6/2022 5:30,2.65,0.000310908
6/6/2022 5:45,2.665,0.000312667
6/6/2022 6:00,2.595,0.000304455
6/6/2022 6:15,3.23,0.000378955
6/6/2022 6:30,2.475,0.000290376
6/6/2022 6:45,3.34,0.000391861
6/6/2022 7:00,2.805,0.000329093
6/6/2022 7:15,2.545,0.000298589
6/6/2022 7:30,1.97,0.000231127
6/6/2022 7:45,2.96,0.000347278
6/6/2022 8:00,2.84,0.000333199
6/6/2022 8:15,2.96,0.000347278
6/6/2022 8:30,3.51,0.000411806
6/6/2022 8:45,5.545,0.000650559
6/6/2022 9:00,4.155,0.00048748
6/6/2022 9:15,3.425,0.000401833
6/6/2022 9:30,4.525,0.000530889
6/6/2022 9:45,3.76,0.000441137
6/6/2022 10:00,4.51,0.000529129
6/6/2022 10:15,4.83,0.000566673
6/6/2022 10:30,4.76,0.00055846
6/6/2022 10:45,6.335,0.000743245
6/6/2022 11:00,4.46,0.000523263
6/6/2022 11:15,6.76,0.000793107
6/6/2022 11:30,12.02,0.00141023
6/6/2022 11:45,11.105,0.001302878
6/6/2022 12:00,23.295,0.002733053
6/6/2022 12:15,25.315,0.002970047
6/6/2022 12:30,12.545,0.001471824
6/6/2022 12:45,11.43905646,0.001342071
6/6/2022 13:00,12.60311293,0.001478642
6/6/2022 13:15,11.54716939,0.001354755
6/6/2022 13:30,11.62122585,0.001363444
6/6/2022 13:45,11.32528232,0.001328723
6/6/2022 14:00,13.54433878,0.00158907
6/6/2022 14:30,0.302451709,3.54847E-05
6/6/2022 14:45,5.086508172,0.000596767
6/6/2022 15:00,16.42556464,0.001927106
6/6/2022 15:15,32.6646211,0.003832331
6/6/2022 15:30,47.28367756,0.005547491
6/6/2022 15:45,77.05273403,0.009040103
6/6/2022 16:00,93.18179049,0.010932422
6/6/2022 16:15,111.565847,0.013089306
6/6/2022 16:30,122.3049034,0.01434925
6/6/2022 16:45,132.9689599,0.015600396
6/6/2022 17:00,111.2130163,0.01304791
6/6/2022 17:15,114.9870728,0.013490696
6/6/2022 17:30,71.73112927,0.008415754
6/6/2022 17:45,66.37518574,0.007787375
6/6/2022 18:00,68.6192422,0.008050656
6/6/2022 18:15,56.48329866,0.006626823
6/6/2022 18:30,49.74235513,0.005835952
6/6/2022 18:45,31.92641159,0.003745721
6/6/2022 19:00,33.99046805,0.003987884
6/6/2022 19:15,36.57952452,0.004291641
6/6/2022 19:30,14.81858098,0.001738569
6/6/2022 19:45,12.54763744,0.001472134
6/6/2022 20:00,12.21669391,0.001433306
6/6/2022 20:15,10.25575037,0.001203241
6/6/2022 20:30,7.514806835,0.000881664
6/6/2022 20:45,3.143863299,0.000368849
6/6/2022 21:00,1.437919762,0.000168702
6/6/2022 21:15,1.571976226,0.00018443
6/6/2022 21:30,1.236032689,0.000145016
6/6/2022 21:45,0.685089153,8.03771E-05
6/6/2022 22:00,0.729145617,8.5546E-05
6/6/2022 22:15,0.56820208,6.66635E-05
6/6/2022 22:30,0.477258544,5.59937E-05
6/6/2022 22:45,0.461315007,5.41231E-05
6/6/2022 23:00,0.510371471,5.98786E-05
6/6/2022 23:15,0.884427935,0.000103764
6/6/2022 23:30,1.293484398,0.000151756
6/6/2022 23:45,1.317540862,0.000154579
6/7/2022 0:00,0.846597325,9.93258E-05
6/7/2022 0:15,0.385653789,4.52463E-05
6/7/2022 0:30,0.454710253,5.33482E-05
6/7/2022 0:45,0.303766716,3.5639E-05
6/7/2022 1:00,0.36782318,4.31543E-05
6/7/2022 1:15,0.386879643,4.53901E-05
6/7/2022 1:30,0.505936107,5.93582E-05
6/7/2022 1:45,0.409992571,4.81018E-05
6/7/2022 2:00,0.464049034,5.44439E-05
6/7/2022 2:15,0.473105498,5.55064E-05
6/7/2022 2:30,0.632161961,7.41675E-05
6/7/2022 2:45,0.891218425,0.000104561
6/7/2022 3:00,0.445274889,5.22412E-05
6/7/2022 3:15,1.214331352,0.00014247
6/7/2022 3:30,0.953387816,0.000111855
6/7/2022 3:45,1.102444279,0.000129343
6/7/2022 4:00,1.671500743,0.000196106
6/7/2022 4:15,0.720557207,8.45384E-05
6/7/2022 4:30,0.63961367,7.50418E-05
6/7/2022 4:45,1.253670134,0.000147085
6/7/2022 5:00,1.327726597,0.000155774
6/7/2022 5:15,1.111783061,0.000130438
6/7/2022 5:30,0.820839525,9.63038E-05
6/7/2022 5:45,0.704895988,8.27009E-05
6/7/2022 6:00,1.003952452,0.000117787
6/7/2022 6:15,0.618008915,7.2507E-05
6/7/2022 6:30,0.702065379,8.23688E-05
6/7/2022 6:45,0.506121842,5.938E-05
6/7/2022 7:00,0.540178306,6.33757E-05
6/7/2022 7:15,0.46423477,5.44657E-05
6/7/2022 7:30,0.683291233,8.01662E-05
6/7/2022 7:45,0.432347697,5.07246E-05
6/7/2022 8:00,1.07640416,0.000126288
6/7/2022 8:15,1.075460624,0.000126177
6/7/2022 8:30,0.604517088,7.09241E-05
6/7/2022 8:45,0.728573551,8.54789E-05
6/7/2022 9:00,0.782630015,9.1821E-05
6/7/2022 9:15,0.636686478,7.46983E-05
6/7/2022 9:30,0.795742942,9.33594E-05
6/7/2022 9:45,1.429799406,0.000167749
6/7/2022 10:00,1.133855869,0.000133028
6/7/2022 10:15,1.002912333,0.000117665
6/7/2022 10:30,1.826968796,0.000214347
6/7/2022 10:45,2.57102526,0.000301642
6/7/2022 11:00,3.735081724,0.000438213
6/7/2022 11:15,3.134138187,0.000367708
6/7/2022 11:30,5.328194651,0.000625123
6/7/2022 11:45,1.302251114,0.000152785
6/7/2022 12:00,2.646307578,0.000310474
6/7/2022 12:15,3.965364042,0.000465231
6/7/2022 12:30,6.574420505,0.000771335
6/7/2022 12:45,12.32847697,0.001446421
6/7/2022 13:00,4.617533432,0.000541746
6/7/2022 13:15,6.386589896,0.000749298
6/7/2022 13:30,3.87064636,0.000454118
6/7/2022 13:45,9.609702823,0.001127445
6/7/2022 14:00,12.47375929,0.001463466
6/7/2022 14:15,3.55281575,0.000416829
6/7/2022 14:30,3.556872214,0.000417305
6/7/2022 14:45,2.020928678,0.000237103
6/7/2022 15:00,5.399985141,0.000633546
6/7/2022 15:15,3.359041605,0.000394095
6/7/2022 15:30,3.903098068,0.000457925
6/7/2022 15:45,2.507154532,0.000294148
6/7/2022 16:00,1.626210996,0.000190793
6/7/2022 16:15,2.145267459,0.00025169
6/7/2022 16:30,4.069323923,0.000477428
6/7/2022 16:45,1.833380386,0.000215099
6/7/2022 17:00,2.73243685,0.000320579
6/7/2022 17:15,1.736493314,0.000203732
6/7/2022 17:30,0.665549777,7.80847E-05
6/7/2022 17:45,0.904606241,0.000106132
6/7/2022 18:00,0.358662704,4.20796E-05
6/7/2022 18:15,1.082719168,0.000127029
6/7/2022 18:30,-0.128224368,-1.50E-05
6/7/2022 18:45,-0.304167905,-3.57E-05
6/7/2022 19:00,-0.255111441,-2.99E-05
6/7/2022 19:15,-0.276054978,-3.24E-05
6/7/2022 19:30,0.463001486,5.4321E-05
6/7/2022 19:45,-0.327942051,-3.85E-05
6/7/2022 20:00,-0.293885587,-3.45E-05
6/7/2022 20:15,-0.299829123,-3.52E-05
6/7/2022 20:30,-0.34077266,-4.00E-05
6/7/2022 20:45,-0.191716196,-2.25E-05
6/7/2022 21:00,0.142340267,1.66999E-05
6/7/2022 21:15,-0.143603269,-1.68E-05
6/7/2022 21:30,-0.144546805,-1.70E-05
6/7/2022 21:45,0.134509658,1.57812E-05
6/7/2022 22:00,0.048566122,5.69795E-06
6/7/2022 22:15,-0.177377415,-2.08E-05
6/7/2022 22:30,-0.113320951,-1.33E-05
6/7/2022 22:45,-0.159264487,-1.87E-05
6/7/2022 23:00,-0.180208024,-2.11E-05
6/7/2022 23:15,0.09384844,1.10106E-05
6/7/2022 23:30,-0.002095097,-2.46E-07
6/7/2022 23:45,0.041961367,4.92306E-06
6/8/2022 0:00,-0.073982169,-8.68E-06
6/8/2022 0:15,0.030074294,3.52842E-06
6/8/2022 0:30,0.104130758,1.2217E-05
6/8/2022 0:45,0.003187221,3.73936E-07
6/8/2022 1:00,0.037243685,4.36956E-06
6/8/2022 1:15,0.196300149,2.30306E-05
6/8/2022 1:30,0.025356612,2.97493E-06
6/8/2022 1:45,-0.065586924,-7.69E-06
6/8/2022 2:00,-0.046530461,-5.46E-06
6/8/2022 2:15,-0.137473997,-1.61E-05
6/8/2022 2:30,0.111582467,1.30913E-05
6/8/2022 2:45,-0.11936107,-1.40E-05
6/8/2022 3:00,0.024695394,2.89735E-06
6/8/2022 3:15,-0.066248143,-7.77E-06
6/8/2022 3:30,-0.077191679,-9.06E-06
6/8/2022 3:45,0.071864785,8.43143E-06
6/8/2022 4:00,0.105921248,1.24271E-05
6/8/2022 4:15,0.064977712,7.62342E-06
6/8/2022 4:30,-0.060965825,-7.15E-06
6/8/2022 4:45,0.028090639,3.29569E-06
6/8/2022 5:00,0.017147103,2.01176E-06
6/8/2022 5:15,0.031203566,3.66091E-06
6/8/2022 5:30,0.68526003,8.03972E-05
6/8/2022 5:45,-0.070683507,-8.29E-06
6/8/2022 6:00,-0.136627043,-1.60E-05
6/8/2022 6:15,-0.012570579,-1.47E-06
6/8/2022 6:30,-0.023514116,-2.76E-06
6/8/2022 6:45,0.030542348,3.58334E-06
6/8/2022 7:00,-0.090401189,-1.06E-05
6/8/2022 7:15,-0.076344725,-8.96E-06
6/8/2022 7:30,0.597711738,7.01257E-05
6/8/2022 7:45,-0.163231798,-1.92E-05
6/8/2022 8:00,-0.154175334,-1.81E-05
6/8/2022 8:15,0.054881129,6.43885E-06
6/8/2022 8:30,-0.051062407,-5.99E-06
6/8/2022 8:45,0.057994056,6.80407E-06
6/8/2022 9:00,0.21205052,2.48785E-05
6/8/2022 9:15,0.216106984,2.53544E-05
6/8/2022 9:30,0.360163447,4.22557E-05
6/8/2022 9:45,0.969219911,0.000113712
6/8/2022 10:00,0.338276374,3.96878E-05
6/8/2022 10:15,0.712332838,8.35734E-05
6/8/2022 10:30,0.221389302,2.59742E-05
6/8/2022 10:45,0.750445765,8.8045E-05
6/8/2022 11:00,0.109502229,1.28472E-05
6/8/2022 11:15,-0.056441308,-6.62E-06
6/8/2022 11:30,0.342615156,4.01968E-05
6/8/2022 11:45,0.03167162,3.71583E-06
6/8/2022 12:00,0.155728083,1.82706E-05
6/8/2022 12:15,0.029784547,3.49443E-06
6/8/2022 12:30,-0.23615899,-2.77E-05
6/8/2022 12:45,0.362897474,4.25764E-05
6/8/2022 13:00,0.696953938,8.17691E-05
6/8/2022 13:15,0.286010401,3.35558E-05
6/8/2022 13:30,-0.224933135,-2.64E-05
6/8/2022 13:45,0.304123328,3.56808E-05
6/8/2022 14:00,0.063179792,7.41248E-06
6/8/2022 14:15,-0.247763744,-2.91E-05
6/8/2022 14:30,-0.063707281,-7.47E-06
6/8/2022 14:45,-0.054650817,-6.41E-06
6/8/2022 15:00,0.099405646,1.16626E-05
6/8/2022 15:15,-0.49153789,-5.77E-05
6/8/2022 15:30,-0.127481426,-1.50E-05
6/8/2022 15:45,-0.273424963,-3.21E-05
6/8/2022 16:00,-0.214368499,-2.52E-05
6/8/2022 16:15,-0.330312036,-3.88E-05
6/8/2022 16:30,-0.556255572,-6.53E-05
6/8/2022 16:45,-0.347199108,-4.07E-05
6/8/2022 17:00,-0.578142645,-6.78E-05
6/8/2022 17:15,-0.469086181,-5.50E-05
6/8/2022 17:30,-0.625029718,-7.33E-05
6/8/2022 17:45,-0.495973254,-5.82E-05
6/8/2022 18:00,-0.61691679,-7.24E-05
6/8/2022 18:15,-0.347860327,-4.08E-05
6/8/2022 18:30,-0.338803863,-3.97E-05
6/8/2022 18:45,-0.3697474,-4.34E-05
6/8/2022 19:00,-0.550690936,-6.46E-05
6/8/2022 19:15,-0.381634473,-4.48E-05
6/8/2022 19:30,-0.472578009,-5.54E-05
6/8/2022 19:45,-0.163521545,-1.92E-05
6/8/2022 20:00,-0.434465082,-5.10E-05
6/8/2022 20:15,-0.425408618,-4.99E-05
6/8/2022 20:30,-0.226352155,-2.66E-05
6/8/2022 20:45,-0.402295691,-4.72E-05
6/8/2022 21:00,-0.388239227,-4.55E-05
6/8/2022 21:15,-0.189182764,-2.22E-05
6/8/2022 21:30,-0.3301263,-3.87E-05
6/8/2022 21:45,-0.221069837,-2.59E-05
6/8/2022 22:00,0.047986627,5.62996E-06
6/8/2022 22:15,-0.392956909,-4.61E-05
6/8/2022 22:30,-0.188900446,-2.22E-05
6/8/2022 22:45,-0.319843982,-3.75E-05
6/8/2022 23:00,0.009212481,1.08084E-06
6/8/2022 23:15,-0.141731055,-1.66E-05
6/8/2022 23:30,-0.102674591,-1.20E-05
6/8/2022 23:45,-0.178618128,-2.10E-05
6/9/2022 0:00,-0.304561664,-3.57E-05
6/9/2022 0:15,-0.230505201,-2.70E-05
6/9/2022 0:30,-0.371448737,-4.36E-05
6/9/2022 0:45,-0.197392273,-2.32E-05
6/9/2022 1:00,-0.04833581,-5.67E-06
6/9/2022 1:15,0.205720654,2.41359E-05
6/9/2022 1:30,-0.150222883,-1.76E-05
6/9/2022 1:45,-0.216166419,-2.54E-05
6/9/2022 2:00,-0.132109955,-1.55E-05
6/9/2022 2:15,-0.068053492,-7.98E-06
6/9/2022 2:30,-0.088997028,-1.04E-05
6/9/2022 2:45,-0.144940565,-1.70E-05
6/9/2022 3:00,-0.255884101,-3.00E-05
6/9/2022 3:15,0.048172363,5.65175E-06
6/9/2022 3:30,-0.027771174,-3.26E-06
6/9/2022 3:45,-0.06371471,-7.48E-06
6/9/2022 4:00,0.150341753,1.76386E-05
6/9/2022 4:15,0.014398217,1.68925E-06
6/9/2022 4:30,0.233454681,2.73897E-05
6/9/2022 4:45,0.122511144,1.43734E-05
6/9/2022 5:00,-0.003432392,-4.03E-07
6/9/2022 5:15,1.080624071,0.000126783
6/9/2022 5:30,1.004680535,0.000117873
6/9/2022 5:45,0.213736999,2.50764E-05
6/9/2022 6:00,0.127793462,1.49932E-05
6/9/2022 6:15,0.451849926,5.30127E-05
6/9/2022 6:30,0.060906389,7.14576E-06
6/9/2022 6:45,0.319962853,3.75392E-05
6/9/2022 7:00,0.064019316,7.51098E-06
6/9/2022 7:15,-0.02192422,-2.57E-06
6/9/2022 7:30,0.057132244,6.70296E-06
6/9/2022 7:45,-0.113811293,-1.34E-05
6/9/2022 8:00,0.245245171,2.8773E-05
6/9/2022 8:15,0.434301634,5.09538E-05
6/9/2022 8:30,0.628358098,7.37212E-05
6/9/2022 8:45,0.437414562,5.1319E-05
6/9/2022 9:00,0.716471025,8.4059E-05
6/9/2022 9:15,0.330527489,3.87787E-05
6/9/2022 9:30,0.569583952,6.68256E-05
6/9/2022 9:45,1.113640416,0.000130656
6/9/2022 10:00,1.23269688,0.000144624
6/9/2022 10:15,0.546753343,6.41471E-05
6/9/2022 10:30,0.700809807,8.22215E-05
6/9/2022 10:45,0.71986627,8.44573E-05
6/9/2022 11:00,-0.006077266,-7.13E-07
6/9/2022 11:15,0.447979198,5.25585E-05
6/9/2022 11:30,0.092035661,1.0798E-05
6/9/2022 11:45,0.346092125,4.06048E-05
6/9/2022 12:00,0.310148588,3.63877E-05
6/9/2022 12:15,0.519205052,6.0915E-05
6/9/2022 12:30,0.808261516,9.48281E-05
6/9/2022 12:45,0.322317979,3.78155E-05
6/9/2022 13:00,1.211374443,0.000142123
6/9/2022 13:15,0.630430906,7.39644E-05
6/9/2022 13:30,1.66948737,0.00019587
6/9/2022 13:45,0.738543834,8.66486E-05
6/9/2022 14:00,1.167600297,0.000136987
6/9/2022 14:15,1.746656761,0.000204924
6/9/2022 14:30,0.660713224,7.75172E-05
6/9/2022 14:45,0.774769688,9.08988E-05
6/9/2022 15:00,0.243826152,2.86066E-05
6/9/2022 15:15,-0.087117385,-1.02E-05
6/9/2022 15:30,0.516939079,6.06491E-05
6/9/2022 15:45,0.050995542,5.98298E-06
6/9/2022 16:00,0.050052006,5.87228E-06
6/9/2022 16:15,0.04910847,5.76158E-06
6/9/2022 16:30,-0.136835067,-1.61E-05
6/9/2022 16:45,0.017221397,2.02048E-06
6/9/2022 17:00,-0.24872214,-2.92E-05
6/9/2022 17:15,-0.069665676,-8.17E-06
6/9/2022 17:30,-0.230609212,-2.71E-05
6/9/2022 17:45,-0.011552749,-1.36E-06
6/9/2022 18:00,-0.092496285,-1.09E-05
6/9/2022 18:15,0.271560178,3.18604E-05
6/9/2022 18:30,0.380616642,4.46553E-05
6/9/2022 18:45,0.239673105,2.81193E-05
6/9/2022 19:00,0.183729569,2.15558E-05
6/9/2022 19:15,0.187786033,2.20317E-05
6/9/2022 19:30,0.116842496,1.37084E-05
6/9/2022 19:45,0.35089896,4.11687E-05
6/9/2022 20:00,0.239955423,2.81524E-05
6/9/2022 20:15,0.164011887,1.92425E-05
6/9/2022 20:30,0.203068351,2.38247E-05
6/9/2022 20:45,0.482124814,5.65646E-05
6/9/2022 21:00,0.426181278,5.00011E-05
6/9/2022 21:15,0.835237741,9.79931E-05
6/9/2022 21:30,0.864294205,0.000101402
6/9/2022 21:45,0.778350669,9.13189E-05
6/9/2022 22:00,0.682407132,8.00625E-05
6/9/2022 22:15,0.611463596,7.17391E-05
6/9/2022 22:30,0.465520059,5.46165E-05
6/9/2022 22:45,0.949576523,0.000111408
6/9/2022 23:00,1.343632987,0.00015764
6/9/2022 23:15,0.42268945,4.95914E-05
6/9/2022 23:30,1.046745914,0.000122808
6/9/2022 23:45,0.830802377,9.74727E-05
6/10/2022 0:00,0.719858841,8.44564E-05
6/10/2022 0:15,1.708915305,0.000200496
6/10/2022 0:30,1.012971768,0.000118845
6/10/2022 0:45,0.867028232,0.000101723
6/10/2022 1:00,1.431084695,0.0001679
6/10/2022 1:15,1.360141159,0.000159577
6/10/2022 1:30,1.229197623,0.000144214
6/10/2022 1:45,0.843254086,9.89336E-05
6/10/2022 2:00,1.26231055,0.000148099
6/10/2022 2:15,1.466367013,0.000172039
6/10/2022 2:30,1.885423477,0.000221205
6/10/2022 2:45,1.314479941,0.00015422
6/10/2022 3:00,1.483536404,0.000174054
6/10/2022 3:15,1.347592868,0.000158104
6/10/2022 3:30,2.166649331,0.000254199
6/10/2022 3:45,1.465705795,0.000171962
6/10/2022 4:00,1.414762259,0.000165985
6/10/2022 4:15,2.158818722,0.00025328
6/10/2022 4:30,1.957875186,0.000229705
6/10/2022 4:45,1.811931649,0.000212582
6/10/2022 5:00,1.420988113,0.000166715
6/10/2022 5:15,1.550044577,0.000181857
6/10/2022 5:30,1.53410104,0.000179986
6/10/2022 5:45,1.633157504,0.000191608
6/10/2022 6:00,1.612213967,0.000189151
6/10/2022 6:15,1.451270431,0.000170268
6/10/2022 6:30,1.700326895,0.000199488
6/10/2022 6:45,1.194383358,0.000140129
6/10/2022 7:00,2.908439822,0.000341229
6/10/2022 7:15,2.342496285,0.00027483
6/10/2022 7:30,1.511552749,0.000177341
6/10/2022 7:45,1.735609212,0.000203628
6/10/2022 8:00,1.574665676,0.000184745
6/10/2022 8:15,1.48872214,0.000174662
6/10/2022 8:30,1.847778603,0.000216788
6/10/2022 8:45,2.396835067,0.000281205
6/10/2022 9:00,2.25589153,0.000264669
6/10/2022 9:15,2.634947994,0.000309142
6/10/2022 9:30,2.509004458,0.000294365
6/10/2022 9:45,3.268060921,0.000383421
6/10/2022 10:00,4.567117385,0.000535831
6/10/2022 10:15,5.356173848,0.000628406
6/10/2022 10:30,4.290230312,0.000503345
6/10/2022 10:45,3.379286776,0.00039647
6/10/2022 11:00,2.383343239,0.000279622
6/10/2022 11:15,3.427399703,0.000402115
6/10/2022 11:30,3.001456166,0.000352142
6/10/2022 11:45,3.48551263,0.000408933
6/10/2022 12:00,3.434569094,0.000402956
6/10/2022 12:15,3.588625557,0.00042103
6/10/2022 12:30,3.147682021,0.000369297
6/10/2022 12:45,4.096738484,0.000480644
6/10/2022 13:00,4.775794948,0.000560313
6/10/2022 13:15,5.014851412,0.00058836
6/10/2022 13:30,4.623907875,0.000542493
6/10/2022 13:45,4.032964339,0.000473162
6/10/2022 14:00,5.422020802,0.000636131
6/10/2022 14:15,5.221077266,0.000612556
6/10/2022 14:30,3.85513373,0.000452298
6/10/2022 14:45,3.589190193,0.000421097
6/10/2022 15:00,3.283246657,0.000385202
6/10/2022 15:15,3.72230312,0.000436714
6/10/2022 15:30,5.251359584,0.000616108
6/10/2022 15:45,2.820416048,0.000330901
6/10/2022 16:00,4.254472511,0.00049915
6/10/2022 16:15,2.703528975,0.000317188
6/10/2022 16:30,1.762585438,0.000206793
6/10/2022 16:45,2.486641902,0.000291742
6/10/2022 17:00,4.330698366,0.000508093
6/10/2022 17:15,2.479754829,0.000290934
6/10/2022 17:30,3.478811293,0.000408147
6/10/2022 17:45,2.457867756,0.000288366
6/10/2022 18:00,2.16692422,0.000254231
6/10/2022 18:15,1.450980684,0.000170234
6/10/2022 18:30,1.170037147,0.000137273
6/10/2022 18:45,1.669093611,0.000195824
6/10/2022 19:00,1.863150074,0.000218591
6/10/2022 19:15,1.707206538,0.000200296
6/10/2022 19:30,1.581263001,0.000185519
6/10/2022 19:45,1.955319465,0.000229405
6/10/2022 20:00,3.079375929,0.000361283
6/10/2022 20:15,3.263432392,0.000382878
6/10/2022 20:30,1.737488856,0.000203848
6/10/2022 20:45,3.231545319,0.000379137
6/10/2022 21:00,3.355601783,0.000393691
6/10/2022 21:15,3.814658247,0.000447549
6/10/2022 21:30,3.66371471,0.00042984
6/10/2022 21:45,2.207771174,0.000259024
6/10/2022 22:00,2.556827637,0.000299976
6/10/2022 22:15,2.930884101,0.000343862
6/10/2022 22:30,2.714940565,0.000318527
6/10/2022 22:45,2.928997028,0.00034364
6/10/2022 23:00,3.578053492,0.00041979
6/10/2022 23:15,4.712109955,0.000552842
6/10/2022 23:30,2.976166419,0.000349175
6/10/2022 23:45,3.360222883,0.000394233
6/11/2022 0:00,3.494279346,0.000409961
6/11/2022 0:15,3.71833581,0.000436249
6/11/2022 0:30,4.507392273,0.000528823
6/11/2022 0:45,3.896448737,0.000457145
6/11/2022 1:00,5.230505201,0.000613662
6/11/2022 1:15,5.414561664,0.000635256
6/11/2022 1:30,5.188618128,0.000608747
6/11/2022 1:45,6.707674591,0.000786968
6/11/2022 2:00,6.666731055,0.000782165
6/11/2022 2:15,6.490787519,0.000761522
6/11/2022 2:30,6.244843982,0.000732668
6/11/2022 2:45,6.823900446,0.000800605
6/11/2022 3:00,6.152956909,0.000721887
6/11/2022 3:15,5.407013373,0.00063437
6/11/2022 3:30,4.761069837,0.000558586
6/11/2022 3:45,4.9101263,0.000576074
6/11/2022 4:00,4.424182764,0.000519061
6/11/2022 4:15,4.143239227,0.0004861
6/11/2022 4:30,3.637295691,0.000426741
6/11/2022 4:45,3.141352155,0.000368555
6/11/2022 5:00,5.195408618,0.000609544
6/11/2022 5:15,3.839465082,0.00045046
6/11/2022 5:30,5.403521545,0.000633961
6/11/2022 5:45,5.287578009,0.000620358
6/11/2022 6:00,3.891634473,0.000456581
6/11/2022 6:15,5.165690936,0.000606057
6/11/2022 6:30,5.2747474,0.000618852
6/11/2022 6:45,5.083803863,0.00059645
6/11/2022 7:00,6.787860327,0.000796376
6/11/2022 7:15,5.65691679,0.00066369
6/11/2022 7:30,7.195973254,0.000844257
6/11/2022 7:45,4.950029718,0.000580755
6/11/2022 8:00,6.774086181,0.00079476
6/11/2022 8:15,4.998142645,0.0005864
6/11/2022 8:30,8.302199108,0.000974044
6/11/2022 8:45,6.011255572,0.000705262
6/11/2022 9:00,7.050312036,0.000827168
6/11/2022 9:15,8.719368499,0.001022988
6/11/2022 9:30,8.138424963,0.000954829
6/11/2022 9:45,10.28748143,0.001206964
6/11/2022 10:00,12.32653789,0.001446194
6/11/2022 10:15,12.61559435,0.001480107
6/11/2022 10:30,11.58965082,0.001359739
6/11/2022 10:45,12.18370728,0.001429436
6/11/2022 11:00,16.40776374,0.001925018
6/11/2022 11:15,13.45682021,0.001578802
6/11/2022 11:30,13.44587667,0.001577519
6/11/2022 11:45,15.02993314,0.001763366
6/11/2022 12:00,10.9939896,0.001289854
6/11/2022 12:15,12.59304606,0.001477461
6/11/2022 12:30,11.42210253,0.001340082
6/11/2022 12:45,10.87115899,0.001275443
6/11/2022 13:00,8.240215453,0.000966772
6/11/2022 13:15,11.35427192,0.001332124
6/11/2022 13:30,8.25832838,0.000968897
6/11/2022 13:45,9.562384844,0.001121893
6/11/2022 14:00,9.916441308,0.001163433
6/11/2022 14:15,8.305497771,0.000974431
6/11/2022 14:30,6.379554235,0.000748472
6/11/2022 14:45,6.338610698,0.000743669
6/11/2022 15:00,6.032667162,0.000707774
6/11/2022 15:15,6.021723626,0.00070649
6/11/2022 15:30,6.970780089,0.000817837
6/11/2022 15:45,6.344836553,0.000744399
6/11/2022 16:00,7.413893016,0.000869825
6/11/2022 16:15,7.44794948,0.00087382
6/11/2022 16:30,8.332005944,0.000977541
6/11/2022 16:45,7.556062407,0.000886504
6/11/2022 17:00,6.375118871,0.000747952
6/11/2022 17:15,8.314175334,0.000975449
6/11/2022 17:30,7.038231798,0.000825751
6/11/2022 17:45,5.737288262,0.000673119
6/11/2022 18:00,5.211344725,0.000611414
6/11/2022 18:15,5.490401189,0.000644154
6/11/2022 18:30,6.174457652,0.00072441
6/11/2022 18:45,5.148514116,0.000604042
6/11/2022 19:00,4.192570579,0.000491887
6/11/2022 19:15,4.891627043,0.000573903
6/11/2022 19:30,4.855683507,0.000569686
6/11/2022 19:45,4.99973997,0.000586587
6/11/2022 20:00,3.718796434,0.000436303
6/11/2022 20:15,3.892852897,0.000456723
6/11/2022 20:30,3.806909361,0.00044664
6/11/2022 20:45,4.440965825,0.00052103
6/11/2022 21:00,6.330022288,0.000742661
6/11/2022 21:15,6.019078752,0.00070618
6/11/2022 21:30,4.148135215,0.000486674
6/11/2022 21:45,4.887191679,0.000573383
6/11/2022 22:00,4.571248143,0.000536315
6/11/2022 22:15,5.820304606,0.000682859
6/11/2022 22:30,6.29436107,0.000738477
6/11/2022 22:45,6.623417533,0.000777083
6/11/2022 23:00,6.212473997,0.00072887
6/11/2022 23:15,8.071530461,0.000946981
6/11/2022 23:30,5.805586924,0.000681132
6/11/2022 23:45,5.744643388,0.000673982
6/12/2022 0:00,6.613699851,0.000775943
6/12/2022 0:15,7.032756315,0.000825108
6/12/2022 0:30,8.701812779,0.001020928
6/12/2022 0:45,7.150869242,0.000838966
6/12/2022 1:00,7.479925706,0.000877572
6/12/2022 1:15,5.778982169,0.000678011
6/12/2022 1:30,6.238038633,0.000731869
6/12/2022 1:45,7.272095097,0.000853188
6/12/2022 2:00,6.43115156,0.000754526
6/12/2022 2:15,7.670208024,0.000899896
6/12/2022 2:30,7.099264487,0.000832911
6/12/2022 2:45,6.603320951,0.000774725
6/12/2022 3:00,8.412377415,0.00098697
6/12/2022 3:15,7.626433878,0.000894761
6/12/2022 3:30,10.29049034,0.001207317
6/12/2022 3:45,9.154546805,0.001074044
6/12/2022 4:00,7.938603269,0.000931385
6/12/2022 4:15,8.122659733,0.00095298
6/12/2022 4:30,10.2667162,0.001204528
6/12/2022 4:45,9.33077266,0.00109472
6/12/2022 5:00,7.669829123,0.000899852
6/12/2022 5:15,9.343885587,0.001096258
6/12/2022 5:30,10.21794205,0.001198806
6/12/2022 5:45,11.27699851,0.001323058
6/12/2022 6:00,10.11105498,0.001186265
6/12/2022 6:15,8.635111441,0.001013102
6/12/2022 6:30,7.699167905,0.000903294
6/12/2022 6:45,10.39822437,0.001219957
6/12/2022 7:00,9.632280832,0.001130094
6/12/2022 7:15,9.156337296,0.001074254
6/12/2022 7:30,8.910393759,0.001045399
6/12/2022 7:45,10.07445022,0.001181971
6/12/2022 8:00,10.84850669,0.001272786
6/12/2022 8:15,10.58756315,0.001242171
6/12/2022 8:30,14.15661961,0.001660905
6/12/2022 8:45,9.880676077,0.001159236
6/12/2022 9:00,10.61973254,0.001245945
6/12/2022 9:15,12.718789,0.001492214
6/12/2022 9:30,16.09784547,0.001888657
6/12/2022 9:45,18.87190193,0.002214119
6/12/2022 10:00,18.9009584,0.002217528
6/12/2022 10:15,17.33001486,0.00203322
6/12/2022 10:30,18.43407132,0.002162751
6/12/2022 10:45,18.36312779,0.002154428
6/12/2022 11:00,16.66718425,0.001955454
6/12/2022 11:15,15.94624071,0.00187087
6/12/2022 11:30,21.87529718,0.002566488
6/12/2022 11:45,19.37935364,0.002273655
6/12/2022 12:00,17.9384101,0.002104599
6/12/2022 12:15,18.58746657,0.002180748
6/12/2022 12:30,18.96152303,0.002224634
6/12/2022 12:45,22.24557949,0.002609931
6/12/2022 13:00,21.44463596,0.002515962
6/12/2022 13:15,21.15369242,0.002481827
6/12/2022 13:30,20.46774889,0.00240135
6/12/2022 13:45,20.90680535,0.002452861
6/12/2022 14:00,21.58586181,0.002532531
6/12/2022 14:15,19.07991828,0.002238525
6/12/2022 14:30,17.86397474,0.002095866
6/12/2022 14:45,14.1280312,0.001657551
6/12/2022 15:00,15.85708767,0.00186041
6/12/2022 15:15,17.87614413,0.002097293
6/12/2022 15:30,10.37020059,0.001216669
6/12/2022 15:45,13.38425706,0.001570289
6/12/2022 16:00,10.38331352,0.001218208
6/12/2022 16:15,11.96736999,0.001404055
6/12/2022 16:30,10.11142645,0.001186309
6/12/2022 16:45,10.45548291,0.001226675
6/12/2022 17:00,11.39953938,0.001337435
6/12/2022 17:15,8.92859584,0.001047535
6/12/2022 17:30,8.497652303,0.000996975
6/12/2022 17:45,8.671708767,0.001017396
6/12/2022 18:00,8.96576523,0.001051896
6/12/2022 18:15,7.864821694,0.000922729
6/12/2022 18:30,9.163878158,0.001075139
6/12/2022 18:45,8.617934621,0.001011087
6/12/2022 19:00,7.866991085,0.000922984
6/12/2022 19:15,7.106047548,0.000833707
6/12/2022 19:30,7.150104012,0.000838876
6/12/2022 19:45,7.394160475,0.000867509
6/12/2022 20:00,5.073216939,0.000595208
6/12/2022 20:15,6.582273403,0.000772256
6/12/2022 20:30,5.691329866,0.000667727
6/12/2022 20:45,4.41038633,0.000517442
6/12/2022 21:00,5.389442793,0.000632309
6/12/2022 21:15,4.723499257,0.000554178
6/12/2022 21:30,5.227555721,0.000613316
6/12/2022 21:45,4.936612184,0.000579181
6/12/2022 22:00,5.420668648,0.000635972
6/12/2022 22:15,5.274725111,0.00061885
6/12/2022 22:30,3.888781575,0.000456246
6/12/2022 22:45,4.667838039,0.000547648
6/12/2022 23:00,4.521894502,0.000530525
6/12/2022 23:15,4.345950966,0.000509883
6/12/2022 23:30,4.260007429,0.000499799
6/12/2022 23:45,4.264063893,0.000500275
6/13/2022 0:00,4.513120357,0.000529495
6/13/2022 0:15,4.28217682,0.0005024
6/13/2022 0:30,2.856233284,0.000335104
6/13/2022 0:45,3.605289747,0.000422986
6/13/2022 1:00,3.669346211,0.000430501
6/13/2022 1:15,2.948402675,0.000345917
6/13/2022 1:30,3.367459138,0.000395082
6/13/2022 1:45,3.351515602,0.000393212
6/13/2022 2:00,3.325572065,0.000390168
6/13/2022 2:15,4.339628529,0.000509141
6/13/2022 2:30,3.033684993,0.000355923
6/13/2022 2:45,3.077741456,0.000361092
6/13/2022 3:00,2.78179792,0.000326371
6/13/2022 3:15,2.685854383,0.000315114
6/13/2022 3:30,3.349910847,0.000393024
6/13/2022 3:45,3.418967311,0.000401126
6/13/2022 4:00,2.538023774,0.00029777
6/13/2022 4:15,2.867080238,0.000336376
6/13/2022 4:30,3.041136701,0.000356797
6/13/2022 4:45,2.730193165,0.000320316
6/13/2022 5:00,3.424249629,0.000401745
6/13/2022 5:15,3.778306092,0.000443284
6/13/2022 5:30,2.827362556,0.000331716
6/13/2022 5:45,3.111419019,0.000365043
6/13/2022 6:00,3.815475483,0.000447645
6/13/2022 6:15,3.589531947,0.000421137
6/13/2022 6:30,3.19858841,0.00037527
6/13/2022 6:45,3.082644874,0.000361667
6/13/2022 7:00,3.611701337,0.000423738
6/13/2022 7:15,3.720757801,0.000436533
6/13/2022 7:30,3.419814264,0.000401225
6/13/2022 7:45,2.908870728,0.000341279
6/13/2022 8:00,2.982927192,0.000349968
6/13/2022 8:15,2.991983655,0.00035103
6/13/2022 8:30,4.136040119,0.000485255
6/13/2022 8:45,4.325096582,0.000507436
6/13/2022 9:00,4.054153046,0.000475648
6/13/2022 9:15,3.31820951,0.000389304
6/13/2022 9:30,3.307265973,0.00038802
6/13/2022 9:45,3.301322437,0.000387323
6/13/2022 10:00,4.4303789,0.000519788
6/13/2022 10:15,4.934435364,0.000578926
6/13/2022 10:30,3.713491828,0.00043568
6/13/2022 10:45,2.872548291,0.000337018
6/13/2022 11:00,3.496604755,0.000410234
6/13/2022 11:15,4.310661218,0.000505742
6/13/2022 11:30,3.859717682,0.000452836
6/13/2022 11:45,3.283774146,0.000385264
6/13/2022 12:00,4.082830609,0.000479012
6/13/2022 12:15,3.641887073,0.000427279
6/13/2022 12:30,3.660943536,0.000429515
6/13/2022 12:45,4.475,0.000525023
6/13/2022 13:00,3.849056464,0.000451585
6/13/2022 13:15,4.383112927,0.000514243
6/13/2022 13:30,4.137169391,0.000485388
6/13/2022 13:45,4.536225854,0.000532206
6/13/2022 14:00,4.075282318,0.000478127
6/13/2022 14:15,3.724338782,0.000436953
6/13/2022 14:30,3.908395245,0.000458547
6/13/2022 14:45,2.842451709,0.000333487
6/13/2022 15:00,2.276508172,0.000267088
6/13/2022 15:15,1.650564636,0.00019365
6/13/2022 15:30,1.7446211,0.000204685
6/13/2022 15:45,1.863677563,0.000218653
6/13/2022 16:00,2.437734027,0.000286004
6/13/2022 16:15,2.15679049,0.000253042
6/13/2022 16:30,1.980846954,0.0002324
6/13/2022 16:45,2.489903418,0.000292124
6/13/2022 17:00,2.048959881,0.000240391
6/13/2022 17:15,2.363016345,0.000277238
6/13/2022 17:30,2.032072808,0.00023841
6/13/2022 17:45,2.066129272,0.000242406
6/13/2022 18:00,1.830185736,0.000214724
6/13/2022 18:15,1.639242199,0.000192322
6/13/2022 18:30,1.718298663,0.000201597
6/13/2022 18:45,2.042355126,0.000239616
6/13/2022 19:00,1.36641159,0.000160312
6/13/2022 19:15,1.255468053,0.000147296
6/13/2022 19:30,1.529524517,0.000179449
6/13/2022 19:45,1.648580981,0.000193417
6/13/2022 20:00,1.187637444,0.000139338
6/13/2022 20:15,0.856693908,0.00010051
6/13/2022 20:30,0.635750371,7.45885E-05
6/13/2022 20:45,0.689806835,8.09306E-05
6/13/2022 21:00,0.963863299,0.000113084
6/13/2022 21:15,0.327919762,3.84727E-05
6/13/2022 21:30,0.566976226,6.65197E-05
6/13/2022 21:45,0.516032689,6.05428E-05
6/13/2022 22:00,0.510089153,5.98455E-05
6/13/2022 22:15,0.509145617,5.97348E-05
6/13/2022 22:30,0.43820208,5.14114E-05
6/13/2022 22:45,0.252258544,2.95959E-05
6/13/2022 23:00,0.396315007,4.64971E-05
6/13/2022 23:15,0.735371471,8.62764E-05
6/13/2022 23:30,0.374427935,4.39292E-05
6/13/2022 23:45,0.538484398,6.31769E-05
6/14/2022 0:00,0.387540862,4.54677E-05
6/14/2022 0:15,0.816597325,9.58061E-05
6/14/2022 0:30,0.610653789,7.16441E-05
6/14/2022 0:45,0.844710253,9.91044E-05
6/14/2022 1:00,0.858766716,0.000100754
6/14/2022 1:15,0.70282318,8.24577E-05
6/14/2022 1:30,0.641879643,7.53076E-05
6/14/2022 1:45,0.525936107,6.17047E-05
6/14/2022 2:00,0.784992571,9.20981E-05
6/14/2022 2:15,0.799049034,9.37473E-05
6/14/2022 2:30,0.743105498,8.71838E-05
6/14/2022 2:45,0.897161961,0.000105258
6/14/2022 3:00,1.381218425,0.00016205
6/14/2022 3:15,0.975274889,0.000114423
6/14/2022 3:30,0.869331352,0.000101993
6/14/2022 3:45,1.158387816,0.000135906
6/14/2022 4:00,0.717444279,8.41731E-05
6/14/2022 4:15,0.896500743,0.000105181
6/14/2022 4:30,0.975557207,0.000114456
6/14/2022 4:45,1.04961367,0.000123144
6/14/2022 5:00,0.908670134,0.000106608
6/14/2022 5:15,1.357726597,0.000159293
6/14/2022 5:30,1.181783061,0.000138651
6/14/2022 5:45,1.305839525,0.000153206
6/14/2022 6:00,1.299895988,0.000152508
6/14/2022 6:15,1.308952452,0.000153571
6/14/2022 6:30,1.278008915,0.000149941
6/14/2022 6:45,0.927065379,0.000108767
6/14/2022 7:00,1.421121842,0.000166731
6/14/2022 7:15,1.220178306,0.000143156
6/14/2022 7:30,1.21423477,0.000142458
6/14/2022 7:45,1.153291233,0.000135308
6/14/2022 8:00,1.052347697,0.000123465
6/14/2022 8:15,1.42640416,0.000167351
6/14/2022 8:30,1.690460624,0.000198331
6/14/2022 8:45,1.819517088,0.000213472
6/14/2022 9:00,1.698573551,0.000199283
6/14/2022 9:15,0.937630015,0.000110006
6/14/2022 9:30,0.886686478,0.000104029
6/14/2022 9:45,0.825742942,9.68791E-05
6/14/2022 10:00,1.219799406,0.000143111
6/14/2022 10:15,1.333855869,0.000156493
6/14/2022 10:30,1.982912333,0.000232642
6/14/2022 10:45,1.516968796,0.000177976
6/14/2022 11:00,1.24102526,0.000145602
6/14/2022 11:15,1.545081724,0.000181275
6/14/2022 11:30,1.629138187,0.000191136
6/14/2022 11:45,2.328194651,0.000273152
6/14/2022 12:00,2.282251114,0.000267762
6/14/2022 12:15,2.341307578,0.000274691
6/14/2022 12:30,1.690364042,0.00019832
6/14/2022 12:45,1.799420505,0.000211114
6/14/2022 13:00,2.063476969,0.000242095
6/14/2022 13:15,2.012533432,0.000236118
6/14/2022 13:30,2.581589896,0.000302881
6/14/2022 13:45,2.08064636,0.000244109
6/14/2022 14:00,1.619702823,0.000190029
6/14/2022 14:15,1.828759287,0.000214557
6/14/2022 14:30,2.63781575,0.000309478
6/14/2022 14:45,1.741872214,0.000204363
6/14/2022 15:00,1.570928678,0.000184307
6/14/2022 15:15,1.519985141,0.00017833
6/14/2022 15:30,1.219041605,0.000143022
6/14/2022 15:45,2.518098068,0.000295432
6/14/2022 16:00,2.772154532,0.000325239
6/14/2022 16:15,0.931210996,0.000109253
6/14/2022 16:30,1.045267459,0.000122635
6/14/2022 16:45,1.234323923,0.000144815
6/14/2022 17:00,0.483380386,5.67119E-05
6/14/2022 17:15,0.70243685,8.24124E-05
6/14/2022 17:30,0.476493314,5.59039E-05
6/14/2022 17:45,0.535549777,6.28326E-05
6/14/2022 18:00,0.149606241,1.75523E-05
6/14/2022 18:15,0.163662704,1.92015E-05
6/14/2022 18:30,0.332719168,3.90358E-05
6/14/2022 18:45,0.136775632,1.6047E-05
6/14/2022 19:00,0.020832095,2.4441E-06
6/14/2022 19:15,0.279888559,3.28375E-05
6/14/2022 19:30,0.303945022,3.56599E-05
6/14/2022 19:45,0.048001486,5.63171E-06
6/14/2022 20:00,0.497057949,5.83166E-05
6/14/2022 20:15,0.441114413,5.17531E-05
6/14/2022 20:30,0.460170877,5.39889E-05
6/14/2022 20:45,0.48422734,5.68113E-05
6/14/2022 21:00,0.298283804,3.49957E-05
6/14/2022 21:15,0.762340267,8.94405E-05
6/14/2022 21:30,0.841396731,9.87157E-05
6/14/2022 21:45,0.460453195,5.4022E-05
6/14/2022 22:00,0.824509658,9.67344E-05
6/14/2022 22:15,0.688566122,8.0785E-05
6/14/2022 22:30,0.777622585,9.12335E-05
6/14/2022 22:45,0.391679049,4.59532E-05
6/14/2022 23:00,0.535735513,6.28544E-05
6/14/2022 23:15,0.979791976,0.000114953
6/14/2022 23:30,1.16884844,0.000137133
6/14/2022 23:45,0.947904903,0.000111212
6/15/2022 0:00,1.031961367,0.000121073
6/15/2022 0:15,1.061017831,0.000124482
6/15/2022 0:30,0.860074294,0.000100907
6/15/2022 0:45,1.174130758,0.000137753
6/15/2022 1:00,1.628187221,0.000191025
6/15/2022 1:15,0.977243685,0.000114654
6/15/2022 1:30,1.276300149,0.00014974
6/15/2022 1:45,1.480356612,0.000173681
6/15/2022 2:00,1.264413076,0.000148345
6/15/2022 2:15,1.048469539,0.00012301
6/15/2022 2:30,1.667526003,0.00019564
6/15/2022 2:45,0.956582467,0.00011223
6/15/2022 3:00,1.39063893,0.000163155
6/15/2022 3:15,1.489695394,0.000174776
6/15/2022 3:30,1.048751857,0.000123043
6/15/2022 3:45,1.187808321,0.000139358
6/15/2022 4:00,1.681864785,0.000197322
6/15/2022 4:15,1.625921248,0.000190759
6/15/2022 4:30,1.449977712,0.000170117
6/15/2022 4:45,1.674034175,0.000196404
6/15/2022 5:00,1.263090639,0.00014819
6/15/2022 5:15,1.572147103,0.00018445
6/15/2022 5:30,1.571203566,0.000184339
6/15/2022 5:45,1.37526003,0.00016135
6/15/2022 6:00,1.409316493,0.000165346
6/15/2022 6:15,1.188372957,0.000139424
6/15/2022 6:30,1.417429421,0.000166298
6/15/2022 6:45,1.076485884,0.000126297
6/15/2022 7:00,0.945542348,0.000110934
6/15/2022 7:15,1.509598811,0.000177112
6/15/2022 7:30,1.513655275,0.000177587
6/15/2022 7:45,1.437711738,0.000168678
6/15/2022 8:00,1.351768202,0.000158594
6/15/2022 8:15,1.135824666,0.000133259
6/15/2022 8:30,2.059881129,0.000241673
6/15/2022 8:45,2.863937593,0.000336007
6/15/2022 9:00,2.032994056,0.000238518
6/15/2022 9:15,2.31205052,0.000271258
6/15/2022 9:30,2.231106984,0.000261761
6/15/2022 9:45,2.855163447,0.000334978
6/15/2022 10:00,2.744219911,0.000321962
6/15/2022 10:15,3.298276374,0.000386966
6/15/2022 10:30,3.292332838,0.000386268
6/15/2022 10:45,3.191389302,0.000374425
6/15/2022 11:00,3.045445765,0.000357303
6/15/2022 11:15,2.594502229,0.000304396
6/15/2022 11:30,2.788558692,0.000327164
6/15/2022 11:45,3.312615156,0.000388648
6/15/2022 12:00,3.27167162,0.000383844
6/15/2022 12:15,3.380728083,0.000396639
6/15/2022 12:30,2.549784547,0.00029915
6/15/2022 12:45,3.42884101,0.000402284
6/15/2022 13:00,4.307897474,0.000505418
6/15/2022 13:15,2.596953938,0.000304684
6/15/2022 13:30,4.591010401,0.000538634
6/15/2022 13:45,4.390066865,0.000515058
6/15/2022 14:00,3.889123328,0.000456286
6/15/2022 14:15,3.473179792,0.000407486
6/15/2022 14:30,3.837236256,0.000450198
6/15/2022 14:45,2.386292719,0.000279968
6/15/2022 15:00,2.525349183,0.000296283
6/15/2022 15:15,2.604405646,0.000305558
6/15/2022 15:30,1.72846211,0.000202789
6/15/2022 15:45,2.552518574,0.000299471
6/15/2022 16:00,1.781575037,0.000209021
6/15/2022 16:15,1.320631501,0.000154941
6/15/2022 16:30,1.329687964,0.000156004
6/15/2022 16:45,0.983744428,0.000115416
6/15/2022 17:00,1.082800892,0.000127038
6/15/2022 17:15,0.806857355,9.46634E-05
6/15/2022 17:30,-0.364086181,-4.27E-05
6/15/2022 17:45,-0.195029718,-2.29E-05
6/15/2022 18:00,-0.495973254,-5.82E-05
6/15/2022 18:15,0.03308321,3.88144E-06
6/15/2022 18:30,-0.577860327,-6.78E-05
6/15/2022 18:45,-0.528803863,-6.20E-05
6/15/2022 19:00,-0.7147474,-8.39E-05
6/15/2022 19:15,-0.625690936,-7.34E-05
6/15/2022 19:30,-0.451634473,-5.30E-05
6/15/2022 19:45,-0.732578009,-8.59E-05
6/15/2022 20:00,-0.543521545,-6.38E-05
6/15/2022 20:15,-0.689465082,-8.09E-05
6/15/2022 20:30,-0.530408618,-6.22E-05
6/15/2022 20:45,-0.676352155,-7.94E-05
6/15/2022 21:00,-0.827295691,-9.71E-05
6/15/2022 21:15,-0.328239227,-3.85E-05
6/15/2022 21:30,-0.529182764,-6.21E-05
6/15/2022 21:45,-0.0251263,-2.95E-06
6/15/2022 22:00,-0.561069837,-6.58E-05
6/15/2022 22:15,-0.327013373,-3.84E-05
6/15/2022 22:30,-0.332956909,-3.91E-05
6/15/2022 22:45,-0.093900446,-1.10E-05
6/15/2022 23:00,-0.409843982,-4.81E-05
6/15/2022 23:15,-0.540787519,-6.34E-05
6/15/2022 23:30,-0.681731055,-8.00E-05
6/15/2022 23:45,-0.657674591,-7.72E-05
6/16/2022 0:00,-0.178618128,-2.10E-05
6/16/2022 0:15,-0.754561664,-8.85E-05
6/16/2022 0:30,-0.415505201,-4.87E-05
6/16/2022 0:45,-0.591448737,-6.94E-05
6/16/2022 1:00,-0.552392273,-6.48E-05
6/16/2022 1:15,-0.89833581,-0.000105396
6/16/2022 1:30,-0.274279346,-3.22E-05
6/16/2022 1:45,-0.165222883,-1.94E-05
6/16/2022 2:00,-0.436166419,-5.12E-05
6/16/2022 2:15,0.317890045,3.7296E-05
6/16/2022 2:30,-0.083053492,-9.74E-06
6/16/2022 2:45,0.146002972,1.71296E-05
6/16/2022 3:00,0.145059435,1.70189E-05
6/16/2022 3:15,-0.280884101,-3.30E-05
6/16/2022 3:30,-0.061827637,-7.25E-06
6/16/2022 3:45,-0.422771174,-4.96E-05
6/16/2022 4:00,0.09628529,1.12965E-05
6/16/2022 4:15,-0.114658247,-1.35E-05
6/16/2022 4:30,-0.300601783,-3.53E-05
6/16/2022 4:45,0.418454681,4.90946E-05
6/16/2022 5:00,-0.137488856,-1.61E-05
6/16/2022 5:15,-0.188432392,-2.21E-05
6/16/2022 5:30,-0.374375929,-4.39E-05
6/16/2022 5:45,0.399680535,4.6892E-05
6/16/2022 6:00,0.233736999,2.74229E-05
6/16/2022 6:15,-0.202206538,-2.37E-05
6/16/2022 6:30,0.431849926,5.06662E-05
6/16/2022 6:45,0.305906389,3.589E-05
6/16/2022 7:00,0.139962853,1.64209E-05
6/16/2022 7:15,-0.200980684,-2.36E-05
6/16/2022 7:30,-0.05192422,-6.09E-06
6/16/2022 7:45,0.072132244,8.46281E-06
6/16/2022 8:00,0.056188707,6.59226E-06
6/16/2022 8:15,0.050245171,5.89494E-06
6/16/2022 8:30,0.599301634,7.03122E-05
6/16/2022 8:45,0.568358098,6.66818E-05
6/16/2022 9:00,1.007414562,0.000118193
6/16/2022 9:15,2.166471025,0.000254178
6/16/2022 9:30,2.445527489,0.000286918
6/16/2022 9:45,1.329583952,0.000155992
6/16/2022 10:00,1.618640416,0.000189905
6/16/2022 10:15,1.45269688,0.000170436
6/16/2022 10:30,2.886753343,0.000338684
6/16/2022 10:45,2.370809807,0.000278152
6/16/2022 11:00,1.96486627,0.000230525
6/16/2022 11:15,1.718922734,0.00020167
6/16/2022 11:30,2.277979198,0.000267261
6/16/2022 11:45,2.337035661,0.000274189
6/16/2022 12:00,0.671092125,7.87349E-05
6/16/2022 12:15,1.875148588,0.000219999
6/16/2022 12:30,1.054205052,0.000123683
6/16/2022 12:45,0.708261516,8.30958E-05
6/16/2022 13:00,1.397317979,0.000163938
6/16/2022 13:15,1.401374443,0.000164414
6/16/2022 13:30,1.305430906,0.000153158
6/16/2022 13:45,0.80948737,9.4972E-05
6/16/2022 14:00,0.073543834,8.62843E-06
6/16/2022 14:15,0.732600297,8.59513E-05
6/16/2022 14:30,0.431656761,5.06435E-05
6/16/2022 14:45,0.430713224,5.05328E-05
6/16/2022 15:00,0.549769688,6.4501E-05
6/16/2022 15:15,0.138826152,1.62876E-05
6/16/2022 15:30,1.197882615,0.00014054
6/16/2022 15:45,0.781939079,9.17399E-05
6/16/2022 16:00,1.200995542,0.000140905
6/16/2022 16:15,0.795052006,9.32784E-05
6/16/2022 16:30,0.42410847,4.97579E-05
6/16/2022 16:45,0.098164933,1.15171E-05
6/16/2022 17:00,0.427221397,5.01231E-05
6/16/2022 17:15,-0.55372214,-6.50E-05
6/16/2022 17:30,-0.674665676,-7.92E-05
6/16/2022 17:45,-0.285609212,-3.35E-05
6/16/2022 18:00,-0.536552749,-6.30E-05
6/16/2022 18:15,-0.342496285,-4.02E-05
6/16/2022 18:30,-0.023439822,-2.75E-06
6/16/2022 18:45,-0.184383358,-2.16E-05
6/16/2022 19:00,-0.015326895,-1.80E-06
6/16/2022 19:15,1.048729569,0.000123041
6/16/2022 19:30,1.022786033,0.000119997
6/16/2022 19:45,-0.063157504,-7.41E-06
6/16/2022 20:00,0.05089896,5.97165E-06
6/16/2022 20:15,0.099955423,1.17271E-05
6/16/2022 20:30,-0.320988113,-3.77E-05
6/16/2022 20:45,-0.271931649,-3.19E-05
6/16/2022 21:00,0.157124814,1.84344E-05
6/16/2022 21:15,0.496181278,5.82138E-05
6/16/2022 21:30,0.235237741,2.75989E-05
6/16/2022 21:45,-0.430705795,-5.05E-05
6/16/2022 22:00,0.123350669,1.44719E-05
6/16/2022 22:15,0.422407132,4.95583E-05
6/16/2022 22:30,0.906463596,0.00010635
6/16/2022 22:45,0.460520059,5.40299E-05
6/16/2022 23:00,0.844576523,9.90888E-05
6/16/2022 23:15,0.173632987,2.03712E-05
6/16/2022 23:30,-0.04731055,-5.55E-06
6/16/2022 23:45,0.136745914,1.60435E-05
6/17/2022 0:00,-0.009197623,-1.08E-06
6/17/2022 0:15,-0.310141159,-3.64E-05
6/17/2022 0:30,-0.061084695,-7.17E-06
6/17/2022 0:45,-0.027028232,-3.17E-06
6/17/2022 1:00,0.122028232,1.43168E-05
6/17/2022 1:15,0.131084695,1.53793E-05
6/17/2022 1:30,0.600141159,7.04107E-05
6/17/2022 1:45,0.284197623,3.33431E-05
6/17/2022 2:00,0.643254086,7.54689E-05
6/17/2022 2:15,-0.25768945,-3.02E-05
6/17/2022 2:30,0.256367013,3.00779E-05
6/17/2022 2:45,-0.234576523,-2.75E-05
6/17/2022 3:00,0.164479941,1.92974E-05
6/17/2022 3:15,0.383536404,4.49979E-05
6/17/2022 3:30,0.012592868,1.47744E-06
6/17/2022 3:45,1.231649331,0.000144502
6/17/2022 4:00,0.665705795,7.8103E-05
6/17/2022 4:15,-0.095237741,-1.12E-05
6/17/2022 4:30,0.118818722,1.39402E-05
6/17/2022 4:45,0.782875186,9.18497E-05
6/17/2022 5:00,0.461931649,5.41955E-05
6/17/2022 5:15,0.210988113,2.47539E-05
6/17/2022 5:30,-0.174955423,-2.05E-05
6/17/2022 5:45,-0.02589896,-3.04E-06
6/17/2022 6:00,-0.151842496,-1.78E-05
6/17/2022 6:15,0.157213967,1.84449E-05
6/17/2022 6:30,-0.018729569,-2.20E-06
6/17/2022 6:45,0.200326895,2.35031E-05
6/17/2022 7:00,0.299383358,3.51247E-05
6/17/2022 7:15,0.018439822,2.16343E-06
6/17/2022 7:30,0.112496285,1.31985E-05
6/17/2022 7:45,0.471552749,5.53243E-05
6/17/2022 8:00,0.325609212,3.82016E-05
6/17/2022 8:15,0.059665676,7.00019E-06
6/17/2022 8:30,0.69372214,8.139E-05
6/17/2022 8:45,0.557778603,6.54406E-05
6/17/2022 9:00,1.726835067,0.000202598
6/17/2022 9:15,1.68089153,0.000197208
6/17/2022 9:30,1.254947994,0.000147235
6/17/2022 9:45,0.694004458,8.14231E-05
6/17/2022 10:00,1.418060921,0.000166372
6/17/2022 10:15,1.627117385,0.000190899
6/17/2022 10:30,2.281173848,0.000267636
6/17/2022 10:45,2.995230312,0.000351411
6/17/2022 11:00,3.144286776,0.000368899
6/17/2022 11:15,2.883343239,0.000338284
6/17/2022 11:30,1.592399703,0.000186826
6/17/2022 11:45,0.806456166,9.46163E-05
6/17/2022 12:00,1.22551263,0.000143782
6/17/2022 12:15,1.889569094,0.000221691
6/17/2022 12:30,1.398625557,0.000164092
6/17/2022 12:45,0.217682021,2.55392E-05
6/17/2022 13:00,0.531738484,6.23855E-05
6/17/2022 13:15,0.915794948,0.000107444
6/17/2022 13:30,1.174851412,0.000137838
6/17/2022 13:45,1.293907875,0.000151806
6/17/2022 14:00,-0.057035661,-6.69E-06
6/17/2022 14:15,-0.202979198,-2.38E-05
6/17/2022 14:30,0.861077266,0.000101025
6/17/2022 14:45,0.70513373,8.27288E-05
6/17/2022 15:00,0.239190193,2.80627E-05
6/17/2022 15:15,-0.296753343,-3.48E-05
6/17/2022 15:30,-0.18269688,-2.14E-05
6/17/2022 15:45,-0.528640416,-6.20E-05
6/17/2022 16:00,0.795416048,9.33211E-05
6/17/2022 16:15,-0.255527489,-3.00E-05
6/17/2022 16:30,0.503528975,5.90758E-05
6/17/2022 16:45,-0.092414562,-1.08E-05
6/17/2022 17:00,-0.273358098,-3.21E-05
6/17/2022 17:15,-0.539301634,-6.33E-05
6/17/2022 17:30,-0.510245171,-5.99E-05
6/17/2022 17:45,-0.356188707,-4.18E-05
6/17/2022 18:00,-0.287132244,-3.37E-05
6/17/2022 18:15,0.02692422,3.15885E-06
6/17/2022 18:30,-0.679019316,-7.97E-05
6/17/2022 18:45,-0.329962853,-3.87E-05
6/17/2022 19:00,-0.000906389,-1.06E-07
6/17/2022 19:15,-0.021849926,-2.56E-06
6/17/2022 19:30,-0.132793462,-1.56E-05
6/17/2022 19:45,0.101263001,1.18805E-05
6/17/2022 20:00,-0.304680535,-3.57E-05
6/17/2022 20:15,-0.065624071,-7.70E-06
6/17/2022 20:30,-0.096567608,-1.13E-05
6/17/2022 20:45,-0.002511144,-2.95E-07
6/17/2022 21:00,-0.333454681,-3.91E-05
6/17/2022 21:15,0.145601783,1.70825E-05
6/17/2022 21:30,-0.200341753,-2.35E-05
6/17/2022 21:45,-0.03128529,-3.67E-06
6/17/2022 22:00,-0.157228826,-1.84E-05
6/17/2022 22:15,0.021827637,2.5609E-06
6/17/2022 22:30,0.065884101,7.72976E-06
6/17/2022 22:45,0.444940565,5.2202E-05
6/17/2022 23:00,-0.061002972,-7.16E-06
6/17/2022 23:15,0.113053492,1.32638E-05
6/17/2022 23:30,0.077109955,9.04682E-06
6/17/2022 23:45,0.261166419,3.0641E-05
6/18/2022 0:00,0.480222883,5.63415E-05
6/18/2022 0:15,0.589279346,6.91364E-05
6/18/2022 0:30,0.21833581,2.56159E-05
6/18/2022 0:45,0.182392273,2.13989E-05
6/18/2022 1:00,0.176448737,2.07016E-05
6/18/2022 1:15,0.780505201,9.15717E-05
6/18/2022 1:30,0.519561664,6.09568E-05
6/18/2022 1:45,0.238618128,2.79955E-05
6/18/2022 2:00,0.592674591,6.95347E-05
6/18/2022 2:15,-0.133268945,-1.56E-05
6/18/2022 2:30,0.550787519,6.46204E-05
6/18/2022 2:45,0.544843982,6.39231E-05
6/18/2022 3:00,0.348900446,4.09343E-05
6/18/2022 3:15,0.327956909,3.84771E-05
6/18/2022 3:30,1.352013373,0.000158623
6/18/2022 3:45,0.401069837,4.7055E-05
6/18/2022 4:00,0.5801263,6.80625E-05
6/18/2022 4:15,0.934182764,0.000109602
6/18/2022 4:30,1.138239227,0.000133542
6/18/2022 4:45,0.772295691,9.06085E-05
6/18/2022 5:00,0.631352155,7.40725E-05
6/18/2022 5:15,0.750408618,8.80406E-05
6/18/2022 5:30,0.679465082,7.97173E-05
6/18/2022 5:45,0.473521545,5.55552E-05
6/18/2022 6:00,1.192578009,0.000139918
6/18/2022 6:15,0.836634473,9.8157E-05
6/18/2022 6:30,0.905690936,0.000106259
6/18/2022 6:45,0.5947474,6.97779E-05
6/18/2022 7:00,0.573803863,6.73207E-05
6/18/2022 7:15,0.677860327,7.9529E-05
6/18/2022 7:30,1.13191679,0.000132801
6/18/2022 7:45,0.590973254,6.93351E-05
6/18/2022 8:00,0.630029718,7.39173E-05
6/18/2022 8:15,0.544086181,6.38341E-05
6/18/2022 8:30,0.948142645,0.000111239
6/18/2022 8:45,0.572199108,6.71325E-05
6/18/2022 9:00,1.581255572,0.000185519
6/18/2022 9:15,1.690312036,0.000198313
6/18/2022 9:30,0.794368499,9.31982E-05
6/18/2022 9:45,1.128424963,0.000132391
6/18/2022 10:00,1.057481426,0.000124068
6/18/2022 10:15,1.09153789,0.000128063
6/18/2022 10:30,0.925594354,0.000108594
6/18/2022 10:45,1.404650817,0.000164799
6/18/2022 11:00,1.418707281,0.000166448
6/18/2022 11:15,2.282763744,0.000267822
6/18/2022 11:30,1.631820208,0.000191451
6/18/2022 11:45,1.720876672,0.000201899
6/18/2022 12:00,1.749933135,0.000205308
6/18/2022 12:15,1.333989599,0.000156508
6/18/2022 12:30,2.283046062,0.000267855
6/18/2022 12:45,3.167102526,0.000371576
6/18/2022 13:00,2.00115899,0.000234783
6/18/2022 13:15,1.480215453,0.000173664
6/18/2022 13:30,1.604271917,0.000188219
6/18/2022 13:45,0.72832838,8.54501E-05
6/18/2022 14:00,1.552384844,0.000182131
6/18/2022 14:15,1.881441308,0.000220737
6/18/2022 14:30,2.095497771,0.000245851
6/18/2022 14:45,1.559554235,0.000182973
6/18/2022 15:00,1.723610698,0.00020222
6/18/2022 15:15,1.732667162,0.000203283
6/18/2022 15:30,1.836723626,0.000215491
6/18/2022 15:45,22.29578009,0.002615821
6/18/2022 16:00,-1.605163447,-0.000188324
6/18/2022 16:15,-1.331106984,-0.00015617
6/18/2022 16:30,-1.67705052,-0.000196758
6/18/2022 16:45,-1.977994056,-0.000232065
6/18/2022 17:00,-1.918937593,-0.000225137
6/18/2022 17:15,-1.489881129,-0.000174798
6/18/2022 17:30,-2.655824666,-0.000311591
6/18/2022 17:45,-2.381768202,-0.000279438
6/18/2022 18:00,-2.017711738,-0.000236725
6/18/2022 18:15,-2.383655275,-0.000279659
6/18/2022 18:30,-2.369598811,-0.00027801
6/18/2022 18:45,-2.175542348,-0.000255242
6/18/2022 19:00,-2.476485884,-0.00029055
6/18/2022 19:15,-2.487429421,-0.000291834
6/18/2022 19:30,-2.313372957,-0.000271413
6/18/2022 19:45,-2.289316493,-0.000268591
6/18/2022 20:00,-1.87026003,-0.000219426
6/18/2022 20:15,-1.936203566,-0.000227162
6/18/2022 20:30,-2.182147103,-0.000256017
6/18/2022 20:45,-2.268090639,-0.000266101
6/18/2022 21:00,-2.069034175,-0.000242747
6/18/2022 21:15,-1.719977712,-0.000201794
6/18/2022 21:30,-1.890921248,-0.00022185
6/18/2022 21:45,-2.506864785,-0.000294114
6/18/2022 22:00,-2.432808321,-0.000285426
6/18/2022 22:15,-2.448751857,-0.000287296
6/18/2022 22:30,-2.409695394,-0.000282714
6/18/2022 22:45,-2.21063893,-0.00025936
6/18/2022 23:00,-2.241582467,-0.000262991
6/18/2022 23:15,-2.382526003,-0.000279527
6/18/2022 23:30,-2.223469539,-0.000260865
6/18/2022 23:45,-2.459413076,-0.000288547
6/19/2022 0:00,-2.305356612,-0.000270473
6/19/2022 0:15,-2.061300149,-0.000241839
6/19/2022 0:30,-2.277243685,-0.000267174
6/19/2022 0:45,-2.283187221,-0.000267872
6/19/2022 1:00,-2.209130758,-0.000259183
6/19/2022 1:15,-2.325074294,-0.000272786
6/19/2022 1:30,-2.291017831,-0.00026879
6/19/2022 1:45,-2.266961367,-0.000265968
6/19/2022 2:00,-2.132904903,-0.00025024
6/19/2022 2:15,-1.99384844,-0.000233925
6/19/2022 2:30,-1.839791976,-0.000215851
6/19/2022 2:45,-1.850735513,-0.000217135
6/19/2022 3:00,-1.766679049,-0.000207273
6/19/2022 3:15,-1.387622585,-0.000162801
6/19/2022 3:30,-1.923566122,-0.00022568
6/19/2022 3:45,-1.999509658,-0.00023459
6/19/2022 4:00,-1.600453195,-0.000187771
6/19/2022 4:15,-1.611396731,-0.000189055
6/19/2022 4:30,-1.722340267,-0.000202071
6/19/2022 4:45,-1.568283804,-0.000183997
6/19/2022 5:00,-1.58422734,-0.000185867
6/19/2022 5:15,-1.635170877,-0.000191844
6/19/2022 5:30,-1.451114413,-0.00017025
6/19/2022 5:45,-1.517057949,-0.000177987
6/19/2022 6:00,-1.803001486,-0.000211535
6/19/2022 6:15,-1.808945022,-0.000212232
6/19/2022 6:30,-1.654888559,-0.000194157
6/19/2022 6:45,-1.690832095,-0.000198374
6/19/2022 7:00,-1.586775632,-0.000186166
6/19/2022 7:15,-1.627719168,-0.00019097
6/19/2022 7:30,-1.528662704,-0.000179348
6/19/2022 7:45,-1.964606241,-0.000230495
6/19/2022 8:00,-1.610549777,-0.000188955
6/19/2022 8:15,-1.746493314,-0.000204905
6/19/2022 8:30,-1.98243685,-0.000232587
6/19/2022 8:45,-1.698380386,-0.00019926
6/19/2022 9:00,-1.294323923,-0.000151855
6/19/2022 9:15,-1.290267459,-0.000151379
6/19/2022 9:30,-1.676210996,-0.000196659
6/19/2022 9:45,-1.692154532,-0.00019853
6/19/2022 10:00,-2.183098068,-0.000256129
6/19/2022 10:15,-2.064041605,-0.000242161
6/19/2022 10:30,-1.879985141,-0.000220567
6/19/2022 10:45,-1.610928678,-0.000189
6/19/2022 11:00,-1.481872214,-0.000173859
6/19/2022 11:15,-0.93781575,-0.000110028
6/19/2022 11:30,-0.888759287,-0.000104272
6/19/2022 11:45,-1.499702823,-0.000175951
6/19/2022 12:00,-1.52564636,-0.000178994
6/19/2022 12:15,-1.556589896,-0.000182625
6/19/2022 12:30,-1.452533432,-0.000170416
6/19/2022 12:45,-0.808476969,-9.49E-05
6/19/2022 13:00,-1.089420505,-0.000127815
6/19/2022 13:15,-1.510364042,-0.000177201
6/19/2022 13:30,-0.956307578,-0.000112197
6/19/2022 13:45,-0.887251114,-0.000104095
6/19/2022 14:00,-1.638194651,-0.000192199
6/19/2022 14:15,-1.269138187,-0.0001489
6/19/2022 14:30,-0.670081724,-7.86E-05
6/19/2022 14:45,-1.10102526,-0.000129176
6/19/2022 15:00,-1.091968796,-0.000128114
6/19/2022 15:15,-0.587912333,-6.90E-05
6/19/2022 15:30,-0.908855869,-0.00010663
6/19/2022 15:45,-1.149799406,-0.000134899
6/19/2022 16:00,-0.900742942,-0.000105678
6/19/2022 16:15,-1.691686478,-0.000198475
6/19/2022 16:30,-1.577630015,-0.000185093
6/19/2022 16:45,-1.588573551,-0.000186377
6/19/2022 17:00,-1.814517088,-0.000212886
6/19/2022 17:15,-1.420460624,-0.000166654
6/19/2022 17:30,-1.96640416,-0.000230706
6/19/2022 17:45,-1.902347697,-0.00022319
6/19/2022 18:00,-2.043291233,-0.000239726
6/19/2022 18:15,-1.37423477,-0.00016123
6/19/2022 18:30,-1.880178306,-0.000220589
6/19/2022 18:45,-1.701121842,-0.000199582
6/19/2022 19:00,-1.322065379,-0.000155109
6/19/2022 19:15,-1.803008915,-0.000211535
6/19/2022 19:30,-1.408952452,-0.000165303
6/19/2022 19:45,-1.269895988,-0.000148989
6/19/2022 20:00,-1.100839525,-0.000129154
6/19/2022 20:15,-1.131783061,-0.000132785
6/19/2022 20:30,-1.157726597,-0.000135829
6/19/2022 20:45,-0.928670134,-0.000108955
6/19/2022 21:00,-1.14461367,-0.00013429
6/19/2022 21:15,-0.280557207,-3.29E-05
6/19/2022 21:30,-0.291500743,-3.42E-05
6/19/2022 21:45,-0.817444279,-9.59E-05
6/19/2022 22:00,-0.583387816,-6.84E-05
6/19/2022 22:15,-0.369331352,-4.33E-05
6/19/2022 22:30,0.954725111,0.000112012
6/19/2022 22:45,0.653781575,7.6704E-05
6/19/2022 23:00,1.747838039,0.000205063
6/19/2022 23:15,1.451894502,0.000170341
6/19/2022 23:30,1.475950966,0.000173164
6/19/2022 23:45,0.845007429,9.91393E-05
6/20/2022 0:00,0.919063893,0.000107828
6/20/2022 0:15,1.198120357,0.000140568
6/20/2022 0:30,1.81717682,0.000213198
6/20/2022 0:45,1.056233284,0.000123921
6/20/2022 1:00,1.690289747,0.000198311
6/20/2022 1:15,1.339346211,0.000157137
6/20/2022 1:30,1.193402675,0.000140014
6/20/2022 1:45,1.047459138,0.000122892
6/20/2022 2:00,0.916515602,0.000107529
6/20/2022 2:15,1.145572065,0.000134403
6/20/2022 2:30,2.204628529,0.000258655
6/20/2022 2:45,1.488684993,0.000174658
6/20/2022 3:00,1.622741456,0.000190386
6/20/2022 3:15,1.83179792,0.000214913
6/20/2022 3:30,1.990854383,0.000233574
6/20/2022 3:45,2.569910847,0.000301511
6/20/2022 4:00,1.838967311,0.000215754
6/20/2022 4:15,2.753023774,0.000322995
6/20/2022 4:30,2.617080238,0.000307045
6/20/2022 4:45,2.766136701,0.000324533
6/20/2022 5:00,2.415193165,0.000283359
6/20/2022 5:15,2.224249629,0.000260957
6/20/2022 5:30,2.833306092,0.000332414
6/20/2022 5:45,3.127362556,0.000366913
6/20/2022 6:00,1.996419019,0.000234227
6/20/2022 6:15,2.935475483,0.000344401
6/20/2022 6:30,2.104531947,0.000246911
6/20/2022 6:45,2.69858841,0.000316608
6/20/2022 7:00,2.797644874,0.00032823
6/20/2022 7:15,3.421701337,0.000401446
6/20/2022 7:30,3.240757801,0.000380217
6/20/2022 7:45,3.449814264,0.000404745
6/20/2022 8:00,3.288870728,0.000385862
6/20/2022 8:15,2.252927192,0.000264322
6/20/2022 8:30,3.081983655,0.000361589
6/20/2022 8:45,2.626040119,0.000308096
6/20/2022 9:00,3.175096582,0.000372514
6/20/2022 9:15,3.174153046,0.000372403
6/20/2022 9:30,4.34320951,0.000509561
6/20/2022 9:45,5.542265973,0.000650239
6/20/2022 10:00,6.081322437,0.000713483
6/20/2022 10:15,6.0803789,0.000713372
6/20/2022 10:30,4.809435364,0.00056426
6/20/2022 10:45,6.038491828,0.000708458
6/20/2022 11:00,4.842548291,0.000568145
6/20/2022 11:15,5.896604755,0.000691811
6/20/2022 11:30,7.040661218,0.000826036
6/20/2022 11:45,6.699717682,0.000786035
6/20/2022 12:00,6.473774146,0.000759526
6/20/2022 12:15,6.092830609,0.000714833
6/20/2022 12:30,6.061887073,0.000711202
6/20/2022 12:45,8.555943536,0.001003814
6/20/2022 13:00,6.62,0.000776682
6/20/2022 13:30,2.555,0.000299762
6/20/2022 13:45,7.51,0.0008811
6/20/2022 14:00,4.825,0.000566086
6/20/2022 14:15,3.18,0.000373089
6/20/2022 14:30,10.945,0.001284107
6/20/2022 14:45,12.44,0.001459505
6/20/2022 15:00,19.5,0.00228781
6/20/2022 15:15,3.02,0.000354317
6/20/2022 15:30,3.47,0.000407113
6/20/2022 15:45,3.51,0.000411806
6/20/2022 16:00,3.235,0.000379542
6/20/2022 16:15,2.715,0.000318534
6/20/2022 16:30,2.67,0.000313254
6/20/2022 16:45,2.335,0.000273951
6/20/2022 17:00,2.06,0.000241687
6/20/2022 17:15,1.235,0.000144895
6/20/2022 17:30,0.585,6.86343E-05
6/20/2022 17:45,0.645,7.56737E-05
6/20/2022 18:00,0.575,6.74611E-05
6/20/2022 18:15,0.6,7.03942E-05
6/20/2022 18:30,0.65,7.62603E-05
6/20/2022 18:45,0.65,7.62603E-05
6/20/2022 19:00,0.56,6.57012E-05
6/20/2022 19:15,0.58,6.80477E-05
6/20/2022 19:30,0.535,6.27681E-05
6/20/2022 19:45,0.485,5.69019E-05
6/20/2022 20:00,0.545,6.39414E-05
6/20/2022 20:15,0.67,7.86068E-05
6/20/2022 20:30,0.57,6.68744E-05
6/20/2022 20:45,0.645,7.56737E-05
6/20/2022 21:00,0.84,9.85518E-05
6/20/2022 21:15,1.06,0.000124363
6/20/2022 21:30,1.05,0.00012319
6/20/2022 21:45,0.91,0.000106764
6/20/2022 22:00,1.61,0.000188891
6/20/2022 22:15,1.57,0.000184198
6/20/2022 22:30,1.25,0.000146654
6/20/2022 22:45,1.33,0.00015604
6/20/2022 23:00,1.55,0.000181852
6/20/2022 23:15,1.32,0.000154867
6/20/2022 23:30,1.405,0.00016484
6/20/2022 23:45,1.37,0.000160733
6/21/2022 0:00,1.155,0.000135509
6/21/2022 0:15,1.15,0.000134922
6/21/2022 0:30,1.09,0.000127883
6/21/2022 0:45,1.29,0.000151347
6/21/2022 1:00,1.2,0.000140788
6/21/2022 1:15,1.065,0.00012495
6/21/2022 1:30,1.355,0.000158973
6/21/2022 1:45,1.4,0.000164253
6/21/2022 2:00,1.22,0.000143135
6/21/2022 2:15,1.28,0.000150174
6/21/2022 2:30,1.26,0.000147828
6/21/2022 2:45,1.335,0.000156627
6/21/2022 3:00,1.38,0.000161907
6/21/2022 3:15,1.335,0.000156627
6/21/2022 3:30,1.3,0.000152521
6/21/2022 3:45,1.27,0.000149001
6/21/2022 4:00,1.31,0.000153694
6/21/2022 4:15,1.445,0.000169533
6/21/2022 4:30,1.42,0.000166599
6/21/2022 4:45,1.37,0.000160733
6/21/2022 5:00,1.42,0.000166599
6/21/2022 5:15,1.31,0.000153694
6/21/2022 5:30,1.46,0.000171292
6/21/2022 5:45,1.42,0.000166599
6/21/2022 6:00,1.275,0.000149588
6/21/2022 6:15,1.285,0.000150761
6/21/2022 6:30,1.53,0.000179505
6/21/2022 6:45,1.14,0.000133749
6/21/2022 7:00,1,0.000117324
6/21/2022 7:15,0.96,0.000112631
6/21/2022 7:30,0.9,0.000105591
6/21/2022 7:45,0.87,0.000102072
6/21/2022 8:00,0.775,9.09258E-05
6/21/2022 8:15,0.805,9.44455E-05
6/21/2022 8:30,0.81,9.50321E-05
6/21/2022 8:45,1.025,0.000120257
6/21/2022 9:00,0.995,0.000116737
6/21/2022 9:15,1.06,0.000124363
6/21/2022 9:30,1.005,0.00011791
6/21/2022 9:45,1,0.000117324
6/21/2022 10:00,0.995,0.000116737
6/21/2022 10:15,0.995,0.000116737
6/21/2022 10:30,1.035,0.00012143
6/21/2022 10:45,4.315,0.000506251
6/21/2022 11:00,4.045,0.000474574
6/21/2022 11:15,66.505,0.007802605
6/21/2022 11:30,164.63,0.019314983
6/21/2022 11:45,763.985,0.089633464
6/21/2022 12:00,296.81,0.034822815
6/21/2022 12:15,751.18,0.088131135
6/21/2022 12:30,676.87,0.079412819
6/21/2022 12:45,659.775,0.077407172
6/21/2022 13:00,513.09,0.060197561
6/21/2022 13:15,392.685,0.046071214
6/21/2022 13:30,323.065,0.037903146
6/21/2022 13:45,252.06,0.029572584
6/21/2022 14:00,210.04,0.024642647
6/21/2022 14:15,167.105,0.019605359
6/21/2022 14:30,150.085,0.017608511
6/21/2022 14:45,150.365,0.017641362
6/21/2022 15:00,201.085,0.023592014
6/21/2022 15:15,352.88,0.041401149
6/21/2022 15:30,640.46,0.075141067
6/21/2022 15:45,723.89,0.084929374
6/21/2022 16:00,345.585,0.040545273
6/21/2022 16:15,157.04,0.018424497
6/21/2022 16:30,124.33,0.014586842
6/21/2022 16:45,156.845,0.018401619
6/21/2022 17:00,239.855,0.02814065
6/21/2022 17:15,378.195,0.044371195
6/21/2022 17:30,536.04,0.062890138
6/21/2022 17:45,690.39,0.080999034
6/21/2022 18:00,781.82,0.09172593
6/21/2022 18:15,700.72,0.082210987
6/21/2022 18:30,778.68,0.091357534
6/21/2022 18:45,716.73,0.084089337
6/21/2022 19:00,664.48,0.07795918
6/21/2022 19:15,607.77,0.071305759
6/21/2022 19:30,544,0.063824033
6/21/2022 19:45,374.495,0.043937098
6/21/2022 20:00,347.75,0.040799279
6/21/2022 20:15,327.07,0.038373027
6/21/2022 20:30,300.48,0.035253393
6/21/2022 20:45,282.72,0.033169726
6/21/2022 21:00,258.71,0.030352786
6/21/2022 21:15,361.285,0.042387253
6/21/2022 21:30,355.735,0.041736108
6/21/2022 21:45,333.495,0.039126831
6/21/2022 22:00,318.98,0.037423879
6/21/2022 22:15,311.235,0.036515208
6/21/2022 22:30,301.565,0.035380689
6/21/2022 22:45,289.095,0.033917663
6/21/2022 23:00,276.395,0.032427654
6/21/2022 23:15,265.565,0.031157039
6/21/2022 23:30,258.18,0.030290605
6/21/2022 23:45,249.09,0.029224133
6/22/2022 0:00,243.49,0.028567121
6/22/2022 0:15,239.595,0.028110146
6/22/2022 0:30,234.98,0.027568697
6/22/2022 0:45,222.02,0.026048184
6/22/2022 1:00,220.895,0.025916195
6/22/2022 1:15,216.635,0.025416396
6/22/2022 1:30,206.865,0.024270145
6/22/2022 1:45,186.25,0.021851519
6/22/2022 2:00,194.805,0.022855222
6/22/2022 2:15,193.655,0.0227203
6/22/2022 2:30,192.34,0.022566019
6/22/2022 2:45,186.4,0.021869117
6/22/2022 3:00,188.19,0.022079127
6/22/2022 3:15,191.805,0.022503251
6/22/2022 3:30,187.95,0.022050969
6/22/2022 3:45,182.355,0.021394543
6/22/2022 4:00,166.53,0.019537898
6/22/2022 4:15,166.215,0.019500941
6/22/2022 4:30,165.82,0.019454598
6/22/2022 4:45,162.715,0.019090308
6/22/2022 5:00,153.415,0.017999199
6/22/2022 5:15,146.585,0.017197879
6/22/2022 5:30,141.985,0.01665819
6/22/2022 5:45,139,0.016307979
6/22/2022 6:00,133.54,0.015667392
6/22/2022 6:15,133.31,0.015640408
6/22/2022 6:30,132.015,0.015488474
6/22/2022 6:45,133.785,0.015696137
6/22/2022 7:00,129.235,0.015162314
6/22/2022 7:15,127.81,0.014995128
6/22/2022 7:30,118.9,0.013949775
6/22/2022 7:45,119.355,0.014003157
6/22/2022 8:00,115.425,0.013542075
6/22/2022 8:15,109.65,0.012864532
6/22/2022 8:30,110.21,0.012930233
6/22/2022 8:45,106.07,0.012444513
6/22/2022 9:00,102.935,0.012076704
6/22/2022 9:15,99.645,0.011690709
6/22/2022 9:30,98.055,0.011504165
6/22/2022 9:45,97.2,0.011403853
6/22/2022 10:00,93.54,0.010974449
6/22/2022 10:15,91.915,0.010783798
6/22/2022 10:30,89.165,0.010461158
6/22/2022 10:45,87.255,0.01023707
6/22/2022 11:00,85.245,0.010001249
6/22/2022 11:15,83.595,0.009807666
6/22/2022 11:30,79.54,0.009331918
6/22/2022 11:45,79.585,0.009337198
6/22/2022 12:00,80.7,0.009468014
6/22/2022 12:15,80.4,0.009432817
6/22/2022 12:30,79.795,0.009361836
6/22/2022 12:45,77.865,0.009135401
6/22/2022 13:00,76.605,0.008987574
6/22/2022 13:15,72.28,0.008480149
6/22/2022 13:30,71.43,0.008380424
6/22/2022 13:45,69.15,0.008112926
6/22/2022 14:00,68.455,0.008031386
6/22/2022 14:15,69.09,0.008105887
6/22/2022 14:30,70.56,0.008278353
6/22/2022 14:45,73.49,0.008622111
6/22/2022 15:00,68.325,0.008016134
6/22/2022 15:15,67.465,0.007915236
6/22/2022 15:30,67.97,0.007974484
6/22/2022 15:45,66.99,0.007859507
6/22/2022 16:00,66.07,0.00775157
6/22/2022 16:15,64.915,0.007616061
6/22/2022 16:30,64.35,0.007549773
6/22/2022 16:45,63.915,0.007498737
6/22/2022 17:00,79.99,0.009384714
6/22/2022 17:15,62.275,0.007306327
6/22/2022 17:30,65.465,0.007680589
6/22/2022 17:45,59.815,0.007017711
6/22/2022 18:00,62.57,0.007340937
6/22/2022 18:15,58.74,0.006891588
6/22/2022 18:30,59.835,0.007020057
6/22/2022 18:45,64.24,0.007536867
6/22/2022 19:00,64.895,0.007613714
6/22/2022 19:15,81.045,0.00950849
6/22/2022 19:30,74.165,0.008701304
6/22/2022 19:45,65.995,0.00774277
6/22/2022 20:00,67.36,0.007902917
6/22/2022 20:15,65.315,0.00766299
6/22/2022 20:30,66.365,0.00778618
6/22/2022 20:45,65.68,0.007705813
6/22/2022 21:00,66.89,0.007847775
6/22/2022 21:15,65.72,0.007710506
6/22/2022 21:30,64.985,0.007624274
6/22/2022 21:45,64.58,0.007576757
6/22/2022 22:00,64.89,0.007613128
6/22/2022 22:15,66.845,0.007842495
6/22/2022 22:30,70.915,0.008320002
6/22/2022 22:45,68.32,0.008015548
6/22/2022 23:00,68.35,0.008019067
6/22/2022 23:15,67.795,0.007953953
6/22/2022 23:30,66.505,0.007802605
6/22/2022 23:45,67.755,0.00794926
6/23/2022 0:00,66.455,0.007796739
6/23/2022 0:15,65.985,0.007741597
6/23/2022 0:30,62.805,0.007368508
6/23/2022 0:45,65.85,0.007725758
6/23/2022 1:00,62.31,0.007310433
6/23/2022 1:15,61.865,0.007258224
6/23/2022 1:30,61.48,0.007213054
6/23/2022 1:45,60.17,0.00705936
6/23/2022 2:00,59.94,0.007032376
6/23/2022 2:15,59.415,0.006970781
6/23/2022 2:30,58.73,0.006890414
6/23/2022 2:45,58.13,0.00682002
6/23/2022 3:00,60.24,0.007067573
6/23/2022 3:15,58.41,0.006852871
6/23/2022 3:30,59.98,0.007037069
6/23/2022 3:45,58.11,0.006817674
6/23/2022 4:00,56.935,0.006679819
6/23/2022 4:15,57.84,0.006785996
6/23/2022 4:30,59.055,0.006928545
6/23/2022 4:45,58.4,0.006851698
6/23/2022 5:00,58.025,0.006807701
6/23/2022 5:15,57.345,0.006727921
6/23/2022 5:30,56.07,0.006578334
6/23/2022 5:45,54.38,0.006380057
6/23/2022 6:00,55.26,0.006483302
6/23/2022 6:15,53.14,0.006234576
6/23/2022 6:30,53.09,0.006228709
6/23/2022 6:45,51.835,0.006081468
6/23/2022 7:00,53.475,0.006273879
6/23/2022 7:15,54.5,0.006394136
6/23/2022 7:30,53.815,0.006313769
6/23/2022 7:45,51.395,0.006029846
6/23/2022 8:00,51.99,0.006099653
6/23/2022 8:15,51.38,0.006028086
6/23/2022 8:30,52.43,0.006151276
6/23/2022 8:45,51.66,0.006060937
6/23/2022 9:00,49.195,0.005771734
6/23/2022 9:15,48.3,0.005666729
6/23/2022 9:30,48.025,0.005634465
6/23/2022 9:45,47.105,0.005526528
6/23/2022 10:00,46.605,0.005467866
6/23/2022 10:15,47.14,0.005530634
6/23/2022 10:30,47.7,0.005596335
6/23/2022 10:45,48.425,0.005681395
6/23/2022 11:00,48.515,0.005691954
6/23/2022 11:15,49,0.005748856
6/23/2022 11:30,50.265,0.00589727
6/23/2022 11:45,50.6,0.005936574
6/23/2022 12:00,51.095,0.005994649
6/23/2022 12:15,49.915,0.005856207
6/23/2022 12:30,49.195,0.005771734
6/23/2022 12:45,48.49,0.005689021
6/23/2022 13:00,47.945,0.00562508
6/23/2022 13:15,47.835,0.005612174
6/23/2022 13:30,47.665,0.005592229
6/23/2022 13:45,47.415,0.005562898
6/23/2022 14:00,47.595,0.005584016
6/23/2022 14:15,47.11,0.005527114
6/23/2022 14:30,46.035,0.005400992
6/23/2022 14:45,45.015,0.005281321
6/23/2022 15:00,44.23,0.005189222
6/23/2022 15:15,44.02,0.005164584
6/23/2022 15:30,43.205,0.005068966
6/23/2022 15:45,42.81,0.005022623
6/23/2022 16:00,41.305,0.004846051
6/23/2022 16:15,40.83,0.004790322
6/23/2022 16:30,40.265,0.004724034
6/23/2022 16:45,40.18,0.004714062
6/23/2022 17:00,39.205,0.004599671
6/23/2022 17:15,38.82,0.004554502
6/23/2022 17:30,38.555,0.004523411
6/23/2022 17:45,38.09,0.004468856
6/23/2022 18:00,37.745,0.004428379
6/23/2022 18:15,37.92,0.004448911
6/23/2022 18:30,37.375,0.004384969
6/23/2022 18:45,37.245,0.004369717
6/23/2022 19:00,37,0.004340973
6/23/2022 19:15,37.01,0.004342146
6/23/2022 19:30,36.875,0.004326307
6/23/2022 19:45,36.895,0.004328654
6/23/2022 20:00,36.27,0.004255327
6/23/2022 20:15,36.175,0.004244181
6/23/2022 20:30,35.95,0.004217783
6/23/2022 20:45,36.305,0.004259433
6/23/2022 21:00,36.08,0.004233035
6/23/2022 21:15,36.18,0.004244768
6/23/2022 21:30,37.245,0.004369717
6/23/2022 21:45,37.79,0.004433658
6/23/2022 22:00,37.63,0.004414887
6/23/2022 22:15,37.61,0.00441254
6/23/2022 22:30,38.945,0.004569167
6/23/2022 22:45,41.465,0.004864823
6/23/2022 23:00,47.32,0.005551752
6/23/2022 23:15,57.01,0.006688618
6/23/2022 23:30,66.33,0.007782074
6/23/2022 23:45,69.4,0.008142257
6/24/2022 0:00,64.48,0.007565025
6/24/2022 0:15,58.21,0.006829406
6/24/2022 0:30,50.885,0.005970011
6/24/2022 0:45,45.3,0.005314759
6/24/2022 1:00,40.62,0.004765684
6/24/2022 1:15,37.46,0.004394942
6/24/2022 1:30,34.73,0.004074648
6/24/2022 1:45,33.535,0.003934447
6/24/2022 2:00,32.86,0.003855253
6/24/2022 2:15,32.25,0.003783686
6/24/2022 2:30,30.81,0.00361474
6/24/2022 2:45,30.39,0.003565464
6/24/2022 3:00,29.62,0.003475125
6/24/2022 3:15,29.115,0.003415876
6/24/2022 3:30,28.835,0.003383026
6/24/2022 3:45,28.13,0.003300313
6/24/2022 4:00,27.955,0.003279781
6/24/2022 4:15,29.53,0.003464566
6/24/2022 4:30,27.86,0.003268635
6/24/2022 4:45,27.445,0.003219946
6/24/2022 5:00,27.765,0.003257489
6/24/2022 5:15,27.26,0.003198241
6/24/2022 5:30,28.215,0.003310285
6/24/2022 5:45,28.08,0.003294446
6/24/2022 6:00,28.69,0.003366014
6/24/2022 6:15,28.565,0.003351348
6/24/2022 6:30,29.485,0.003459286
6/24/2022 6:45,28.465,0.003339616
6/24/2022 7:00,28.19,0.003307352
6/24/2022 7:15,28.56,0.003350762
6/24/2022 7:30,26.935,0.003160111
6/24/2022 7:45,26.955,0.003162457
6/24/2022 8:00,27.19,0.003190028
6/24/2022 8:15,25.945,0.003043961
6/24/2022 8:30,25.38,0.002977673
6/24/2022 8:45,23.995,0.00281518
6/24/2022 9:00,23.365,0.002741266
6/24/2022 9:15,23.17,0.002718388
6/24/2022 9:30,22.335,0.002620422
6/24/2022 9:45,21.795,0.002557068
6/24/2022 10:00,21.93,0.002572906
6/24/2022 10:15,22.935,0.002690817
6/24/2022 10:30,21.59,0.002533016
6/24/2022 10:45,21.3,0.002498992
6/24/2022 11:00,21.185,0.0024855
6/24/2022 11:15,21.08,0.002473181
6/24/2022 11:30,20.67,0.002425079
6/24/2022 11:45,20.64,0.002421559
6/24/2022 12:00,20.4,0.002393401
6/24/2022 12:15,20.46,0.002400441
6/24/2022 12:30,20.37,0.002389882
6/24/2022 12:45,20.39,0.002392228
6/24/2022 13:00,20.56,0.002412173
6/24/2022 13:15,20.085,0.002356444
6/24/2022 13:30,20.13,0.002361724
6/24/2022 13:45,19.19,0.00225144
6/24/2022 14:00,19.225,0.002255546
6/24/2022 14:15,19.315,0.002266105
6/24/2022 14:30,19.38,0.002273731
6/24/2022 14:45,19.175,0.00224968
6/24/2022 15:00,19.21,0.002253786
6/24/2022 15:15,19.44,0.002280771
6/24/2022 15:30,18.96,0.002224455
6/24/2022 15:45,18.925,0.002220349
6/24/2022 16:00,19.055,0.002235601
6/24/2022 16:15,19.11,0.002242054
6/24/2022 16:30,18.76,0.002200991
6/24/2022 16:45,19.155,0.002247333
6/24/2022 17:00,18.795,0.002205097
6/24/2022 17:15,18.75,0.002199817
6/24/2022 17:30,17.95,0.002105958
6/24/2022 17:45,18.52,0.002172833
6/24/2022 18:00,18.04,0.002116518
6/24/2022 18:15,18.63,0.002185738
6/24/2022 18:30,18.395,0.002158167
6/24/2022 18:45,18.505,0.002171073
6/24/2022 19:00,18.13,0.002127077
6/24/2022 19:15,18.285,0.002145262
6/24/2022 19:30,18.99,0.002227975
6/24/2022 19:45,18.73,0.002197471
6/24/2022 20:00,18.585,0.002180459
6/24/2022 20:15,18.405,0.002159341
6/24/2022 20:30,19.09,0.002239707
6/24/2022 20:45,19.575,0.002296609
6/24/2022 21:00,20.26,0.002376976
6/24/2022 21:15,20.995,0.002463209
6/24/2022 21:30,21.84,0.002562347
6/24/2022 21:45,22.06,0.002588158
6/24/2022 22:00,21.945,0.002574666
6/24/2022 22:15,22.02,0.002583465
6/24/2022 22:30,21.655,0.002540642
6/24/2022 22:45,21.48,0.002520111
6/24/2022 23:00,21.275,0.002496059
6/24/2022 23:15,21.005,0.002464382
6/24/2022 23:30,21.555,0.00252891
6/24/2022 23:45,21.54,0.00252715
6/25/2022 0:00,21.68,0.002543575
6/25/2022 0:15,21.295,0.002498406
6/25/2022 0:30,20.815,0.002442091
6/25/2022 0:45,20.195,0.00236935
6/25/2022 1:00,20.565,0.00241276
6/25/2022 1:15,20.31,0.002382842
6/25/2022 1:30,19.865,0.002330633
6/25/2022 1:45,19.85,0.002328873
6/25/2022 2:00,19.645,0.002304822
6/25/2022 2:15,19.39,0.002274904
6/25/2022 2:30,19.36,0.002271385
6/25/2022 2:45,19.205,0.0022532
6/25/2022 3:00,19.47,0.00228429
6/25/2022 3:15,19.3,0.002264345
6/25/2022 3:30,19.495,0.002287223
6/25/2022 3:45,19.03,0.002232668
6/25/2022 4:00,19.195,0.002252026
6/25/2022 4:15,19.07,0.002237361
6/25/2022 4:30,19.15,0.002246747
6/25/2022 4:45,19.08,0.002238534
6/25/2022 5:00,19.055,0.002235601
6/25/2022 5:15,19.435,0.002280184
6/25/2022 5:30,19.42,0.002278424
6/25/2022 5:45,21.495,0.002521871
6/25/2022 6:00,20.65,0.002422732
6/25/2022 6:15,19.97,0.002342952
6/25/2022 6:30,19.815,0.002324767
6/25/2022 6:45,19.125,0.002243814
6/25/2022 7:00,18.64,0.002186912
6/25/2022 7:15,18.09,0.002122384
6/25/2022 7:30,17.83,0.00209188
6/25/2022 7:45,17.03,0.001998021
6/25/2022 8:00,16.885,0.001981009
6/25/2022 8:15,16.605,0.001948158
6/25/2022 8:30,16.225,0.001903575
6/25/2022 8:45,16.245,0.001905922
6/25/2022 9:00,16.205,0.001901229
6/25/2022 9:15,15.905,0.001866032
6/25/2022 9:30,15.78,0.001851366
6/25/2022 9:45,15.495,0.001817929
6/25/2022 10:00,15.25,0.001789185
6/25/2022 10:15,15.1,0.001771586
6/25/2022 10:30,14.965,0.001755748
6/25/2022 10:45,15.055,0.001766307
6/25/2022 11:00,15.035,0.00176396
6/25/2022 11:15,15.27,0.001791531
6/25/2022 11:30,15,0.001759854
6/25/2022 11:45,14.845,0.001741669
6/25/2022 12:00,14.925,0.001751055
6/25/2022 12:15,14.905,0.001748708
6/25/2022 12:30,14.985,0.001758094
6/25/2022 12:45,14.99,0.001758681
6/25/2022 13:00,14.985,0.001758094
6/25/2022 13:15,14.755,0.00173111
6/25/2022 13:30,15.145,0.001776866
6/25/2022 13:45,14.75,0.001730523
6/25/2022 14:00,14.7,0.001724657
6/25/2022 14:15,15.07,0.001768067
6/25/2022 14:30,14.805,0.001736976
6/25/2022 14:45,14.765,0.001732283
6/25/2022 15:00,14.405,0.001690046
6/25/2022 15:15,14.385,0.0016877
6/25/2022 15:30,14.665,0.00172055
6/25/2022 15:45,14.23,0.001669515
6/25/2022 16:00,14.55,0.001707058
6/25/2022 16:15,14.32,0.001680074
6/25/2022 16:30,13.91,0.001631971
6/25/2022 16:45,14.03,0.00164605
6/25/2022 17:00,14.48,0.001698846
6/25/2022 17:15,16.065,0.001884803
6/25/2022 17:30,16.73,0.001962824
6/25/2022 17:45,17.07,0.002002714
6/25/2022 18:00,17.495,0.002052576
6/25/2022 18:15,17.975,0.002108892
6/25/2022 18:30,19.7,0.002311275
6/25/2022 18:45,21.03,0.002467315
6/25/2022 19:00,22.275,0.002613383
6/25/2022 19:15,21.89,0.002568213
6/25/2022 19:30,26.07,0.003058626
6/25/2022 19:45,25.13,0.002948342
6/25/2022 20:00,26.7,0.00313254
6/25/2022 20:15,25.69,0.003014043
6/25/2022 20:30,25.035,0.002937196
6/25/2022 20:45,25.375,0.002977086
6/25/2022 21:00,25.975,0.00304748
6/25/2022 21:15,27.295,0.003202347
6/25/2022 21:30,30.195,0.003542586
6/25/2022 21:45,30.965,0.003632925
6/25/2022 22:00,31.565,0.003703319
6/25/2022 22:15,31.72,0.003721504
6/25/2022 22:30,31.495,0.003695106
6/25/2022 22:45,30.03,0.003523227
6/25/2022 23:00,28.82,0.003381266
6/25/2022 23:15,28.225,0.003311458
6/25/2022 23:30,27.13,0.003182989
6/25/2022 23:45,26.585,0.003119048
6/26/2022 0:00,25.675,0.003012283
6/26/2022 0:15,25.135,0.002948928
6/26/2022 0:30,24.8,0.002909625
6/26/2022 0:45,24.465,0.002870322
6/26/2022 1:00,23.255,0.00272836
6/26/2022 1:15,22.895,0.002686124
6/26/2022 1:30,22.625,0.002654446
6/26/2022 1:45,23.295,0.002733053
6/26/2022 2:00,22.11,0.002594025
6/26/2022 2:15,22.25,0.00261045
6/26/2022 2:30,22.57,0.002647993
6/26/2022 2:45,25.785,0.003025189
6/26/2022 3:00,30.13,0.00353496
6/26/2022 3:15,38.975,0.004572687
6/26/2022 3:30,58.07,0.006812981
6/26/2022 3:45,64.27,0.007540387
6/26/2022 4:00,109.165,0.01280763
6/26/2022 4:15,144.3,0.016929794
6/26/2022 4:30,164.62,0.01931381
6/26/2022 4:45,99.54,0.01167839
6/26/2022 5:00,64.635,0.00758321
6/26/2022 5:15,51.75,0.006071496
6/26/2022 5:30,51.265,0.006014594
6/26/2022 5:45,53.28,0.006251001
6/26/2022 6:00,51.84,0.006082055
6/26/2022 6:15,45.455,0.005332944
6/26/2022 6:30,42.74,0.00501441
6/26/2022 6:45,40.455,0.004746326
6/26/2022 7:00,38.16,0.004477068
6/26/2022 7:15,36.005,0.004224236
6/26/2022 7:30,35.11,0.004119231
6/26/2022 7:45,35.96,0.004218956
6/26/2022 8:00,39.92,0.004683558
6/26/2022 8:15,41.545,0.004874209
6/26/2022 8:30,44.365,0.005205061
6/26/2022 8:45,50.5,0.005924841
6/26/2022 9:00,55.415,0.006501487
6/26/2022 9:15,59.98,0.007037069
6/26/2022 9:30,65.06,0.007633073
6/26/2022 9:45,78.59,0.009220461
6/26/2022 10:00,88.75,0.010412469
6/26/2022 10:15,99.71,0.011698335
6/26/2022 10:30,97.55,0.011444916
6/26/2022 10:45,95.35,0.011186804
6/26/2022 11:00,95.1,0.011157473
6/26/2022 11:15,99.915,0.011722387
6/26/2022 11:30,100.605,0.01180334
6/26/2022 11:45,108.47,0.01272609
6/26/2022 12:00,117.935,0.013836558
6/26/2022 12:15,125.86,0.014766347
6/26/2022 12:30,142.52,0.016720958
6/26/2022 12:45,214.3,0.025142446
6/26/2022 13:00,304.43,0.035716821
6/26/2022 13:15,325.085,0.03814014
6/26/2022 13:30,363.79,0.042681149
6/26/2022 13:45,372.57,0.04371125
6/26/2022 14:00,382.825,0.044914404
6/26/2022 14:15,404.12,0.04741281
6/26/2022 14:30,413.665,0.048532663
6/26/2022 14:45,406.78,0.04772489
6/26/2022 15:00,386.44,0.045338528
6/26/2022 15:15,413.88,0.048557888
6/26/2022 15:30,412.6,0.048407714
6/26/2022 15:45,397.99,0.046693616
6/26/2022 16:00,355.22,0.041675686
6/26/2022 16:15,386.485,0.045343808
6/26/2022 16:30,346.845,0.040693101
6/26/2022 16:45,342.05,0.040130534
6/26/2022 17:00,323.005,0.037896106
6/26/2022 17:15,299.29,0.035113777
6/26/2022 17:30,299.575,0.035147215
6/26/2022 17:45,368.555,0.043240196
6/26/2022 18:00,456.37,0.053542967
6/26/2022 18:15,493.945,0.057951401
6/26/2022 18:30,494.175,0.057978385
6/26/2022 18:45,463.605,0.054391803
6/26/2022 19:00,419.225,0.049184982
6/26/2022 19:15,372.395,0.043690719
6/26/2022 19:30,329.73,0.038685108
6/26/2022 19:45,316.78,0.037165767
6/26/2022 20:00,277.67,0.032577241
6/26/2022 20:15,260.34,0.030544024
6/26/2022 20:30,242.095,0.028403455
6/26/2022 20:45,229.235,0.026894673
6/26/2022 21:00,214.25,0.025136579
6/26/2022 21:15,200.045,0.023469998
6/26/2022 21:30,183.11,0.021483123
6/26/2022 21:45,170.085,0.019954983
6/26/2022 22:00,155.39,0.018230913
6/26/2022 22:15,145.025,0.017014854
6/26/2022 22:30,140.33,0.016464019
6/26/2022 22:45,128.71,0.015100719
6/26/2022 23:00,122.86,0.014414376
6/26/2022 23:15,119.955,0.014073551
6/26/2022 23:30,115.33,0.01353093
6/26/2022 23:45,110.57,0.012972469
6/27/2022 0:00,105.84,0.012417529
6/27/2022 0:15,102.415,0.012015696
6/27/2022 0:30,98.505,0.01155696
6/27/2022 0:45,94.995,0.011145155
6/27/2022 1:00,97.545,0.01144433
6/27/2022 1:15,102.73,0.012052652
6/27/2022 1:30,92.965,0.010906988
6/27/2022 1:45,93.025,0.010914027
6/27/2022 2:00,114.33,0.013413606
6/27/2022 2:15,111.255,0.013052836
6/27/2022 2:30,94.18,0.011049536
6/27/2022 2:45,84.075,0.009863981
6/27/2022 3:00,80.275,0.009418151
6/27/2022 3:15,75.8,0.008893128
6/27/2022 3:30,73.035,0.008568728
6/27/2022 3:45,79.06,0.009275603
6/27/2022 4:00,96.4,0.011309994
6/27/2022 4:15,100.81,0.011827391
6/27/2022 4:30,110.65,0.012981855
6/27/2022 4:45,107.285,0.012587061
6/27/2022 5:00,114.06,0.013381929
6/27/2022 5:15,138.02,0.016193002
6/27/2022 5:30,181.325,0.0212737
6/27/2022 5:45,182.87,0.021454965
6/27/2022 6:00,173.68,0.020376761
6/27/2022 6:15,193.895,0.022748458
6/27/2022 6:30,368.255,0.043204999
6/27/2022 6:45,467.365,0.05483294
6/27/2022 7:00,486.37,0.057062675
6/27/2022 7:15,449.72,0.052762765
6/27/2022 7:30,405.115,0.047529546
6/27/2022 7:45,352.735,0.041384137
6/27/2022 8:00,335.925,0.039411927
6/27/2022 8:15,319.085,0.037436198
6/27/2022 8:30,303.04,0.035553741
6/27/2022 8:45,284.55,0.033384428
6/27/2022 9:00,280.3,0.032885802
6/27/2022 9:15,275.34,0.032303877
6/27/2022 9:30,272.775,0.032002942
6/27/2022 9:45,260.81,0.030599166
6/27/2022 10:00,246.2,0.028885068
6/27/2022 10:15,227.535,0.026695223
6/27/2022 10:30,218.175,0.025597074
6/27/2022 15:30,1423.875,0.167054128
6/27/2022 15:45,1283.01,0.15052734
6/27/2022 16:30,598.95,0.070270965
6/27/2022 17:30,107.685,0.012633991
6/27/2022 17:45,71.775,0.008420901
6/27/2022 18:00,71.415,0.008378664
6/27/2022 18:15,67.085,0.007870653
6/27/2022 18:30,63.875,0.007494044
6/27/2022 18:45,75.705,0.008881982
6/27/2022 19:45,270.675,0.031756563
6/27/2022 21:15,1053.13,0.123556993
6/27/2022 22:00,1014.185,0.118987826
6/27/2022 23:15,388.04,0.045526246
6/27/2022 23:45,362.07,0.042479353
6/28/2022 0:00,288.075,0.033797993
6/28/2022 0:15,255.395,0.029963858
6/28/2022 0:30,220.11,0.025824096
6/28/2022 0:45,246.095,0.028872749
6/28/2022 1:00,225.4,0.026444737
6/28/2022 1:15,219.98,0.025808844
6/28/2022 1:30,245.23,0.028771264
6/28/2022 1:45,196.495,0.023053499
6/28/2022 2:00,261.125,0.030636123
6/28/2022 2:15,249.63,0.029287488
6/28/2022 2:30,272.945,0.032022887
6/28/2022 2:45,273.02,0.032031687
6/28/2022 3:00,261.775,0.030712383
6/28/2022 3:15,299.14,0.035096179
6/28/2022 3:45,144.14,0.016911022
6/28/2022 4:15,38.62,0.004531037
6/28/2022 4:30,30.52,0.003580716
6/28/2022 4:45,65.195,0.007648912
6/28/2022 5:00,45.095,0.005290707
6/28/2022 5:15,74.915,0.008789297
6/28/2022 5:30,46.29,0.005430909
6/28/2022 5:45,78.03,0.00915476
6/28/2022 6:15,69.5,0.00815399
6/28/2022 6:30,60.925,0.00714794
6/28/2022 6:45,58.63,0.006878682
6/28/2022 7:00,58.25,0.006834099
6/28/2022 7:15,128.615,0.015089574
6/28/2022 7:30,180.395,0.021164589
6/28/2022 7:45,96.78,0.011354577
6/28/2022 8:00,97.86,0.011481287
6/28/2022 8:15,135.28,0.015871535
6/28/2022 8:30,142.17,0.016679895
6/28/2022 8:45,224.925,0.026389009
6/28/2022 9:00,111.205,0.01304697
6/28/2022 9:45,161.005,0.018889685
6/28/2022 10:15,169.24,0.019855845
6/28/2022 10:30,219.03,0.025697386
6/28/2022 10:45,191.385,0.022453975
6/28/2022 11:30,338.93,0.039764485
6/28/2022 11:45,397.635,0.046651966
6/28/2022 12:15,328.175,0.038502669
6/28/2022 13:15,50.145,0.005883191
6/28/2022 13:30,89.695,0.010523339
6/28/2022 13:45,49.16,0.005767628
6/28/2022 14:00,105.365,0.0123618
6/28/2022 19:45,672.315,0.07887841
6/28/2022 20:15,528.54,0.062010211
6/28/2022 21:00,415.98,0.048804267
6/28/2022 21:30,638.045,0.07485773
6/29/2022 1:15,1362.135,0.159810569
6/29/2022 2:45,1030.19,0.12086559
6/29/2022 3:30,1159.03,0.135981561
6/29/2022 4:30,1126.64,0.13218145
6/29/2022 5:00,1054.61,0.123730632
6/29/2022 5:15,926.56,0.108707346
6/29/2022 5:30,885.635,0.103905878
6/29/2022 7:45,557.49,0.065406729
6/29/2022 8:30,482.445,0.05660218
6/29/2022 8:45,532.59,0.062485371
6/29/2022 9:30,459.505,0.053910777
6/29/2022 9:45,544.99,0.063940184
6/29/2022 10:00,568.465,0.066694355
6/29/2022 10:15,508.755,0.059688963
6/29/2022 11:15,520.375,0.061052264
6/29/2022 11:30,436.98,0.051268063
6/29/2022 12:00,399.18,0.046833231
6/29/2022 12:45,408.82,0.04796423
6/29/2022 13:00,426.305,0.050015633
6/29/2022 13:30,231.8,0.027195608
6/29/2022 14:30,357.225,0.04191092
6/29/2022 14:45,368.47,0.043230223
6/29/2022 15:00,240.8,0.028251521
6/29/2022 15:30,210.61,0.024709521
6/29/2022 15:45,230.865,0.027085911
6/29/2022 16:00,271.36,0.03183693
6/29/2022 16:15,193.815,0.022739072
6/29/2022 16:30,242.275,0.028424573
6/29/2022 16:45,187.555,0.022004626
6/29/2022 17:00,162.79,0.019099107
6/29/2022 17:15,139.15,0.016325578
6/29/2022 17:30,101.27,0.01188136
6/29/2022 17:45,148.155,0.017382077
6/29/2022 18:00,171.675,0.020141527
6/29/2022 18:15,121.29,0.014230178
6/29/2022 18:30,107.28,0.012586475
6/29/2022 18:45,96.985,0.011378628
6/29/2022 19:00,157.39,0.01846556
6/29/2022 19:15,123.465,0.014485357
6/29/2022 19:30,175.51,0.020591463
6/29/2022 19:45,105.915,0.012426328
6/29/2022 20:00,126.215,0.014807997
6/29/2022 20:15,127.59,0.014969317
6/29/2022 20:30,88.935,0.010434174
6/29/2022 20:45,90.09,0.010569682
6/29/2022 21:00,91.69,0.0107574
6/29/2022 21:15,107.775,0.01264455
6/29/2022 21:30,82.87,0.009722606
6/29/2022 21:45,87.265,0.010238243
6/29/2022 22:00,79.635,0.009343064
6/29/2022 22:15,89.135,0.010457638
6/29/2022 22:30,82.17,0.009640479
6/29/2022 22:45,85.705,0.010055218
6/29/2022 23:00,80.96,0.009498518
6/29/2022 23:15,71.025,0.008332908
6/29/2022 23:30,70.86,0.00831355
6/29/2022 23:45,79.595,0.009338371
6/30/2022 0:00,71.68,0.008409755
6/30/2022 0:15,103.595,0.012154137
6/30/2022 0:30,76.75,0.009004586
6/30/2022 0:45,72.665,0.008525319
6/30/2022 1:00,81.27,0.009534888
6/30/2022 1:15,70.545,0.008276593
6/30/2022 1:30,78.99,0.00926739
6/30/2022 1:45,67.29,0.007894704
6/30/2022 2:00,72.095,0.008458444
6/30/2022 2:15,83.88,0.009841103
6/30/2022 2:30,71.515,0.008390397
6/30/2022 2:45,70.635,0.008287152
6/30/2022 3:00,67.59,0.007929902
6/30/2022 3:15,74.195,0.008704824
6/30/2022 3:30,65.84,0.007724585
6/30/2022 3:45,68.68,0.008057784
6/30/2022 4:00,73.3,0.008599819
6/30/2022 4:15,62.62,0.007346803
6/30/2022 4:30,60.68,0.007119195
6/30/2022 4:45,58.375,0.006848765
6/30/2022 5:00,70.01,0.008213825
6/30/2022 5:15,63.415,0.007440076
6/30/2022 5:30,68.105,0.007990323
6/30/2022 5:45,66.585,0.007811991
6/30/2022 6:00,58.565,0.006871056
6/30/2022 6:15,59.77,0.007012431
6/30/2022 6:30,65.74,0.007712853
6/30/2022 6:45,57.28,0.006720295
6/30/2022 7:00,58.925,0.006913293
6/30/2022 7:15,67.82,0.007956886
6/30/2022 7:30,66.855,0.007843669
6/30/2022 7:45,58.96,0.006917399
6/30/2022 8:00,66.79,0.007836043
6/30/2022 8:15,66.75,0.00783135
6/30/2022 8:30,56.355,0.006611771
6/30/2022 8:45,53.34,0.00625804
6/30/2022 9:00,47.8,0.005608068
6/30/2022 9:15,70.46,0.00826662
6/30/2022 9:30,62.475,0.007329791
6/30/2022 9:45,64.795,0.007601982
6/30/2022 10:00,58.1,0.006816501
6/30/2022 10:15,60.15,0.007057014
6/30/2022 10:30,53.095,0.006229296
6/30/2022 10:45,51.22,0.006009314
6/30/2022 11:00,60.305,0.007075199
6/30/2022 11:15,49.925,0.00585738
6/30/2022 11:30,47.77,0.005604548
6/30/2022 11:45,64.715,0.007592596
6/30/2022 12:00,56.94,0.006680405
6/30/2022 12:15,40.665,0.004770964
6/30/2022 12:30,57.205,0.006711496
6/30/2022 12:45,49.64,0.005823943
6/30/2022 13:00,44.3,0.005197435
6/30/2022 13:15,44.81,0.00525727
6/30/2022 13:30,54.61,0.006407041
6/30/2022 13:45,46.505,0.005456134
6/30/2022 14:00,50.325,0.00590431
6/30/2022 14:15,43.9,0.005150506
6/30/2022 14:30,39.61,0.004647187
6/30/2022 14:45,31.695,0.003718571
6/30/2022 15:00,39.835,0.004673585
6/30/2022 15:15,44.765,0.005251991
6/30/2022 15:30,31.905,0.003743209
6/30/2022 15:45,35.22,0.004132137
6/30/2022 16:00,34.39,0.004034758
6/30/2022 16:15,35.425,0.004156188
6/30/2022 16:30,35.23,0.00413331
6/30/2022 16:45,35.7,0.004188452
6/30/2022 17:00,38.34,0.004498186
6/30/2022 17:15,34.135,0.004004841
6/30/2022 17:30,32.38,0.003798938
6/30/2022 17:45,35.01,0.004107499
6/30/2022 18:00,29.92,0.003510322
6/30/2022 18:15,28.44,0.003336683
6/30/2022 18:30,23.41,0.002746545
6/30/2022 18:45,26.985,0.003165977
6/30/2022 19:00,22.09,0.002591678
6/30/2022 19:15,21.605,0.002534776
6/30/2022 19:30,17.93,0.002103612
6/30/2022 19:45,13.2,0.001548671
6/30/2022 20:00,17.025,0.001997434
6/30/2022 20:15,15.185,0.001781559
6/30/2022 20:30,25.455,0.002986472
6/30/2022 20:45,14.605,0.001713511
6/30/2022 21:00,14.27,0.001674208
6/30/2022 21:15,14.45,0.001695326
6/30/2022 21:30,12.045,0.001413163
6/30/2022 21:45,14.63,0.001716444
7/1/2022 5:30,30.605,0.003590688
7/1/2022 5:45,39.245,0.004604364
7/1/2022 6:00,29.69,0.003483337
7/1/2022 6:15,50.4,0.005913109
7/1/2022 6:30,13.53,0.001587388
7/1/2022 6:45,33.64,0.003946766
7/1/2022 7:00,15.4,0.001806783
7/1/2022 7:15,27.575,0.003235198
7/1/2022 7:30,26.445,0.003102622
7/1/2022 7:45,34.435,0.004040038
7/1/2022 8:00,19.02,0.002231495
7/1/2022 8:15,37.625,0.0044143
7/1/2022 8:30,32.645,0.003830029
7/1/2022 8:45,32.94,0.003864639
7/1/2022 9:00,17.34,0.002034391
7/1/2022 9:15,28.915,0.003392412
7/1/2022 9:30,16.105,0.001889496
7/1/2022 9:45,11.63,0.001364473
7/1/2022 10:00,8.42,0.000987865
7/1/2022 10:15,11.86,0.001391458
7/1/2022 10:30,12.8,0.001501742
7/1/2022 10:45,13.85,0.001624932
7/1/2022 11:00,11.99,0.00140671
7/1/2022 11:15,12.695,0.001489423
7/1/2022 11:30,15.345,0.001800331
7/1/2022 11:45,14.07,0.001650743
7/1/2022 12:00,16.245,0.001905922
7/1/2022 12:15,10.68,0.001253016
7/1/2022 12:30,12.175,0.001428415
7/1/2022 12:45,15.425,0.001809716
7/1/2022 13:00,9.56,0.001121614
7/1/2022 13:15,13.43,0.001575656
7/1/2022 13:30,10.455,0.001226618
7/1/2022 13:45,11.835,0.001388525
7/1/2022 14:00,10.615,0.00124539
7/1/2022 14:15,12.33,0.0014466
7/1/2022 14:30,11.055,0.001297012
7/1/2022 14:45,9.605,0.001126893
7/1/2022 15:00,10.9,0.001278827
7/1/2022 15:15,11.78,0.001382072
7/1/2022 15:30,17.415,0.00204319
7/1/2022 15:45,10.49,0.001230724
7/1/2022 16:00,12.565,0.001474171
7/1/2022 16:15,11.98,0.001405537
7/1/2022 16:30,9.83,0.001153291
7/1/2022 16:45,12.515,0.001468305
7/1/2022 17:00,11.295,0.00132517
7/1/2022 17:15,11.935,0.001400257
7/1/2022 17:30,11.4,0.001337489
7/1/2022 17:45,16.86,0.001978076
7/1/2022 18:00,12.065,0.001415509
7/1/2022 18:15,12.445,0.001460092
7/1/2022 18:30,12.435,0.001458919
7/1/2022 18:45,10.965,0.001286453
7/1/2022 19:00,18.455,0.002165207
7/1/2022 19:15,16.55,0.001941705
7/1/2022 19:30,18.555,0.002176939
7/1/2022 19:45,25.41,0.002981192
7/1/2022 20:00,20.87,0.002448543
7/1/2022 20:15,28.93,0.003394171
7/1/2022 20:30,62.115,0.007287555
7/1/2022 20:45,40.46,0.004746912
7/1/2022 21:00,83.91,0.009844623
7/1/2022 21:15,103.1,0.012096062
7/1/2022 21:30,265.195,0.03111363
7/1/2022 21:45,327.655,0.038441661
7/1/2022 22:00,324.61,0.038084411
7/1/2022 22:15,266.875,0.031310733
7/1/2022 22:30,442.17,0.051876972
7/1/2022 22:45,400.075,0.046938236
7/1/2022 23:00,273.88,0.032132585
7/1/2022 23:15,326.365,0.038290314
7/1/2022 23:30,357.28,0.041917373
7/1/2022 23:45,374.925,0.043987547
7/2/2022 0:00,409.36,0.048027585
7/2/2022 0:15,466.165,0.054692152
7/2/2022 0:30,522.37,0.061286324
7/2/2022 0:45,519.77,0.060981283
7/2/2022 1:00,469.63,0.055098678
7/2/2022 1:15,444.1,0.052103407
7/2/2022 1:30,459.855,0.05395184
7/2/2022 1:45,506.71,0.059449037
7/2/2022 2:00,547.37,0.064219414
7/2/2022 2:15,577.015,0.067697472
7/2/2022 2:30,593.485,0.069629791
7/2/2022 2:45,589.295,0.069138205
7/2/2022 3:00,564.08,0.066179891
7/2/2022 3:15,518.97,0.060887424
7/2/2022 3:30,457.81,0.053711913
7/2/2022 3:45,410.995,0.048219409
7/2/2022 4:00,330.675,0.038795978
7/2/2022 4:15,273.685,0.032109707
7/2/2022 4:30,237.675,0.027884884
7/2/2022 4:45,213.59,0.025059146
7/2/2022 5:00,184.91,0.021694305
7/2/2022 5:15,165.165,0.019377751
7/2/2022 5:30,147.085,0.01725654
7/2/2022 5:45,136.605,0.016026989
7/2/2022 6:00,126.745,0.014870179
7/2/2022 6:15,119.125,0.013976173
7/2/2022 6:30,117.655,0.013803707
7/2/2022 6:45,109.055,0.012794724
7/2/2022 7:00,108.215,0.012696172
7/2/2022 7:15,108.895,0.012775952
7/2/2022 7:30,104.93,0.012310764
7/2/2022 7:45,99.215,0.01164026
7/2/2022 8:00,95.28,0.011178592
7/2/2022 8:15,94.18,0.011049536
7/2/2022 8:30,92.97,0.010907574
7/2/2022 8:45,90.44,0.010610746
7/2/2022 9:00,88.925,0.010433
7/2/2022 9:15,86.535,0.010152597
7/2/2022 9:30,85.9,0.010078096
7/2/2022 9:45,86.97,0.010203633
7/2/2022 10:00,86.21,0.010114467
7/2/2022 10:15,88.205,0.010348527
7/2/2022 10:30,87.43,0.010257602
7/2/2022 10:45,81.725,0.00958827
7/2/2022 11:00,79.08,0.00927795
7/2/2022 11:15,74.435,0.008732981
7/2/2022 11:30,69.725,0.008180387
7/2/2022 11:45,66.67,0.007821964
7/2/2022 12:00,66.66,0.007820791
7/2/2022 12:15,65.415,0.007674723
7/2/2022 12:30,57.25,0.006716776
7/2/2022 12:45,56.17,0.006590066
7/2/2022 13:00,52.175,0.006121358
7/2/2022 13:15,50.205,0.005890231
7/2/2022 13:30,55.515,0.006513219
7/2/2022 13:45,50.605,0.00593716
7/2/2022 14:00,51.31,0.006019873
7/2/2022 14:15,45.07,0.005287774
7/2/2022 14:30,50.61,0.005937747
7/2/2022 14:45,48.825,0.005728324
7/2/2022 15:00,43.5,0.005103576
7/2/2022 15:15,47.115,0.005527701
7/2/2022 15:30,45.63,0.005353475
7/2/2022 15:45,43.615,0.005117068
7/2/2022 16:00,45.41,0.005327664
7/2/2022 16:15,41.625,0.004883594
7/2/2022 16:30,291.105,0.034153484
7/2/2022 16:45,228.73,0.026835425
7/2/2022 17:00,620.345,0.072781103
7/2/2022 17:15,366.895,0.043045439
7/2/2022 17:30,167.69,0.019673993
7/2/2022 17:45,151.95,0.01782732
7/2/2022 18:00,286.82,0.033650752
7/2/2022 18:15,358.07,0.042010058
7/2/2022 18:30,241.465,0.028329541
7/2/2022 18:45,135.54,0.015902039
7/2/2022 19:00,84.755,0.009943761
7/2/2022 19:15,62.5,0.007332724
7/2/2022 19:30,51.395,0.006029846
7/2/2022 19:45,51.74,0.006070323
7/2/2022 20:00,53.505,0.006277399
7/2/2022 20:15,46.74,0.005483705
7/2/2022 20:30,45.83,0.00537694
7/2/2022 20:45,46.72,0.005481358
7/2/2022 21:00,40.19,0.004715235
7/2/2022 21:15,39.36,0.004617857
7/2/2022 21:30,43.68,0.005124694
7/2/2022 21:45,43.88,0.005148159
7/2/2022 22:00,42.325,0.004965721
7/2/2022 22:15,39.84,0.004674172
7/2/2022 22:30,37.705,0.004423686
7/2/2022 22:45,42.55,0.004992119
7/2/2022 23:00,41.42,0.004859543
7/2/2022 23:15,45.485,0.005336464
7/2/2022 23:30,51.425,0.006033366
7/2/2022 23:45,49.225,0.005775254
7/3/2022 0:00,55.25,0.006482128
7/3/2022 0:15,86.98,0.010204806
7/3/2022 0:30,255.56,0.029983217
7/3/2022 0:45,446.98,0.052441299
7/3/2022 1:00,588.37,0.069029681
7/3/2022 1:15,663.945,0.077896411
7/3/2022 1:30,655.485,0.076903854
7/3/2022 1:45,612.305,0.071837821
7/3/2022 2:00,525.915,0.061702236
7/3/2022 2:15,447.605,0.052514626
7/3/2022 2:30,362.235,0.042498711
7/3/2022 2:45,288.245,0.033817938
7/3/2022 3:00,230.28,0.027017276
7/3/2022 3:15,180.09,0.021128805
7/3/2022 3:30,166.92,0.019583654
7/3/2022 3:45,227.505,0.026691704
7/3/2022 4:00,341.685,0.040087711
7/3/2022 4:15,419.295,0.049193195
7/3/2022 4:30,458.07,0.053742417
7/3/2022 4:45,454.82,0.053361116
7/3/2022 5:00,441.365,0.051782527
7/3/2022 5:15,392.64,0.046065935
7/3/2022 5:30,326.145,0.038264503
7/3/2022 5:45,267.565,0.031391687
7/3/2022 6:00,216.825,0.025438688
7/3/2022 6:15,192.845,0.022625268
7/3/2022 6:30,165.07,0.019366605
7/3/2022 6:45,136.595,0.016025816
7/3/2022 7:00,145.285,0.017045358
7/3/2022 7:15,125.85,0.014765174
7/3/2022 7:30,99.91,0.0117218
7/3/2022 7:45,88.46,0.010378445
7/3/2022 8:00,122.4,0.014360408
7/3/2022 8:15,81.23,0.009530195
7/3/2022 8:30,81.75,0.009591204
7/3/2022 8:45,66.895,0.007848362
7/3/2022 9:00,69.4,0.008142257
7/3/2022 9:15,60.145,0.007056427
7/3/2022 9:30,64.58,0.007576757
7/3/2022 9:45,56.325,0.006608251
7/3/2022 10:00,54.78,0.006426986
7/3/2022 10:15,55.74,0.006539617
7/3/2022 10:30,51.785,0.006075602
7/3/2022 10:45,51.185,0.006005208
7/3/2022 11:00,53.385,0.00626332
7/3/2022 13:00,50.835,0.005964145
7/3/2022 13:15,50.545,0.005930121
7/3/2022 13:30,46.445,0.005449094
7/3/2022 13:45,45.48,0.005335877
7/3/2022 14:00,48.625,0.00570486
7/3/2022 14:15,45.76,0.005368728
7/3/2022 14:30,41.98,0.004925244
7/3/2022 14:45,42.195,0.004950469
7/3/2022 15:00,57.88,0.006790689
7/3/2022 15:15,40.965,0.004806161
7/3/2022 15:30,42.88,0.005030836
7/3/2022 15:45,63.545,0.007455328
7/3/2022 16:00,38.42,0.004507572
7/3/2022 16:15,40.465,0.004747499
7/3/2022 16:30,47.055,0.005520662
7/3/2022 16:45,43.66,0.005122348
7/3/2022 17:00,40.035,0.00469705
7/3/2022 17:15,48.585,0.005700167
7/3/2022 17:30,37.565,0.004407261
7/3/2022 17:45,41.16,0.004829039
7/3/2022 18:00,48.095,0.005642678
7/3/2022 18:15,42.935,0.005037288
7/3/2022 18:30,33.65,0.003947939
7/3/2022 18:45,37.65,0.004417233
7/3/2022 19:15,36.2,0.004247114
7/3/2022 19:30,37.92,0.004448911
7/3/2022 19:45,35.155,0.004124511
7/3/2022 20:00,40.73,0.00477859
7/3/2022 20:15,34.22,0.004014813
7/3/2022 20:30,48.175,0.005652064
7/3/2022 20:45,36.02,0.004225996
7/3/2022 21:00,42.35,0.004968654
7/3/2022 21:15,33.065,0.003879305
7/3/2022 21:30,36.215,0.004248874
7/3/2022 21:45,33.75,0.003959671
7/3/2022 22:00,39.925,0.004684144
7/3/2022 22:15,39.515,0.004636042
7/3/2022 22:30,35.105,0.004118645
7/3/2022 22:45,35.53,0.004168507
7/3/2022 23:00,32.14,0.00377078
7/3/2022 23:15,33.755,0.003960258
7/3/2022 23:30,34.455,0.004042384
7/3/2022 23:45,31.89,0.003741449
7/4/2022 0:00,32.15,0.003771953
7/4/2022 0:15,40.585,0.004761578
7/4/2022 0:30,37.025,0.004343906
7/4/2022 0:45,38.18,0.004479415
7/4/2022 1:00,35.64,0.004181413
7/4/2022 1:15,38.305,0.00449408
7/4/2022 1:30,36.525,0.004285244
7/4/2022 1:45,48.295,0.005666143
7/4/2022 2:00,32.155,0.00377254
7/4/2022 2:15,31.1,0.003648764
7/4/2022 2:30,56.685,0.006650488
7/4/2022 2:45,39.325,0.00461375
7/4/2022 3:00,30.7,0.003601834
7/4/2022 3:15,27.99,0.003283887
7/4/2022 3:30,41.215,0.004835492
7/4/2022 3:45,30.25,0.003549039
7/4/2022 4:00,28.265,0.003316151
7/4/2022 4:15,27.375,0.003211733
7/4/2022 4:30,49.685,0.005829223
7/4/2022 4:45,27.985,0.003283301
7/4/2022 5:15,27.385,0.003212907
7/4/2022 5:30,25.95,0.003044547
7/4/2022 5:45,26.265,0.003081504
7/4/2022 6:00,62.635,0.007348563
7/4/2022 6:15,35.415,0.004155015
7/4/2022 6:30,28.18,0.003306179
7/4/2022 6:45,35.98,0.004221303
7/4/2022 7:00,41.43,0.004860716
7/4/2022 7:15,30.27,0.003551385
7/4/2022 7:30,31.195,0.003659909
7/4/2022 7:45,40.405,0.00474046
7/4/2022 8:00,25.435,0.002984126
7/4/2022 8:15,28.395,0.003331403
7/4/2022 8:30,26.445,0.003102622
7/4/2022 8:45,24.175,0.002836298
7/4/2022 9:00,24.44,0.002867389
7/4/2022 9:15,28.705,0.003367774
7/4/2022 9:30,32.705,0.003837068
7/4/2022 9:45,23.67,0.002777049
7/4/2022 10:00,22.055,0.002587572
7/4/2022 10:15,41.825,0.004907059
7/4/2022 10:30,21.8,0.002557654
7/4/2022 10:45,30.23,0.003546692
7/4/2022 11:00,29.28,0.003435235
7/4/2022 11:15,25.94,0.003043374
7/4/2022 11:30,21.795,0.002557068
7/4/2022 11:45,31.77,0.00372737
7/4/2022 12:00,21.525,0.00252539
7/4/2022 12:15,53.97,0.006331954
7/4/2022 12:30,35.585,0.00417496
7/4/2022 12:45,39.26,0.004606124
7/4/2022 13:00,41.775,0.004901193
7/4/2022 13:15,27.555,0.003232852
7/4/2022 13:30,21.235,0.002491366
7/4/2022 13:45,24.18,0.002836884
7/4/2022 14:00,21.285,0.002497233
7/4/2022 14:15,30.91,0.003626472
7/4/2022 14:30,22.715,0.002665005
7/4/2022 14:45,25.015,0.00293485
7/4/2022 15:00,20.165,0.00236583
7/4/2022 15:15,50.455,0.005919562
7/4/2022 15:30,22.455,0.002634501
7/4/2022 15:45,33.06,0.003878718
7/4/2022 16:00,27.97,0.003281541
7/4/2022 16:15,33.775,0.003962604
7/4/2022 16:30,29.63,0.003476298
7/4/2022 16:45,49.585,0.00581749
7/4/2022 17:00,24.49,0.002873255
7/4/2022 17:15,31.775,0.003727957
7/4/2022 17:30,22.69,0.002662072
7/4/2022 17:45,25.55,0.002997618
7/4/2022 18:00,23.17,0.002718388
7/4/2022 18:15,33.575,0.00393914
7/4/2022 18:30,22.96,0.00269375
7/4/2022 18:45,21.83,0.002561174
7/4/2022 19:00,23.615,0.002770597
7/4/2022 19:15,25.98,0.003048067
7/4/2022 19:30,30.6,0.003590102
7/4/2022 19:45,27.2,0.003191202
7/4/2022 20:00,23.435,0.002749478
7/4/2022 20:15,26.935,0.003160111
7/4/2022 20:30,26.38,0.003094996
7/4/2022 20:45,26.66,0.003127847
7/4/2022 21:00,24.76,0.002904932
7/4/2022 21:15,31.46,0.003691
7/4/2022 21:30,26.995,0.00316715
7/4/2022 21:45,34.615,0.004061156
7/4/2022 22:00,45.85,0.005379287
7/4/2022 22:15,21.91,0.00257056
7/4/2022 22:30,25.745,0.003020496
7/4/2022 22:45,22.005,0.002581706
7/4/2022 23:00,29.35,0.003443447
7/4/2022 23:15,21.16,0.002482567
7/4/2022 23:30,22.5,0.002639781
7/4/2022 23:45,22.975,0.002695509
7/5/2022 0:00,38.12,0.004472375
7/5/2022 0:15,23.425,0.002748305
7/5/2022 0:30,30.545,0.003583649
7/5/2022 0:45,21.76,0.002552961
7/5/2022 1:00,28.06,0.0032921
7/5/2022 1:15,20.315,0.002383429
7/5/2022 1:30,24.84,0.002914318
7/5/2022 1:45,21.445,0.002516004
7/5/2022 2:00,26.05,0.00305628
7/5/2022 2:15,20.915,0.002453823
7/5/2022 2:30,19.895,0.002334153
7/5/2022 2:45,25.24,0.002961247
7/5/2022 3:00,20.525,0.002408067
7/5/2022 3:15,25.585,0.003001724
7/5/2022 3:30,23.045,0.002703722
7/5/2022 3:45,18.06,0.002118864
7/5/2022 4:00,45.975,0.005393952
7/5/2022 4:15,26.54,0.003113768
7/5/2022 4:30,25.49,0.002990578
7/5/2022 4:45,38.635,0.004532797
7/5/2022 5:00,24.01,0.002816939
7/5/2022 5:15,35.825,0.004203118
7/5/2022 5:30,22.445,0.002633328
7/5/2022 5:45,22.17,0.002601064
7/5/2022 6:00,22.18,0.002602237
7/5/2022 6:15,19.07,0.002237361
7/5/2022 6:30,31.935,0.003746729
7/5/2022 6:45,23.785,0.002790542
7/5/2022 7:00,21.095,0.002474941
7/5/2022 7:15,19.405,0.002276664
7/5/2022 7:30,20.195,0.00236935
7/5/2022 7:45,18.01,0.002112998
7/5/2022 8:00,18.565,0.002178112
7/5/2022 8:15,18.4,0.002158754
7/5/2022 8:30,25.905,0.003039268
7/5/2022 8:45,19.24,0.002257306
7/5/2022 9:00,19.555,0.002294263
7/5/2022 9:15,21.865,0.00256528
7/5/2022 9:30,42.76,0.005016757
7/5/2022 9:45,15.43,0.001810303
7/5/2022 10:00,17.1,0.002006233
7/5/2022 10:15,18.635,0.002186325
7/5/2022 10:30,24.03,0.002819286
7/5/2022 10:45,19.965,0.002342365
7/5/2022 11:00,21.35,0.002504859
7/5/2022 11:15,16.885,0.001981009
7/5/2022 11:30,20.285,0.002379909
7/5/2022 11:45,20.905,0.00245265
7/5/2022 12:00,16.275,0.001909441
7/5/2022 12:15,19.255,0.002259066
7/5/2022 12:30,17.9,0.002100092
7/5/2022 12:45,17.05,0.002000367
7/5/2022 13:00,37.535,0.004403741
7/5/2022 13:15,19.83,0.002326527
7/5/2022 13:30,17.35,0.002035564
7/5/2022 13:45,21.705,0.002546509
7/5/2022 14:00,21.345,0.002504272
7/5/2022 14:15,17.4,0.00204143
7/5/2022 14:30,15.745,0.00184726
7/5/2022 14:45,42.545,0.004991532
7/5/2022 15:00,29.815,0.003498003
7/5/2022 15:15,26.05,0.00305628
7/5/2022 15:30,26.1,0.003062146
7/5/2022 15:45,20.15,0.00236407
7/5/2022 16:00,22.65,0.002657379
7/5/2022 16:15,21.715,0.002547682
7/5/2022 16:30,16.905,0.001983355
7/5/2022 16:45,41.41,0.00485837
7/5/2022 17:00,18.115,0.002125317
7/5/2022 17:15,17.195,0.002017379
7/5/2022 17:30,20.79,0.002439157
7/5/2022 17:45,18.415,0.002160514
7/5/2022 18:00,18.095,0.00212297
7/5/2022 18:15,21.245,0.00249254
7/5/2022 18:30,54.54,0.006398829
7/5/2022 18:45,73.21,0.00858926
7/5/2022 19:00,80.125,0.009400553
7/5/2022 19:15,97.005,0.011380975
7/5/2022 19:30,110.61,0.012977162
7/5/2022 19:45,190.44,0.022343105
7/5/2022 20:00,274.08,0.03215605
7/5/2022 20:15,318.605,0.037379883
7/5/2022 20:30,337.81,0.039633082
7/5/2022 20:45,387.845,0.045503368
7/5/2022 21:00,505.55,0.059312941
7/5/2022 21:15,710.195,0.083322628
7/5/2022 21:30,952.245,0.111720803
7/5/2022 21:45,978.83,0.11483985
7/5/2022 22:00,730.495,0.085704296
7/5/2022 22:15,464.535,0.054500914
7/5/2022 22:30,305.155,0.03580188
7/5/2022 22:45,236.37,0.027731777
7/5/2022 23:00,206.345,0.024209136
7/5/2022 23:15,204.89,0.024038431
7/5/2022 23:30,221.46,0.025982482
7/5/2022 23:45,253.735,0.029769101
7/6/2022 0:00,291.54,0.03420452
7/6/2022 0:15,325.335,0.03816947
7/6/2022 0:30,353.285,0.041448665
7/6/2022 0:45,376.605,0.044184651
7/6/2022 1:00,406.885,0.047737209
7/6/2022 1:15,471.395,0.055305754
7/6/2022 1:30,565.235,0.0663154
7/6/2022 1:45,672.365,0.078884276
7/6/2022 2:00,746.855,0.08762371
7/6/2022 2:15,795.245,0.093300999
7/6/2022 2:30,822.37,0.096483401
7/6/2022 2:45,826.95,0.097020743
7/6/2022 3:00,779.76,0.091484243
7/6/2022 3:15,708.05,0.083070968
7/6/2022 3:30,641.385,0.075249591
7/6/2022 3:45,582.205,0.068306381
7/6/2022 4:00,540.415,0.063403428
7/6/2022 4:15,513.155,0.060205187
7/6/2022 4:30,509.575,0.059785169
7/6/2022 4:45,507.27,0.059514738
7/6/2022 5:00,487.055,0.057143042
7/6/2022 5:15,444.775,0.0521826
7/6/2022 5:30,390.865,0.045857685
7/6/2022 5:45,340.49,0.039947509
7/6/2022 6:00,303.42,0.035598324
7/6/2022 6:15,274.62,0.032219405
7/6/2022 6:30,256.365,0.030077662
7/6/2022 6:45,242.135,0.028408148
7/6/2022 7:00,234.515,0.027514142
7/6/2022 7:15,216.72,0.025426369
7/6/2022 7:30,206.59,0.024237881
7/6/2022 7:45,197.79,0.023205433
7/6/2022 8:00,193.865,0.022744938
7/6/2022 8:15,193.32,0.022680997
7/6/2022 8:30,192.42,0.022575405
7/6/2022 8:45,196.715,0.02307931
7/6/2022 9:00,200.495,0.023522793
7/6/2022 9:15,191.78,0.022500318
7/6/2022 9:30,179.335,0.021040226
7/6/2022 9:45,167.95,0.019704497
7/6/2022 10:00,154.765,0.018157586
7/6/2022 10:15,148.475,0.01741962
7/6/2022 10:30,140.36,0.016467539
7/6/2022 10:45,135.295,0.015873295
7/6/2022 11:00,132.895,0.015591719
7/6/2022 11:15,128.62,0.01509016
7/6/2022 11:30,128.285,0.015050857
7/6/2022 11:45,126.63,0.014856686
7/6/2022 12:00,127.965,0.015013313
7/6/2022 12:15,129.015,0.015136503
7/6/2022 12:30,127.83,0.014997475
7/6/2022 12:45,123.43,0.014481251
7/6/2022 13:00,120.84,0.014177383
7/6/2022 13:15,117.445,0.013779069
7/6/2022 13:30,116.425,0.013659399
7/6/2022 13:45,116.155,0.013627722
7/6/2022 14:00,115.855,0.013592525
7/6/2022 14:15,114.935,0.013484587
7/6/2022 14:30,106.5,0.012494962
7/6/2022 14:45,106.96,0.012548931
7/6/2022 15:00,110.365,0.012948418
7/6/2022 15:15,100.62,0.0118051
7/6/2022 15:30,105.455,0.012372359
7/6/2022 15:45,97.15,0.011397987
7/6/2022 16:00,96.61,0.011334632
7/6/2022 16:15,97.29,0.011414412
7/6/2022 16:30,97.305,0.011416172
7/6/2022 16:45,98.915,0.011605063
7/6/2022 17:00,93.045,0.010916374
7/6/2022 17:15,89.18,0.010462918
7/6/2022 17:30,91.305,0.01071223
7/6/2022 17:45,89.065,0.010449426
7/6/2022 18:00,86.525,0.010151424
7/6/2022 18:15,87.345,0.010247629
7/6/2022 18:30,88.1,0.010336208
7/6/2022 18:45,83.485,0.00979476
7/6/2022 19:00,84.62,0.009927922
7/6/2022 19:15,81.225,0.009529609
7/6/2022 19:30,85.6,0.010042899
7/6/2022 19:45,81.105,0.00951553
7/6/2022 20:00,82.845,0.009719673
7/6/2022 20:15,80.735,0.00947212
7/6/2022 20:30,81.55,0.009567739
7/6/2022 20:45,80.885,0.009489719
7/6/2022 21:00,80.995,0.009502624
7/6/2022 21:15,81.525,0.009564806
7/6/2022 21:30,78.325,0.00918937
7/6/2022 21:45,77.92,0.009141854
7/6/2022 22:00,80.28,0.009418738
7/6/2022 22:15,76.805,0.009011038
7/6/2022 22:30,78.29,0.009185264
7/6/2022 22:45,77.99,0.009150067
7/6/2022 23:00,75.025,0.008802202
7/6/2022 23:15,74.1,0.008693678
7/6/2022 23:30,73.28,0.008597473
7/6/2022 23:45,72.905,0.008553476
7/7/2022 0:00,70.275,0.008244915
7/7/2022 0:15,68.545,0.008041946
7/7/2022 0:30,70.88,0.008315896
7/7/2022 0:45,71.87,0.008432046
7/7/2022 1:00,66.315,0.007780314
7/7/2022 1:15,66.745,0.007830763
7/7/2022 1:30,69.615,0.008167482
7/7/2022 1:45,68.315,0.008014961
7/7/2022 2:00,64.44,0.007560332
7/7/2022 2:15,64.335,0.007548013
7/7/2022 2:30,64.815,0.007604329
7/7/2022 2:45,63.095,0.007402532
7/7/2022 3:00,65.09,0.007636593
7/7/2022 3:15,65.01,0.007627207
7/7/2022 3:30,64.18,0.007529828
7/7/2022 3:45,65.92,0.007733971
7/7/2022 4:00,61.41,0.007204842
7/7/2022 4:15,58.615,0.006876922
7/7/2022 4:30,58.96,0.006917399
7/7/2022 4:45,58.97,0.006918572
7/7/2022 5:00,54.78,0.006426986
7/7/2022 5:15,57.67,0.006766051
7/7/2022 5:30,58.895,0.006909773
7/7/2022 5:45,58.905,0.006910946
7/7/2022 6:00,55.3,0.006487995
7/7/2022 6:15,63.195,0.007414264
7/7/2022 6:30,56.85,0.006669846
7/7/2022 6:45,58.855,0.00690508
7/7/2022 7:00,54.865,0.006436959
7/7/2022 7:15,53.66,0.006295584
7/7/2022 7:30,52.92,0.006208764
7/7/2022 7:45,61.925,0.007265263
7/7/2022 8:00,52.365,0.00614365
7/7/2022 8:15,51.975,0.006097894
7/7/2022 8:30,53.77,0.006308489
7/7/2022 8:45,52.635,0.006175327
7/7/2022 9:00,54.66,0.006412907
7/7/2022 9:15,52.46,0.006154796
7/7/2022 9:30,48.19,0.005653824
7/7/2022 9:45,48.32,0.005669076
7/7/2022 10:00,47.73,0.005599855
7/7/2022 10:15,47.275,0.005546473
7/7/2022 10:30,48.655,0.005708379
7/7/2022 10:45,47.39,0.005559965
7/7/2022 11:00,50.505,0.005925428
7/7/2022 11:15,45.925,0.005388086
7/7/2022 11:30,45.24,0.005307719
7/7/2022 11:45,45.475,0.00533529
7/7/2022 12:00,44.79,0.005254924
7/7/2022 12:15,45.52,0.00534057
7/7/2022 12:30,46.15,0.005414484
7/7/2022 12:45,47.48,0.005570524
7/7/2022 13:00,53.735,0.006304383
7/7/2022 13:15,126.935,0.01489247
7/7/2022 13:30,39.86,0.004676518
7/7/2022 13:45,317.125,0.037206244
7/7/2022 14:00,54.515,0.006395896
7/7/2022 14:15,67.39,0.007906437
7/7/2022 14:30,384.625,0.045125586
7/7/2022 14:45,675.455,0.079246806
7/7/2022 15:00,472.035,0.055380841
7/7/2022 15:15,370.68,0.043489509
7/7/2022 15:30,340.19,0.039912312
7/7/2022 15:45,292.92,0.034366426
7/7/2022 16:00,244.995,0.028743693
7/7/2022 16:15,216.425,0.025391758
7/7/2022 16:30,203.68,0.023896469
7/7/2022 16:45,188.235,0.022084406
7/7/2022 17:00,174.025,0.020417238
7/7/2022 17:15,159.2,0.018677916
7/7/2022 17:30,152.945,0.017944057
7/7/2022 17:45,147.98,0.017361545
7/7/2022 18:00,143.04,0.016781966
7/7/2022 18:15,133.59,0.015673258
7/7/2022 18:30,130.14,0.015268492
7/7/2022 18:45,129.2,0.015158208
7/7/2022 19:00,123.72,0.014515275
7/7/2022 19:15,117.555,0.013791975
7/7/2022 19:30,116.165,0.013628895
7/7/2022 19:45,113.05,0.013263432
7/7/2022 20:00,111.045,0.013028198
7/7/2022 20:15,110.22,0.012931406
7/7/2022 20:30,105.62,0.012391718
7/7/2022 20:45,103.25,0.012113661
7/7/2022 21:00,101.155,0.011867868
7/7/2022 21:15,102.175,0.011987538
7/7/2022 21:30,101.135,0.011865521
7/7/2022 21:45,94.33,0.011067134
7/7/2022 22:00,95.85,0.011245466
7/7/2022 22:15,94.25,0.011057748
7/7/2022 22:30,90.61,0.010630691
7/7/2022 22:45,92.45,0.010846566
7/7/2022 23:00,91.715,0.010760333
7/7/2022 23:15,85.725,0.010057565
7/7/2022 23:30,86.97,0.010203633
7/7/2022 23:45,87.195,0.01023003
7/8/2022 0:00,86.74,0.010176648
7/8/2022 0:15,82.355,0.009662184
7/8/2022 0:30,82.2,0.009643999
7/8/2022 0:45,80.405,0.009433403
7/8/2022 1:00,78.875,0.009253898
7/8/2022 1:15,76.34,0.008956483
7/8/2022 1:30,74.315,0.008718903
7/8/2022 1:45,73.375,0.008608618
7/8/2022 2:00,76.85,0.009016318
7/8/2022 2:15,72.2,0.008470763
7/8/2022 2:30,74.515,0.008742367
7/8/2022 2:45,72.88,0.008550543
7/8/2022 3:00,74.05,0.008687812
7/8/2022 3:15,72.185,0.008469003
7/8/2022 3:30,72.51,0.008507134
7/8/2022 3:45,68.435,0.00802904
7/8/2022 4:00,70.58,0.008280699
7/8/2022 4:15,68.635,0.008052505
7/8/2022 4:30,66.24,0.007771515
7/8/2022 4:45,67.14,0.007877106
7/8/2022 5:00,66.385,0.007788527
7/8/2022 5:15,65.555,0.007691148
7/8/2022 5:30,64.375,0.007552706
7/8/2022 5:45,66.32,0.007780901
7/8/2022 6:00,65.235,0.007653604
7/8/2022 6:15,65.49,0.007683522
7/8/2022 6:30,63.45,0.007444182
7/8/2022 6:45,68.66,0.008055438
7/8/2022 7:00,62.75,0.007362055
7/8/2022 7:15,62.02,0.007276409
7/8/2022 7:30,62.215,0.007299287
7/8/2022 7:45,62.235,0.007301634
7/8/2022 8:00,58.53,0.00686695
7/8/2022 8:15,61.57,0.007223613
7/8/2022 8:30,59.68,0.007001872
7/8/2022 8:45,60.45,0.007092211
7/8/2022 9:00,60.565,0.007105703
7/8/2022 9:15,58.135,0.006820607
7/8/2022 9:30,57.705,0.006770158
7/8/2022 9:45,57.15,0.006705043
7/8/2022 10:00,57.06,0.006694484
7/8/2022 10:15,54.28,0.006368325
7/8/2022 10:30,53.4,0.00626508
7/8/2022 10:45,55.4,0.006499727
7/8/2022 11:00,54.21,0.006360112
7/8/2022 11:15,54.975,0.006449864
7/8/2022 11:30,53.2,0.006241615
7/8/2022 11:45,53.45,0.006270946
7/8/2022 12:00,56.24,0.006598279
7/8/2022 12:15,52.41,0.006148929
7/8/2022 12:30,53.19,0.006240442
7/8/2022 12:45,53.075,0.00622695
7/8/2022 13:00,53.695,0.00629969
7/8/2022 13:15,52.61,0.006172394
7/8/2022 13:30,52.83,0.006198205
7/8/2022 13:45,53.245,0.006246895
7/8/2022 14:00,53.285,0.006251588
7/8/2022 14:15,53.485,0.006275052
7/8/2022 14:30,53.545,0.006282092
7/8/2022 14:45,52.91,0.006207591
7/8/2022 15:00,53.53,0.006280332
7/8/2022 15:15,54.135,0.006351313
7/8/2022 15:30,53.4,0.00626508
7/8/2022 15:45,52.495,0.006158902
7/8/2022 16:00,49.93,0.005857967
7/8/2022 16:15,52.71,0.006184126
7/8/2022 16:30,53.56,0.006283852
7/8/2022 16:45,53.44,0.006269773
7/8/2022 17:00,53.03,0.00622167
7/8/2022 17:15,51.185,0.006005208
7/8/2022 17:30,50.27,0.005897857
7/8/2022 17:45,51.1,0.005995235
7/8/2022 18:00,50.97,0.005979983
7/8/2022 18:15,49.735,0.005835089
7/8/2022 18:30,48.485,0.005688434
7/8/2022 18:45,50.305,0.005901963
7/8/2022 19:00,50.15,0.005883778
7/8/2022 19:15,48.92,0.00573947
7/8/2022 19:30,48.93,0.005740643
7/8/2022 19:45,47.77,0.005604548
7/8/2022 20:00,49.045,0.005754136
7/8/2022 20:15,47.83,0.005611587
7/8/2022 20:30,49.02,0.005751202
7/8/2022 20:45,49.45,0.005801652
7/8/2022 21:00,50.33,0.005904896
7/8/2022 21:15,48.81,0.005726564
7/8/2022 21:30,50.02,0.005868526
7/8/2022 21:45,47.78,0.005605721
7/8/2022 22:00,49.765,0.005838608
7/8/2022 22:15,50.92,0.005974117
7/8/2022 22:30,54.33,0.006374191
7/8/2022 22:45,57.38,0.006732028
7/8/2022 23:00,54.445,0.006387683
7/8/2022 23:15,56.47,0.006625263
7/8/2022 23:30,55.37,0.006496207
7/8/2022 23:45,55.215,0.006478022
7/9/2022 0:00,54.365,0.006378297
7/9/2022 0:15,52.175,0.006121358
7/9/2022 0:30,51.245,0.006012247
7/9/2022 0:45,51.64,0.00605859
7/9/2022 1:00,50.27,0.005897857
7/9/2022 1:15,47,0.005514209
7/9/2022 1:30,47.415,0.005562898
7/9/2022 1:45,47.12,0.005528288
7/9/2022 2:00,45.47,0.005334704
7/9/2022 2:15,44.76,0.005251404
7/9/2022 2:30,44.965,0.005275455
7/9/2022 2:45,44.41,0.005210341
7/9/2022 3:00,45.02,0.005281908
7/9/2022 3:15,43.135,0.005060753
7/9/2022 3:30,43.16,0.005063686
7/9/2022 3:45,42.8,0.00502145
7/9/2022 4:00,42.77,0.00501793
7/9/2022 4:15,43.45,0.00509771
7/9/2022 4:30,42.995,0.005044328
7/9/2022 4:45,42.465,0.004982146
7/9/2022 5:00,42.21,0.004952229
7/9/2022 5:15,40.225,0.004719341
7/9/2022 5:30,40.935,0.004802641
7/9/2022 5:45,40.8,0.004786803
7/9/2022 6:00,39.46,0.004629589
7/9/2022 6:15,40.895,0.004797948
7/9/2022 6:30,40.985,0.004808507
7/9/2022 6:45,40.43,0.004743393
7/9/2022 7:00,40.225,0.004719341
7/9/2022 7:15,39.79,0.004668306
7/9/2022 7:30,38.385,0.004503466
7/9/2022 7:45,40.03,0.004696463
7/9/2022 8:00,36.3,0.004258846
7/9/2022 8:15,37.49,0.004398461
7/9/2022 8:30,37.63,0.004414887
7/9/2022 8:45,37.405,0.004388489
7/9/2022 9:00,39.42,0.004624896
7/9/2022 9:15,39.605,0.004646601
7/9/2022 9:30,40.23,0.004719928
7/9/2022 9:45,39.84,0.004674172
7/9/2022 10:00,39.145,0.004592632
7/9/2022 10:15,39.69,0.004656573
7/9/2022 10:30,42.6,0.004997985
7/9/2022 10:45,37.08,0.004350359
7/9/2022 11:00,39.07,0.004583833
7/9/2022 11:15,39.91,0.004682385
7/9/2022 11:30,37.745,0.004428379
7/9/2022 11:45,38.905,0.004564474
7/9/2022 12:00,39.495,0.004633695
7/9/2022 12:15,38.735,0.004544529
7/9/2022 12:30,39.265,0.004606711
7/9/2022 12:45,39.05,0.004581486
7/9/2022 13:00,38.84,0.004556848
7/9/2022 13:15,37.725,0.004426032
7/9/2022 13:30,37.56,0.004406674
7/9/2022 13:45,38.48,0.004514612
7/9/2022 14:00,36.675,0.004302843
7/9/2022 14:15,39.005,0.004576207
7/9/2022 14:30,37.655,0.00441782
7/9/2022 14:45,38.405,0.004505813
7/9/2022 15:00,38.27,0.004489974
7/9/2022 15:15,39.555,0.004640735
7/9/2022 15:30,37.995,0.00445771
7/9/2022 15:45,39.065,0.004583246
7/9/2022 16:00,38.975,0.004572687
7/9/2022 16:15,38.385,0.004503466
7/9/2022 16:30,38.515,0.004518718
7/9/2022 16:45,38.295,0.004492907
7/9/2022 17:00,37.665,0.004418993
7/9/2022 17:15,38.965,0.004571514
7/9/2022 17:30,38.705,0.00454101
7/9/2022 17:45,39.885,0.004679451
7/9/2022 18:00,34.64595238,0.004064788
7/9/2022 18:15,29.64190476,0.003477695
7/9/2022 18:30,25.48785714,0.002990327
7/9/2022 18:45,22.81380952,0.002676598
7/9/2022 19:00,19.7147619,0.002313007
7/9/2022 19:15,174.0107143,0.020415562
7/9/2022 19:30,99.86166667,0.011716129
7/9/2022 19:45,856.902619,0.100534892
7/9/2022 20:00,360.2985714,0.042271522
7/9/2022 20:15,67.42952381,0.007911074
7/9/2022 20:30,134.9954762,0.015838154
7/9/2022 20:45,15.88142857,0.001863266
7/9/2022 21:00,10.94738095,0.001284386
7/9/2022 21:15,14.53333333,0.001705103
7/9/2022 21:30,5.644285714,0.000662208
7/9/2022 21:45,22.7352381,0.00266738
7/9/2022 22:00,12.22619048,0.001434421
7/9/2022 22:15,9.682142857,0.001135944
7/9/2022 22:30,6.918095238,0.000811656
7/9/2022 22:45,6.579047619,0.000771877
7/9/2022 23:00,6.37,0.000747351
7/9/2022 23:15,3.955952381,0.000464127
7/9/2022 23:30,6.556904762,0.00076928
7/9/2022 23:45,6.077857143,0.000713076
7/10/2022 0:00,23.62880952,0.002772217
7/10/2022 0:15,55.1197619,0.006466848
7/10/2022 0:30,177.6307143,0.020840273
7/10/2022 0:45,288.9666667,0.033902607
7/10/2022 1:00,365.452619,0.042876214
7/10/2022 1:15,407.6435714,0.047826208
7/10/2022 1:30,510.3295238,0.059873692
7/10/2022 1:45,550.8104762,0.064623063
7/10/2022 2:00,551.0764286,0.064654265
7/10/2022 2:15,541.707381,0.063555055
7/10/2022 2:30,614.7983333,0.072130348
7/10/2022 2:45,501.8442857,0.058878174
7/10/2022 3:00,609.0802381,0.071459481
7/10/2022 3:15,615.1261905,0.072168813
7/10/2022 3:30,365.9271429,0.042931886
7/10/2022 3:45,145.7680952,0.017102036
7/10/2022 4:00,30.00904762,0.003520769
7/10/2022 4:15,-14.82,-0.001738736
7/10/2022 4:30,-10.86404762,-0.001274609
7/10/2022 4:45,20.67690476,0.002425889
7/10/2022 5:00,51.99285714,0.006099989
7/10/2022 5:15,93.84380952,0.011010093
7/10/2022 5:30,137.7847619,0.016165403
7/10/2022 5:45,-4.884285714,-0.000573042
7/10/2022 6:00,99.31666667,0.011652188
7/10/2022 6:15,-24.53238095,-0.002878227
7/10/2022 6:30,39.33357143,0.004614756
7/10/2022 6:45,103.5595238,0.012149975
7/10/2022 7:00,208.0454762,0.024408642
7/10/2022 7:15,260.3264286,0.030542431
7/10/2022 7:30,296.737381,0.034814295
7/10/2022 7:45,310.0433333,0.036375397
7/10/2022 8:00,362.3092857,0.042507426
7/10/2022 8:15,421.4752381,0.049448988
7/10/2022 8:30,448.9361905,0.052670806
7/10/2022 8:45,465.3271429,0.054593851
7/10/2022 9:00,484.3080952,0.056820765
7/10/2022 9:15,500.6890476,0.058742637
7/10/2022 9:30,463.46,0.054374791
7/10/2022 9:45,386.2559524,0.045316935
7/10/2022 10:00,372.0719048,0.043652812
7/10/2022 10:15,314.5128571,0.036899778
7/10/2022 10:30,260.1038095,0.030516313
7/10/2022 10:45,266.3447619,0.031248524
7/10/2022 11:00,232.3957143,0.0272655
7/10/2022 11:15,253.0766667,0.029691863
7/10/2022 11:30,169.887619,0.019931825
7/10/2022 11:45,141.2035714,0.01656651
7/10/2022 12:00,148.5595238,0.017429537
7/10/2022 12:15,146.0154762,0.01713106
7/10/2022 12:30,164.7664286,0.019330989
7/10/2022 12:45,166.472381,0.019531138
7/10/2022 13:00,209.8033333,0.02461488
7/10/2022 13:15,226.6392857,0.026590135
7/10/2022 13:30,235.8702381,0.027673143
7/10/2022 13:45,199.8361905,0.023445499
7/10/2022 14:00,254.0871429,0.029810416
7/10/2022 14:15,249.0380952,0.029218044
7/10/2022 14:30,283.6190476,0.033275205
7/10/2022 14:45,264.235,0.031000999
7/10/2022 15:00,732.0109524,0.085882153
7/10/2022 15:15,775.3669048,0.090968829
7/10/2022 15:30,1309.662857,0.153654349
7/10/2022 15:45,1147.74381,0.134657425
7/10/2022 16:00,929.5997619,0.109063982
7/10/2022 16:15,994.1307143,0.116634985
7/10/2022 16:30,840.9866667,0.098667576
7/10/2022 16:45,663.652619,0.077862108
7/10/2022 17:00,820.6835714,0.096285543
7/10/2022 17:15,1039.004524,0.121899742
7/10/2022 17:30,930.5754762,0.109178456
7/10/2022 17:45,1019.691429,0.11963386
7/10/2022 18:00,1096.377381,0.128630931
7/10/2022 18:15,502.0683333,0.05890446
7/10/2022 18:30,371.3542857,0.043568618
7/10/2022 18:45,574.2052381,0.06736782
7/10/2022 19:00,228.6311905,0.026823832
7/10/2022 19:15,398.8471429,0.046794179
7/10/2022 19:30,371.4480952,0.043579624
7/10/2022 19:45,270.0690476,0.03168547
7/10/2022 20:00,181.92,0.021343508
7/10/2022 20:15,141.6109524,0.016614305
7/10/2022 20:30,238.8669048,0.028024723
7/10/2022 20:45,186.2728571,0.0218542
7/10/2022 21:00,208.5088095,0.024463002
7/10/2022 21:15,298.7547619,0.035050981
7/10/2022 21:30,229.6657143,0.026945206
7/10/2022 21:45,213.5916667,0.025059341
7/10/2022 22:00,189.382619,0.022219049
7/10/2022 22:15,161.1135714,0.018902423
7/10/2022 22:30,151.4595238,0.017769775
7/10/2022 22:45,193.3654762,0.022686332
7/10/2022 23:00,167.0714286,0.01960142
7/10/2022 23:15,71.87738095,0.008432912
7/10/2022 23:30,74.18333333,0.008703455
7/10/2022 23:45,31.37428571,0.003680944
7/11/2022 0:00,74.4302381,0.008732423
7/11/2022 0:15,68.54619048,0.008042085
7/11/2022 0:30,63.12214286,0.007405716
7/11/2022 0:45,464.4780952,0.054494238
7/11/2022 1:00,286.2990476,0.033589632
7/11/2022 1:15,159.325,0.018692581
7/11/2022 1:30,250.6809524,0.029410789
7/11/2022 1:45,389.9069048,0.045745278
7/11/2022 2:00,388.6728571,0.045600495
7/11/2022 2:15,433.2188095,0.050826786
7/11/2022 2:30,477.7597619,0.056052491
7/11/2022 2:45,354.7607143,0.041621801
7/11/2022 3:00,469.5166667,0.055085381
7/11/2022 3:15,414.777619,0.0486632
7/11/2022 3:30,440.7435714,0.051709618
7/11/2022 3:45,377.7145238,0.044314824
7/11/2022 4:00,332.0354762,0.038955594
7/11/2022 4:15,315.8264286,0.037053891
7/11/2022 4:30,321.092381,0.037671711
7/11/2022 4:45,358.4183333,0.042050926
7/11/2022 5:00,274.1692857,0.032166525
7/11/2022 5:15,269.6002381,0.031630468
7/11/2022 5:30,338.3111905,0.039691884
7/11/2022 5:45,209.8371429,0.024618847
7/11/2022 6:00,363.9580952,0.042700871
7/11/2022 6:15,474.3240476,0.0556494
7/11/2022 6:30,319.465,0.037480781
7/11/2022 6:45,267.8859524,0.031429342
7/11/2022 7:00,327.8419048,0.038463589
7/11/2022 7:15,376.6978571,0.044195545
7/11/2022 7:30,398.9688095,0.046808453
7/11/2022 7:45,333.3497619,0.039109791
7/11/2022 8:00,419.3107143,0.049195039
7/11/2022 8:15,398.0766667,0.046703784
7/11/2022 8:30,367.532619,0.043120247
7/11/2022 8:45,360.4285714,0.042286774
7/11/2022 9:00,394.1795238,0.046246557
7/11/2022 9:15,273.6754762,0.03210859
7/11/2022 9:30,264.8064286,0.031068041
7/11/2022 9:45,195.747381,0.022965786
7/11/2022 10:00,245.1383333,0.02876051
7/11/2022 10:15,235.5742857,0.027638421
7/11/2022 10:30,356.4102381,0.041815329
7/11/2022 11:45,97.665,0.011458408
7/11/2022 12:30,89.035,0.010445906
7/11/2022 12:45,89.21,0.010466438
7/11/2022 13:00,87.325,0.010245283
7/11/2022 13:15,90.17,0.010579068
7/11/2022 13:30,92.93,0.010902881
7/11/2022 13:45,92.955,0.010905814
7/11/2022 14:00,90.56,0.010624824
7/11/2022 14:15,89.62,0.01051454
7/11/2022 14:30,86.77,0.010180168
7/11/2022 14:45,86.69,0.010170782
7/11/2022 15:00,87.11,0.010220058
7/11/2022 15:15,87.085,0.010217125
7/11/2022 15:30,88.025,0.010327409
7/11/2022 15:45,85.25,0.010001836
7/11/2022 16:00,85.705,0.010055218
7/11/2022 16:15,86.095,0.010100975
7/11/2022 16:30,85.9,0.010078096
7/11/2022 16:45,84.12,0.00986926
7/11/2022 17:00,85.115,0.009985997
7/11/2022 17:15,84.135,0.00987102
7/11/2022 17:30,84.035,0.009859288
7/11/2022 17:45,83.92,0.009845796
7/11/2022 18:00,82.915,0.009727886
7/11/2022 18:15,83.405,0.009785374
7/11/2022 18:30,83.815,0.009833477
7/11/2022 18:45,82.18,0.009641653
7/11/2022 19:00,80.465,0.009440443
7/11/2022 19:15,80.88,0.009489132
7/11/2022 19:30,79.47,0.009323706
7/11/2022 19:45,79.625,0.009341891
7/11/2022 20:00,78.96,0.009263871
7/11/2022 20:15,79.66,0.009345997
7/11/2022 20:30,77.965,0.009147134
7/11/2022 20:45,78.35,0.009192303
7/11/2022 21:00,78.53,0.009213422
7/11/2022 21:15,78.195,0.009174118
7/11/2022 21:30,78.025,0.009154173
7/11/2022 21:45,79.29,0.009302588
7/11/2022 22:00,80.665,0.009463907
7/11/2022 22:15,80.45,0.009438683
7/11/2022 22:30,78.395,0.009197583
7/11/2022 22:45,79.68,0.009348344
7/11/2022 23:00,82.14,0.00963696
7/11/2022 23:15,78.97,0.009265044
7/11/2022 23:30,78.72,0.009235713
7/11/2022 23:45,82.08,0.00962992
7/12/2022 0:00,82.93,0.009729645
7/12/2022 0:15,84.175,0.009875713
7/12/2022 0:30,88.61,0.010396043
7/12/2022 0:45,86.595,0.010159636
7/12/2022 1:00,80.38,0.00943047
7/12/2022 1:15,80.675,0.009465081
7/12/2022 1:30,80.165,0.009405246
7/12/2022 1:45,79.995,0.009385301
7/12/2022 2:00,78.385,0.00919641
7/12/2022 2:15,77.765,0.009123669
7/12/2022 2:30,77.085,0.009043889
7/12/2022 2:45,78.505,0.009210488
7/12/2022 3:00,78.515,0.009211662
7/12/2022 3:15,75.99,0.00891542
7/12/2022 3:30,76.565,0.008982881
7/12/2022 3:45,77.22,0.009059728
7/12/2022 4:00,75.87,0.008901341
7/12/2022 4:15,73.95,0.00867608
7/12/2022 4:30,72.895,0.008552303
7/12/2022 4:45,72.615,0.008519453
7/12/2022 5:00,72.32,0.008484842
7/12/2022 5:15,70.245,0.008241396
7/12/2022 5:30,72.505,0.008506547
7/12/2022 5:45,70.035,0.008216758
7/12/2022 6:00,70.54,0.008276006
7/12/2022 6:15,70.58,0.008280699
7/12/2022 6:30,71.02,0.008332321
7/12/2022 6:45,68.875,0.008080662
7/12/2022 7:00,67,0.007860681
7/12/2022 7:15,66.43,0.007793806
7/12/2022 7:30,66.955,0.007855401
7/12/2022 7:45,67.15,0.007878279
7/12/2022 8:00,66.555,0.007808472
7/12/2022 8:15,64.525,0.007570305
7/12/2022 8:30,65.495,0.007684109
7/12/2022 8:45,65.77,0.007716373
7/12/2022 9:00,69.34,0.008135218
7/12/2022 9:15,67.035,0.007864787
7/12/2022 9:30,64.74,0.007595529
7/12/2022 9:45,64.355,0.00755036
7/12/2022 10:00,63.665,0.007469406
7/12/2022 10:15,64.785,0.007600809
7/12/2022 10:30,65.15,0.007643632
7/12/2022 10:45,65.965,0.007739251
7/12/2022 11:00,66.865,0.007844842
7/12/2022 11:15,67.755,0.00794926
7/12/2022 11:30,74.79,0.008774631
7/12/2022 11:45,89.79,0.010534485
7/12/2022 12:00,110.115,0.012919087
7/12/2022 12:15,138.395,0.016236998
7/12/2022 12:30,158.125,0.018551793
7/12/2022 12:45,162.105,0.019018741
7/12/2022 13:00,150.37,0.017641948
7/12/2022 13:15,136.42,0.016005284
7/12/2022 13:30,122.03,0.014316998
7/12/2022 13:45,112.12,0.013154321
7/12/2022 14:00,106.215,0.012461525
7/12/2022 14:15,100.48,0.011788674
7/12/2022 14:30,98.98,0.011612689
7/12/2022 14:45,97.86,0.011481287
7/12/2022 15:00,95.175,0.011166273
7/12/2022 15:15,90.64,0.01063421
7/12/2022 15:30,87.17,0.010227097
7/12/2022 15:45,83.19,0.00976015
7/12/2022 16:00,81.165,0.009522569
7/12/2022 16:15,81.435,0.009554247
7/12/2022 16:30,81.045,0.00950849
7/12/2022 16:45,80.99,0.009502038
7/12/2022 17:00,80.04,0.00939058
7/12/2022 17:15,80.19,0.009408179
7/12/2022 17:30,79.505,0.009327812
7/12/2022 17:45,79.52,0.009329572
7/12/2022 18:00,77.86,0.009134815
7/12/2022 18:15,179.9,0.021106514
7/12/2022 18:30,239.98,0.028155315
7/12/2022 18:45,256.675,0.030114033
7/12/2022 19:00,251.205,0.029472273
7/12/2022 19:15,252.09,0.029576104
7/12/2022 19:30,240.875,0.02826032
7/12/2022 19:45,233.75,0.027424389
7/12/2022 20:00,231.09,0.027112309
7/12/2022 20:15,223.585,0.026231795
7/12/2022 20:30,216.575,0.025409357
7/12/2022 20:45,212.785,0.0249647
7/12/2022 21:00,208.095,0.024414453
7/12/2022 21:15,211.445,0.024807487
7/12/2022 21:30,226.685,0.026595498
7/12/2022 21:45,342.805,0.040219114
7/12/2022 22:00,91.13,0.010691699
7/12/2022 22:15,115.84,0.013590765
7/12/2022 22:30,141.31,0.016578997
7/12/2022 22:45,165.975,0.019472783
7/12/2022 23:00,182.39,0.02139865
7/12/2022 23:15,191.785,0.022500905
7/12/2022 23:30,198.3,0.023265268
7/12/2022 23:45,207.03,0.024289503
7/13/2022 0:00,221.16,0.025947285
7/13/2022 0:15,253.67,0.029761475
7/13/2022 0:30,293.585,0.034444446
7/13/2022 0:45,328.295,0.038516748
7/13/2022 1:00,372.87,0.043746447
7/13/2022 1:15,399.915,0.046919464
7/13/2022 1:30,292.765,0.034348241
7/13/2022 1:45,172.78,0.02027117
7/13/2022 2:00,133.085,0.01561401
7/13/2022 2:15,134.975,0.015835752
7/13/2022 2:30,176.215,0.020674177
7/13/2022 2:45,258.575,0.030336947
7/13/2022 3:00,370.875,0.043512387
7/13/2022 3:15,478.935,0.056190374
7/13/2022 3:30,564.31,0.066206876
7/13/2022 3:45,608.65,0.071409004
7/13/2022 4:00,647.24,0.075936521
7/13/2022 4:15,682.735,0.080100922
7/13/2022 4:30,686.34,0.080523873
7/13/2022 4:45,670.85,0.078706531
7/13/2022 5:00,652.645,0.076570655
7/13/2022 5:15,626.795,0.07353784
7/13/2022 5:30,597.59,0.070111405
7/13/2022 5:45,565.645,0.066363503
7/13/2022 6:00,540.175,0.063375271
7/13/2022 6:15,519.16,0.060909715
7/13/2022 6:30,495.205,0.058099229
7/13/2022 6:45,482.97,0.056663775
7/13/2022 7:00,469.855,0.055125076
7/13/2022 7:15,457.725,0.053701941
7/13/2022 7:30,440.145,0.051639392
7/13/2022 7:45,426.01,0.049981023
7/13/2022 8:00,408.16,0.047886797
7/13/2022 8:15,393.115,0.046121663
7/13/2022 8:30,385.765,0.045259335
7/13/2022 8:45,365.915,0.042930462
7/13/2022 9:00,356.99,0.041883349
7/13/2022 9:15,357.69,0.041965475
7/13/2022 9:30,358.575,0.042069307
7/13/2022 9:45,356.575,0.041834659
7/13/2022 10:00,358.915,0.042109197
7/13/2022 10:15,349.52,0.041006941
7/13/2022 10:30,343.055,0.040248444
7/13/2022 10:45,330.775,0.038807711
7/13/2022 11:00,319.215,0.03745145
7/13/2022 11:15,307.39,0.036064099
7/13/2022 11:30,296.295,0.034762393
7/13/2022 11:45,285.945,0.033548094
7/13/2022 12:00,276.395,0.032427654
7/13/2022 12:15,267.395,0.031371742
7/13/2022 12:30,260.075,0.030512933
7/13/2022 12:45,271.155,0.031812878
7/13/2022 13:00,241.455,0.028328368
7/13/2022 13:15,238.785,0.028015114
7/13/2022 13:30,235.37,0.027614454
7/13/2022 13:45,221.975,0.026042904
7/13/2022 14:00,216.87,0.025443967
7/13/2022 14:15,214.815,0.025202867
7/13/2022 14:30,200.84,0.02356327
7/13/2022 14:45,199.83,0.023444773
7/13/2022 15:00,198.695,0.023311611
7/13/2022 15:15,199.25,0.023376725
7/13/2022 15:30,190.98,0.022406459
7/13/2022 15:45,187.995,0.022056248
7/13/2022 16:00,186.78,0.0219137
7/13/2022 16:15,196.51,0.023055259
7/13/2022 16:30,204.575,0.024001474
7/13/2022 16:45,195.395,0.022924443
7/13/2022 17:00,197.345,0.023153224
7/13/2022 17:15,196.325,0.023033554
7/13/2022 17:30,208.445,0.024455516
7/13/2022 17:45,211.84,0.024853829
7/13/2022 18:00,211.105,0.024767597
7/13/2022 18:15,198.78,0.023321583
7/13/2022 20:30,251.47,0.029503363
7/13/2022 21:00,137.62,0.016146073
7/13/2022 21:15,130.665,0.015330087
7/13/2022 21:30,131.28,0.015402241
7/13/2022 21:45,132.85,0.015586439
7/13/2022 22:00,127.375,0.014944092
7/13/2022 22:15,124.775,0.014639051
7/13/2022 22:30,124.64,0.014623212
7/13/2022 22:45,120.49,0.014136319
7/13/2022 23:00,119.905,0.014067685
7/13/2022 23:15,120.04,0.014083524
7/13/2022 23:30,116.04,0.013614229
7/13/2022 23:45,113.625,0.013330893
7/14/2022 0:00,120.575,0.014146292
7/14/2022 0:15,124.975,0.014662516
7/14/2022 0:30,124.105,0.014560444
7/14/2022 0:45,120.16,0.014097603
7/14/2022 1:00,113.505,0.013316814
7/14/2022 1:15,110.875,0.013008253
7/14/2022 1:30,110.22,0.012931406
7/14/2022 1:45,103.965,0.012197547
7/14/2022 2:00,110.525,0.01296719
7/14/2022 2:15,102.94,0.01207729
7/14/2022 2:30,102.9,0.012072597
7/14/2022 2:45,98.325,0.011535842
7/14/2022 3:00,101.23,0.011876667
7/14/2022 3:15,100.625,0.011805686
7/14/2022 3:30,95.51,0.011205576
7/14/2022 3:45,97.38,0.011424971
7/14/2022 4:00,90.44,0.010610746
7/14/2022 4:15,93.285,0.010944531
7/14/2022 4:30,95.675,0.011224935
7/14/2022 4:45,94.74,0.011115237
7/14/2022 5:00,91.155,0.010694632
7/14/2022 5:15,89.505,0.010501048
7/14/2022 5:30,89.865,0.010543284
7/14/2022 5:45,87.115,0.010220645
7/14/2022 6:00,84.03,0.009858701
7/14/2022 6:15,87.7,0.010289279
7/14/2022 6:30,90.69,0.010640076
7/14/2022 6:45,84.08,0.009864568
7/14/2022 7:00,81.755,0.00959179
7/14/2022 7:15,84.48,0.009911497
7/14/2022 7:30,86.795,0.010183101
7/14/2022 7:45,83.86,0.009838756
7/14/2022 8:00,103.09,0.012094889
7/14/2022 8:15,83.645,0.009813532
7/14/2022 8:30,85.725,0.010057565
7/14/2022 8:45,78.15,0.009168839
7/14/2022 9:00,80.23,0.009412872
7/14/2022 9:15,102.81,0.012062038
7/14/2022 9:30,87.125,0.010221818
7/14/2022 9:45,76.275,0.008948857
7/14/2022 10:00,115.735,0.013578446
7/14/2022 10:15,74.76,0.008771112
7/14/2022 10:30,74.14,0.008698371
7/14/2022 10:45,70.235,0.008240222
7/14/2022 11:00,74.46,0.008735915
7/14/2022 11:30,97.795,0.011473661
7/14/2022 11:45,154.565,0.018134121
7/14/2022 12:00,154.835,0.018165798
7/14/2022 12:15,67.335,0.007899984
7/14/2022 12:30,72.705,0.008530012
7/14/2022 13:00,73.105,0.008576941
7/14/2022 13:15,74.555,0.00874706
7/14/2022 13:30,72.96,0.008559929
7/14/2022 13:45,77.27,0.009065594
7/14/2022 14:00,70.42,0.008261927
7/14/2022 14:15,65.5,0.007684695
7/14/2022 14:30,67.645,0.007936354
7/14/2022 14:45,74.535,0.008744714
7/14/2022 15:00,87.03,0.010210672
7/14/2022 15:15,78.575,0.009218701
7/14/2022 15:45,187.12,0.02195359
7/14/2022 17:00,129.465,0.015189299
7/14/2022 17:30,142.45,0.016712746
7/14/2022 18:00,97.06,0.011387428
7/14/2022 18:15,217.125,0.025473885
7/14/2022 18:30,92.535,0.010856538
7/14/2022 18:45,99.735,0.011701268
7/14/2022 19:00,250.26,0.029361402
7/14/2022 19:15,113.315,0.013294523
7/14/2022 19:30,188.585,0.022125469
7/14/2022 20:00,234.895,0.027558725
7/14/2022 20:45,261.87,0.030723529
7/14/2022 21:00,185.815,0.021800483
7/14/2022 21:45,70.225,0.008239049
7/14/2022 22:00,150.38,0.017643122
7/14/2022 22:15,60.895,0.00714442
7/14/2022 22:30,63.855,0.007491698
7/14/2022 22:45,62.035,0.007278169
7/14/2022 23:00,60.79,0.007132101
7/14/2022 23:15,61.24,0.007184897
7/14/2022 23:30,64.52,0.007569718
7/14/2022 23:45,58.3,0.006839965
7/15/2022 0:00,59.45,0.006974887
7/15/2022 0:15,57.23,0.006714429
7/15/2022 0:30,61.225,0.007183137
7/15/2022 0:45,57.31,0.006723815
7/15/2022 1:00,57.74,0.006774264
7/15/2022 1:15,54.985,0.006451038
7/15/2022 1:30,59.4,0.006969021
7/15/2022 1:45,54.995,0.006452211
7/15/2022 2:00,57.175,0.006707976
7/15/2022 2:15,55.22,0.006478609
7/15/2022 2:30,53.32,0.006255694
7/15/2022 2:45,54.71,0.006418774
7/15/2022 3:00,57.75,0.006775437
7/15/2022 3:15,58.745,0.006892174
7/15/2022 3:30,58.685,0.006885135
7/15/2022 3:45,54.25,0.006364805
7/15/2022 4:00,55.525,0.006514392
7/15/2022 4:15,53.69,0.006299104
7/15/2022 4:30,54.04,0.006340167
7/15/2022 4:45,53.56,0.006283852
7/15/2022 5:00,52.215,0.006126051
7/15/2022 5:15,50.56,0.005931881
7/15/2022 5:30,49.285,0.005782293
7/15/2022 5:45,52.07,0.006109039
7/15/2022 6:00,50.65,0.00594244
7/15/2022 6:15,54.525,0.006397069
7/15/2022 6:30,51.92,0.006091441
7/15/2022 6:45,51.555,0.006048618
7/15/2022 7:00,51.495,0.006041578
7/15/2022 7:15,56.09,0.00658068
7/15/2022 7:30,48.895,0.005736537
7/15/2022 7:45,49.7,0.005830982
7/15/2022 8:00,50.05,0.005872046
7/15/2022 8:15,51.025,0.005986436
7/15/2022 8:30,49.025,0.005751789
7/15/2022 8:45,49.01,0.005750029
7/15/2022 9:00,52.73,0.006186473
7/15/2022 9:15,47.885,0.00561804
7/15/2022 9:30,49.575,0.005816317
7/15/2022 9:45,52.155,0.006119012
7/15/2022 10:00,47.765,0.005603961
7/15/2022 10:15,47.72,0.005598682
7/15/2022 10:30,45.58,0.005347609
7/15/2022 10:45,47.445,0.005566418
7/15/2022 11:00,48.675,0.005710726
7/15/2022 11:15,47.07,0.005522421
7/15/2022 11:30,47.285,0.005547646
7/15/2022 11:45,45.72,0.005364035
7/15/2022 12:00,46.325,0.005435015
7/15/2022 12:15,44.735,0.005248471
7/15/2022 12:30,44.905,0.005268416
7/15/2022 12:45,44.7,0.005244365
7/15/2022 13:00,45.15,0.00529716
7/15/2022 13:15,43.83,0.005142293
7/15/2022 13:30,43.265,0.005076005
7/15/2022 13:45,43.155,0.0050631
7/15/2022 14:00,42.915,0.005034942
7/15/2022 14:15,44.31,0.005198608
7/15/2022 14:30,43.34,0.005084804
7/15/2022 14:45,43.955,0.005156958
7/15/2022 15:00,44.42,0.005211514
7/15/2022 15:15,47.06,0.005521248
7/15/2022 15:30,43.55,0.005109442
7/15/2022 15:45,43.145,0.005061926
7/15/2022 16:00,43.675,0.005124108
7/15/2022 16:15,43.305,0.005080698
7/15/2022 16:30,42.97,0.005041395
7/15/2022 16:45,43.17,0.005064859
7/15/2022 17:00,48.1,0.005643265
7/15/2022 17:15,44.12,0.005176317
7/15/2022 17:30,42.845,0.005026729
7/15/2022 17:45,42.435,0.004978627
7/15/2022 18:00,43.395,0.005091257
7/15/2022 18:15,43.745,0.00513232
7/15/2022 18:30,43.57,0.005111789
7/15/2022 18:45,44.23,0.005189222
7/15/2022 19:00,44.49,0.005219727
7/15/2022 19:15,46.215,0.00542211
7/15/2022 19:30,47.49,0.005571697
7/15/2022 19:45,47.475,0.005569937
7/15/2022 20:00,48.11,0.005644438
7/15/2022 20:15,47.62,0.005586949
7/15/2022 20:30,48.04,0.005636225
7/15/2022 20:45,47.45,0.005567004
7/15/2022 21:00,47.27,0.005545886
7/15/2022 21:15,48.005,0.005632119
7/15/2022 21:30,47.74,0.005601028
7/15/2022 21:45,48.95,0.00574299
7/15/2022 22:00,48.43,0.005681982
7/15/2022 22:15,47.295,0.005548819
7/15/2022 22:30,46.055,0.005403338
7/15/2022 22:45,44.39,0.005207994
7/15/2022 23:00,44.68,0.005242018
7/15/2022 23:15,44.57,0.005229112
7/15/2022 23:30,44.175,0.00518277
7/15/2022 23:45,43.395,0.005091257
7/16/2022 0:00,45.425,0.005329424
7/16/2022 0:15,47.69,0.005595162
7/16/2022 0:30,47.925,0.005622733
7/16/2022 0:45,48.69,0.005712486
7/16/2022 1:00,51.375,0.006027499
7/16/2022 1:15,52.135,0.006116665
7/16/2022 1:30,50.69,0.005947133
7/16/2022 1:45,48.715,0.005715419
7/16/2022 2:00,45.685,0.005359928
7/16/2022 2:15,43.41,0.005093017
7/16/2022 2:30,41.13,0.004825519
7/16/2022 2:45,38.925,0.004566821
7/16/2022 3:00,39.14,0.004592045
7/16/2022 3:15,40.695,0.004774484
7/16/2022 3:30,39.52,0.004636628
7/16/2022 3:45,38.525,0.004519891
7/16/2022 4:00,37.365,0.004383796
7/16/2022 4:15,37.71,0.004424273
7/16/2022 4:30,37.645,0.004416647
7/16/2022 4:45,36.805,0.004318095
7/16/2022 5:00,37.025,0.004343906
7/16/2022 5:15,37.11,0.004353878
7/16/2022 5:30,36.36,0.004265886
7/16/2022 5:45,37.225,0.004367371
7/16/2022 6:00,37.14,0.004357398
7/16/2022 6:15,36.82,0.004319855
7/16/2022 6:45,36.27,0.004255327
7/16/2022 7:00,34.68,0.004068782
7/16/2022 7:15,36.035,0.004227756
7/16/2022 7:30,34.76,0.004078168
7/16/2022 7:45,36.185,0.004245354
7/16/2022 8:00,35.11,0.004119231
7/16/2022 8:15,35.085,0.004116298
7/16/2022 8:30,35.385,0.004151495
7/16/2022 8:45,34.145,0.004006014
7/16/2022 9:00,33.63,0.003945592
7/16/2022 9:15,34.325,0.004027132
7/16/2022 9:30,32.875,0.003857013
7/16/2022 9:45,33.045,0.003876958
7/16/2022 10:00,32.96,0.003866986
7/16/2022 10:15,34.105,0.004001321
7/16/2022 10:30,34.975,0.004103393
7/16/2022 10:45,35.165,0.004125684
7/16/2022 11:00,33.705,0.003954392
7/16/2022 11:15,34.725,0.004074062
7/16/2022 11:30,34.44,0.004040624
7/16/2022 11:45,33.875,0.003974337
7/16/2022 12:00,33.585,0.003940313
7/16/2022 12:15,32.67,0.003832962
7/16/2022 12:30,31.86,0.00373793
7/16/2022 12:45,31.81,0.003732063
7/16/2022 13:00,31.585,0.003705666
7/16/2022 13:15,31.535,0.003699799
7/16/2022 13:30,30.755,0.003608287
7/16/2022 13:45,31.41,0.003685134
7/16/2022 14:00,31.355,0.003678681
7/16/2022 14:15,31.325,0.003675161
7/16/2022 14:30,31.91,0.003743796
7/16/2022 14:45,30.9,0.003625299
7/16/2022 17:15,29.87,0.003504456
7/16/2022 17:30,29.485,0.003459286
7/16/2022 17:45,30.675,0.003598901
7/16/2022 18:00,30.455,0.00357309
7/16/2022 18:15,34.805,0.004083448
7/16/2022 18:30,30.475,0.003575436
7/16/2022 18:45,35.165,0.004125684
7/16/2022 19:00,32.695,0.003835895
7/16/2022 19:15,32.3,0.003789552
7/16/2022 19:30,31.71,0.003720331
7/16/2022 19:45,36.565,0.004289937
7/16/2022 20:00,41.97,0.004924071
7/16/2022 20:15,49.66,0.00582629
7/16/2022 20:30,52.72,0.0061853
7/16/2022 20:45,36.08,0.004233035
7/16/2022 21:00,51.085,0.005993476
7/16/2022 21:15,93.435,0.01096213
7/16/2022 22:15,78.77,0.009241579
7/16/2022 22:30,88.86,0.010425374
7/16/2022 22:45,38.935,0.004567994
7/16/2022 23:00,30.98,0.003634685
7/16/2022 23:15,30.815,0.003615326
7/16/2022 23:30,30.665,0.003597728
7/17/2022 3:30,29.015,0.003404144
7/17/2022 3:45,28.65,0.003361321
7/17/2022 4:00,34.945,0.004099873
7/17/2022 4:15,27.055,0.00317419
7/17/2022 4:30,82.225,0.009646932
7/17/2022 4:45,27.99,0.003283887
7/17/2022 5:00,27.635,0.003242237
7/17/2022 5:15,27.535,0.003230505
7/17/2022 5:30,27.635,0.003242237
7/17/2022 5:45,27.265,0.003198828
7/17/2022 6:00,27.585,0.003236371
7/17/2022 6:15,27.22,0.003193548
7/17/2022 6:30,27.705,0.00325045
7/17/2022 6:45,27.23,0.003194721
7/17/2022 7:00,27.76,0.003256903
7/17/2022 7:15,27.83,0.003265116
7/17/2022 7:30,27.08,0.003177123
7/17/2022 7:45,27.595,0.003237544
7/17/2022 8:00,26.98,0.00316539
7/17/2022 8:15,26.875,0.003153072
7/17/2022 8:30,27.09,0.003178296
7/17/2022 8:45,26.665,0.003128434
7/17/2022 9:00,26.32,0.003087957
7/17/2022 9:15,26.64,0.0031255
7/17/2022 9:30,25.9,0.003038681
7/17/2022 9:45,25.635,0.00300759
7/17/2022 10:00,26.755,0.003138993
7/17/2022 10:15,26.945,0.003161284
7/17/2022 10:30,28.45,0.003337856
7/17/2022 10:45,30.91,0.003626472
7/17/2022 11:00,33.755,0.003960258
7/17/2022 11:15,36.685,0.004304016
7/17/2022 11:30,36.61,0.004295217
7/17/2022 11:45,34.685,0.004069369
7/17/2022 12:00,33.195,0.003894557
7/17/2022 12:15,29.3,0.003437581
7/17/2022 12:30,28.105,0.00329738
7/17/2022 12:45,27.07,0.00317595
7/17/2022 13:00,26.475,0.003106142
7/17/2022 13:15,25.865,0.003034575
7/17/2022 13:30,25.44,0.002984712
7/17/2022 13:45,25.375,0.002977086
7/17/2022 14:00,24.94,0.00292605
7/17/2022 14:15,25.305,0.002968873
7/17/2022 14:30,24.385,0.002860936
7/17/2022 14:45,27.16,0.003186509
7/17/2022 15:00,24.36,0.002858003
7/17/2022 15:15,24.37,0.002859176
7/17/2022 15:30,24.45,0.002868562
7/17/2022 15:45,23.985,0.002814006
7/17/2022 16:00,24.52,0.002876774
7/17/2022 16:15,25.785,0.003025189
7/17/2022 16:30,24.165,0.002835125
7/17/2022 16:45,23.765,0.002788195
7/17/2022 17:00,23.91,0.002805207
7/17/2022 17:15,23.88,0.002801687
7/17/2022 17:30,24.005,0.002816353
7/17/2022 17:45,23.275,0.002730707
7/17/2022 18:00,23.73,0.002784089
7/17/2022 18:15,22.85,0.002680844
7/17/2022 18:30,23.265,0.002729533
7/17/2022 18:45,23.205,0.002722494
7/17/2022 19:00,23.57,0.002765317
7/17/2022 19:15,23.265,0.002729533
7/17/2022 19:30,23.105,0.002710762
7/17/2022 19:45,22.51,0.002640954
7/17/2022 20:00,23.405,0.002745959
7/17/2022 20:15,22.77,0.002671458
7/17/2022 20:30,23.28,0.002731293
7/17/2022 20:45,23.795,0.002791715
7/17/2022 21:00,23.735,0.002784675
7/17/2022 21:15,24.715,0.002899653
7/17/2022 21:30,25.815,0.003028708
7/17/2022 21:45,28.655,0.003361907
7/17/2022 22:00,31.07,0.003645244
7/17/2022 22:15,32.845,0.003853493
7/17/2022 22:30,32.965,0.003867572
7/17/2022 22:45,31.3,0.003672228
7/17/2022 23:00,28.91,0.003391825
7/17/2022 23:15,27.78,0.003259249
7/17/2022 23:30,26.61,0.003121981
7/17/2022 23:45,26.415,0.003099103
7/18/2022 0:00,25.685,0.003013456
7/18/2022 0:15,24.68,0.002895546
7/18/2022 0:30,24.795,0.002909038
7/18/2022 0:45,27.255,0.003197654
7/18/2022 1:00,25.92,0.003041027
7/18/2022 1:15,24.855,0.002916078
7/18/2022 1:30,25.67,0.003011697
7/18/2022 1:45,26.435,0.003101449
7/18/2022 2:00,34.79,0.004081688
7/18/2022 2:15,61.83,0.007254118
7/18/2022 2:30,131.815,0.015465009
7/18/2022 2:45,231.195,0.027124628
7/18/2022 3:00,296.905,0.034833961
7/18/2022 3:15,309.575,0.036320451
7/18/2022 3:30,289.54,0.033969872
7/18/2022 3:45,253.645,0.029758542
7/18/2022 4:00,223.98,0.026278138
7/18/2022 4:15,185.025,0.021707797
7/18/2022 4:30,156.86,0.018403378
7/18/2022 4:45,130.26,0.015282571
7/18/2022 5:00,108.055,0.012677401
7/18/2022 5:15,90.37,0.010602533
7/18/2022 5:30,77.1,0.009045649
7/18/2022 5:45,66.3,0.007778554
7/18/2022 6:00,57.97,0.006801249
7/18/2022 6:15,52.115,0.006114319
7/18/2022 6:30,48.39,0.005677289
7/18/2022 6:45,44.695,0.005243778
7/18/2022 7:00,43.21,0.005069552
7/18/2022 7:15,40.08,0.00470233
7/18/2022 7:30,38.065,0.004465922
7/18/2022 7:45,36.18,0.004244768
7/18/2022 8:00,34.295,0.004023613
7/18/2022 8:15,33.96,0.003984309
7/18/2022 8:30,32.85,0.00385408
7/18/2022 8:45,32.545,0.003818296
7/18/2022 9:00,32.44,0.003805977
7/18/2022 9:15,31.13,0.003652283
7/18/2022 9:30,31.175,0.003657563
7/18/2022 9:45,29.415,0.003451073
7/18/2022 10:00,28.81,0.003380093
7/18/2022 10:15,28.95,0.003396518
7/18/2022 10:30,28.665,0.003363081
7/18/2022 10:45,28.135,0.003300899
7/18/2022 11:00,28.56,0.003350762
7/18/2022 11:15,27.35,0.0032088
7/18/2022 11:30,26.585,0.003119048
7/18/2022 11:45,26.405,0.003097929
7/18/2022 12:00,26.02,0.00305276
7/18/2022 12:15,26.015,0.003052173
7/18/2022 12:30,26.635,0.003124914
7/18/2022 12:45,26.075,0.003059213
7/18/2022 13:00,24.995,0.002932503
7/18/2022 13:15,24.725,0.002900826
7/18/2022 13:30,24.435,0.002866802
7/18/2022 13:45,24.695,0.002897306
7/18/2022 14:00,24.39,0.002861522
7/18/2022 14:15,24.07,0.002823979
7/18/2022 14:30,24.32,0.00285331
7/18/2022 14:45,23.68,0.002778223
7/18/2022 15:00,23.855,0.002798754
7/18/2022 15:15,23.55,0.002762971
7/18/2022 15:30,23.52,0.002759451
7/18/2022 15:45,23.41,0.002746545
7/18/2022 16:00,23.315,0.0027354
7/18/2022 16:15,22.985,0.002696683
7/18/2022 16:30,23.965,0.00281166
7/18/2022 16:45,22.975,0.002695509
7/18/2022 17:00,23.45,0.002751238
7/18/2022 17:15,23.275,0.002730707
7/18/2022 17:30,23.31,0.002734813
7/18/2022 17:45,23.065,0.002706069
7/18/2022 18:00,23.2,0.002721907
7/18/2022 18:15,22.915,0.00268847
7/18/2022 18:30,22.785,0.002673218
7/18/2022 18:45,22.61,0.002652686
7/18/2022 19:00,22.29,0.002615143
7/18/2022 19:15,21.78,0.002555308
7/18/2022 19:30,21.425,0.002513658
7/18/2022 19:45,21.51,0.00252363
7/18/2022 20:00,21.415,0.002512485
7/18/2022 20:15,21.465,0.002518351
7/18/2022 20:30,21.79,0.002556481
7/18/2022 20:45,21.385,0.002508965
7/18/2022 21:00,21.75,0.002551788
7/18/2022 21:15,22.35,0.002622182
7/18/2022 21:30,22.34,0.002621009
7/18/2022 21:45,22.28,0.00261397
7/18/2022 22:00,21.845,0.002562934
7/18/2022 22:15,22.61,0.002652686
7/18/2022 22:30,22.85,0.002680844
7/18/2022 22:45,22.28,0.00261397
7/18/2022 23:00,22.175,0.002601651
7/18/2022 23:15,23.6,0.002768837
7/18/2022 23:30,24.095,0.002826912
7/18/2022 23:45,24.535,0.002878534
7/19/2022 0:00,23.505,0.002757691
7/19/2022 0:15,23.58,0.00276649
7/19/2022 0:45,23.155,0.002716628
7/19/2022 1:00,23.11,0.002711348
7/19/2022 1:15,22.215,0.002606344
7/19/2022 1:30,22.505,0.002640367
7/19/2022 1:45,22.57,0.002647993
7/19/2022 2:00,22.49,0.002638608
7/19/2022 2:15,22.5,0.002639781
7/19/2022 2:30,22.505,0.002640367
7/19/2022 2:45,23.145,0.002715455
7/19/2022 3:00,22.7,0.002663246
7/19/2022 3:15,22.525,0.002642714
7/19/2022 3:30,23.12,0.002712521
7/19/2022 3:45,23.15,0.002716041
7/19/2022 4:00,23.465,0.002752998
7/19/2022 4:15,22.475,0.002636848
7/19/2022 4:30,22.48,0.002637434
7/19/2022 4:45,22.74,0.002667938
7/19/2022 5:00,22.455,0.002634501
7/19/2022 5:15,22.415,0.002629808
7/19/2022 5:30,22.205,0.00260517
7/19/2022 5:45,22.365,0.002623942
7/19/2022 6:00,22.525,0.002642714
7/19/2022 6:15,22.675,0.002660312
7/19/2022 6:30,22.155,0.002599304
7/19/2022 6:45,22.46,0.002635088
7/19/2022 7:00,22.275,0.002613383
7/19/2022 7:15,22.25,0.00261045
7/19/2022 7:30,21.96,0.002576426
7/19/2022 7:45,22.205,0.00260517
7/19/2022 8:00,22.02,0.002583465
7/19/2022 8:15,22.68,0.002660899
7/19/2022 8:30,22.905,0.002687297
7/19/2022 8:45,22.835,0.002679084
7/19/2022 9:00,22.775,0.002672045
7/19/2022 9:15,22.92,0.002689057
7/19/2022 9:30,21.3,0.002498992
7/19/2022 9:45,21.6,0.00253419
7/19/2022 10:00,21.875,0.002566454
7/19/2022 10:15,21.465,0.002518351
7/19/2022 10:30,22.01,0.002582292
7/19/2022 10:45,22.75,0.002669112
7/19/2022 11:00,22.815,0.002676738
7/19/2022 11:15,23.5,0.002757104
7/19/2022 11:30,22.81,0.002676151
7/19/2022 11:45,22.55,0.002645647
7/19/2022 12:00,23.015,0.002700202
7/19/2022 12:15,22.55,0.002645647
7/19/2022 12:30,22.34,0.002621009
7/19/2022 12:45,21.495,0.002521871
7/19/2022 13:00,20.605,0.002417453
7/19/2022 13:15,20.7,0.002428598
7/19/2022 13:30,19.5,0.00228781
7/19/2022 13:45,20.37,0.002389882
7/19/2022 14:00,20.635,0.002420972
7/19/2022 14:15,19.65,0.002305409
7/19/2022 14:30,19.79,0.002321834
7/19/2022 14:45,19,0.002229148
7/19/2022 15:00,20.23,0.002373456
7/19/2022 15:15,21.81,0.002558828
7/19/2022 15:30,22.365,0.002623942
7/19/2022 15:45,21.395,0.002510138
7/19/2022 16:00,22.195,0.002603997
7/19/2022 16:15,22.875,0.002683777
7/19/2022 16:30,22.24,0.002609277
7/19/2022 16:45,21.49,0.002521284
7/19/2022 17:00,21.815,0.002559414
7/19/2022 17:15,21.1,0.002475528
7/19/2022 17:30,20.695,0.002428012
7/19/2022 17:45,20.84,0.002445024
7/19/2022 18:00,20.94,0.002456756
7/19/2022 18:15,20.935,0.002456169
7/19/2022 18:30,19.955,0.002341192
7/19/2022 18:45,20.415,0.002395161
7/19/2022 19:00,19.285,0.002262585
7/19/2022 19:15,19.09,0.002239707
7/19/2022 19:30,18.895,0.002216829
7/19/2022 19:45,19.83,0.002326527
7/19/2022 20:00,20.035,0.002350578
7/19/2022 20:15,20.125,0.002361137
7/19/2022 20:30,20.145,0.002363484
7/19/2022 20:45,20.37,0.002389882
7/19/2022 21:00,19.9,0.002334739
7/19/2022 21:15,19.805,0.002323594
7/19/2022 21:30,20.245,0.002375216
7/19/2022 21:45,21.57,0.00253067
7/19/2022 22:00,21.445,0.002516004
7/19/2022 22:15,20.605,0.002417453
7/19/2022 22:30,19.765,0.002318901
7/19/2022 22:45,19.475,0.002284877
7/19/2022 23:00,19.13,0.0022444
7/19/2022 23:15,19.395,0.002275491
7/19/2022 23:30,19.255,0.002259066
7/19/2022 23:45,19.49,0.002286637
7/20/2022 0:00,20.31,0.002382842
7/20/2022 0:15,20.155,0.002364657
7/20/2022 0:30,20.815,0.002442091
7/20/2022 0:45,20.21,0.00237111
7/20/2022 1:00,20.1,0.002358204
7/20/2022 1:15,19.855,0.00232946
7/20/2022 1:30,19.995,0.002345885
7/20/2022 1:45,19.39,0.002274904
7/20/2022 2:00,19.795,0.00232242
7/20/2022 2:15,19.97,0.002342952
7/20/2022 2:30,20.705,0.002429185
7/20/2022 2:45,19.53,0.00229133
7/20/2022 3:00,19.81,0.00232418
7/20/2022 3:15,19.605,0.002300129
7/20/2022 3:30,19.52,0.002290156
7/20/2022 3:45,19.47,0.00228429
7/20/2022 4:00,19.2,0.002252613
7/20/2022 4:15,18.98,0.002226802
7/20/2022 4:30,18.835,0.00220979
7/20/2022 4:45,19.02,0.002231495
7/20/2022 5:00,18.225,0.002138222
7/20/2022 5:15,19.23,0.002256133
7/20/2022 5:30,18.485,0.002168727
7/20/2022 5:45,18.88,0.002215069
7/20/2022 6:00,18.885,0.002215656
7/20/2022 6:15,19.06,0.002236188
7/20/2022 6:30,19.12,0.002243227
7/20/2022 6:45,19.04,0.002233841
7/20/2022 7:00,19.63,0.002303062
7/20/2022 7:15,20.53,0.002408653
7/20/2022 7:30,20.25,0.002375803
7/20/2022 7:45,20.905,0.00245265
7/20/2022 8:00,20.575,0.002413933
7/20/2022 8:15,20.035,0.002350578
7/20/2022 8:30,19.72,0.002313621
7/20/2022 8:45,18.675,0.002191018
7/20/2022 9:00,18.405,0.002159341
7/20/2022 9:15,18.8,0.002205684
7/20/2022 9:30,19.015,0.002230908
7/20/2022 9:45,18.95,0.002223282
7/20/2022 10:00,18.825,0.002208617
7/20/2022 10:15,17.9,0.002100092
7/20/2022 10:30,17.465,0.002049057
7/20/2022 10:45,17.28,0.002027352
7/20/2022 11:00,17.07,0.002002714
7/20/2022 12:15,16.27,0.001908855
7/20/2022 12:30,16.31,0.001913548
7/20/2022 12:45,16.14,0.001893603
7/20/2022 13:00,15.77,0.001850193
7/20/2022 13:15,16.34,0.001917067
7/20/2022 13:30,16.065,0.001884803
7/20/2022 13:45,15.985,0.001875418
7/20/2022 14:00,15.81,0.001854886
7/20/2022 14:15,15.775,0.00185078
7/20/2022 14:30,16.01,0.001878351
7/20/2022 14:45,16.075,0.001885977
7/20/2022 15:00,15.925,0.001868378
7/20/2022 15:15,15.655,0.001836701
7/20/2022 15:30,15.13,0.001775106
7/20/2022 15:45,15.25,0.001789185
7/20/2022 16:00,19.74,0.002315968
7/20/2022 16:15,16.355,0.001918827
7/20/2022 16:30,17.655,0.002071348
7/20/2022 16:45,20.02,0.002348818
7/20/2022 17:00,18.75,0.002199817
7/20/2022 17:15,18.69,0.002192778
7/20/2022 17:30,18.47,0.002166967
7/20/2022 17:45,19.91,0.002335913
7/20/2022 18:00,19.2,0.002252613
7/20/2022 18:15,18.955,0.002223869
7/20/2022 18:30,20.205,0.002370523
7/20/2022 18:45,30.845,0.003618846
7/20/2022 19:00,27.84,0.003266289
7/20/2022 19:15,23.465,0.002752998
7/20/2022 19:30,21.245,0.00249254
7/20/2022 19:45,20.055,0.002352925
7/20/2022 20:00,19.6,0.002299542
7/20/2022 20:15,20.535,0.00240924
7/20/2022 20:30,23.64,0.00277353
7/20/2022 20:45,27.235,0.003195308
7/20/2022 21:00,27.22,0.003193548
7/20/2022 21:15,27.72,0.00325221
7/20/2022 21:30,29.29,0.003436408
7/20/2022 21:45,30.41,0.00356781
7/20/2022 22:00,31.06,0.003644071
7/20/2022 22:15,30.605,0.003590688
7/20/2022 22:30,29.655,0.003479231
7/20/2022 22:45,28.935,0.003394758
7/20/2022 23:00,28.39,0.003330817
7/20/2022 23:15,32.405,0.003801871
7/20/2022 23:30,45.055,0.005286014
7/20/2022 23:45,45.79,0.005372247
7/21/2022 0:00,45.385,0.005324731
7/21/2022 0:15,44.55,0.005226766
7/21/2022 0:30,41.455,0.004863649
7/21/2022 0:45,40.325,0.004731074
7/21/2022 1:00,40.5,0.004751605
7/21/2022 1:15,38.76,0.004547462
7/21/2022 1:30,36.645,0.004299323
7/21/2022 1:45,36.725,0.004308709
7/21/2022 2:00,40.045,0.004698223
7/21/2022 2:15,48.945,0.005742403
7/21/2022 2:30,66.56,0.007809058
7/21/2022 2:45,104.23,0.012228638
7/21/2022 3:00,169.63,0.019901601
7/21/2022 3:15,241.995,0.028391722
7/21/2022 3:30,301.05,0.035320267
7/21/2022 3:45,341.02,0.040009691
7/21/2022 4:00,361.635,0.042428317
7/21/2022 4:15,367.695,0.043139298
7/21/2022 4:30,357.705,0.041967235
7/21/2022 4:45,339.175,0.039793229
7/21/2022 5:00,311.525,0.036549232
7/21/2022 5:15,284.675,0.033399093
7/21/2022 5:30,254.47,0.029855334
7/21/2022 5:45,228.68,0.026829559
7/21/2022 6:00,205.185,0.024073041
7/21/2022 6:15,181.785,0.021327669
7/21/2022 6:30,161.205,0.018913149
7/21/2022 6:45,143.565,0.016843561
7/21/2022 7:00,133.475,0.015659766
7/21/2022 7:15,132.615,0.015558868
7/21/2022 7:30,135.94,0.015948969
7/21/2022 7:45,136.675,0.016035202
7/21/2022 8:00,131.41,0.015417493
7/21/2022 8:15,120.145,0.014095843
7/21/2022 8:30,107.48,0.01260994
7/21/2022 8:45,96.29,0.011297089
7/21/2022 9:00,84.86,0.00995608
7/21/2022 9:15,77.52,0.009094925
7/21/2022 9:30,72.57,0.008514173
7/21/2022 9:45,67.425,0.007910543
7/21/2022 10:00,64.935,0.007618407
7/21/2022 10:15,64.48,0.007565025
7/21/2022 10:30,69.345,0.008135804
7/21/2022 10:45,83.255,0.009767776
7/21/2022 11:00,116.835,0.013707502
7/21/2022 11:15,180.29,0.02115227
7/21/2022 11:30,260.41,0.030552236
7/21/2022 11:45,346.445,0.040646171
7/21/2022 12:00,419.45,0.04921138
7/21/2022 12:15,468.805,0.055001886
7/21/2022 12:30,503.58,0.059081814
7/21/2022 12:45,526.04,0.061716902
7/21/2022 13:00,537.035,0.063006875
7/21/2022 13:15,555.685,0.06519496
7/21/2022 13:30,562.77,0.066026197
7/21/2022 13:45,569.9,0.066862714
7/21/2022 14:00,577.915,0.067803063
7/21/2022 14:15,569.54,0.066820478
7/21/2022 14:30,557.88,0.065452485
7/21/2022 14:45,533.775,0.0626244
7/21/2022 15:00,501.175,0.058799651
7/21/2022 15:15,462.7,0.054285625
7/21/2022 15:30,411.54,0.048283351
7/21/2022 15:45,361.35,0.04239488
7/21/2022 16:00,310.86,0.036471211
7/21/2022 16:15,266.815,0.031303694
7/21/2022 16:30,233.15,0.027353995
7/21/2022 16:45,205.82,0.024147541
7/21/2022 17:00,181.415,0.021284259
7/21/2022 17:15,458.425,0.053784067
7/21/2022 17:30,511.455,0.060005737
7/21/2022 17:45,523.745,0.061447644
7/21/2022 18:00,465.71,0.054638769
7/21/2022 18:15,168.485,0.019767265
7/21/2022 18:30,91.5,0.010735109
7/21/2022 18:45,80.17,0.009405832
7/21/2022 19:00,78.94,0.009261524
7/21/2022 19:15,79.365,0.009311387
7/21/2022 19:30,81.845,0.009602349
7/21/2022 19:45,83.26,0.009768362
7/21/2022 20:00,85.53,0.010034687
7/21/2022 20:15,87.415,0.010255842
7/21/2022 20:30,90.51,0.010618958
7/21/2022 20:45,94.57,0.011095292
7/21/2022 21:00,100.98,0.011847336
7/21/2022 21:15,110.49,0.012963084
7/21/2022 21:30,126.45,0.014835568
7/21/2022 21:45,151.14,0.017732288
7/21/2022 22:00,182.765,0.021442646
7/21/2022 22:15,218.34,0.025616433
7/21/2022 22:30,259.91,0.030493574
7/21/2022 22:45,295.145,0.034627471
7/21/2022 23:00,332.37,0.038994842
7/21/2022 23:15,362.56,0.042536841
7/21/2022 23:30,391.73,0.04595917
7/21/2022 23:45,423.55,0.049692407
7/22/2022 0:00,457.26,0.053647385
7/22/2022 0:15,490.645,0.057564233
7/22/2022 0:30,519.705,0.060973657
7/22/2022 0:45,550.705,0.064610688
7/22/2022 1:00,577.655,0.067772559
7/22/2022 1:15,595.895,0.069912541
7/22/2022 1:30,613.33,0.071958078
7/22/2022 1:45,630.425,0.073963725
7/22/2022 2:00,644.695,0.075637932
7/22/2022 2:15,657.085,0.077091572
7/22/2022 2:30,647.33,0.07594708
7/22/2022 2:45,653.42,0.076661581
7/22/2022 3:00,639.71,0.075053074
7/22/2022 3:15,630.03,0.073917382
7/22/2022 3:30,626.065,0.073452194
7/22/2022 3:45,613.07,0.071927574
7/22/2022 4:00,600.79,0.07048684
7/22/2022 4:15,581.42,0.068214282
7/22/2022 4:30,559.075,0.065592687
7/22/2022 4:45,536.81,0.062980477
7/22/2022 5:00,517.66,0.06073373
7/22/2022 5:15,500.49,0.058719284
7/22/2022 5:30,473.355,0.055535708
7/22/2022 5:45,457.855,0.053717193
7/22/2022 6:00,432.69,0.050764744
7/22/2022 6:15,418.405,0.049088777
7/22/2022 6:30,397.695,0.046659005
7/22/2022 6:45,382.46,0.044871581
7/22/2022 7:00,364.63,0.042779701
7/22/2022 7:15,347.105,0.040723605
7/22/2022 7:30,333.91,0.03917552
7/22/2022 7:45,323.345,0.037935996
7/22/2022 8:00,315.88,0.037060176
7/22/2022 8:15,310.345,0.03641079
7/22/2022 8:30,305.395,0.035830038
7/22/2022 8:45,296.4,0.034774712
7/22/2022 9:00,284.785,0.033411999
7/22/2022 9:15,274.8,0.032240523
7/22/2022 9:30,259.72,0.030471283
7/22/2022 9:45,251.48,0.029504537
7/22/2022 10:00,239.03,0.028043858
7/22/2022 10:15,225.285,0.026431245
7/22/2022 10:30,214.5,0.02516591
7/22/2022 10:45,207.735,0.024372216
7/22/2022 11:00,202.025,0.023702298
7/22/2022 11:15,194.05,0.022766643
7/22/2022 11:30,189.65,0.022250419
7/22/2022 11:45,185.035,0.021708971
7/22/2022 12:00,179.93,0.021110034
7/22/2022 12:15,175.005,0.020532215
7/22/2022 12:30,171.415,0.020111023
7/22/2022 12:45,165.965,0.01947161
7/22/2022 13:00,163.14,0.019140171
7/22/2022 13:15,158.375,0.018581124
7/22/2022 13:30,153.38,0.017995092
7/22/2022 13:45,150.36,0.017640775
7/22/2022 14:00,151.935,0.01782556
7/22/2022 14:15,155.41,0.018233259
7/22/2022 14:30,155.32,0.0182227
7/22/2022 14:45,156.285,0.018335917
7/22/2022 15:00,162.495,0.019064497
7/22/2022 15:15,172.385,0.020224827
7/22/2022 15:30,170.675,0.020024204
7/22/2022 15:45,181.57,0.021302444
7/22/2022 16:00,204.675,0.024013206
7/22/2022 16:15,205.87,0.024153408
7/22/2022 16:30,190.305,0.022327266
7/22/2022 16:45,181.075,0.021244369
7/22/2022 17:00,168.715,0.01979425
7/22/2022 17:15,151.78,0.017807375
7/22/2022 17:30,139.895,0.016412984
7/22/2022 17:45,129.93,0.015243854
7/22/2022 18:00,122.075,0.014322277
7/22/2022 18:15,116.685,0.013689903
7/22/2022 18:30,111.12,0.013036997
7/22/2022 18:45,108.54,0.012734303
7/22/2022 19:00,105.065,0.012326603
7/22/2022 19:15,102.51,0.012026841
7/22/2022 19:30,101.5,0.011908344
7/22/2022 19:45,99.19,0.011637327
7/22/2022 20:00,98.215,0.011522936
7/22/2022 20:15,97.13,0.01139564
7/22/2022 20:30,95.68,0.011225521
7/22/2022 20:45,95.49,0.01120323
7/22/2022 21:00,94.7,0.011110544
7/22/2022 21:15,91.775,0.010767373
7/22/2022 21:30,90.46,0.010613092
7/22/2022 21:45,90.58,0.010627171
7/22/2022 22:00,88.765,0.010414229
7/22/2022 22:15,88.05,0.010330342
7/22/2022 22:30,87.83,0.010304531
7/22/2022 22:45,85.9,0.010078096
7/22/2022 23:00,86.19,0.01011212
7/22/2022 23:15,86.18,0.010110947
7/22/2022 23:30,81.865,0.009604696
7/22/2022 23:45,80.94,0.009496171
7/23/2022 0:00,79.08,0.00927795
7/23/2022 0:15,78.04,0.009155933
7/23/2022 0:30,79.98,0.009383541
7/23/2022 0:45,81.13,0.009518463
7/23/2022 1:00,80.98,0.009500864
7/23/2022 1:15,78.715,0.009235126
7/23/2022 1:30,79.81,0.009363596
7/23/2022 1:45,80.485,0.009442789
7/23/2022 2:00,80.95,0.009497345
7/23/2022 2:15,78.755,0.009239819
7/23/2022 2:30,77.045,0.009039196
7/23/2022 2:45,75.525,0.008860864
7/23/2022 3:00,74.455,0.008735328
7/23/2022 3:15,74.185,0.008703651
7/23/2022 3:30,73.08,0.008574008
7/23/2022 3:45,71.17,0.00834992
7/23/2022 4:00,71.19,0.008352266
7/23/2022 4:15,70.68,0.008292431
7/23/2022 4:30,69.31,0.008131698
7/23/2022 4:45,70.035,0.008216758
7/23/2022 5:00,69.235,0.008122899
7/23/2022 5:15,69.275,0.008127592
7/23/2022 5:30,68.4,0.008024934
7/23/2022 5:45,70.46,0.00826662
7/23/2022 6:00,69.515,0.008155749
7/23/2022 6:15,68.715,0.008061891
7/23/2022 6:30,68.015,0.007979764
7/23/2022 6:45,68.78,0.008069517
7/23/2022 7:00,70.085,0.008222624
7/23/2022 7:15,69.875,0.008197986
7/23/2022 7:30,68.355,0.008019654
7/23/2022 7:45,67.025,0.007863614
7/23/2022 8:00,65.865,0.007727518
7/23/2022 8:15,64.69,0.007589663
7/23/2022 8:30,66.99,0.007859507
7/23/2022 8:45,66.03,0.007746877
7/23/2022 9:00,66.25,0.007772688
7/23/2022 9:15,64.205,0.007532761
7/23/2022 9:30,64.115,0.007522202
7/23/2022 9:45,62.265,0.007305153
7/23/2022 10:00,60.98,0.007154393
7/23/2022 10:15,59.84,0.007020644
7/23/2022 10:30,60.505,0.007098664
7/23/2022 10:45,58.94,0.006915052
7/23/2022 11:00,56.68,0.006649901
7/23/2022 11:15,59.315,0.006959049
7/23/2022 11:30,57.69,0.006768398
7/23/2022 11:45,57.94,0.006797729
7/23/2022 12:00,57.675,0.006766638
7/23/2022 12:15,57.11,0.00670035
7/23/2022 12:30,56.65,0.006646381
7/23/2022 12:45,56.285,0.006603558
7/23/2022 13:00,56.03,0.006573641
7/23/2022 13:15,55.585,0.006521432
7/23/2022 13:30,55.945,0.006563668
7/23/2022 13:45,55.965,0.006566015
7/23/2022 14:00,55.095,0.006463943
7/23/2022 14:15,54.4,0.006382403
7/23/2022 14:30,54.245,0.006364218
7/23/2022 14:45,53.435,0.006269186
7/23/2022 15:00,54.35,0.006376537
7/23/2022 15:15,60.1,0.007051148
7/23/2022 15:30,62.955,0.007386107
7/23/2022 15:45,61.425,0.007206602
7/23/2022 16:00,59.065,0.006929718
7/23/2022 16:15,57.44,0.006739067
7/23/2022 16:30,55.06,0.006459837
7/23/2022 16:45,54.325,0.006373604
7/23/2022 17:00,53.325,0.00625628
7/23/2022 17:15,52.345,0.006141303
7/23/2022 17:30,51.66,0.006060937
7/23/2022 17:45,51.095,0.005994649
7/23/2022 18:00,51.625,0.00605683
7/23/2022 18:15,51.49,0.006040992
7/23/2022 18:30,51.63,0.006057417
7/23/2022 18:45,51.105,0.005995822
7/23/2022 19:00,50.43,0.005916629
7/23/2022 19:15,50.355,0.005907829
7/23/2022 19:30,49.76,0.005838022
7/23/2022 19:45,50.175,0.005886711
7/23/2022 20:00,50.23,0.005893164
7/23/2022 20:15,49.895,0.005853861
7/23/2022 20:30,51.335,0.006022807
7/23/2022 20:45,51.045,0.005988783
7/23/2022 21:00,50.195,0.005889058
7/23/2022 21:15,50.475,0.005921908
7/23/2022 21:30,52.01,0.006102
7/23/2022 21:45,50.785,0.005958279
7/23/2022 22:00,52.665,0.006178847
7/23/2022 22:15,55.345,0.006493274
7/23/2022 22:30,55.685,0.006533164
7/23/2022 22:45,55.395,0.00649914
7/23/2022 23:00,54.835,0.006433439
7/23/2022 23:15,53.31,0.006254521
7/23/2022 23:30,53.29,0.006252174
7/23/2022 23:45,52.855,0.006201138
7/24/2022 0:00,211.005,0.024755864
7/24/2022 0:15,418.815,0.04913688
7/24/2022 0:30,277.865,0.03260012
7/24/2022 0:45,138.14,0.016207081
7/24/2022 1:00,84.19,0.009877473
7/24/2022 1:15,77.21,0.009058554
7/24/2022 1:30,69.2,0.008118792
7/24/2022 1:45,82.835,0.0097185
7/24/2022 2:00,67.355,0.00790233
7/24/2022 2:15,62.745,0.007361469
7/24/2022 2:30,60.385,0.007084585
7/24/2022 2:45,56.525,0.006631716
7/24/2022 3:00,56.25,0.006599452
7/24/2022 3:15,56.215,0.006595346
7/24/2022 3:30,54.31,0.006371844
7/24/2022 3:45,54.495,0.006393549
7/24/2022 4:00,53.255,0.006248068
7/24/2022 4:15,52.69,0.00618178
7/24/2022 4:30,53.085,0.006228123
7/24/2022 4:45,53.07,0.006226363
7/24/2022 5:00,52.01,0.006102
7/24/2022 5:15,50.19,0.005888471
7/24/2022 5:30,48.135,0.005647371
7/24/2022 5:45,48.49,0.005689021
7/24/2022 6:00,47.68,0.005593989
7/24/2022 6:15,48.935,0.00574123
7/24/2022 6:30,47.16,0.005532981
7/24/2022 6:45,45.98,0.005394539
7/24/2022 7:00,45.58,0.005347609
7/24/2022 7:15,44.975,0.005276628
7/24/2022 7:30,44.64,0.005237325
7/24/2022 7:45,43.835,0.00514288
7/24/2022 8:00,43.345,0.005085391
7/24/2022 8:15,43.21,0.005069552
7/24/2022 8:30,43.52,0.005105923
7/24/2022 8:45,44.035,0.005166344
7/24/2022 9:00,43.64,0.005120002
7/24/2022 9:15,43.66,0.005122348
7/24/2022 9:30,43.08,0.0050543
7/24/2022 9:45,43.28,0.005077765
7/24/2022 10:00,42.365,0.004970414
7/24/2022 10:15,42.225,0.004953989
7/24/2022 10:30,42.725,0.00501265
7/24/2022 10:45,40.465,0.004747499
7/24/2022 11:00,39.925,0.004684144
7/24/2022 11:15,40.26,0.004723448
7/24/2022 11:30,40.58,0.004760991
7/24/2022 11:45,39.365,0.004618443
7/24/2022 12:00,41.055,0.00481672
7/24/2022 12:15,38.5,0.004516958
7/24/2022 12:30,38.115,0.004471789
7/24/2022 12:45,37.625,0.0044143
7/24/2022 13:00,38.655,0.004535143
7/24/2022 13:15,38.805,0.004552742
7/24/2022 13:30,38.9,0.004563888
7/24/2022 13:45,38.1,0.004470029
7/24/2022 14:00,38.365,0.00450112
7/24/2022 14:15,38.82,0.004554502
7/24/2022 14:30,39.045,0.0045809
7/24/2022 14:45,39.165,0.004594978
7/24/2022 15:00,40.41,0.004741046
7/24/2022 15:15,41.125,0.004824933
7/24/2022 15:30,43.86,0.005145813
7/24/2022 15:45,47.61,0.005585776
7/24/2022 16:00,53.77,0.006308489
7/24/2022 16:15,65.215,0.007651258
7/24/2022 16:30,85.465,0.010027061
7/24/2022 16:45,112.285,0.013173679
7/24/2022 17:00,149.925,0.017589739
7/24/2022 17:15,190.24,0.02231964
7/24/2022 17:30,230.06,0.026991465
7/24/2022 17:45,262.345,0.030779257
7/24/2022 18:00,279.465,0.032787837
7/24/2022 18:15,286.48,0.033610862
7/24/2022 18:30,279.605,0.032804263
7/24/2022 18:45,263.105,0.030868423
7/24/2022 19:00,234.685,0.027534087
7/24/2022 19:15,201.975,0.023696432
7/24/2022 19:30,171.41,0.020110437
7/24/2022 19:45,142.275,0.016692214
7/24/2022 20:00,117.7,0.013808987
7/24/2022 20:15,100.02,0.011734706
7/24/2022 20:30,86.865,0.010191314
7/24/2022 20:45,78.07,0.009159453
7/24/2022 21:00,70.845,0.00831179
7/24/2022 21:15,65.885,0.007729865
7/24/2022 21:30,63.555,0.007456501
7/24/2022 21:45,60.35,0.007080479
7/24/2022 22:00,57.54,0.006750799
7/24/2022 22:15,56.65,0.006646381
7/24/2022 22:30,55.495,0.006510873
7/24/2022 22:45,53.68,0.00629793
7/24/2022 23:00,56.205,0.006594172
7/24/2022 23:15,61.78,0.007248251
7/24/2022 23:30,66.59,0.007812578
7/24/2022 23:45,69.125,0.008109993
7/25/2022 0:00,57.87,0.006789516
7/25/2022 0:15,66.12,0.007757436
7/25/2022 0:30,64.415,0.007557399
7/25/2022 0:45,55.6,0.006523192
7/25/2022 1:00,47.73,0.005599855
7/25/2022 1:15,46.57,0.00546376
7/25/2022 1:30,44.41,0.005210341
7/25/2022 1:45,44.4,0.005209167
7/25/2022 2:00,43.04,0.005049607
7/25/2022 2:15,41.755,0.004898847
7/25/2022 2:30,41.925,0.004918792
7/25/2022 2:45,41.495,0.004868342
7/25/2022 3:00,41.06,0.004817307
7/25/2022 3:15,41.605,0.004881248
7/25/2022 3:30,42.83,0.005024969
7/25/2022 3:45,45.365,0.005322385
7/25/2022 4:00,49.045,0.005754136
7/25/2022 4:15,51.9,0.006089094
7/25/2022 4:30,53.855,0.006318462
7/25/2022 4:45,54.07,0.006343687
7/25/2022 5:00,53.525,0.006279745
7/25/2022 5:15,53.58,0.006286198
7/25/2022 5:30,54.32,0.006373017
7/25/2022 5:45,55.37,0.006496207
7/25/2022 6:00,56.29,0.006604145
7/25/2022 6:15,57.06,0.006694484
7/25/2022 6:30,58.065,0.006812394
7/25/2022 6:45,58.55,0.006869296
7/25/2022 7:00,58.73,0.006890414
7/25/2022 7:15,59.285,0.006955529
7/25/2022 7:30,57.85,0.00678717
7/25/2022 7:45,57.445,0.006739654
7/25/2022 8:00,56.065,0.006577747
7/25/2022 8:15,54.585,0.006404108
7/25/2022 8:30,54.48,0.006391789
7/25/2022 8:45,54.055,0.006341927
7/25/2022 9:00,53.865,0.006319635
7/25/2022 9:15,53.64,0.006293237
7/25/2022 9:30,53.12,0.006232229
7/25/2022 9:45,52.325,0.006138957
7/25/2022 10:00,48.655,0.005708379
7/25/2022 10:15,46.565,0.005463173
7/25/2022 10:30,44.16,0.00518101
7/25/2022 10:45,43.335,0.005084218
7/25/2022 11:00,42.01,0.004928764
7/25/2022 11:15,41.37,0.004853677
7/25/2022 11:30,40.86,0.004793842
7/25/2022 11:45,40.54,0.004756298
7/25/2022 12:00,40.16,0.004711715
7/25/2022 12:15,39.605,0.004646601
7/25/2022 12:30,38.57,0.004525171
7/25/2022 12:45,37.665,0.004418993
7/25/2022 13:00,37.17,0.004360918
7/25/2022 13:15,36.34,0.004263539
7/25/2022 13:30,36.315,0.004260606
7/25/2022 13:45,35.34,0.004146216
7/25/2022 14:00,35.315,0.004143283
7/25/2022 14:15,35.985,0.004221889
7/25/2022 14:30,36.37,0.004267059
7/25/2022 14:45,36.505,0.004282898
7/25/2022 15:00,36.73,0.004309295
7/25/2022 15:15,36.625,0.004296977
7/25/2022 15:30,35.975,0.004220716
7/25/2022 15:45,35.65,0.004182586
7/25/2022 16:00,33.905,0.003977856
7/25/2022 16:15,34.35,0.004030065
7/25/2022 16:30,33.875,0.003974337
7/25/2022 16:45,33.585,0.003940313
7/25/2022 17:00,33.44,0.003923301
7/25/2022 17:15,33.405,0.003919195
7/25/2022 17:30,32.685,0.003834722
7/25/2022 17:45,47.445,0.005566418
7/25/2022 18:00,189.3,0.022209356
7/25/2022 18:15,60.38,0.007083998
7/25/2022 20:30,1098.97,0.128935107
7/25/2022 20:45,955.595,0.112113837
7/25/2022 21:00,3347.375,0.392726055
7/25/2022 21:15,236.075,0.027697167
7/25/2022 21:30,1064.555,0.124897415
7/25/2022 21:45,635.725,0.07458554
7/25/2022 22:00,164.91,0.019347833
7/25/2022 22:15,1194.405,0.140131883
7/25/2022 22:30,1592.445,0.186831366
7/25/2022 22:45,1748.95,0.205193094
7/25/2022 23:00,2198.365,0.257920076
7/25/2022 23:15,1973.51,0.23153928
7/25/2022 23:30,2392.435,0.280689065
7/25/2022 23:45,933.715,0.109546797
7/26/2022 0:00,1658.645,0.194598187
7/26/2022 0:15,753.16,0.088363436
7/26/2022 0:30,165.86,0.019459291
7/26/2022 0:45,192.355,0.022567779
7/26/2022 1:00,372.255,0.043674293
7/26/2022 1:15,236.495,0.027746443
7/26/2022 1:30,435.66,0.051113196
7/26/2022 1:45,712.465,0.083588952
7/26/2022 2:00,925.015,0.108526081
7/26/2022 2:15,878.415,0.103058802
7/26/2022 2:30,812.765,0.095356508
7/26/2022 2:45,788.155,0.092469175
7/26/2022 3:00,811.15,0.095167031
7/26/2022 3:15,880.88,0.103348005
7/26/2022 3:30,950.51,0.111517246
7/26/2022 3:45,995.88,0.116840218
7/26/2022 4:00,1001.515,0.117501336
7/26/2022 4:15,964.795,0.113193214
7/26/2022 4:30,891.9,0.104640911
7/26/2022 4:45,791.605,0.092873941
7/26/2022 5:00,697.61,0.08184611
7/26/2022 5:15,609.505,0.071509315
7/26/2022 5:30,527.965,0.06194275
7/26/2022 5:45,460.205,0.053992903
7/26/2022 6:00,398.035,0.046698895
7/26/2022 6:15,348.17,0.040848555
7/26/2022 6:30,309.335,0.036292293
7/26/2022 6:45,275.195,0.032286866
7/26/2022 7:00,249.625,0.029286901
7/26/2022 7:15,231.495,0.027159825
7/26/2022 7:30,209.99,0.024636781
7/26/2022 7:45,193.795,0.022736725
7/26/2022 8:00,178.485,0.020940501
7/26/2022 8:15,169.255,0.019857604
7/26/2022 8:30,159.125,0.018669116
7/26/2022 8:45,152.655,0.017910033
7/26/2022 9:00,145.875,0.017114579
7/26/2022 9:15,138.95,0.016302113
7/26/2022 9:30,134.835,0.015819326
7/26/2022 9:45,132.765,0.015576467
7/26/2022 10:00,132.33,0.015525431
7/26/2022 10:15,126.665,0.014860793
7/26/2022 10:30,124.725,0.014633185
7/26/2022 10:45,122.115,0.01432697
7/26/2022 11:00,120.89,0.014183249
7/26/2022 11:15,115.605,0.013563194
7/26/2022 11:30,115.68,0.013571993
7/26/2022 11:45,112.995,0.013256979
7/26/2022 12:00,107.755,0.012642204
7/26/2022 12:15,104.38,0.012246236
7/26/2022 12:30,102.135,0.011982845
7/26/2022 12:45,102.795,0.012060279
7/26/2022 13:00,99.37,0.011658445
7/26/2022 13:15,158.67,0.018615734
7/26/2022 13:30,86.76,0.010178995
7/26/2022 13:45,438.56,0.051453434
7/26/2022 14:00,754.82,0.088558193
7/26/2022 14:15,592.62,0.069528306
7/26/2022 14:30,552.57,0.064829497
7/26/2022 14:45,178.165,0.020902958
7/26/2022 15:00,145.195,0.017034799
7/26/2022 15:15,292.2,0.034281953
7/26/2022 15:30,83.545,0.009801799
7/26/2022 15:45,147.53,0.017308749
7/26/2022 16:00,119.37,0.014004917
7/26/2022 16:15,113.285,0.013291003
7/26/2022 16:30,102.32,0.01200455
7/26/2022 16:45,92.28,0.010826621
7/26/2022 17:00,81.46,0.00955718
7/26/2022 17:15,70.26,0.008243155
7/26/2022 17:30,84.105,0.009867501
7/26/2022 17:45,85.675,0.010051699
7/26/2022 18:00,86.585,0.010158463
7/26/2022 18:15,87.595,0.01027696
7/26/2022 18:30,88.34,0.010364366
7/26/2022 18:45,90.58,0.010627171
7/26/2022 19:00,92.285,0.010827208
7/26/2022 19:15,95.385,0.011190911
7/26/2022 19:30,102.225,0.011993404
7/26/2022 19:45,113.145,0.013274578
7/26/2022 20:00,145.995,0.017128658
7/26/2022 20:15,116.59,0.013678757
7/26/2022 20:30,77.275,0.00906618
7/26/2022 20:45,110.02,0.012907941
7/26/2022 21:00,92,0.01079377
7/26/2022 21:15,55.53,0.006514979
7/26/2022 21:30,72.335,0.008486602
7/26/2022 21:45,127.385,0.014945266
7/26/2022 22:00,75.62,0.00887201
7/26/2022 22:15,90.8,0.010652982
7/26/2022 22:30,109.015,0.012790031
7/26/2022 22:45,121.37,0.014239564
7/26/2022 23:00,148.6,0.017434286
7/26/2022 23:15,76.44,0.008968215
7/26/2022 23:30,157.71,0.018503104
7/26/2022 23:45,271.24,0.031822851
7/27/2022 0:00,475.725,0.055813765
7/27/2022 0:15,418.74,0.04912808
7/27/2022 0:30,203.135,0.023832528
7/27/2022 0:45,114.02,0.013377236
7/27/2022 1:00,94.375,0.011072414
7/27/2022 1:15,73.69,0.008645575
7/27/2022 1:30,78.99,0.00926739
7/27/2022 1:45,81.425,0.009553073
7/27/2022 2:00,104.015,0.012203413
7/27/2022 2:15,224.56,0.026346186
7/27/2022 2:30,273.38,0.032073923
7/27/2022 2:45,308.815,0.036231285
7/27/2022 3:00,343.27,0.040273669
7/27/2022 3:15,329.875,0.03870212
7/27/2022 3:30,345.365,0.040519462
7/27/2022 3:45,337.48,0.039594365
7/27/2022 4:00,290.52,0.03408485
7/27/2022 4:15,415.61,0.048760858
7/27/2022 4:30,509.98,0.059832685
7/27/2022 4:45,576.645,0.067654062
7/27/2022 5:00,639.715,0.075053661
7/27/2022 5:15,490.74,0.057575379
7/27/2022 5:30,590.605,0.069291899
7/27/2022 5:45,379.555,0.044530755
7/27/2022 6:00,515.49,0.060479138
7/27/2022 6:15,437.7,0.051352536
7/27/2022 6:30,349.1,0.040957666
7/27/2022 6:45,486.005,0.057019852
7/27/2022 7:00,527.5,0.061888194
7/27/2022 7:15,561.145,0.065835546
7/27/2022 7:30,668.325,0.078410289
7/27/2022 7:45,716.16,0.084022463
7/27/2022 8:00,778.32,0.091315297
7/27/2022 8:15,878.99,0.103126263
7/27/2022 8:30,882.87,0.103581479
7/27/2022 8:45,846.3,0.099290955
7/27/2022 9:00,889.39,0.104346428
7/27/2022 9:15,936.035,0.109818987
7/27/2022 9:30,925.71,0.108607621
7/27/2022 9:45,869.485,0.102011102
7/27/2022 10:00,941.675,0.110480692
7/27/2022 10:15,885.835,0.103929343
7/27/2022 10:30,842.605,0.098857444
7/27/2022 10:45,830.2,0.097402045
7/27/2022 11:00,1040.28,0.122049385
7/27/2022 11:15,886.83,0.10404608
7/27/2022 11:30,800.575,0.093926334
7/27/2022 11:45,858.32,0.100701184
7/27/2022 12:00,847.18,0.0993942
7/27/2022 12:15,921.475,0.108110756
7/27/2022 12:30,922.45,0.108225146
7/27/2022 12:45,715.225,0.083912765
7/27/2022 13:00,780.835,0.091610366
7/27/2022 13:15,847.395,0.099419424
7/27/2022 13:30,737.47,0.086522628
7/27/2022 13:45,858.56,0.100729342
7/27/2022 14:00,960.19,0.112652939
7/27/2022 14:15,1174.15,0.137755494
7/27/2022 14:30,1364.865,0.160130863
7/27/2022 14:45,1419.535,0.166544943
7/27/2022 15:00,1418.945,0.166475723
7/27/2022 15:15,1561.785,0.183234224
7/27/2022 15:30,2321.83,0.272405433
7/27/2022 15:45,4129.335,0.48446841
7/27/2022 16:00,4431.825,0.519957623
7/27/2022 16:15,5945.32,0.697526291
7/27/2022 16:30,4739.775,0.556087423
7/27/2022 16:45,4892.27,0.573978683
7/27/2022 17:00,3384.705,0.397105744
7/27/2022 17:15,4129.13,0.484444358
7/27/2022 17:30,3034.34,0.355999664
7/27/2022 17:45,6012.515,0.705409849
7/27/2022 18:00,8523.435,1
7/27/2022 18:15,4031.925,0.473039919
7/27/2022 18:30,546.745,0.064146087
7/27/2022 18:45,149.505,0.017540463
7/27/2022 19:00,371.22,0.043552863
7/27/2022 19:15,371.065,0.043534678
7/27/2022 19:30,219.865,0.025795351
7/27/2022 19:45,114.89,0.013479307
7/27/2022 20:00,106.91,0.012543065
7/27/2022 20:15,164.535,0.019303837
7/27/2022 20:30,90.635,0.010633624
7/27/2022 20:45,109.335,0.012827575
7/27/2022 21:00,250.84,0.02942945
7/27/2022 21:15,255.72,0.030001989
7/27/2022 21:30,255.785,0.030009615
7/27/2022 21:45,263.905,0.030962282
7/27/2022 22:00,331.15,0.038851707
7/27/2022 22:15,322.955,0.03789024
7/27/2022 22:30,335.69,0.039384356
7/27/2022 22:45,464.89,0.054542564
7/27/2022 23:00,503.545,0.059077708
7/27/2022 23:15,582.54,0.068345685
7/27/2022 23:30,274.12,0.032160743
7/27/2022 23:45,601.355,0.070553128
7/28/2022 0:00,718.815,0.084333957
7/28/2022 0:15,801.4,0.094023126
7/28/2022 0:30,809.96,0.095027416
7/28/2022 0:45,731.965,0.085876762
7/28/2022 1:00,838.2,0.098340634
7/28/2022 1:15,969.525,0.113748154
7/28/2022 1:30,1109.26,0.130142366
7/28/2022 1:45,1003.185,0.117697266
7/28/2022 2:00,982.85,0.115311491
7/28/2022 2:15,981.775,0.115185368
7/28/2022 2:30,1027.95,0.120602785
7/28/2022 2:45,1011.315,0.118651107
7/28/2022 3:00,853.83,0.100174402
7/28/2022 3:15,1090.515,0.127943136
7/28/2022 3:30,631.29,0.07406521
7/28/2022 3:45,249.925,0.029322098
7/28/2022 4:00,1554.935,0.182430558
7/28/2022 4:15,871.155,0.102207033
7/28/2022 4:30,460.875,0.05407151
7/28/2022 4:45,1164.335,0.136603963
7/28/2022 5:00,835.18,0.097986317
7/28/2022 5:15,758.015,0.088933042
7/28/2022 5:30,770.88,0.09044241
7/28/2022 5:45,748.93,0.087867157
7/28/2022 6:00,772.68,0.090653592
7/28/2022 6:15,698.465,0.081946422
7/28/2022 6:30,1829.22,0.214610659
7/28/2022 6:45,2321.815,0.272403673
7/28/2022 7:00,404.56,0.047464432
7/28/2022 7:15,616.735,0.072357565
7/28/2022 7:30,600.27,0.070425832
7/28/2022 7:45,675.235,0.079220995
7/28/2022 8:00,716.865,0.084105176
7/28/2022 8:15,705.935,0.082822829
7/28/2022 8:30,644.905,0.07566257
7/28/2022 8:45,633.13,0.074281085
7/28/2022 9:00,681.375,0.079941362
7/28/2022 9:15,571.9,0.067097362
7/28/2022 9:30,1066.015,0.125068708
7/28/2022 9:45,844.825,0.099117903
7/28/2022 10:00,1170.47,0.137323743
7/28/2022 10:15,1018.36,0.119477652
7/28/2022 10:30,2248.83,0.263840811
7/28/2022 10:45,1359.895,0.159547764
7/28/2022 11:00,1963.365,0.230349032
7/28/2022 11:15,1015.775,0.11917437
7/28/2022 11:30,1691.49,0.198451681
7/28/2022 11:45,1182.445,0.138728693
7/28/2022 12:00,977.365,0.114667971
7/28/2022 12:15,1995.565,0.234126851
7/28/2022 12:30,625.25,0.073356575
7/28/2022 12:45,587.745,0.068956354
7/28/2022 13:00,1148.545,0.134751424
7/28/2022 13:15,503.45,0.059066562
7/28/2022 13:30,806.675,0.094642008
7/28/2022 13:45,770.405,0.090386681
7/28/2022 14:00,746.36,0.087565635
7/28/2022 14:15,766.765,0.089959623
7/28/2022 14:45,815.69,0.09569968
7/28/2022 15:00,706.015,0.082832215
7/28/2022 15:15,970.065,0.113811509
7/28/2022 15:30,875.175,0.102678674
7/28/2022 15:45,712.19,0.083556688
7/28/2022 16:00,848.465,0.09954496
7/28/2022 16:15,811.81,0.095244464
7/28/2022 16:30,969.05,0.113692426
7/28/2022 16:45,699.175,0.082029722
7/28/2022 17:00,2677.165,0.314094611
7/28/2022 17:15,1115.88,0.130919048
7/28/2022 17:30,2000.165,0.23466654
7/28/2022 17:45,1227.705,0.144038759
7/28/2022 18:00,1214.165,0.142450198
7/28/2022 18:15,1163.165,0.136466694
7/28/2022 18:30,1595.915,0.187238478
7/28/2022 18:45,2871.625,0.336909356
7/28/2022 19:00,2882.94,0.338236873
7/28/2022 19:15,3772.545,0.442608526
7/28/2022 19:30,2126.93,0.249539065
7/28/2022 19:45,1237.47,0.145184424
7/28/2022 20:00,2034.25,0.238665515
7/28/2022 20:15,1308.495,0.153517332
7/28/2022 20:30,1539.59,0.180630227
7/28/2022 20:45,465.48,0.054611785
7/28/2022 21:00,267.23,0.031352383
7/28/2022 21:15,560.44,0.065752833
7/28/2022 21:30,579.255,0.067960277
7/28/2022 21:45,555.285,0.06514803
7/28/2022 22:00,636.235,0.074645375
7/28/2022 22:15,1322.2,0.155125252
7/28/2022 22:30,458.48,0.05379052
7/28/2022 22:45,583.605,0.068470634
7/28/2022 23:00,754.965,0.088575205
7/28/2022 23:15,183.525,0.021531812
7/28/2022 23:30,245.575,0.028811741
7/28/2022 23:45,441.805,0.051834149
7/29/2022 0:00,616.075,0.072280131
7/29/2022 0:15,305.49,0.035841184
7/29/2022 0:30,114.275,0.013407153
7/29/2022 0:45,135.645,0.015914358
7/29/2022 1:00,174.13,0.020429557
7/29/2022 1:15,222.865,0.026147322
7/29/2022 1:30,285.725,0.033522283
7/29/2022 1:45,380.655,0.044659811
7/29/2022 2:00,484.47,0.05683976
7/29/2022 2:15,630.875,0.07401652
7/29/2022 2:30,755.75,0.088667304
7/29/2022 2:45,887.175,0.104086557
7/29/2022 3:00,995.965,0.11685019
7/29/2022 3:15,1149.815,0.134900425
7/29/2022 3:30,1010.4,0.118543756
7/29/2022 3:45,1022.295,0.11993932
7/29/2022 4:00,964.645,0.113175615
7/29/2022 4:15,980.09,0.114987678
7/29/2022 4:30,959.84,0.112611875
7/29/2022 4:45,785.34,0.092138909
7/29/2022 5:00,824.745,0.096762045
7/29/2022 5:15,672.745,0.078928859
7/29/2022 5:30,715.84,0.083984919
7/29/2022 5:45,639.37,0.075013184
7/29/2022 6:00,575.97,0.067574869
7/29/2022 6:15,515.68,0.060501429
7/29/2022 6:30,366.99,0.043056585
7/29/2022 6:45,315.41,0.037005034
7/29/2022 7:00,282.765,0.033175005
7/29/2022 7:15,288.03,0.033792714
7/29/2022 7:30,317.055,0.037198031
7/29/2022 7:45,349.705,0.041028646
7/29/2022 8:00,373.87,0.043863771
7/29/2022 8:15,368.37,0.043218491
7/29/2022 8:30,342.015,0.040126428
7/29/2022 8:45,330.9,0.038822376
7/29/2022 9:00,394.145,0.046242507
7/29/2022 9:15,534.885,0.062754629
7/29/2022 9:30,598.135,0.070175346
7/29/2022 9:45,634.055,0.074389609
7/29/2022 10:00,906.42,0.106344449
7/29/2022 10:15,1581.92,0.185596535
7/29/2022 10:30,546.36,0.064100917
7/29/2022 10:45,515.315,0.060458606
7/29/2022 11:00,502.26,0.058926947
7/29/2022 11:15,623.675,0.07317179
7/29/2022 11:30,593.515,0.069633311
7/29/2022 11:45,468.17,0.054927385
7/29/2022 12:00,472.875,0.055479393
7/29/2022 12:15,593.41,0.069620992
7/29/2022 12:30,474.105,0.055623701
7/29/2022 12:45,467.935,0.054899814
7/29/2022 13:00,415.37,0.0487327
7/29/2022 13:15,466.265,0.054703884
7/29/2022 13:30,434.96,0.051031069
7/29/2022 13:45,449.24,0.05270645
7/29/2022 14:00,359.825,0.042215961
7/29/2022 14:15,369.625,0.043365732
7/29/2022 14:30,392.195,0.046013726
7/29/2022 14:45,424.615,0.049817357
7/29/2022 15:00,328.275,0.038514402
7/29/2022 15:15,307.97,0.036132146
7/29/2022 15:30,318.875,0.03741156
7/29/2022 15:45,332.16,0.038970204
7/29/2022 16:00,336.715,0.039504613
7/29/2022 16:15,308.415,0.036184355
7/29/2022 16:30,323.13,0.037910772
7/29/2022 16:45,335.035,0.039307509
7/29/2022 17:00,357.88,0.041987767
7/29/2022 17:15,304.855,0.035766683
7/29/2022 17:30,277.535,0.032561403
7/29/2022 17:45,277.205,0.032522686
7/29/2022 18:00,289.32,0.033944061
7/29/2022 18:15,297.55,0.034909634
7/29/2022 18:30,270.615,0.031749524
7/29/2022 18:45,255.575,0.029984977
7/29/2022 19:00,239.925,0.028148863
7/29/2022 19:15,377.22,0.044256805
7/29/2022 19:30,261.72,0.03070593
7/29/2022 19:45,277.35,0.032539698
7/29/2022 20:00,362.585,0.042539774
7/29/2022 20:15,728.175,0.085432106
7/29/2022 20:30,404.095,0.047409876
7/29/2022 20:45,710.79,0.083392435
7/29/2022 21:00,338.245,0.039684118
7/29/2022 21:15,79.595,0.009338371
7/29/2022 21:30,95.38,0.011190324
7/29/2022 21:45,182.215,0.021378118
7/29/2022 22:00,314.245,0.036868352
7/29/2022 22:15,439.18,0.051526175
7/29/2022 22:30,587.48,0.068925263
7/29/2022 22:45,707.35,0.082988842
7/29/2022 23:00,801.845,0.094075335
7/29/2022 23:15,908.13,0.106545072
7/29/2022 23:30,975.29,0.114424525
7/29/2022 23:45,974.21,0.114297815
7/30/2022 0:00,994.78,0.116711162
7/30/2022 0:15,1000.95,0.117435048
7/30/2022 0:30,992.975,0.116499393
7/30/2022 0:45,987.35,0.115839447
7/30/2022 1:00,1000.705,0.117406304
7/30/2022 1:15,1288.555,0.1511779
7/30/2022 1:30,884.275,0.103746318
7/30/2022 1:45,1109.43,0.130162311
7/30/2022 2:00,292.295,0.034293099
7/30/2022 2:15,89.985,0.010557363
7/30/2022 2:30,524.345,0.061518038
7/30/2022 2:45,296.185,0.034749488
7/30/2022 3:00,711.965,0.08353029
7/30/2022 3:15,1151.275,0.135071717
7/30/2022 3:30,465.415,0.054604159
7/30/2022 3:45,993.98,0.116617303
7/30/2022 4:00,1294.27,0.151848404
7/30/2022 4:15,695.775,0.081630821
7/30/2022 4:30,813.095,0.095395225
7/30/2022 4:45,377.865,0.044332479
7/30/2022 5:00,602.245,0.070657546
7/30/2022 5:15,658.035,0.077203029
7/30/2022 5:30,670.125,0.078621471
7/30/2022 5:45,456.955,0.053611601
7/30/2022 6:00,996.845,0.116953435
7/30/2022 6:15,887.72,0.104150498
7/30/2022 6:30,758.805,0.089025727
7/30/2022 6:45,1084.855,0.127279084
7/30/2022 7:00,1621.21,0.190206179
7/30/2022 7:15,1566.46,0.183782712
7/30/2022 7:30,1591.57,0.186728707
7/30/2022 7:45,1428.885,0.167641919
7/30/2022 8:00,733.31,0.086034562
7/30/2022 8:15,549.55,0.064475179
7/30/2022 8:30,276.515,0.032441733
7/30/2022 8:45,235.455,0.027624426
7/30/2022 9:00,259.245,0.030415554
7/30/2022 9:15,52.685,0.006181193
7/30/2022 9:30,15.645,0.001835528
7/30/2022 9:45,44.335,0.005201541
7/30/2022 10:00,6.105,0.000716261
7/30/2022 10:15,145.865,0.017113406
7/30/2022 10:30,66.545,0.007807298
7/30/2022 10:45,170.9,0.020050602
7/30/2022 11:00,118.99,0.013960334
7/30/2022 11:15,269.76,0.031649212
7/30/2022 11:30,76.1,0.008928325
7/30/2022 11:45,61.86,0.007257637
7/30/2022 12:00,35.835,0.004204291
7/30/2022 12:15,44.245,0.005190982
7/30/2022 12:30,56.64,0.006645208
7/30/2022 12:45,282.975,0.033199643
7/30/2022 13:00,1661.155,0.194892669
7/30/2022 13:15,936.25,0.109844212
7/30/2022 13:30,1105.19,0.129664859
7/30/2022 13:45,1184.415,0.138959821
7/30/2022 14:00,1926.76,0.226054402
7/30/2022 14:15,3921.18,0.460046918
7/30/2022 14:30,3073.51,0.36059523
7/30/2022 14:45,2526.475,0.296415119
7/30/2022 15:00,1951.055,0.228904778
7/30/2022 15:15,756.375,0.088740631
7/30/2022 15:30,306.225,0.035927417
7/30/2022 15:45,314.89,0.036944026
7/30/2022 16:00,305.34,0.035823585
7/30/2022 16:15,238.635,0.027997515
7/30/2022 16:30,260.215,0.030529358
7/30/2022 16:45,314.2,0.036863072
7/30/2022 17:00,241.67,0.028353592
7/30/2022 17:15,224.93,0.026389595
7/30/2022 17:30,194.19,0.022783068
7/30/2022 17:45,199.435,0.02339843
7/30/2022 18:00,139.055,0.016314432
7/30/2022 18:15,111.66,0.013100352
7/30/2022 18:30,174.455,0.020467687
7/30/2022 18:45,170.175,0.019965542
7/30/2022 19:00,169.44,0.019879309
7/30/2022 19:15,168.74,0.019797183
7/30/2022 19:30,135.56,0.015904386
7/30/2022 19:45,169.13,0.019842939
7/30/2022 20:00,407.95,0.047862159
7/30/2022 20:15,311.34,0.036527527
7/30/2022 20:30,264.29,0.031007452
7/30/2022 20:45,308.405,0.036183182
7/30/2022 21:00,519.96,0.061003574
7/30/2022 21:15,299.46,0.035133722
7/30/2022 21:30,296.585,0.034796417
7/30/2022 21:45,299.58,0.035147801
7/30/2022 22:00,496.58,0.058260549
7/30/2022 22:15,332.445,0.039003641
7/30/2022 22:30,1649.365,0.193509424
7/30/2022 22:45,319.495,0.037484301
7/30/2022 23:00,476.55,0.055910557
7/30/2022 23:15,2180.605,0.255836409
7/30/2022 23:30,3714.205,0.435763868
7/30/2022 23:45,124.815,0.014643744
7/31/2022 0:00,91.525,0.010738042
7/31/2022 0:15,83.425,0.009787721
7/31/2022 0:30,80.095,0.009397033
7/31/2022 0:45,89.865,0.010543284
7/31/2022 1:00,44.675,0.005241431
7/31/2022 1:15,81.71,0.009586511
7/31/2022 1:30,69.08,0.008104714
7/31/2022 1:45,248.43,0.0291467
7/31/2022 2:00,331.255,0.038864026
7/31/2022 2:15,679.365,0.079705541
7/31/2022 2:30,236.04,0.02769306
7/31/2022 2:45,39.195,0.004598498
7/31/2022 3:00,25.56,0.002998791
7/31/2022 3:15,17.605,0.002065482
7/31/2022 3:30,27.545,0.003231678
7/31/2022 3:45,2270.985,0.266440115
7/31/2022 4:00,1663.715,0.195193018
7/31/2022 4:15,314.52,0.036900616
7/31/2022 4:30,337.715,0.039621936
7/31/2022 4:45,1322.73,0.155187433
7/31/2022 5:00,3661.29,0.42955569
7/31/2022 5:15,114.415,0.013423579
7/31/2022 5:30,167.255,0.019622957
7/31/2022 5:45,142.235,0.016687521
7/31/2022 6:00,104.775,0.012292579
7/31/2022 6:15,810.15,0.095049707
7/31/2022 6:30,644.56,0.075622094
7/31/2022 6:45,492.855,0.057823518
7/31/2022 7:00,477.365,0.056006176
7/31/2022 7:15,397.235,0.046605037
7/31/2022 7:30,201.535,0.02364481
7/31/2022 7:45,407.38,0.047795284
7/31/2022 8:00,656.08,0.076973661
7/31/2022 8:15,368.055,0.043181534
7/31/2022 8:30,980.09,0.114987678
7/31/2022 8:45,1164.89,0.136669078
7/31/2022 9:00,802.705,0.094176233
7/31/2022 9:15,799.87,0.093843621
7/31/2022 9:30,1078.025,0.126477764
7/31/2022 9:45,847.75,0.099461074
7/31/2022 10:00,609.245,0.071478811
7/31/2022 10:15,156.705,0.018385193
7/31/2022 10:30,17.595,0.002064309
7/31/2022 10:45,170.405,0.019992526
7/31/2022 11:00,44.595,0.005232046
7/31/2022 11:15,823.08,0.096566701
7/31/2022 11:30,284.475,0.033375628
7/31/2022 11:45,891.525,0.104596914
7/31/2022 12:00,1416.33,0.166168921
7/31/2022 12:15,998.46,0.117142912
7/31/2022 12:30,1543.565,0.181096588
7/31/2022 12:45,1941.67,0.227803697
7/31/2022 13:00,1198.86,0.14065456
7/31/2022 13:15,2491.315,0.292290022
7/31/2022 13:30,1817.585,0.213245599
7/31/2022 14:15,863.85,0.101349984
7/31/2022 14:30,235.165,0.027590402
7/31/2022 14:45,735.635,0.08630734
7/31/2022 15:00,691.745,0.081158007
7/31/2022 15:15,309.71,0.036336289
7/31/2022 15:30,107,0.012553624
7/31/2022 15:45,1726.275,0.202532782
7/31/2022 16:00,673.945,0.079069647
7/31/2022 16:15,948.795,0.111316036
7/31/2022 16:30,616.42,0.072320608
7/31/2022 16:45,155.7,0.018267283
7/31/2022 17:00,54.495,0.006393549
7/31/2022 17:15,842.41,0.098834566
7/31/2022 17:30,253.16,0.02970164
7/31/2022 17:45,116.045,0.013614816
7/31/2022 18:00,698.38,0.081936449
7/31/2022 18:15,792,0.092920284
7/31/2022 18:30,180.155,0.021136431
7/31/2022 18:45,635.49,0.074557969
7/31/2022 19:00,438.48,0.051444048
7/31/2022 19:15,1714.615,0.201164789
7/31/2022 19:30,317.985,0.037307142
7/31/2022 19:45,348.46,0.040882578
7/31/2022 20:00,627.245,0.073590636
7/31/2022 20:15,486.915,0.057126616
7/31/2022 20:30,264.02,0.030975774
7/31/2022 20:45,367.115,0.04307125
7/31/2022 21:00,1265.61,0.14848591
7/31/2022 21:15,773.265,0.090722226
7/31/2022 21:30,588.975,0.069100662
7/31/2022 21:45,452.505,0.053089511
7/31/2022 22:00,625.715,0.073411131
7/31/2022 22:15,210.1,0.024649686
7/31/2022 22:30,223.87,0.026265232
7/31/2022 22:45,270.76,0.031766535
7/31/2022 23:00,435.155,0.051053947
7/31/2022 23:15,297.81,0.034940139
7/31/2022 23:30,156.38,0.018347063
7/31/2022 23:45,277.465,0.03255319
8/1/2022 0:00,660.975,0.07754796
8/1/2022 0:15,1417.98,0.166362505
8/1/2022 0:30,1230.545,0.144371958
8/1/2022 0:45,1323.635,0.155293611
8/1/2022 1:00,1149.745,0.134892212
8/1/2022 1:15,898.235,0.105384156
8/1/2022 1:30,324.49,0.038070332
8/1/2022 1:45,264.705,0.031056141
8/1/2022 2:00,804.045,0.094333447
8/1/2022 2:15,328.425,0.038532
8/1/2022 2:30,48.91,0.005738297
8/1/2022 2:45,202.44,0.023750988
8/1/2022 3:00,174.74,0.020501124
8/1/2022 3:15,112.835,0.013238207
8/1/2022 3:30,321.355,0.037702523
8/1/2022 3:45,198.305,0.023265855
8/1/2022 4:00,284.845,0.033419038
8/1/2022 4:15,364.755,0.042794366
8/1/2022 4:30,157.35,0.018460867
8/1/2022 4:45,99.455,0.011668418
8/1/2022 5:00,539.995,0.063354152
8/1/2022 5:15,34.955,0.004101046
8/1/2022 5:30,24.6,0.00288616
8/1/2022 5:45,17.425,0.002044364
8/1/2022 6:00,73.795,0.008657894
8/1/2022 6:15,63.005,0.007391973
8/1/2022 6:30,27.925,0.003276261
8/1/2022 6:45,23.165,0.002717801
8/1/2022 7:00,60.345,0.007079892
8/1/2022 7:15,22.25,0.00261045
8/1/2022 7:30,28.14,0.003301486
8/1/2022 7:45,52.235,0.006128398
8/1/2022 8:00,73.09,0.008575181
8/1/2022 8:15,447.81,0.052538677
8/1/2022 8:30,210.875,0.024740612
8/1/2022 8:45,258.98,0.030384464
8/1/2022 9:00,289.16,0.03392529
8/1/2022 9:15,384.245,0.045081003
8/1/2022 9:30,441.735,0.051825936
8/1/2022 9:45,525,0.061594885
8/1/2022 10:00,539.995,0.063354152
8/1/2022 10:15,507.595,0.059552868
8/1/2022 10:30,605.14,0.070997198
8/1/2022 10:45,793.885,0.093141439
8/1/2022 11:00,614.08,0.072046071
8/1/2022 11:15,546.99,0.064174831
8/1/2022 11:30,300.23,0.035224062
8/1/2022 11:45,406.24,0.047661536
8/1/2022 12:00,365.645,0.042898784
8/1/2022 12:15,306.74,0.035987838
8/1/2022 12:30,1246.95,0.146296652
8/1/2022 12:45,2039.34,0.239262692
8/1/2022 13:00,1939.505,0.227549691
8/1/2022 13:15,1851.02,0.217168313
8/1/2022 13:30,1971.415,0.231293487
8/1/2022 13:45,1358.475,0.159381165
8/1/2022 14:00,1634.055,0.1917132
8/1/2022 14:15,1090.45,0.12793551
8/1/2022 14:30,1578.265,0.185167717
8/1/2022 14:45,1136.28,0.13331245
8/1/2022 15:00,1335.66,0.156704427
8/1/2022 15:15,1905.415,0.22355013
8/1/2022 15:30,2019.38,0.236920913
8/1/2022 15:45,597.43,0.070092633
8/1/2022 16:00,708.225,0.0830915
8/1/2022 16:15,355.98,0.041764852
8/1/2022 16:30,307.895,0.036123347
8/1/2022 16:45,725.435,0.085110639
8/1/2022 17:00,411.135,0.048235834
8/1/2022 17:15,448.375,0.052604965
8/1/2022 17:30,133.455,0.01565742
8/1/2022 17:45,322.425,0.037828059
8/1/2022 18:00,544.855,0.063924345
8/1/2022 18:15,637.285,0.074768565
8/1/2022 18:30,749.225,0.087901767
8/1/2022 18:45,796.135,0.093405417
8/1/2022 19:00,796.945,0.093500449
8/1/2022 19:15,845.22,0.099164245
8/1/2022 19:30,810.625,0.095105436
8/1/2022 19:45,941.8,0.110495358
8/1/2022 20:00,1042.39,0.122296938
8/1/2022 20:15,1072.025,0.125773822
8/1/2022 20:30,1069.98,0.125533896
8/1/2022 20:45,1113.71,0.130664456
8/1/2022 21:00,1233.26,0.144690492
8/1/2022 21:15,1168.29,0.137067978
8/1/2022 21:30,1205.03,0.141378447
8/1/2022 21:45,1284.55,0.150708019
8/1/2022 22:00,1146.98,0.134567812
8/1/2022 22:15,1079.61,0.126663722
8/1/2022 22:30,987.665,0.115876404
8/1/2022 22:45,1059.415,0.124294372
8/1/2022 23:00,1451.915,0.170343881
8/1/2022 23:15,781.93,0.091738835
8/1/2022 23:30,1036.78,0.121638752
8/1/2022 23:45,1044.08,0.122495215
8/2/2022 0:00,1561.41,0.183190228
8/2/2022 0:15,460.455,0.054022234
8/2/2022 0:30,436.245,0.05118183
8/2/2022 0:45,400.805,0.047023882
8/2/2022 1:00,373.075,0.043770499
8/2/2022 1:15,340.68,0.039969801
8/2/2022 1:30,314.775,0.036930533
8/2/2022 3:30,214.97,0.025221052
8/2/2022 3:45,212.18,0.024893719
8/2/2022 4:00,210.625,0.024711281
8/2/2022 4:15,197.99,0.023228898
8/2/2022 4:30,192.545,0.022590071
8/2/2022 4:45,191.215,0.02243403
8/2/2022 5:00,185.5,0.021763526
8/2/2022 5:15,185.175,0.021725396
8/2/2022 5:30,179.255,0.02103084
8/2/2022 5:45,218.46,0.025630512
8/2/2022 6:00,195.895,0.022983105
8/2/2022 6:15,177.785,0.020858375
8/2/2022 6:30,164.95,0.019352526
8/2/2022 6:45,178.585,0.020952233
8/2/2022 7:00,158.265,0.018568218
8/2/2022 7:15,155.715,0.018269043
8/2/2022 7:30,158.605,0.018608108
8/2/2022 7:45,159.295,0.018689061
8/2/2022 8:00,157.78,0.018511316
8/2/2022 8:15,151.14,0.017732288
8/2/2022 8:45,147.05,0.017252434
8/2/2022 9:00,170.34,0.0199849
8/2/2022 9:15,146.445,0.017181453
8/2/2022 9:30,141.915,0.016649977
8/2/2022 9:45,140.09,0.016435862
8/2/2022 10:00,144.885,0.016998428
8/2/2022 10:15,141.385,0.016587796
8/2/2022 10:30,148.115,0.017377384
8/2/2022 10:45,132.465,0.015541269
8/2/2022 11:00,130.85,0.015351792
8/2/2022 11:15,127.015,0.014901856
8/2/2022 11:30,126.675,0.014861966
8/2/2022 11:45,119.515,0.014021929
8/2/2022 12:00,122.845,0.014412617
8/2/2022 12:15,121.69,0.014277108
8/2/2022 12:30,119.215,0.013986732
8/2/2022 12:45,119.535,0.014024275
8/2/2022 13:00,122.77,0.014403817
8/2/2022 13:15,117.975,0.013841251
8/2/2022 13:30,119.005,0.013962094
8/2/2022 13:45,119.145,0.013978519
8/2/2022 14:00,119.66,0.014038941
8/2/2022 14:15,123.53,0.014492983
8/2/2022 14:30,121.71,0.014279454
8/2/2022 14:45,121.66,0.014273588
8/2/2022 15:00,122.91,0.014420243
8/2/2022 15:15,118.51,0.013904019
8/2/2022 15:30,116.44,0.013661159
8/2/2022 15:45,130.75,0.015340059
8/2/2022 16:00,122.305,0.014349262
8/2/2022 16:15,118.99,0.013960334
8/2/2022 16:30,122.805,0.014407924
8/2/2022 16:45,107.535,0.012616392
8/2/2022 17:00,110.36,0.012947831
8/2/2022 17:15,110.515,0.012966017
8/2/2022 17:30,110.385,0.012950765
8/2/2022 17:45,110.235,0.012933166
8/2/2022 18:00,116.65,0.013685797
8/2/2022 18:15,114.875,0.013477547
8/2/2022 18:30,113.615,0.01332972
8/2/2022 18:45,172.63,0.020253571
8/2/2022 19:00,184.435,0.021638576
8/2/2022 19:15,161.59,0.018958319
8/2/2022 19:30,141.41,0.016590729
8/2/2022 19:45,135.545,0.015902626
8/2/2022 20:00,162.415,0.019055111
8/2/2022 20:15,130.105,0.015264386
8/2/2022 20:30,169.49,0.019885175
8/2/2022 20:45,132.165,0.015506072
8/2/2022 21:00,132.49,0.015544203
8/2/2022 21:15,135.055,0.015845138
8/2/2022 21:30,121.655,0.014273001
8/2/2022 21:45,115.84,0.013590765
8/2/2022 22:00,114.87,0.013476961
8/2/2022 22:15,140.075,0.016434102
8/2/2022 22:30,120.525,0.014140426
8/2/2022 22:45,113.08,0.013266952
8/2/2022 23:00,186.53,0.021884369
8/2/2022 23:15,107.81,0.012648656
8/2/2022 23:30,147.12,0.017260647
8/2/2022 23:45,121.81,0.014291187
8/3/2022 0:00,151.585,0.017784497
8/3/2022 0:15,110.25,0.012934926
8/3/2022 0:30,134.385,0.015766531
8/3/2022 1:00,117.54,0.013790215
8/3/2022 1:15,309.895,0.036357994
8/3/2022 1:30,96.005,0.011263651
8/3/2022 1:45,181.685,0.021315937
8/3/2022 2:00,120.055,0.014085284
8/3/2022 2:15,131.12,0.015383469
8/3/2022 2:30,85.96,0.010085136
8/3/2022 2:45,87.865,0.010308637
8/3/2022 3:00,84.275,0.009887446
8/3/2022 3:15,84.98,0.009970159
8/3/2022 3:30,86.665,0.010167849
8/3/2022 3:45,78.76,0.009240406
8/3/2022 4:00,83.395,0.009784201
8/3/2022 4:15,80.93,0.009494998
8/3/2022 4:30,80.945,0.009496758
8/3/2022 4:45,79.175,0.009289095
8/3/2022 5:00,76.04,0.008921286
8/3/2022 5:15,76.085,0.008926565
8/3/2022 5:30,74.55,0.008746474
8/3/2022 5:45,73.82,0.008660827
8/3/2022 6:00,75.585,0.008867904
8/3/2022 6:15,73.255,0.00859454
8/3/2022 6:30,76.155,0.008934778
8/3/2022 6:45,76.155,0.008934778
8/3/2022 7:00,73.415,0.008613311
8/3/2022 7:15,73.09,0.008575181
8/3/2022 7:30,74.515,0.008742367
8/3/2022 7:45,74.8,0.008775805
8/3/2022 8:00,70.3,0.008247848
8/3/2022 8:15,71.18,0.008351093
8/3/2022 8:30,70.105,0.00822497
8/3/2022 8:45,70.11,0.008225557
8/3/2022 9:00,70.045,0.008217931
8/3/2022 9:15,69.885,0.008199159
8/3/2022 9:30,70.57,0.008279526
8/3/2022 9:45,69.34,0.008135218
8/3/2022 10:00,76.455,0.008969975
8/3/2022 10:15,87.835,0.010305118
8/3/2022 10:30,70.805,0.008307097
8/3/2022 10:45,70,0.008212651
8/3/2022 11:00,70.83,0.00831003
8/3/2022 11:15,69.845,0.008194466
8/3/2022 11:30,69.78,0.00818684
8/3/2022 11:45,70.65,0.008288912
8/3/2022 12:00,69.48,0.008151643
8/3/2022 12:15,69.26,0.008125832
8/3/2022 12:30,68.165,0.007997363
8/3/2022 12:45,69.1,0.00810706
8/3/2022 13:00,66.865,0.007844842
8/3/2022 13:15,66.17,0.007763302
8/3/2022 13:30,66.66,0.007820791
8/3/2022 13:45,65.525,0.007687628
8/3/2022 14:00,67.945,0.007971551
8/3/2022 14:15,68.265,0.008009095
8/3/2022 14:30,69.32,0.008132871
8/3/2022 14:45,69.52,0.008156336
8/3/2022 15:00,70.105,0.00822497
8/3/2022 15:15,68.355,0.008019654
8/3/2022 15:30,68.095,0.00798915
8/3/2022 15:45,72.03,0.008450818
8/3/2022 16:00,73.92,0.00867256
8/3/2022 16:15,63.99,0.007507537
8/3/2022 16:30,64.57,0.007575584
8/3/2022 16:45,514.72,0.060388799
8/3/2022 17:00,453.03,0.053151106
8/3/2022 17:15,140.615,0.016497457
8/3/2022 17:30,210.725,0.024723014
8/3/2022 17:45,283.78,0.033294089
8/3/2022 18:00,367.29,0.043091782
8/3/2022 18:15,423.56,0.04969358
8/3/2022 18:30,467.225,0.054816515
8/3/2022 18:45,491.81,0.057700915
8/3/2022 19:00,503.255,0.059043684
8/3/2022 19:15,498.555,0.058492263
8/3/2022 19:30,517.105,0.060668615
8/3/2022 19:45,555.335,0.065153896
8/3/2022 20:00,584.14,0.068533402
8/3/2022 20:15,615.885,0.07225784
8/3/2022 20:30,628.195,0.073702093
8/3/2022 20:45,652.52,0.076555989
8/3/2022 21:00,656.805,0.077058721
8/3/2022 21:15,657.245,0.077110343
8/3/2022 21:30,663.57,0.077852415
8/3/2022 21:45,668.57,0.078439033
8/3/2022 22:00,680.755,0.079868621
8/3/2022 22:15,687.46,0.080655276
8/3/2022 22:30,680.175,0.079800573
8/3/2022 22:45,666.26,0.078168016
8/3/2022 23:00,652.66,0.076572415
8/3/2022 23:15,638.095,0.074863597
8/3/2022 23:30,617.915,0.072496007
8/3/2022 23:45,601.48,0.070567793
8/4/2022 0:00,571.795,0.067085043
8/4/2022 0:15,544.16,0.063842805
8/4/2022 0:30,520.77,0.061098606
8/4/2022 0:45,494.3,0.057993051
8/4/2022 1:00,464.385,0.054483316
8/4/2022 1:15,440.075,0.051631179
8/4/2022 1:30,411.63,0.04829391
8/4/2022 1:45,385.425,0.045219445
8/4/2022 2:00,373.52,0.043822708
8/4/2022 2:15,350.155,0.041081442
8/4/2022 2:30,335.79,0.039396089
8/4/2022 2:45,317.795,0.037284851
8/4/2022 3:00,300.775,0.035288003
8/4/2022 3:15,291.27,0.034172842
8/4/2022 3:30,277.445,0.032550844
8/4/2022 3:45,273.665,0.03210736
8/4/2022 4:00,262.705,0.030821494
8/4/2022 4:15,255.4,0.029964445
8/4/2022 4:30,257.16,0.030170935
8/4/2022 4:45,242.1,0.028404041
8/4/2022 5:00,235.9,0.027676635
8/4/2022 5:15,225.355,0.026439458
8/4/2022 5:30,218.29,0.025610567
8/4/2022 5:45,207.76,0.024375149
8/4/2022 6:00,202.83,0.023796744
8/4/2022 6:15,201.355,0.023623692
8/4/2022 6:30,195.06,0.02288514
8/4/2022 6:45,188.685,0.022137202
8/4/2022 7:00,183.89,0.021574635
8/4/2022 7:15,179.03,0.021004442
8/4/2022 7:30,174.63,0.020488219
8/4/2022 7:45,170.5,0.020003672
8/4/2022 8:00,165.745,0.019445799
8/4/2022 8:15,162.305,0.019042205
8/4/2022 8:30,159.67,0.018733058
8/4/2022 8:45,153.535,0.018013278
8/4/2022 9:00,149.95,0.017592672
8/4/2022 9:15,147.235,0.017274139
8/4/2022 9:30,145.165,0.017031279
8/4/2022 9:45,144.43,0.016945046
8/4/2022 10:00,142.095,0.016671096
8/4/2022 10:15,138.695,0.016272195
8/4/2022 10:30,136.425,0.016005871
8/4/2022 10:45,132.275,0.015518978
8/4/2022 11:00,127.265,0.014931187
8/4/2022 11:15,128.34,0.01505731
8/4/2022 11:30,125.825,0.014762241
8/4/2022 11:45,121.765,0.014285907
8/4/2022 12:00,118.23,0.013871168
8/4/2022 12:15,119.855,0.014061819
8/4/2022 12:30,117.005,0.013727447
8/4/2022 12:45,117.005,0.013727447
8/4/2022 13:00,115.885,0.013596044
8/4/2022 13:15,113.815,0.013353184
8/4/2022 13:30,111.555,0.013088033
8/4/2022 13:45,106.94,0.012546585
8/4/2022 14:00,109.33,0.012826988
8/4/2022 14:15,115.49,0.013549701
8/4/2022 14:30,114.46,0.013428858
8/4/2022 14:45,115.85,0.013591938
8/4/2022 15:00,111.54,0.013086273
8/4/2022 15:15,109.33,0.012826988
8/4/2022 15:30,117.985,0.013842424
8/4/2022 15:45,129.27,0.015166421
8/4/2022 16:00,116.9,0.013715128
8/4/2022 16:15,110.05,0.012911461
8/4/2022 16:30,106.6,0.012506695
8/4/2022 16:45,103.9,0.012189921
8/4/2022 17:00,103.875,0.012186988
8/4/2022 17:15,99.09,0.011625595
8/4/2022 17:30,97.745,0.011467794
8/4/2022 17:45,95.425,0.011195604
8/4/2022 18:00,97.635,0.011454889
8/4/2022 18:15,96.685,0.011343431
8/4/2022 18:30,93.745,0.0109985
8/4/2022 18:45,94.745,0.011115824
8/4/2022 19:00,95.425,0.011195604
8/4/2022 19:15,132.9,0.015592305
8/4/2022 19:30,156.345,0.018342957
8/4/2022 19:45,158.455,0.01859051
8/4/2022 20:00,165.05,0.019364259
8/4/2022 20:15,153.695,0.018032049
8/4/2022 20:30,156.185,0.018324185
8/4/2022 20:45,163.66,0.019201179
8/4/2022 21:00,164.725,0.019326128
8/4/2022 21:15,167.88,0.019696284
8/4/2022 21:30,163.445,0.019175954
8/4/2022 21:45,159.94,0.018764735
8/4/2022 22:00,156.305,0.018338264
8/4/2022 22:15,156.525,0.018364075
8/4/2022 22:30,168.755,0.019798943
8/4/2022 22:45,224.95,0.026391942
8/4/2022 23:00,358.755,0.042090425
8/4/2022 23:15,527.26,0.061860036
8/4/2022 23:30,685.28,0.08039951
8/4/2022 23:45,776.135,0.091058945
8/5/2022 0:00,763.11,0.089530805
8/5/2022 0:15,663.755,0.07787412
8/5/2022 0:30,556.725,0.065316976
8/5/2022 0:45,468.05,0.054913307
8/5/2022 1:00,440.555,0.051687495
8/5/2022 1:15,457.295,0.053651491
8/5/2022 1:30,458.3,0.053769402
8/5/2022 1:45,444.53,0.052153856
8/5/2022 2:00,434.48,0.050974754
8/5/2022 2:15,419.645,0.049234258
8/5/2022 2:30,394.51,0.04628533
8/5/2022 2:45,362.57,0.042538014
8/5/2022 3:00,306.695,0.035982559
8/5/2022 3:15,266.28,0.031240926
8/5/2022 3:30,271.335,0.031833997
8/5/2022 3:45,476.345,0.055886506
8/5/2022 4:00,609.005,0.071450653
8/5/2022 4:15,598.13,0.070174759
8/5/2022 4:30,551.12,0.064659377
8/5/2022 4:45,485.295,0.056936552
8/5/2022 5:00,441.87,0.051841775
8/5/2022 5:15,459.925,0.053960052
8/5/2022 5:30,466.475,0.054728522
8/5/2022 5:45,432.13,0.050699043
8/5/2022 6:00,392.595,0.046060655
8/5/2022 6:15,388.175,0.045542085
8/5/2022 6:30,369.17,0.04331235
8/5/2022 6:45,349.905,0.041052111
8/5/2022 7:00,357.08,0.041893908
8/5/2022 7:15,508.045,0.059605664
8/5/2022 7:30,428.33,0.050253214
8/5/2022 7:45,339.26,0.039803201
8/5/2022 8:00,322.275,0.03781046
8/5/2022 8:15,319.915,0.037533577
8/5/2022 8:30,318.8,0.037402761
8/5/2022 8:45,318.345,0.037349379
8/5/2022 9:00,311.12,0.036501716
8/5/2022 9:15,295.83,0.034707838
8/5/2022 9:30,263.555,0.030921219
8/5/2022 9:45,225.25,0.026427139
8/5/2022 10:00,192.3,0.022561327
8/5/2022 10:15,197.14,0.023129173
8/5/2022 10:30,296.35,0.034768846
8/5/2022 10:45,337.435,0.039589086
8/5/2022 11:00,272.355,0.031953667
8/5/2022 11:15,219.815,0.025789485
8/5/2022 11:30,210.47,0.024693096
8/5/2022 11:45,199.035,0.023351501
8/5/2022 12:00,196.9,0.023101015
8/5/2022 12:15,194.475,0.022816505
8/5/2022 12:30,178.44,0.020935222
8/5/2022 12:45,161.315,0.018926055
8/5/2022 13:00,146.22,0.017155055
8/5/2022 13:15,141.705,0.016625339
8/5/2022 13:30,148.945,0.017474762
8/5/2022 13:45,146.48,0.01718556
8/5/2022 14:00,142.755,0.016748529
8/5/2022 14:15,134.905,0.015827539
8/5/2022 14:30,126.6,0.014853167
8/5/2022 14:45,117.26,0.013757364
8/5/2022 15:00,114.145,0.013391901
8/5/2022 15:15,109.475,0.012844
8/5/2022 15:30,105.795,0.012412249
8/5/2022 15:45,100.495,0.011790434
8/5/2022 16:00,100.5,0.011791021
8/5/2022 16:15,94.97,0.011142221
8/5/2022 16:30,93.385,0.010956264
8/5/2022 16:45,93.36,0.01095333
8/5/2022 17:00,92.13,0.010809022
8/5/2022 17:15,90.18,0.010580241
8/5/2022 17:30,88.03,0.010327996
8/5/2022 17:45,85.355,0.010014155
8/5/2022 18:00,87.63,0.010281066
8/5/2022 18:15,86.08,0.010099215
8/5/2022 18:30,84.55,0.00991971
8/5/2022 18:45,85.16,0.009991277
8/5/2022 19:00,83.745,0.009825264
8/5/2022 19:15,84.59,0.009924403
8/5/2022 19:30,88.015,0.010326236
8/5/2022 19:45,94.86,0.011129316
8/5/2022 20:00,95.81,0.011240773
8/5/2022 20:15,96.525,0.01132466
8/5/2022 20:30,93.75,0.010999087
8/5/2022 20:45,90.72,0.010643596
8/5/2022 21:00,88.325,0.010362606
8/5/2022 21:15,85.63,0.010046419
8/5/2022 21:30,84.305,0.009890965
8/5/2022 21:45,85.37,0.010015915
8/5/2022 22:00,86.3,0.010125026
8/5/2022 22:15,86.505,0.010149077
8/5/2022 22:30,97.89,0.011484806
8/5/2022 22:45,97.035,0.011384495
8/5/2022 23:00,92.635,0.010868271
8/5/2022 23:15,99.635,0.011689536
8/5/2022 23:30,91.82,0.010772652
8/5/2022 23:45,99.815,0.011710654
8/6/2022 0:00,88.99,0.010440626
8/6/2022 0:15,83.21,0.009762496
8/6/2022 0:30,83.88,0.009841103
8/6/2022 0:45,86.04,0.010094522
8/6/2022 1:00,85.93,0.010081616
8/6/2022 1:15,91.39,0.010722203
8/6/2022 1:30,94.815,0.011124036
8/6/2022 1:45,99.715,0.011698922
8/6/2022 2:00,83.195,0.009760736
8/6/2022 2:15,77.56,0.009099618
8/6/2022 2:30,76.195,0.008939471
8/6/2022 2:45,75.52,0.008860278
8/6/2022 3:00,119.26,0.013992011
8/6/2022 3:15,76.64,0.00899168
8/6/2022 3:30,111.405,0.013070435
8/6/2022 3:45,70.67,0.008291258
8/6/2022 4:00,78.475,0.009206969
8/6/2022 4:15,75.495,0.008857344
8/6/2022 4:30,71.71,0.008413275
8/6/2022 4:45,68.72,0.008062477
8/6/2022 5:00,71.32,0.008367518
8/6/2022 5:15,69.05,0.008101194
8/6/2022 5:30,66.74,0.007830176
8/6/2022 5:45,66.905,0.007849535
8/6/2022 6:00,68.975,0.008092395
8/6/2022 6:15,65.565,0.007692321
8/6/2022 6:30,61.99,0.007272889
8/6/2022 6:45,64.215,0.007533934
8/6/2022 7:00,63.57,0.007458261
8/6/2022 7:15,65.295,0.007660644
8/6/2022 7:30,65.19,0.007648325
8/6/2022 7:45,64.705,0.007591423
8/6/2022 8:00,65.07,0.007634246
8/6/2022 8:15,65.1,0.007637766
8/6/2022 8:30,63.185,0.007413091
8/6/2022 8:45,60.685,0.007119782
8/6/2022 9:00,59.59,0.006991313
8/6/2022 9:15,58.885,0.0069086
8/6/2022 9:30,58.455,0.00685815
8/6/2022 9:45,58.975,0.006919159
8/6/2022 10:00,62.94,0.007384347
8/6/2022 10:15,63.91,0.007498151
8/6/2022 10:30,63.675,0.00747058
8/6/2022 10:45,61.33,0.007195456
8/6/2022 11:00,60.19,0.007061707
8/6/2022 11:15,55.95,0.006564255
8/6/2022 11:30,56.62,0.006642862
8/6/2022 11:45,60.485,0.007096317
8/6/2022 12:00,59.155,0.006940277
8/6/2022 12:15,58.285,0.006838205
8/6/2022 12:30,59.155,0.006940277
8/6/2022 12:45,55.375,0.006496794
8/6/2022 13:00,56.78,0.006661633
8/6/2022 13:15,58.82,0.006900974
8/6/2022 13:30,57.745,0.006774851
8/6/2022 13:45,58.335,0.006844072
8/6/2022 14:00,61.025,0.007159672
8/6/2022 14:15,56.435,0.006621157
8/6/2022 14:30,55.3,0.006487995
8/6/2022 14:45,53.28,0.006251001
8/6/2022 15:00,52.98,0.006215804
8/6/2022 15:15,57.55,0.006751973
8/6/2022 15:30,58.885,0.0069086
8/6/2022 15:45,483.965,0.056780512
8/6/2022 16:00,536.845,0.062984583
8/6/2022 16:15,594.015,0.069691973
8/6/2022 16:30,782.44,0.09179867
8/6/2022 16:45,1118.98,0.131282752
8/6/2022 17:00,1087.505,0.127589992
8/6/2022 17:15,1060.59,0.124432227
8/6/2022 17:30,1098.025,0.128824236
8/6/2022 17:45,1167.2,0.136940095
8/6/2022 18:00,1266.775,0.148622592
8/6/2022 18:15,1264.55,0.148361547
8/6/2022 18:30,1280.61,0.150245764
8/6/2022 18:45,1284.545,0.150707432
8/6/2022 19:00,1319.32,0.15478736
8/6/2022 19:15,1359.185,0.159464465
8/6/2022 19:30,1407.06,0.165081332
8/6/2022 19:45,1462.59,0.171596311
8/6/2022 20:00,1487.19,0.174482471
8/6/2022 20:15,1490.575,0.174879611
8/6/2022 20:30,1409.2,0.165332404
8/6/2022 20:45,1327.165,0.155707763
8/6/2022 21:00,1245.13,0.146083123
8/6/2022 21:15,1118.52,0.131228783
8/6/2022 21:30,976.58,0.114575872
8/6/2022 21:45,885.82,0.103927583
8/6/2022 22:00,856.19,0.100451285
8/6/2022 22:15,858.95,0.100775098
8/6/2022 22:30,825.75,0.096879955
8/6/2022 22:45,726.085,0.085186899
8/6/2022 23:00,610.865,0.071668875
8/6/2022 23:15,519.01,0.060892117
8/6/2022 23:30,470.695,0.055223628
8/6/2022 23:45,461.935,0.054195873
8/7/2022 0:00,494.325,0.057995984
8/7/2022 0:15,533,0.062533474
8/7/2022 0:30,533.39,0.06257923
8/7/2022 0:45,495.295,0.058109788
8/7/2022 1:00,432.905,0.050789969
8/7/2022 1:15,386.26,0.04531741
8/7/2022 1:30,349.385,0.040991103
8/7/2022 1:45,324.42,0.038062119
8/7/2022 2:00,311.84,0.036586189
8/7/2022 2:15,293.975,0.034490203
8/7/2022 2:30,268.69,0.031523676
8/7/2022 2:45,244.73,0.028712602
8/7/2022 3:00,228.06,0.026756818
8/7/2022 3:15,216.785,0.025433995
8/7/2022 3:30,202.405,0.023746881
8/7/2022 3:45,193.61,0.02271502
8/7/2022 4:00,185.63,0.021778778
8/7/2022 4:15,177.105,0.020778595
8/7/2022 4:30,176.965,0.020762169
8/7/2022 4:45,166.46,0.019529685
8/7/2022 5:00,160.065,0.018779401
8/7/2022 5:15,154.045,0.018073113
8/7/2022 5:30,152.925,0.01794171
8/7/2022 5:45,147.455,0.01729995
8/7/2022 6:00,144.6,0.016964991
8/7/2022 6:15,138.135,0.016206494
8/7/2022 6:30,135.72,0.015923158
8/7/2022 6:45,133.65,0.015680298
8/7/2022 7:00,130.155,0.015270252
8/7/2022 7:15,127.85,0.014999821
8/7/2022 7:30,124.55,0.014612653
8/7/2022 7:45,125.455,0.014718831
8/7/2022 8:00,121.075,0.014204954
8/7/2022 8:15,117.815,0.013822479
8/7/2022 8:30,116.795,0.013702809
8/7/2022 8:45,114.805,0.013469335
8/7/2022 9:00,112.72,0.013224715
8/7/2022 9:15,109.73,0.012873918
8/7/2022 9:30,108.46,0.012724917
8/7/2022 9:45,108.22,0.012696759
8/7/2022 10:00,106.31,0.012472671
8/7/2022 10:15,103.715,0.012168216
8/7/2022 10:30,104.23,0.012228638
8/7/2022 10:45,102.525,0.012028601
8/7/2022 11:00,101.51,0.011909518
8/7/2022 11:15,99.625,0.011688363
8/7/2022 11:30,98.31,0.011534082
8/7/2022 11:45,99.805,0.011709481
8/7/2022 12:00,97.35,0.011421452
8/7/2022 12:15,98.965,0.011610929
8/7/2022 12:30,96.225,0.011289463
8/7/2022 12:45,93.325,0.010949224
8/7/2022 13:00,94.305,0.011064201
8/7/2022 13:15,90.89,0.010663541
8/7/2022 13:30,91.435,0.010727483
8/7/2022 13:45,89.95,0.010553257
8/7/2022 14:00,89.165,0.010461158
8/7/2022 14:15,88.005,0.010325063
8/7/2022 14:30,88.165,0.010343834
8/7/2022 14:45,86.38,0.010134412
8/7/2022 15:00,90.615,0.010631277
8/7/2022 15:15,87.74,0.010293972
8/7/2022 15:30,86.795,0.010183101
8/7/2022 15:45,91.51,0.010736282
8/7/2022 16:00,721.71,0.084673609
8/7/2022 16:15,811.52,0.09521044
8/7/2022 16:30,938.215,0.110074753
8/7/2022 16:45,981.15,0.115112041
8/7/2022 17:00,994.15,0.116637248
8/7/2022 17:15,1053.5,0.123600403
8/7/2022 17:30,1134.46,0.133098921
8/7/2022 17:45,1167.17,0.136936575
8/7/2022 18:00,1205.76,0.141464093
8/7/2022 18:15,1257.915,0.147583105
8/7/2022 18:30,1308.005,0.153459843
8/7/2022 18:45,1319.265,0.154780907
8/7/2022 19:00,1280.6,0.15024459
8/7/2022 19:15,1235.77,0.144984974
8/7/2022 19:30,1146.735,0.134539068
8/7/2022 19:45,948.575,0.111290225
8/7/2022 20:00,787.95,0.092445123
8/7/2022 20:15,723.35,0.084866019
8/7/2022 20:30,706.92,0.082938393
8/7/2022 20:45,734.765,0.086205268
8/7/2022 21:00,755.975,0.088693702
8/7/2022 21:15,719.915,0.084463013
8/7/2022 21:30,662.63,0.077742131
8/7/2022 21:45,607.63,0.071289333
8/7/2022 22:00,575.165,0.067480423
8/7/2022 22:15,564.225,0.066196903
8/7/2022 22:30,566.535,0.066467921
8/7/2022 22:45,565.225,0.066314227
8/7/2022 23:00,548.695,0.064374868
8/7/2022 23:15,538.615,0.063192246
8/7/2022 23:30,500.775,0.058752721
8/7/2022 23:45,460.285,0.054002289
8/8/2022 0:00,421.045,0.049398511
8/8/2022 0:15,382.955,0.044929656
8/8/2022 0:30,364.685,0.042786154
8/8/2022 0:45,333.13,0.039084008
8/8/2022 1:00,320.735,0.037629782
8/8/2022 1:15,310.8,0.036464172
8/8/2022 1:30,286.84,0.033653099
8/8/2022 1:45,272.76,0.032001183
8/8/2022 2:00,259.335,0.030426113
8/8/2022 2:15,252.8,0.029659404
8/8/2022 2:30,238.315,0.027959972
8/8/2022 2:45,237.63,0.027879605
8/8/2022 3:00,243.86,0.028610531
8/8/2022 3:15,240.03,0.028161181
8/8/2022 3:30,237.935,0.027915389
8/8/2022 3:45,226.38,0.026559714
8/8/2022 4:00,209.905,0.024626808
8/8/2022 4:15,224.02,0.026282831
8/8/2022 4:30,218.27,0.02560822
8/8/2022 4:45,200.76,0.023553884
8/8/2022 5:00,296.43,0.034778232
8/8/2022 5:15,261.74,0.030708277
8/8/2022 5:30,217.725,0.025544279
8/8/2022 5:45,268.98,0.031557699
8/8/2022 6:00,467.955,0.054902161
8/8/2022 6:15,464.19,0.054460438
8/8/2022 6:30,290.255,0.034053759
8/8/2022 6:45,314.71,0.036922907
8/8/2022 7:00,323.935,0.038005217
8/8/2022 7:15,276.03,0.032384831
8/8/2022 7:30,239.17,0.028060283
8/8/2022 7:45,203.995,0.023933426
8/8/2022 8:00,228.51,0.026809614
8/8/2022 8:15,179.8,0.021094782
8/8/2022 8:30,168.92,0.019818301
8/8/2022 8:45,166.005,0.019476303
8/8/2022 9:00,165.465,0.019412948
8/8/2022 9:15,160.785,0.018863874
8/8/2022 9:30,159.425,0.018704313
8/8/2022 9:45,157.275,0.018452068
8/8/2022 10:00,154.9,0.018173424
8/8/2022 10:15,151.18,0.01773698
8/8/2022 10:30,152.945,0.017944057
8/8/2022 10:45,145.095,0.017023066
8/8/2022 11:00,147.425,0.01729643
8/8/2022 11:15,145.415,0.01706061
8/8/2022 11:30,144.365,0.01693742
8/8/2022 11:45,141.425,0.016592489
8/8/2022 12:00,142.86,0.016760848
8/8/2022 12:15,139.965,0.016421196
8/8/2022 12:30,140.28,0.016458153
8/8/2022 12:45,137.85,0.016173057
8/8/2022 13:00,135.81,0.015933717
8/8/2022 13:15,132.065,0.01549434
8/8/2022 13:30,131.71,0.01545269
8/8/2022 13:45,129.48,0.015191059
8/8/2022 14:00,130.39,0.015297823
8/8/2022 14:15,130.735,0.0153383
8/8/2022 14:30,128.215,0.015042644
8/8/2022 14:45,125.64,0.014740536
8/8/2022 15:00,123.945,0.014541672
8/8/2022 15:15,124.3,0.014583322
8/8/2022 15:30,124.795,0.014641398
8/8/2022 15:45,122.225,0.014339876
8/8/2022 16:00,120.7,0.014160957
8/8/2022 16:15,119.16,0.013980279
8/8/2022 16:30,118.005,0.01384477
8/8/2022 16:45,535.645,0.062843795
8/15/2022 13:45,5.955,0.000698662
8/15/2022 14:00,19.185,0.002250853
8/15/2022 14:15,18.715,0.002195711
8/15/2022 14:30,19.655,0.002305995
8/15/2022 14:45,17.16,0.002013273
8/15/2022 15:00,19.985,0.002344712
8/15/2022 15:15,24.41,0.002863869
8/15/2022 15:30,18.05,0.002117691
8/15/2022 15:45,17.21,0.002019139
8/15/2022 16:00,16.905,0.001983355
8/15/2022 16:15,19.135,0.002244987
8/15/2022 16:30,17.43,0.00204495
8/15/2022 16:45,16,0.001877177
8/15/2022 17:00,16.845,0.001976316
8/15/2022 17:15,16.595,0.001946985
8/15/2022 17:30,17.37,0.002037911
8/15/2022 17:45,20.275,0.002378736
8/15/2022 18:00,20,0.002346472
8/15/2022 18:15,47.085,0.005524181
8/15/2022 18:30,17.685,0.002074868
8/15/2022 18:45,18.32,0.002149368
8/15/2022 19:00,17.635,0.002069002
8/15/2022 19:15,23.775,0.002789368
8/15/2022 19:30,20.21,0.00237111
8/15/2022 19:45,16.98,0.001992155
8/15/2022 20:00,16.295,0.001911788
8/15/2022 20:15,22.985,0.002696683
8/15/2022 20:30,18.795,0.002205097
8/15/2022 20:45,17.72,0.002078974
8/15/2022 21:00,19.655,0.002305995
8/15/2022 21:15,19.655,0.002305995
8/15/2022 21:30,19.845,0.002328287
8/15/2022 21:45,19.6,0.002299542
8/15/2022 22:00,25.125,0.002947755
8/15/2022 22:15,25.14,0.002949515
8/15/2022 22:30,24.405,0.002863282
8/15/2022 22:45,23.17,0.002718388
8/15/2022 23:00,51.695,0.006065043
8/15/2022 23:15,32.335,0.003793658
8/15/2022 23:30,50.42,0.005915455
8/15/2022 23:45,31.26,0.003667535
8/16/2022 0:00,22.085,0.002591092
8/16/2022 0:15,37.675,0.004420166
8/16/2022 0:30,32.23,0.003781339
8/16/2022 0:45,28.535,0.003347829
8/16/2022 1:00,34.33,0.004027719
8/16/2022 1:30,46.955,0.005508929
8/16/2022 1:45,35.505,0.004165574
8/16/2022 2:00,28.47,0.003340203
8/16/2022 2:15,27.87,0.003269808
8/16/2022 2:30,56.595,0.006639929
8/16/2022 2:45,39.13,0.004590872
8/16/2022 3:00,27.815,0.003263356
8/16/2022 3:15,61.115,0.007170231
8/16/2022 3:30,28.845,0.003384199
8/16/2022 3:45,24,0.002815766
8/16/2022 4:00,39.035,0.004579726
8/16/2022 4:15,24.95,0.002927224
8/16/2022 4:30,22.12,0.002595198
8/16/2022 4:45,25.805,0.003027535
8/16/2022 5:00,53.085,0.006228123
8/16/2022 5:15,90.69,0.010640076
8/16/2022 5:30,38.54,0.004521651
8/16/2022 5:45,32.745,0.003841761
8/16/2022 6:00,19.565,0.002295436
8/16/2022 6:15,22.525,0.002642714
8/16/2022 6:30,38.355,0.004499946
8/16/2022 6:45,35.95,0.004217783
8/16/2022 7:00,27.915,0.003275088
8/16/2022 7:15,54.59,0.006404695
8/16/2022 7:30,31.48,0.003693347
8/16/2022 7:45,29.42,0.00345166
8/16/2022 8:00,34.19,0.004011294
8/16/2022 8:15,22.58,0.002649167
8/16/2022 8:30,26.075,0.003059213
8/16/2022 8:45,37.7,0.004423099
8/16/2022 9:00,41.255,0.004840185
8/16/2022 9:15,33.34,0.003911569
8/16/2022 9:30,19.98,0.002344125
8/16/2022 9:45,21.455,0.002517178
8/16/2022 10:00,61.22,0.00718255
8/16/2022 10:15,17.87,0.002096573
8/16/2022 10:30,20.16,0.002365244
8/16/2022 10:45,21.44,0.002515418
8/16/2022 11:00,61.8,0.007250598
8/16/2022 11:15,19.11,0.002242054
8/16/2022 11:30,31.4,0.003683961
8/16/2022 11:45,21.14,0.002480221
8/16/2022 12:00,31.445,0.00368924
8/16/2022 12:15,40.895,0.004797948
8/16/2022 12:30,54.245,0.006364218
8/16/2022 12:45,19.53,0.00229133
8/16/2022 13:00,16.745,0.001964584
8/16/2022 13:15,26.16,0.003069185
8/16/2022 13:30,20.78,0.002437984
8/16/2022 13:45,49.89,0.005853274
8/16/2022 14:00,30.995,0.003636445
8/16/2022 14:15,34.735,0.004075235
8/16/2022 14:30,18.605,0.002182805
8/16/2022 14:45,19.385,0.002274318
8/16/2022 15:00,19.105,0.002241467
8/16/2022 15:15,28.185,0.003306765
8/16/2022 15:30,15.095,0.001771
8/16/2022 15:45,22.915,0.00268847
8/16/2022 16:00,35.38,0.004150909
8/16/2022 16:15,20.95,0.002457929
8/16/2022 16:30,23.41,0.002746545
8/16/2022 16:45,36.625,0.004296977
8/16/2022 17:00,28.18,0.003306179
8/16/2022 17:15,16,0.001877177
8/16/2022 17:30,38.91,0.004565061
8/16/2022 17:45,15.67,0.001838461
8/16/2022 18:00,25.78,0.003024602
8/16/2022 18:15,32.39,0.003800111
8/16/2022 18:30,15.615,0.001832008
8/16/2022 18:45,23.825,0.002795235
8/16/2022 19:00,26.25,0.003079744
8/16/2022 19:15,32.395,0.003800698
8/16/2022 19:30,30.005,0.003520294
8/16/2022 19:45,16.05,0.001883044
8/16/2022 20:00,13.905,0.001631385
8/16/2022 20:15,16.005,0.001877764
8/16/2022 20:30,19.24,0.002257306
8/16/2022 20:45,24.24,0.002843924
8/16/2022 21:00,20.24,0.002374629
8/16/2022 21:15,31.22,0.003662843
8/16/2022 21:30,21.255,0.002493713
8/16/2022 21:45,26.775,0.003141339
8/16/2022 22:00,29.93,0.003511495
8/16/2022 22:15,32.775,0.003845281
8/16/2022 22:30,29.21,0.003427022
8/16/2022 22:45,28.02,0.003287407
8/16/2022 23:00,27.83,0.003265116
8/16/2022 23:15,23.5,0.002757104
8/16/2022 23:30,29.885,0.003506216
8/16/2022 23:45,24.755,0.002904345
8/17/2022 0:00,25.555,0.002998204
8/17/2022 0:15,25.975,0.00304748
8/17/2022 0:30,38.08,0.004467682
8/17/2022 0:45,29.51,0.003462219
8/17/2022 1:00,34.745,0.004076408
8/17/2022 1:15,32.655,0.003831202
8/17/2022 1:30,37.315,0.00437793
8/17/2022 1:45,40.475,0.004748672
8/17/2022 2:00,39.165,0.004594978
8/17/2022 2:15,36.39,0.004269405
8/17/2022 2:30,51.385,0.006028673
8/17/2022 2:45,47.635,0.005588709
8/17/2022 3:00,37.44,0.004392595
8/17/2022 3:15,39.345,0.004616097
8/17/2022 3:30,30.815,0.003615326
8/17/2022 3:45,34.305,0.004024786
8/17/2022 4:00,28.47,0.003340203
8/17/2022 4:15,29.925,0.003510908
8/17/2022 4:30,30.985,0.003635271
8/17/2022 4:45,39.05,0.004581486
8/17/2022 5:00,59.46,0.006976061
8/17/2022 5:15,82.76,0.0097097
8/17/2022 5:30,103.7,0.012166456
8/17/2022 5:45,119.29,0.013995531
8/17/2022 6:00,112.22,0.013166053
8/17/2022 6:15,100.355,0.011774009
8/17/2022 6:30,91.025,0.01067938
8/17/2022 6:45,80.865,0.009487372
8/17/2022 7:00,71.73,0.008415621
8/17/2022 7:15,67.775,0.007951606
8/17/2022 7:30,54.45,0.00638827
8/17/2022 7:45,48.895,0.005736537
8/17/2022 8:00,50.035,0.005870286
8/17/2022 8:15,42.145,0.004944603
8/17/2022 8:30,39.575,0.004643081
8/17/2022 8:45,42.195,0.004950469
8/17/2022 9:00,40.685,0.00477331
8/17/2022 9:15,38.89,0.004562714
8/17/2022 9:30,35.13,0.004121578
8/17/2022 9:45,31.45,0.003689827
8/17/2022 10:00,31.505,0.00369628
8/17/2022 10:15,30.23,0.003546692
8/17/2022 10:30,27.525,0.003229332
8/17/2022 10:45,24.945,0.002926637
8/17/2022 11:00,24.43,0.002866215
8/17/2022 11:15,23.8,0.002792301
8/17/2022 11:30,24.605,0.002886747
8/17/2022 11:45,24.755,0.002904345
8/17/2022 12:00,22.04,0.002585812
8/17/2022 12:15,25.325,0.00297122
8/17/2022 12:30,24.355,0.002857416
8/17/2022 12:45,24.73,0.002901412
8/17/2022 13:00,21.615,0.002535949
8/17/2022 13:15,20.625,0.002419799
8/17/2022 13:30,21.75,0.002551788
8/17/2022 13:45,18.515,0.002172246
8/17/2022 14:00,23.02,0.002700789
8/17/2022 14:15,20.64,0.002421559
8/17/2022 14:30,18.25,0.002141156
8/17/2022 14:45,20.275,0.002378736
8/17/2022 15:00,20.29,0.002380496
8/17/2022 15:15,17.42,0.002043777
8/17/2022 15:30,15.965,0.001873071
8/17/2022 15:45,20.115,0.002359964
8/17/2022 16:00,16.92,0.001985115
8/17/2022 16:15,15.69,0.001840807
8/17/2022 16:30,16.52,0.001938186
8/17/2022 16:45,21.635,0.002538296
8/17/2022 17:00,69.93,0.008204439
8/17/2022 17:15,78.69,0.009232193
8/17/2022 17:30,109,0.012788271
8/17/2022 17:45,142.92,0.016767888
8/17/2022 18:00,195.03,0.02288162
8/17/2022 18:15,224.68,0.026360264
8/17/2022 18:30,247.165,0.028998285
8/17/2022 18:45,234.515,0.027514142
8/17/2022 19:00,255.37,0.029960925
8/17/2022 19:15,432.885,0.050787623
8/17/2022 19:30,624.765,0.073299673
8/17/2022 19:45,729.555,0.085594012
8/17/2022 20:00,797.86,0.0936078
8/17/2022 20:15,851.12,0.099856455
8/17/2022 20:30,887.645,0.104141699
8/17/2022 20:45,914.715,0.107317648
8/17/2022 21:00,899.06,0.105480948
8/17/2022 21:15,823.87,0.096659387
8/17/2022 21:30,720.995,0.084589722
8/17/2022 21:45,641.445,0.075256631
8/17/2022 22:00,672.6,0.078911847
8/17/2022 22:15,687.71,0.080684607
8/17/2022 22:30,576.665,0.067656408
8/17/2022 22:45,584.45,0.068569773
8/17/2022 23:00,574.24,0.067371899
8/17/2022 23:15,555.36,0.065156829
8/17/2022 23:30,533.55,0.062598002
8/17/2022 23:45,516.13,0.060554225
8/18/2022 0:00,501.305,0.058814903
8/18/2022 0:15,500.445,0.058714004
8/18/2022 0:30,488.125,0.057268578
8/18/2022 0:45,474.48,0.055667697
8/18/2022 1:00,460.64,0.054043939
8/18/2022 1:15,449.95,0.05278975
8/18/2022 1:30,423.455,0.049681261
8/18/2022 1:45,394.785,0.046317594
8/18/2022 2:00,365.985,0.042938674
8/18/2022 2:15,328.835,0.038580103
8/18/2022 2:30,304.83,0.03576375
8/18/2022 2:45,288.65,0.033865454
8/18/2022 3:00,270.225,0.031703767
8/18/2022 3:15,264.12,0.030987507
8/18/2022 3:30,255.005,0.029918102
8/18/2022 3:45,259.185,0.030408515
8/18/2022 4:00,272.38,0.0319566
8/18/2022 4:15,301.67,0.035393008
8/18/2022 4:30,344.66,0.040436749
8/18/2022 4:45,374.48,0.043935338
8/18/2022 5:00,383.225,0.044961333
8/18/2022 5:15,394.025,0.046228428
8/18/2022 5:30,403.15,0.047299006
8/18/2022 5:45,407.27,0.047782379
8/18/2022 6:00,402.055,0.047170536
8/18/2022 6:15,392.485,0.04604775
8/18/2022 6:30,373.39,0.043807456
8/18/2022 6:45,349.92,0.041053871
8/18/2022 7:00,314.395,0.03688595
8/18/2022 7:15,281.39,0.033013685
8/18/2022 7:30,244.045,0.028632236
8/18/2022 7:45,213.505,0.025049173
8/18/2022 8:00,191.085,0.022418778
8/18/2022 8:15,175.995,0.020648365
8/18/2022 8:30,160.515,0.018832196
8/18/2022 8:45,152.17,0.017853131
8/18/2022 9:00,147.265,0.017277659
8/18/2022 9:15,135.795,0.015931957
8/18/2022 9:30,127.275,0.01493236
8/18/2022 9:45,119.59,0.014030728
8/18/2022 10:00,114.785,0.013466988
8/18/2022 10:15,111.885,0.01312675
8/18/2022 10:30,110.005,0.012906182
8/18/2022 10:45,105.52,0.012379985
8/18/2022 11:00,98.9,0.011603303
8/18/2022 11:15,102.43,0.012017455
8/18/2022 11:30,96.895,0.011368069
8/18/2022 11:45,97.085,0.011390361
8/18/2022 12:00,93.6,0.010981488
8/18/2022 12:15,89.83,0.010539178
8/18/2022 12:30,306.835,0.035998984
8/18/2022 12:45,308.165,0.036155024
8/18/2022 13:00,251.155,0.029466406
8/18/2022 13:15,291.655,0.034218012
8/18/2022 13:30,256.26,0.030065343
8/18/2022 13:45,166.7,0.019557843
8/18/2022 14:00,230.86,0.027085324
8/18/2022 14:15,130.215,0.015277291
8/18/2022 14:30,99.965,0.011728253
8/18/2022 14:45,106.335,0.012475604
8/18/2022 15:00,98.4,0.011544641
8/18/2022 15:15,93.19,0.010933385
8/18/2022 15:30,81.735,0.009589444
8/18/2022 15:45,74.985,0.008797509
8/18/2022 16:00,71.855,0.008430287
8/18/2022 16:15,75.34,0.008839159
8/18/2022 16:30,78.59,0.009220461
8/18/2022 16:45,89.29,0.010475823
8/18/2022 17:00,96.23,0.011290049
8/18/2022 17:15,108.82,0.012767153
8/18/2022 17:30,135.865,0.01594017
8/18/2022 17:45,130.605,0.015323048
8/18/2022 18:00,119.465,0.014016063
8/18/2022 18:15,120.52,0.014139839
8/18/2022 18:30,125.225,0.014691847
8/18/2022 18:45,129.345,0.01517522
8/18/2022 19:00,135.56,0.015904386
8/18/2022 19:15,139.425,0.016357842
8/18/2022 19:30,137.96,0.016185963
8/18/2022 19:45,134.07,0.015729574
8/18/2022 20:00,124.05,0.014553991
8/18/2022 20:15,120.55,0.014143359
8/18/2022 20:30,128.62,0.01509016
8/18/2022 20:45,136.515,0.01601643
8/18/2022 21:00,146.615,0.017201398
8/18/2022 21:15,176.39,0.020694708
8/18/2022 21:30,195.4,0.02292503
8/18/2022 21:45,188.055,0.022063288
8/18/2022 22:00,167.26,0.019623544
8/18/2022 22:15,154.495,0.018125908
8/18/2022 22:30,140.905,0.016531481
8/18/2022 22:45,132.315,0.015523671
8/18/2022 23:00,121.905,0.014302332
8/18/2022 23:15,112.65,0.013216503
8/18/2022 23:30,112.155,0.013158427
8/18/2022 23:45,103.965,0.012197547
8/19/2022 0:00,102.215,0.011992231
8/19/2022 0:15,95.995,0.011262478
8/19/2022 0:30,92.545,0.010857712
8/19/2022 0:45,85.82,0.010068711
8/19/2022 1:00,83.245,0.009766602
8/19/2022 1:15,82.735,0.009706767
8/19/2022 1:30,82.065,0.00962816
8/19/2022 1:45,81.54,0.009566566
8/19/2022 2:00,75.99,0.00891542
8/19/2022 2:15,74.67,0.008760553
8/19/2022 2:30,72.01,0.008448472
8/19/2022 2:45,68.675,0.008057198
8/19/2022 3:00,65.595,0.007695841
8/19/2022 3:15,65.87,0.007728105
8/19/2022 3:30,63.455,0.007444768
8/19/2022 3:45,61.715,0.007240625
8/19/2022 4:00,60.405,0.007086932
8/19/2022 4:15,64.405,0.007556226
8/19/2022 4:30,58.17,0.006824713
8/19/2022 4:45,56.96,0.006682752
8/19/2022 5:00,56.33,0.006608838
8/19/2022 5:15,55.645,0.006528471
8/19/2022 5:30,54.06,0.006342513
8/19/2022 5:45,54.935,0.006445171
8/19/2022 6:00,52.715,0.006184713
8/19/2022 6:15,53.58,0.006286198
8/19/2022 6:30,54.7,0.0064176
8/19/2022 6:45,52.775,0.006191753
8/19/2022 7:00,54.55,0.006400002
8/19/2022 7:15,50.75,0.005954172
8/19/2022 7:30,54.295,0.006370084
8/19/2022 7:45,50.42,0.005915455
8/19/2022 8:00,46.675,0.005476079
8/19/2022 8:15,48.165,0.005650891
8/19/2022 8:30,44.66,0.005239672
8/19/2022 8:45,49.76,0.005838022
8/19/2022 9:00,45.99,0.005395712
8/19/2022 9:15,45.94,0.005389846
8/19/2022 9:30,44.765,0.005251991
8/19/2022 9:45,45.785,0.005371661
8/19/2022 10:00,43.765,0.005134667
8/19/2022 10:15,46.74,0.005483705
8/19/2022 10:30,47.6,0.005584603
8/19/2022 10:45,44.405,0.005209754
8/19/2022 11:00,44.14,0.005178663
8/19/2022 11:15,44.9,0.005267829
8/19/2022 11:30,41.66,0.004887701
8/19/2022 11:45,41.2,0.004833732
8/19/2022 12:00,41.525,0.004871862
8/19/2022 12:15,42.15,0.004945189
8/19/2022 12:30,45.405,0.005327078
8/19/2022 12:45,44.58,0.005230286
8/19/2022 13:00,41.155,0.004828452
8/19/2022 13:15,40.05,0.00469881
8/19/2022 13:30,44.99,0.005278388
8/19/2022 13:45,40.38,0.004737527
8/19/2022 14:00,41.945,0.004921138
8/19/2022 14:15,40,0.004692944
8/19/2022 14:30,39.34,0.00461551
8/19/2022 14:45,41.375,0.004854264
8/19/2022 15:00,39.795,0.004668892
8/19/2022 15:15,41.17,0.004830212
8/19/2022 15:30,43.42,0.00509419
8/19/2022 15:45,39.6,0.004646014
8/19/2022 16:00,39.665,0.00465364
8/19/2022 16:15,42.055,0.004934044
8/19/2022 16:30,40.89,0.004797362
8/19/2022 16:45,40.575,0.004760405
8/19/2022 17:00,40.815,0.004788562
8/19/2022 17:15,43.61,0.005116482
8/19/2022 17:30,40.55,0.004757472
8/19/2022 17:45,39.295,0.00461023
8/19/2022 18:00,44.78,0.00525375
8/19/2022 18:15,39.95,0.004687077
8/19/2022 18:30,39.635,0.004650121
8/19/2022 18:45,40.805,0.004787389
8/19/2022 19:00,57.555,0.006752559
8/19/2022 19:15,41.85,0.004909992
8/19/2022 19:30,44.98,0.005277215
8/19/2022 19:45,44.21,0.005186876
8/19/2022 20:00,42.67,0.005006198
8/19/2022 20:15,41.05,0.004816133
8/19/2022 20:30,43.915,0.005152265
8/19/2022 20:45,43.115,0.005058407
8/19/2022 21:00,40.525,0.004754539
8/19/2022 21:15,40.05,0.00469881
8/19/2022 21:30,40.46,0.004746912
8/19/2022 21:45,43.345,0.005085391
8/19/2022 22:00,42.885,0.005031422
8/19/2022 22:15,43.195,0.005067793
8/19/2022 22:30,40.54,0.004756298
8/19/2022 22:45,50.075,0.005874979
8/19/2022 23:00,42.73,0.005013237
8/19/2022 23:15,42.285,0.004961028
8/19/2022 23:30,38.985,0.00457386
8/19/2022 23:45,42.09,0.00493815
8/20/2022 0:00,55.125,0.006467463
8/20/2022 0:15,42.795,0.005020863
8/20/2022 0:30,41.915,0.004917618
8/20/2022 0:45,39.225,0.004602018
8/20/2022 1:00,39.805,0.004670066
8/20/2022 1:15,40.085,0.004702916
8/20/2022 1:30,45.22,0.005305373
8/20/2022 1:45,54.945,0.006446345
8/20/2022 2:00,46.39,0.005442641
8/20/2022 2:15,44.085,0.00517221
8/20/2022 2:30,39.785,0.004667719
8/20/2022 2:45,54.75,0.006423467
8/20/2022 3:00,41.43,0.004860716
8/20/2022 3:15,41.43,0.004860716
8/20/2022 3:30,38.155,0.004476482
8/20/2022 3:45,48.235,0.005659103
8/20/2022 4:00,41.775,0.004901193
8/20/2022 4:15,51.9,0.006089094
8/20/2022 4:30,41.465,0.004864823
8/20/2022 4:45,37.79,0.004433658
8/20/2022 5:00,41.085,0.00482024
8/20/2022 5:15,42.895,0.005032595
8/20/2022 5:30,38.785,0.004550395
8/20/2022 5:45,34.945,0.004099873
8/20/2022 6:00,39.605,0.004646601
8/20/2022 6:15,33.115,0.003885171
8/20/2022 6:30,35.91,0.00421309
8/20/2022 6:45,35.895,0.00421133
8/20/2022 7:00,36.6,0.004294043
8/20/2022 7:15,34.825,0.004085794
8/20/2022 7:30,50.24,0.005894337
8/20/2022 7:45,36.945,0.00433452
8/20/2022 8:00,37.125,0.004355638
8/20/2022 8:15,47.535,0.005576977
8/20/2022 8:30,44.55,0.005226766
8/20/2022 8:45,36.025,0.004226582
8/20/2022 9:00,40.625,0.004766271
8/20/2022 9:15,42.81,0.005022623
8/20/2022 9:30,38.975,0.004572687
8/20/2022 9:45,40.195,0.004715822
8/20/2022 10:00,40.615,0.004765098
8/20/2022 10:15,40.715,0.00477683
8/20/2022 10:30,37.78,0.004432485
8/20/2022 10:45,45.215,0.005304786
8/20/2022 11:00,66.235,0.007770928
8/20/2022 11:15,44.83,0.005259617
8/20/2022 11:30,44.44,0.00521386
8/20/2022 12:00,42.775,0.005018517
8/20/2022 12:30,72.11,0.008460204
8/20/2022 13:00,45.975,0.005393952
8/20/2022 13:30,41.345,0.004850744
8/20/2022 13:45,42.21,0.004952229
8/20/2022 14:00,45.77,0.005369901
8/20/2022 14:15,52.27,0.006132504
8/20/2022 14:45,50.165,0.005885538
8/20/2022 15:00,53.95,0.006329608
8/20/2022 16:15,74.71,0.008765245
8/20/2022 16:30,85.02,0.009974852
8/20/2022 16:45,86.78,0.010181341
8/20/2022 17:00,84.76,0.009944348
8/20/2022 17:15,86.42,0.010139105
8/20/2022 17:30,93.395,0.010957437
8/20/2022 17:45,95.54,0.011209096
8/20/2022 18:00,111.195,0.013045797
8/20/2022 18:15,109.585,0.012856906
8/20/2022 18:30,114.99,0.01349104
8/20/2022 18:45,122.45,0.014366274
8/20/2022 19:00,129.6,0.015205137
8/20/2022 19:15,138.405,0.016238172
8/20/2022 19:30,144.695,0.016976137
8/20/2022 19:45,143.115,0.016790766
8/20/2022 20:00,146.23,0.017156229
8/20/2022 20:15,144.165,0.016913955
8/20/2022 20:30,148.185,0.017385596
8/20/2022 20:45,152.325,0.017871316
8/20/2022 21:00,149.035,0.017485321
8/20/2022 21:15,143.25,0.016806604
8/20/2022 21:30,141.12,0.016556705
8/20/2022 21:45,130.95,0.015363524
8/20/2022 22:00,129.225,0.015161141
8/20/2022 22:15,123.65,0.014507062
8/20/2022 22:30,121.07,0.014204367
8/20/2022 22:45,117.345,0.013767337
8/20/2022 23:00,113.955,0.01336961
8/20/2022 23:15,114.05,0.013380756
8/20/2022 23:30,109.765,0.012878024
8/20/2022 23:45,107.15,0.012571223
8/21/2022 0:00,104.88,0.012304898
8/21/2022 0:15,101.93,0.011958794
8/21/2022 0:30,100.385,0.011777529
8/21/2022 0:45,95.415,0.01119443
8/21/2022 1:00,94.86,0.011129316
8/21/2022 1:15,96.64,0.011338152
8/21/2022 1:30,91.57,0.010743321
8/21/2022 1:45,89.06,0.010448839
8/21/2022 2:00,87.875,0.010309811
8/21/2022 2:15,85.435,0.010023541
8/21/2022 2:30,84.115,0.009868674
8/21/2022 2:45,83.735,0.009824091
8/21/2022 3:00,81.725,0.00958827
8/21/2022 3:15,80.525,0.009447482
8/21/2022 3:30,80.66,0.009463321
8/21/2022 3:45,79.8,0.009362423
8/21/2022 4:00,76.845,0.009015731
8/21/2022 4:15,75.645,0.008874943
8/21/2022 4:30,75.005,0.008799856
8/21/2022 4:45,73.51,0.008624457
8/21/2022 5:00,72.84,0.00854585
8/21/2022 5:15,72.075,0.008456098
8/21/2022 5:30,70.03,0.008216171
8/21/2022 5:45,70.985,0.008328215
8/21/2022 6:00,68.75,0.008065997
8/21/2022 6:15,68.55,0.008042532
8/21/2022 6:30,66.96,0.007855988
8/21/2022 6:45,67.675,0.007939874
8/21/2022 7:00,67.65,0.007936941
8/21/2022 7:15,66.43,0.007793806
8/21/2022 7:30,66.15,0.007760956
8/21/2022 7:45,65.02,0.00762838
8/21/2022 8:00,64.99,0.00762486
8/21/2022 8:15,63.88,0.007494631
8/21/2022 8:30,63.54,0.007454741
8/21/2022 8:45,62.47,0.007329205
8/21/2022 9:00,61.89,0.007261157
8/21/2022 9:15,61.315,0.007193696
8/21/2022 9:30,60.31,0.007075786
8/21/2022 9:45,60.745,0.007126822
8/21/2022 10:00,59.415,0.006970781
8/21/2022 10:15,73.085,0.008574595
8/21/2022 10:30,60.32,0.007076959
8/21/2022 10:45,68.085,0.007987977
8/21/2022 11:00,59.395,0.006968435
8/21/2022 11:15,57.555,0.006752559
8/21/2022 11:30,57.89,0.006791863
8/21/2022 11:45,57.72,0.006771918
8/21/2022 12:00,57.915,0.006794796
8/21/2022 12:15,56.52,0.006631129
8/21/2022 12:30,61.595,0.007226547
8/21/2022 12:45,56.29,0.006604145
8/21/2022 13:00,59.065,0.006929718
8/21/2022 13:15,55.35,0.006493861
8/21/2022 13:30,59.255,0.006952009
8/21/2022 14:00,58.775,0.006895694
8/21/2022 14:15,84.155,0.009873367
8/21/2022 14:30,78.95,0.009262697
8/21/2022 14:45,54.74,0.006422293
8/21/2022 15:00,54.215,0.006360698
8/21/2022 15:15,62.815,0.007369681
8/21/2022 15:30,56.775,0.006661047
8/21/2022 15:45,54.575,0.006402935
8/21/2022 16:00,55.195,0.006475676
8/21/2022 16:15,56.415,0.00661881
8/21/2022 16:30,54.225,0.006361872
8/21/2022 16:45,54.89,0.006439892
8/21/2022 17:00,53.73,0.006303797
8/21/2022 17:15,53.475,0.006273879
8/21/2022 17:30,52.91,0.006207591
8/21/2022 17:45,52.195,0.006123705
8/21/2022 18:00,52.805,0.006195272
8/21/2022 18:15,55.845,0.006551936
8/21/2022 18:30,58.715,0.006888655
8/21/2022 18:45,54.68,0.006415254
8/21/2022 19:00,52.515,0.006161248
8/21/2022 19:15,53.795,0.006311423
8/21/2022 19:30,53.44,0.006269773
8/21/2022 19:45,53.32,0.006255694
8/21/2022 20:00,52.625,0.006174154
8/21/2022 20:15,53.45,0.006270946
8/21/2022 20:30,54.96,0.006448105
8/21/2022 20:45,54.67,0.006414081
8/21/2022 21:00,55.11,0.006465703
8/21/2022 21:15,55.23,0.006479782
8/21/2022 21:30,54.145,0.006352486
8/21/2022 21:45,54.945,0.006446345
8/21/2022 22:00,56.69,0.006651074
8/21/2022 22:15,56.22,0.006595932
8/21/2022 22:30,59.195,0.00694497
8/21/2022 22:45,58.93,0.006913879
8/21/2022 23:00,59.425,0.006971954
8/21/2022 23:15,59.435,0.006973128
8/21/2022 23:30,60.47,0.007094558
8/21/2022 23:45,60.73,0.007125062
8/22/2022 0:00,60.21,0.007064053
8/22/2022 0:15,60.415,0.007088105
8/22/2022 0:30,62.425,0.007323925
8/22/2022 0:45,87.13,0.010222404
8/22/2022 1:00,147.415,0.017295257
8/22/2022 1:15,136.95,0.016067466
8/22/2022 1:30,105.535,0.012381745
8/22/2022 1:45,86.76,0.010178995
8/22/2022 2:00,76.7,0.008998719
8/22/2022 2:15,75.145,0.008816281
8/22/2022 2:30,78.325,0.00918937
8/22/2022 2:45,130.31,0.015288437
8/22/2022 3:00,188.47,0.022111977
8/22/2022 3:15,148.8,0.01745775
8/22/2022 3:30,142.14,0.016676375
8/22/2022 3:45,142.765,0.016749702
8/22/2022 4:00,117.45,0.013779656
8/22/2022 4:15,100.215,0.011757584
8/22/2022 4:30,88.11,0.010337382
8/22/2022 4:45,80.245,0.009414632
8/22/2022 5:00,75.105,0.008811588
8/22/2022 5:15,71.84,0.008428527
8/22/2022 5:30,69.245,0.008124072
8/22/2022 5:45,67.905,0.007966858
8/22/2022 6:00,65.7,0.00770816
8/22/2022 6:15,64.795,0.007601982
8/22/2022 6:30,64.28,0.00754156
8/22/2022 6:45,62.255,0.00730398
8/22/2022 7:00,62.2,0.007297527
8/22/2022 7:15,61.37,0.007200149
8/22/2022 7:30,60.485,0.007096317
8/22/2022 7:45,60.375,0.007083412
8/22/2022 8:00,59.72,0.007006565
8/22/2022 8:15,58.265,0.006835859
8/22/2022 8:30,58.065,0.006812394
8/22/2022 8:45,56.185,0.006591826
8/22/2022 9:00,56.24,0.006598279
8/22/2022 9:15,55.01,0.006453971
8/22/2022 9:30,54.155,0.006353659
8/22/2022 9:45,54.345,0.006375951
8/22/2022 10:00,51.655,0.00606035
8/22/2022 10:15,52.645,0.0061765
8/22/2022 10:30,53.575,0.006285611
8/22/2022 10:45,52.6,0.006171221
8/22/2022 11:00,51.495,0.006041578
8/22/2022 11:15,51.435,0.006034539
8/22/2022 11:30,50.585,0.005934814
8/22/2022 11:45,50.19,0.005888471
8/22/2022 12:00,50.5,0.005924841
8/22/2022 12:15,50.51,0.005926015
8/22/2022 12:30,50.12,0.005880258
8/22/2022 12:45,49.255,0.005778773
8/22/2022 13:00,49.025,0.005751789
8/22/2022 13:15,49.07,0.005757069
8/22/2022 13:30,48.905,0.00573771
8/22/2022 13:45,47.73,0.005599855
8/22/2022 14:00,47.955,0.005626253
8/22/2022 14:15,48.14,0.005647958
8/22/2022 14:30,46.95,0.005508343
8/22/2022 14:45,46.855,0.005497197
8/22/2022 15:00,46.425,0.005446748
8/22/2022 15:15,45.03,0.005283081
8/22/2022 15:30,46.16,0.005415657
8/22/2022 15:45,45.885,0.005383393
8/22/2022 16:00,45.205,0.005303613
8/22/2022 16:15,44.85,0.005261963
8/22/2022 16:30,45.005,0.005280148
8/22/2022 16:45,45.275,0.005311826
8/22/2022 17:00,44.67,0.005240845
8/22/2022 17:15,45.07,0.005287774
8/22/2022 17:30,44.965,0.005275455
8/22/2022 17:45,44.285,0.005195675
8/22/2022 18:00,44.095,0.005173384
8/22/2022 18:15,44.35,0.005203301
8/22/2022 18:30,44.48,0.005218553
8/22/2022 18:45,44.12,0.005176317
8/22/2022 19:00,43.575,0.005112375
8/22/2022 19:15,43.945,0.005155785
8/22/2022 19:30,43.665,0.005122935
8/22/2022 19:45,44.03,0.005165758
8/22/2022 20:00,46.425,0.005446748
8/22/2022 20:15,43.545,0.005108856
8/22/2022 20:30,45.32,0.005317105
8/22/2022 20:45,47.89,0.005618627
8/22/2022 21:00,51.255,0.006013421
8/22/2022 21:15,49.25,0.005778187
8/22/2022 21:30,48.785,0.005723631
8/22/2022 21:45,48.42,0.005680808
8/22/2022 22:00,47.015,0.005515969
8/22/2022 22:15,46.865,0.00549837
8/22/2022 22:30,46.21,0.005421523
8/22/2022 22:45,46.285,0.005430322
8/22/2022 23:00,46.7,0.005479012
8/22/2022 23:15,46.165,0.005416244
8/22/2022 23:30,46.595,0.005466693
8/22/2022 23:45,45.48,0.005335877
8/23/2022 0:00,45.585,0.005348196
8/23/2022 0:15,46.4,0.005443815
8/23/2022 0:30,46.12,0.005410964
8/23/2022 0:45,45.43,0.005330011
8/23/2022 1:00,46.885,0.005500717
8/23/2022 1:15,45.43,0.005330011
8/23/2022 1:30,44.21,0.005186876
8/23/2022 1:45,43.56,0.005110616
8/23/2022 2:00,43.895,0.005149919
8/23/2022 2:15,44.36,0.005204474
8/23/2022 2:30,42.36,0.004969827
8/23/2022 2:45,42.67,0.005006198
8/23/2022 3:00,42.18,0.004948709
8/23/2022 3:15,42.09,0.00493815
8/23/2022 3:30,40.68,0.004772724
8/23/2022 3:45,41.335,0.004849571
8/23/2022 4:00,41.375,0.004854264
8/23/2022 4:15,41.21,0.004834905
8/23/2022 4:30,39.99,0.00469177
8/23/2022 4:45,40.035,0.00469705
8/23/2022 5:00,40.345,0.00473342
8/23/2022 5:15,39.555,0.004640735
8/23/2022 5:30,39.03,0.00457914
8/23/2022 5:45,38.905,0.004564474
8/23/2022 6:00,39.14,0.004592045
8/23/2022 6:15,39.12,0.004589699
8/23/2022 6:30,39.225,0.004602018
8/23/2022 6:45,39.81,0.004670652
8/23/2022 7:00,39.43,0.004626069
8/23/2022 7:15,39.125,0.004590285
8/23/2022 7:30,38.14,0.004474722
8/23/2022 7:45,38.035,0.004462403
8/23/2022 8:00,37.92,0.004448911
8/23/2022 8:15,37.93,0.004450084
8/23/2022 8:30,36.935,0.004333347
8/23/2022 8:45,38.145,0.004475308
8/23/2022 9:00,36.415,0.004272339
8/23/2022 9:15,35.51,0.004166161
8/23/2022 9:30,35.56,0.004172027
8/23/2022 9:45,35.785,0.004198425
8/23/2022 10:00,36.655,0.004300496
8/23/2022 10:15,36.69,0.004304603
8/23/2022 10:30,35.84,0.004204877
8/23/2022 10:45,37.225,0.004367371
8/23/2022 11:00,36.7,0.004305776
8/23/2022 11:15,36.32,0.004261193
8/23/2022 11:30,35.92,0.004214263
8/23/2022 11:45,36.275,0.004255913
8/23/2022 12:00,34.14,0.004005427
8/23/2022 12:15,34.865,0.004090487
8/23/2022 12:30,34.96,0.004101633
8/23/2022 12:45,36.48,0.004279965
8/23/2022 13:00,34.41,0.004037105
8/23/2022 13:15,34.77,0.004079341
8/23/2022 13:30,35.56,0.004172027
8/23/2022 13:45,34.83,0.004086381
8/23/2022 14:00,34.665,0.004067022
8/23/2022 14:15,34.75,0.004076995
8/23/2022 14:30,34.62,0.004061743
8/23/2022 14:45,36.79,0.004316335
8/23/2022 15:00,35.78,0.004197838
8/23/2022 15:15,35.145,0.004123338
8/23/2022 15:30,35.47,0.004161468
8/23/2022 15:45,35.5,0.004164987
8/23/2022 16:00,34.72,0.004073475
8/23/2022 16:15,34.06,0.003996042
8/23/2022 16:30,34.565,0.00405529
8/23/2022 16:45,37.045,0.004346252
8/23/2022 17:00,41.195,0.004833145
8/23/2022 17:15,40.72,0.004777417
8/23/2022 17:30,43.845,0.005144053
8/23/2022 17:45,44.225,0.005188636
8/23/2022 18:00,43.14,0.00506134
8/23/2022 18:15,43.44,0.005096537
8/23/2022 18:30,50.01,0.005867353
8/23/2022 18:45,58.37,0.006848178
8/23/2022 19:00,62.96,0.007386693
8/23/2022 19:15,65.53,0.007688215
8/23/2022 19:30,98.47,0.011552854
8/23/2022 19:45,185.06,0.021711904
8/23/2022 20:00,178.84,0.020982151
8/23/2022 20:15,126.875,0.014885431
8/23/2022 20:30,92.925,0.010902295
8/23/2022 20:45,74.015,0.008683706
8/23/2022 21:00,65.305,0.007661817
8/23/2022 21:15,62.3,0.00730926
8/23/2022 21:30,60.52,0.007100424
8/23/2022 21:45,61.57,0.007223613
8/23/2022 22:00,65.165,0.007645392
8/23/2022 22:15,64.435,0.007559746
8/23/2022 22:30,61.515,0.007217161
8/23/2022 22:45,58.235,0.006832339
8/23/2022 23:00,57.495,0.00674552
8/23/2022 23:15,56.58,0.006638169
8/23/2022 23:30,59.53,0.006984273
8/23/2022 23:45,58.9,0.006910359
8/24/2022 0:00,57.045,0.006692724
8/24/2022 0:15,56.36,0.006612358
8/24/2022 0:30,54.625,0.006408801
8/24/2022 0:45,53.095,0.006229296
8/24/2022 1:00,51.755,0.006072082
8/24/2022 1:15,50.02,0.005868526
8/24/2022 1:30,49.125,0.005763521
8/24/2022 1:45,49.3,0.005784053
8/24/2022 2:00,46.705,0.005479598
8/24/2022 2:15,48.635,0.005706033
8/24/2022 2:30,48.365,0.005674355
8/24/2022 2:45,48.89,0.00573595
8/24/2022 3:00,51.73,0.006069149
8/24/2022 3:15,50.165,0.005885538
8/24/2022 3:30,48.07,0.005639745
8/24/2022 3:45,45.9,0.005385153
8/24/2022 4:00,45.64,0.005354649
8/24/2022 4:15,45.9,0.005385153
8/24/2022 4:30,43.89,0.005149332
8/24/2022 4:45,43.405,0.00509243
8/24/2022 5:00,43.265,0.005076005
8/24/2022 5:15,42.225,0.004953989
8/24/2022 5:30,40.395,0.004739286
8/24/2022 5:45,40.9,0.004798535
8/24/2022 6:00,40.345,0.00473342
8/24/2022 6:15,38.795,0.004551569
8/24/2022 6:30,39.69,0.004656573
8/24/2022 6:45,38.185,0.004480001
8/24/2022 7:00,37.86,0.004441871
8/24/2022 7:15,38.335,0.0044976
8/24/2022 7:30,38.175,0.004478828
8/24/2022 7:45,38.15,0.004475895
8/24/2022 8:00,37.54,0.004404328
8/24/2022 8:15,36.315,0.004260606
8/24/2022 8:30,36.08,0.004233035
8/24/2022 8:45,35.155,0.004124511
8/24/2022 9:00,35.74,0.004193145
8/24/2022 9:15,36.355,0.004265299
8/24/2022 9:30,34.53,0.004051184
8/24/2022 9:45,33.955,0.003983723
8/24/2022 10:00,34.46,0.004042971
8/24/2022 10:15,33.485,0.00392858
8/24/2022 10:30,33.73,0.003957325
8/24/2022 10:45,32.665,0.003832375
8/24/2022 11:00,33.55,0.003936206
8/24/2022 11:15,33.825,0.00396847
8/24/2022 11:30,33.455,0.003925061
8/24/2022 11:45,33.625,0.003945006
8/24/2022 12:00,31.915,0.003744382
8/24/2022 12:15,32.98,0.003869332
8/24/2022 12:30,32.78,0.003845867
8/24/2022 12:45,32.5,0.003813017
8/24/2022 13:00,32.15,0.003771953
8/24/2022 13:15,32.36,0.003796591
8/24/2022 13:30,32.24,0.003782513
8/24/2022 13:45,33.045,0.003876958
8/24/2022 14:00,33.965,0.003984896
8/24/2022 14:15,32.325,0.003792485
8/24/2022 14:30,32.865,0.00385584
8/24/2022 14:45,33.32,0.003909222
8/24/2022 15:00,33.61,0.003943246
8/24/2022 15:15,33.27,0.003903356
8/24/2022 15:30,32.11,0.003767261
8/24/2022 15:45,33.295,0.003906289
8/24/2022 16:00,32.965,0.003867572
8/24/2022 16:15,33.815,0.003967297
8/24/2022 16:30,31.97,0.003750835
8/24/2022 16:45,33.375,0.003915675
8/24/2022 17:00,32.965,0.003867572
8/24/2022 17:15,34.23,0.004015987
8/24/2022 17:30,34.02,0.003991349
8/24/2022 17:45,33.815,0.003967297
8/24/2022 18:00,34.46,0.004042971
8/24/2022 18:15,33.16,0.00389045
8/24/2022 18:30,33.435,0.003922714
8/24/2022 18:45,34.15,0.004006601
8/24/2022 19:00,33.035,0.003875785
8/24/2022 19:15,33.745,0.003959085
8/24/2022 19:30,33.555,0.003936793
8/24/2022 19:45,33.465,0.003926234
8/24/2022 20:00,33.25,0.003901009
8/24/2022 20:15,33.25,0.003901009
8/24/2022 20:30,34.435,0.004040038
8/24/2022 20:45,33.055,0.003878131
8/24/2022 21:00,34.575,0.004056463
8/24/2022 21:15,32.91,0.003861119
8/24/2022 21:30,34.515,0.004049424
8/24/2022 21:45,33.84,0.00397023
8/24/2022 22:00,34.095,0.004000148
8/24/2022 22:15,33.775,0.003962604
8/24/2022 22:30,32.54,0.00381771
8/24/2022 22:45,35.095,0.004117471
8/24/2022 23:00,32.985,0.003869919
8/24/2022 23:15,32.65,0.003830615
8/24/2022 23:30,33.43,0.003922128
8/24/2022 23:45,32.565,0.003820643
8/25/2022 0:00,32.55,0.003818883
8/25/2022 0:15,32.56,0.003820056
8/25/2022 0:30,31.67,0.003715638
8/25/2022 0:45,32.135,0.003770194
8/25/2022 1:00,33.255,0.003901596
8/25/2022 1:15,30.22,0.003545519
8/25/2022 1:30,30.51,0.003579543
8/25/2022 1:45,30.185,0.003541413
8/25/2022 2:00,31.48,0.003693347
8/25/2022 2:15,29.515,0.003462806
8/25/2022 2:30,30.315,0.003556665
8/25/2022 2:45,30.935,0.003629405
8/25/2022 3:00,29.33,0.003441101
8/25/2022 3:15,30.335,0.003559011
8/25/2022 3:30,30.13,0.00353496
8/25/2022 3:45,29.39,0.00344814
8/25/2022 4:00,29.015,0.003404144
8/25/2022 4:15,29.49,0.003459873
8/25/2022 4:30,28.185,0.003306765
8/25/2022 4:45,29.33,0.003441101
8/25/2022 5:00,29.655,0.003479231
8/25/2022 5:15,28.61,0.003356628
8/25/2022 5:30,31.445,0.00368924
8/25/2022 5:45,29.645,0.003478058
8/25/2022 6:00,27.145,0.003184749
8/25/2022 6:15,28.895,0.003390065
8/25/2022 6:30,28.435,0.003336096
8/25/2022 6:45,26.905,0.003156591
8/25/2022 7:00,27.61,0.003239304
8/25/2022 7:15,26.55,0.003114941
8/25/2022 7:30,28.245,0.003313805
8/25/2022 7:45,28.685,0.003365427
8/25/2022 8:00,28.345,0.003325537
8/25/2022 8:15,27.455,0.003221119
8/25/2022 8:30,27.165,0.003187095
8/25/2022 8:45,26.105,0.003062732
8/25/2022 9:00,26.995,0.00316715
8/25/2022 9:15,27.055,0.00317419
8/25/2022 9:30,26.385,0.003095583
8/25/2022 9:45,25.32,0.002970633
8/25/2022 10:00,25.6,0.003003484
8/25/2022 10:15,24.62,0.002888507
8/25/2022 10:30,25.705,0.003015803
8/25/2022 10:45,26.14,0.003066839
8/25/2022 11:00,25.465,0.002987645
8/25/2022 11:15,24.235,0.002843337
8/25/2022 11:30,25.41,0.002981192
8/25/2022 11:45,26.96,0.003163044
8/25/2022 12:00,25.18,0.002954208
8/25/2022 12:15,26.04,0.003055106
8/25/2022 12:30,24.64,0.002890853
8/25/2022 12:45,24.115,0.002829258
8/25/2022 13:00,24.87,0.002917838
8/25/2022 13:15,23.81,0.002793475
8/25/2022 13:30,24.7,0.002897893
8/25/2022 13:45,25.26,0.002963594
8/25/2022 14:00,27.09,0.003178296
8/25/2022 14:15,22.09,0.002591678
8/25/2022 14:30,24.055,0.002822219
8/25/2022 14:45,25.05,0.002938956
8/25/2022 15:00,25.115,0.002946582
8/25/2022 15:15,23.09,0.002709002
8/25/2022 15:30,22.935,0.002690817
8/25/2022 15:45,24.125,0.002830432
8/25/2022 16:00,27.055,0.00317419
8/25/2022 16:15,25.825,0.003029882
8/25/2022 16:30,25.825,0.003029882
8/25/2022 16:45,29.77,0.003492723
8/25/2022 17:00,24.725,0.002900826
8/25/2022 17:15,25.345,0.002973566
8/25/2022 17:30,25.375,0.002977086
8/25/2022 17:45,26.69,0.003131367
8/25/2022 18:00,28.05,0.003290927
8/25/2022 18:15,26.505,0.003109662
8/25/2022 18:30,25.895,0.003038094
8/25/2022 18:45,24.655,0.002892613
8/25/2022 19:00,29.635,0.003476885
8/25/2022 19:15,25.575,0.003000551
8/25/2022 19:30,25.605,0.003004071
8/25/2022 19:45,35.485,0.004163228
8/25/2022 20:00,25.01,0.002934263
8/25/2022 20:15,24.39,0.002861522
8/25/2022 20:30,26.3,0.00308561
8/25/2022 20:45,26.425,0.003100276
8/25/2022 21:00,26.805,0.003144859
8/25/2022 21:15,26.125,0.003065079
8/25/2022 21:30,39.41,0.004623723
8/25/2022 21:45,26.985,0.003165977
8/25/2022 22:00,27.355,0.003209387
8/25/2022 22:15,29.01,0.003403557
8/25/2022 22:30,26.725,0.003135473
8/25/2022 22:45,26.28,0.003083264
8/25/2022 23:00,26.645,0.003126087
8/25/2022 23:15,25.095,0.002944236
8/25/2022 23:30,26.87,0.003152485
8/25/2022 23:45,28.03,0.00328858
8/26/2022 0:00,27.9,0.003273328
8/26/2022 0:15,25.225,0.002959488
8/26/2022 0:30,25.835,0.003031055
8/26/2022 0:45,25.44,0.002984712
8/26/2022 1:00,24.955,0.00292781
8/26/2022 1:15,27.71,0.003251037
8/26/2022 1:30,26.065,0.003058039
8/26/2022 1:45,24.71,0.002899066
8/26/2022 2:00,30.655,0.003596555
8/26/2022 2:15,24.03,0.002819286
8/26/2022 2:30,25.505,0.002992338
8/26/2022 2:45,24.44,0.002867389
8/26/2022 3:00,23.47,0.002753585
8/26/2022 3:15,24.57,0.002882641
8/26/2022 3:30,23.55,0.002762971
8/26/2022 3:45,24.15,0.002833365
8/26/2022 4:00,24.835,0.002913731
8/26/2022 4:15,23.575,0.002765904
8/26/2022 4:30,25.06,0.002940129
8/26/2022 4:45,25.23,0.002960074
8/26/2022 5:00,25.725,0.003018149
8/26/2022 5:15,26.695,0.003131953
8/26/2022 5:30,29.335,0.003441688
8/26/2022 5:45,24.2,0.002839231
8/26/2022 6:00,26.515,0.003110835
8/26/2022 6:15,27.3,0.003202934
8/26/2022 6:30,23.535,0.002761211
8/26/2022 6:45,26.025,0.003053346
8/26/2022 7:00,38.405,0.004505813
8/26/2022 7:15,25.365,0.002975913
8/26/2022 7:30,23.62,0.002771183
8/26/2022 7:45,25.325,0.00297122
8/26/2022 8:00,27.85,0.003267462
8/26/2022 8:15,23.555,0.002763557
8/26/2022 8:30,23.35,0.002739506
8/26/2022 8:45,23.115,0.002711935
8/26/2022 9:00,28.76,0.003374226
8/26/2022 9:15,23.005,0.002699029
8/26/2022 9:30,34.44,0.004040624
8/26/2022 9:45,20.945,0.002457343
8/26/2022 10:00,24.735,0.002901999
8/26/2022 10:15,21.67,0.002542402
8/26/2022 10:30,20.795,0.002439744
8/26/2022 10:45,20.985,0.002462036
8/26/2022 11:00,21.765,0.002553548
8/26/2022 11:15,21.185,0.0024855
8/26/2022 11:30,20.575,0.002413933
8/26/2022 11:45,22.84,0.002679671
8/26/2022 12:00,21.235,0.002491366
8/26/2022 12:15,37.905,0.004447151
8/26/2022 12:30,19.73,0.002314794
8/26/2022 12:45,37.745,0.004428379
8/26/2022 13:00,20.69,0.002427425
8/26/2022 13:15,23.725,0.002783502
8/26/2022 13:30,19.98,0.002344125
8/26/2022 13:45,21.325,0.002501926
8/26/2022 14:00,23.2,0.002721907
8/26/2022 14:15,20.14,0.002362897
8/26/2022 14:30,22.4,0.002628048
8/26/2022 14:45,20.445,0.002398681
8/26/2022 15:00,21.08,0.002473181
8/26/2022 15:15,22.465,0.002635674
8/26/2022 15:30,20.65,0.002422732
8/26/2022 15:45,18.165,0.002131183
8/26/2022 16:00,27.74,0.003254556
8/26/2022 16:15,21.31,0.002500166
8/26/2022 16:30,18.46,0.002165793
8/26/2022 16:45,18.715,0.002195711
8/26/2022 17:00,20.94,0.002456756
8/26/2022 17:15,19.195,0.002252026
8/26/2022 17:30,19.755,0.002317728
8/26/2022 17:45,21.505,0.002523044
8/26/2022 18:00,19.7,0.002311275
8/26/2022 18:15,19.995,0.002345885
8/26/2022 18:30,19.65,0.002305409
8/26/2022 18:45,20.695,0.002428012
8/26/2022 19:00,19.43,0.002279597
8/26/2022 19:15,19.195,0.002252026
8/26/2022 19:30,19.045,0.002234428
8/26/2022 19:45,22.255,0.002611037
8/26/2022 20:00,18.335,0.002151128
8/26/2022 20:15,21.71,0.002547095
8/26/2022 20:30,21.25,0.002493126
8/26/2022 20:45,24.89,0.002920184
8/26/2022 21:00,21.46,0.002517764
8/26/2022 21:15,21.2,0.00248726
8/26/2022 21:30,29.065,0.00341001
8/26/2022 21:45,21.985,0.002579359
8/26/2022 22:00,23.955,0.002810487
8/26/2022 22:15,20.98,0.002461449
8/26/2022 22:30,21.82,0.002560001
8/26/2022 22:45,21.05,0.002469662
8/26/2022 23:00,22.005,0.002581706
8/26/2022 23:15,25.23,0.002960074
8/26/2022 23:30,22.405,0.002628635
8/26/2022 23:45,29.075,0.003411183
8/27/2022 0:00,22.6,0.002651513
8/27/2022 0:15,22.48,0.002637434
8/27/2022 0:30,24.51,0.002875601
8/27/2022 0:45,24.58,0.002883814
8/27/2022 1:00,22.815,0.002676738
8/27/2022 1:15,21.8,0.002557654
8/27/2022 1:30,23.15,0.002716041
8/27/2022 1:45,21.725,0.002548855
8/27/2022 2:00,21.84,0.002562347
8/27/2022 2:15,27.565,0.003234025
8/27/2022 2:30,26.64,0.0031255
8/27/2022 2:45,23.225,0.00272484
8/27/2022 3:00,23.165,0.002717801
8/27/2022 3:15,22.11,0.002594025
8/27/2022 3:30,19.66,0.002306582
8/27/2022 3:45,21.525,0.00252539
8/27/2022 4:00,25.275,0.002965354
8/27/2022 4:15,23.01,0.002699616
8/27/2022 4:30,20.46,0.002400441
8/27/2022 4:45,21.99,0.002579946
8/27/2022 5:00,19.34,0.002269038
8/27/2022 5:15,20.19,0.002368763
8/27/2022 5:30,20.28,0.002379322
8/27/2022 5:45,20.22,0.002372283
8/27/2022 6:00,20.625,0.002419799
8/27/2022 6:15,21.33,0.002502512
8/27/2022 6:30,21.31,0.002500166
8/27/2022 6:45,21.605,0.002534776
8/27/2022 7:00,22.295,0.002615729
8/27/2022 7:15,19.37,0.002272558
8/27/2022 7:30,18.295,0.002146435
8/27/2022 7:45,20.305,0.002382256
8/27/2022 8:00,25.855,0.003033401
8/27/2022 8:15,21.405,0.002511311
8/27/2022 8:30,20.43,0.002396921
8/27/2022 8:45,20.645,0.002422146
8/27/2022 9:00,21.265,0.002494886
8/27/2022 9:15,19.66,0.002306582
8/27/2022 9:30,19.12,0.002243227
8/27/2022 9:45,17.14,0.002010926
8/27/2022 10:00,20.045,0.002351751
8/27/2022 10:15,17.155,0.002012686
8/27/2022 10:30,17.115,0.002007993
8/27/2022 10:45,19.68,0.002308928
8/27/2022 11:00,20.14,0.002362897
8/27/2022 11:15,20.595,0.002416279
8/27/2022 11:30,18.34,0.002151715
8/27/2022 11:45,20.09,0.002357031
8/27/2022 12:00,17.29,0.002028525
8/27/2022 12:15,17.37,0.002037911
8/27/2022 12:30,17.185,0.002016206
8/27/2022 12:45,15.57,0.001826728
8/27/2022 13:00,23.055,0.002704895
8/27/2022 13:15,15.85,0.001859579
8/27/2022 13:30,24.71,0.002899066
8/27/2022 13:45,22.96,0.00269375
8/27/2022 14:00,17.055,0.002000954
8/27/2022 14:15,16.77,0.001967517
8/27/2022 14:30,23.35,0.002739506
8/27/2022 14:45,18.485,0.002168727
8/27/2022 15:00,15.22,0.001785665
8/27/2022 15:15,17.345,0.002034978
8/27/2022 15:30,15.68,0.001839634
8/27/2022 15:45,16.025,0.001880111
8/27/2022 16:00,18.775,0.00220275
8/27/2022 16:15,17.395,0.002040844
8/27/2022 16:30,15.78,0.001851366
8/27/2022 16:45,16.675,0.001956371
8/27/2022 17:00,17.105,0.00200682
8/27/2022 17:15,20.47,0.002401614
8/27/2022 17:30,15.945,0.001870725
8/27/2022 17:45,15.94,0.001870138
8/27/2022 18:00,15.655,0.001836701
8/27/2022 18:15,19.215,0.002254373
8/27/2022 18:30,17.745,0.002081907
8/27/2022 18:45,16.765,0.00196693
8/27/2022 19:00,27.43,0.003218186
8/27/2022 19:15,21.515,0.002524217
8/27/2022 19:30,21.725,0.002548855
8/27/2022 19:45,17.88,0.002097746
8/27/2022 20:00,19.415,0.002277838
8/27/2022 20:15,23.52,0.002759451
8/27/2022 20:30,17.46,0.00204847
8/27/2022 20:45,39.695,0.00465716
8/27/2022 21:00,23.005,0.002699029
8/27/2022 21:15,19.025,0.002232081
8/27/2022 21:30,20.395,0.002392815
8/27/2022 21:45,22.075,0.002589918
8/27/2022 22:00,18.575,0.002179286
8/27/2022 22:15,20.255,0.002376389
8/27/2022 22:30,20.015,0.002348232
8/27/2022 22:45,41.725,0.004895327
8/27/2022 23:00,23.565,0.00276473
8/27/2022 23:15,19.37,0.002272558
8/27/2022 23:30,21.485,0.002520697
8/27/2022 23:45,18.935,0.002221522
8/28/2022 0:00,23.27,0.00273012
8/28/2022 0:15,18.65,0.002188085
8/28/2022 0:30,22.595,0.002650927
8/28/2022 0:45,20.675,0.002425665
8/28/2022 1:00,18.82,0.00220803
8/28/2022 1:15,20.345,0.002386948
8/28/2022 1:30,26.19,0.003072705
8/28/2022 1:45,43.775,0.00513584
8/28/2022 2:00,18.09,0.002122384
8/28/2022 2:15,25.15,0.002950688
8/28/2022 2:30,19.765,0.002318901
8/28/2022 2:45,18.535,0.002174593
8/28/2022 3:00,18.075,0.002120624
8/28/2022 3:15,19.94,0.002339432
8/28/2022 3:30,18.375,0.002155821
8/28/2022 3:45,25.785,0.003025189
8/28/2022 4:00,22.725,0.002666179
8/28/2022 4:15,19.105,0.002241467
8/28/2022 4:30,18.82,0.00220803
8/28/2022 4:45,17.02,0.001996848
8/28/2022 5:00,19.915,0.002336499
8/28/2022 5:15,17.035,0.001998607
8/28/2022 5:30,17.495,0.002052576
8/28/2022 5:45,19.215,0.002254373
8/28/2022 6:00,25.37,0.002976499
8/28/2022 6:15,18.075,0.002120624
8/28/2022 6:30,19.715,0.002313035
8/28/2022 6:45,17.16,0.002013273
8/28/2022 7:00,17.94,0.002104785
8/28/2022 7:15,20.545,0.002410413
8/28/2022 7:30,22.76,0.002670285
8/28/2022 7:45,18.475,0.002167553
8/28/2022 8:00,20.74,0.002433291
8/28/2022 8:15,20.495,0.002404547
8/28/2022 8:30,18.685,0.002192191
8/28/2022 8:45,22.28,0.00261397
8/28/2022 9:00,19.73,0.002314794
8/28/2022 9:15,20.41,0.002394574
8/28/2022 9:30,19.5,0.00228781
8/28/2022 9:45,16.8,0.001971036
8/28/2022 10:00,14.805,0.001736976
8/28/2022 10:15,16.45,0.001929973
8/28/2022 10:30,22.715,0.002665005
8/28/2022 10:45,24.65,0.002892027
8/28/2022 11:00,16.43,0.001927627
8/28/2022 11:15,17.27,0.002026178
8/28/2022 11:30,17.325,0.002032631
8/28/2022 11:45,14.89,0.001746948
8/28/2022 12:00,18.29,0.002145848
8/28/2022 12:15,15.005,0.00176044
8/28/2022 12:30,16.36,0.001919414
8/28/2022 12:45,25.285,0.002966527
8/28/2022 13:00,22.85,0.002680844
8/28/2022 13:15,16.315,0.001914134
8/28/2022 13:30,17.825,0.002091293
8/28/2022 13:45,12.935,0.001517581
8/28/2022 14:00,14.745,0.001729936
8/28/2022 14:15,28.235,0.003312632
8/28/2022 14:30,13.675,0.0016044
8/28/2022 14:45,13.26,0.001555711
8/28/2022 15:00,14.295,0.001677141
8/28/2022 15:15,14.075,0.00165133
8/28/2022 15:30,16.45,0.001929973
8/28/2022 15:45,14.08,0.001651916
8/28/2022 16:00,20.46,0.002400441
8/28/2022 16:15,14.55,0.001707058
8/28/2022 16:30,16.97,0.001990981
8/28/2022 16:45,20.15,0.00236407
8/28/2022 17:00,18.095,0.00212297
8/28/2022 17:15,14.21,0.001667168
8/28/2022 17:30,32.665,0.003832375
8/28/2022 17:45,17.07,0.002002714
8/28/2022 18:00,17.355,0.002036151
8/28/2022 18:15,19.635,0.002303649
8/28/2022 18:30,16.665,0.001955198
8/28/2022 18:45,29.395,0.003448727
8/28/2022 19:00,15.4,0.001806783
8/28/2022 19:15,22.495,0.002639194
8/28/2022 19:30,14.535,0.001705298
8/28/2022 19:45,16.82,0.001973383
8/28/2022 20:00,20.075,0.002355271
8/28/2022 20:15,19.945,0.002340019
8/28/2022 20:30,17.635,0.002069002
8/28/2022 20:45,17.645,0.002070175
8/28/2022 21:00,19.62,0.002301889
8/28/2022 21:15,20.95,0.002457929
8/28/2022 21:30,19.725,0.002314208
8/28/2022 21:45,23.38,0.002743026
8/28/2022 22:00,17.52,0.002055509
8/28/2022 22:15,17.115,0.002007993
8/28/2022 22:30,22.21,0.002605757
8/28/2022 22:45,19.28,0.002261999
8/28/2022 23:00,19.405,0.002276664
8/28/2022 23:15,17.005,0.001995088
8/28/2022 23:30,16.35,0.001918241
8/28/2022 23:45,19.01,0.002230321
8/29/2022 0:00,16.745,0.001964584
8/29/2022 0:15,21.58,0.002531843
8/29/2022 0:30,18.61,0.002183392
8/29/2022 0:45,15.435,0.00181089
8/29/2022 1:00,16.695,0.001958717
8/29/2022 1:15,18.9,0.002217416
8/29/2022 1:30,16.44,0.0019288
8/29/2022 1:45,17.23,0.002021485
8/29/2022 2:00,17.865,0.002095986
8/29/2022 2:15,20.4,0.002393401
8/29/2022 2:30,17.385,0.002039671
8/29/2022 2:45,37.015,0.004342733
8/29/2022 3:00,28.085,0.003295033
8/29/2022 3:15,16.555,0.001942292
8/29/2022 3:30,17.645,0.002070175
8/29/2022 3:45,18.09,0.002122384
8/29/2022 4:00,15.045,0.001765133
8/29/2022 4:15,15.5,0.001818516
8/29/2022 4:30,16.245,0.001905922
8/29/2022 4:45,15.925,0.001868378
8/29/2022 5:00,21.705,0.002546509
8/29/2022 5:15,15.3,0.001795051
8/29/2022 5:30,16.435,0.001928213
8/29/2022 5:45,15.595,0.001829661
8/29/2022 6:00,16.255,0.001907095
8/29/2022 6:15,14.935,0.001752228
8/29/2022 6:30,28.94,0.003395345
8/29/2022 6:45,15.385,0.001805023
8/29/2022 7:00,16.185,0.001898882
8/29/2022 7:15,18.125,0.00212649
8/29/2022 7:30,15.84,0.001858406
8/29/2022 7:45,16.13,0.00189243
8/29/2022 8:00,13.735,0.00161144
8/29/2022 8:15,15.59,0.001829075
8/29/2022 8:30,14.325,0.00168066
8/29/2022 8:45,15.71,0.001843154
8/29/2022 9:00,17.455,0.002047883
8/29/2022 9:15,15.8,0.001853713
8/29/2022 9:30,14.155,0.001660715
8/29/2022 9:45,17.69,0.002075454
8/29/2022 10:00,13.545,0.001589148
8/29/2022 10:15,13.365,0.00156803
8/29/2022 10:30,13.995,0.001641944
8/29/2022 10:45,14.175,0.001663062
8/29/2022 11:00,13.485,0.001582109
8/29/2022 11:15,13.955,0.001637251
8/29/2022 11:30,13.36,0.001567443
8/29/2022 11:45,15.23,0.001786838
8/29/2022 12:00,12.26,0.001438387
8/29/2022 12:15,13.3,0.001560404
8/29/2022 12:30,11.68,0.00137034
8/29/2022 12:45,13.955,0.001637251
8/29/2022 13:00,12.3,0.00144308
8/29/2022 13:15,14.86,0.001743429
8/29/2022 13:30,31.895,0.003742036
8/29/2022 13:45,20.585,0.002415106
8/29/2022 14:00,34.705,0.004071715
8/29/2022 14:15,24.04,0.002820459
8/29/2022 14:30,18.605,0.002182805
8/29/2022 14:45,68.045,0.007983284
8/29/2022 15:00,65.395,0.007672376
8/29/2022 15:15,40.15,0.004710542
8/29/2022 15:30,33.735,0.003957911
8/29/2022 15:45,61.3,0.007191936
8/29/2022 16:00,81.84,0.009601763
8/29/2022 16:15,69.475,0.008151056
8/29/2022 16:30,32.61,0.003825922
8/29/2022 16:45,23.505,0.002757691
8/29/2022 17:00,20.855,0.002446783
8/29/2022 17:15,21.93,0.002572906
8/29/2022 17:30,27.94,0.003278021
8/29/2022 17:45,23.075,0.002707242
8/29/2022 18:00,25.49,0.002990578
8/29/2022 18:15,17.325,0.002032631
8/29/2022 18:30,15.765,0.001849606
8/29/2022 18:45,15.81,0.001854886
8/29/2022 19:00,24.225,0.002842164
8/29/2022 19:15,17.685,0.002074868
8/29/2022 19:30,16.7,0.001959304
8/29/2022 19:45,17.26,0.002025005
8/29/2022 20:00,36.075,0.004232449
8/29/2022 20:15,30.09,0.003530267
8/29/2022 20:30,36.14,0.004240075
8/29/2022 20:45,31.24,0.003665189
8/29/2022 21:00,24.44,0.002867389
8/29/2022 21:15,19.87,0.00233122
8/29/2022 21:30,19.785,0.002321247
8/29/2022 21:45,28.145,0.003302072
8/29/2022 22:00,28.96,0.003397691
8/29/2022 22:15,26.855,0.003150725
8/29/2022 22:30,22.65,0.002657379
8/29/2022 22:45,22.625,0.002654446
8/29/2022 23:00,19.555,0.002294263
8/29/2022 23:15,19.005,0.002229735
8/29/2022 23:30,28.27,0.003316738
8/29/2022 23:45,31.14,0.003653457
8/30/2022 0:00,17.42,0.002043777
8/30/2022 0:15,18.17,0.00213177
8/30/2022 0:30,18.925,0.002220349
8/30/2022 0:45,17.72,0.002078974
8/30/2022 1:00,17.335,0.002033804
8/30/2022 1:15,17.195,0.002017379
8/30/2022 1:30,17.32,0.002032045
8/30/2022 1:45,33.425,0.003921541
8/30/2022 2:00,16.085,0.00188715
8/30/2022 2:15,17.36,0.002036738
8/30/2022 2:30,17.04,0.001999194
8/30/2022 2:45,19.15,0.002246747
8/30/2022 3:00,16.58,0.001945225
8/30/2022 3:15,17.39,0.002040257
8/30/2022 3:30,16.14,0.001893603
8/30/2022 3:45,16.585,0.001945812
8/30/2022 4:00,18.58,0.002179872
8/30/2022 4:15,16.385,0.001922347
8/30/2022 4:30,17.005,0.001995088
8/30/2022 4:45,15.845,0.001858992
8/30/2022 5:00,18.385,0.002156994
8/30/2022 5:15,16.32,0.001914721
8/30/2022 5:30,14.285,0.001675967
8/30/2022 5:45,15.365,0.001802677
8/30/2022 6:00,14.725,0.00172759
8/30/2022 6:15,16.635,0.001951678
8/30/2022 6:30,20.71,0.002429772
8/30/2022 6:45,16.94,0.001987462
8/30/2022 7:00,15.49,0.001817342
8/30/2022 7:15,16.535,0.001939946
8/30/2022 7:30,15.27,0.001791531
8/30/2022 7:45,21.835,0.002561761
8/30/2022 8:00,14.99,0.001758681
8/30/2022 8:15,20.77,0.002436811
8/30/2022 8:30,16.21,0.001901815
8/30/2022 8:45,13.365,0.00156803
8/30/2022 9:00,16.01,0.001878351
8/30/2022 9:15,13.995,0.001641944
8/30/2022 9:30,20.565,0.00241276
8/30/2022 9:45,30.11,0.003532613
8/30/2022 10:00,15.79,0.001852539
8/30/2022 10:15,13.895,0.001630211
8/30/2022 10:30,17.875,0.002097159
8/30/2022 10:45,38.155,0.004476482
8/30/2022 11:00,15.865,0.001861339
8/30/2022 11:15,21.025,0.002466728
8/30/2022 11:30,19.88,0.002332393
8/30/2022 11:45,28.73,0.003370707
8/30/2022 12:00,29.02,0.003404731
8/30/2022 12:15,14.765,0.001732283
8/30/2022 12:30,13.72,0.00160968
8/30/2022 12:45,13.79,0.001617892
8/30/2022 13:00,13.39,0.001570963
8/30/2022 13:15,21.635,0.002538296
8/30/2022 13:30,12.345,0.00144836
8/30/2022 13:45,12.76,0.001497049
8/30/2022 14:00,13.69,0.00160616
8/30/2022 14:15,12.255,0.001437801
8/30/2022 14:30,13.075,0.001534006
8/30/2022 14:45,11.37,0.001333969
8/30/2022 15:00,10.615,0.00124539
8/30/2022 15:15,14.055,0.001648983
8/30/2022 15:30,13.75,0.001613199
8/30/2022 15:45,11.135,0.001306398
8/30/2022 16:00,14.7,0.001724657
8/30/2022 16:15,13.7,0.001607333
8/30/2022 16:30,19.96,0.002341779
8/30/2022 16:45,25.61,0.003004657
8/30/2022 17:00,22.465,0.002635674
8/30/2022 17:15,19.935,0.002338846
8/30/2022 17:30,15.125,0.001774519
8/30/2022 17:45,13.605,0.001596187
8/30/2022 18:00,13.275,0.001557471
8/30/2022 18:15,13.815,0.001620825
8/30/2022 18:30,10.62,0.001245977
8/30/2022 18:45,13.115,0.001538699
8/30/2022 19:00,11.025,0.001293493
8/30/2022 19:15,12.47,0.001463025
8/30/2022 19:30,13.27,0.001556884
8/30/2022 19:45,19.785,0.002321247
8/30/2022 20:00,15.45,0.001812649
8/30/2022 20:15,13.32,0.00156275
8/30/2022 20:30,13,0.001525207
8/30/2022 20:45,13.185,0.001546912
8/30/2022 21:00,14.145,0.001659542
8/30/2022 21:15,12.735,0.001494116
8/30/2022 21:30,13.855,0.001625518
8/30/2022 21:45,12.925,0.001516407
8/30/2022 22:00,12.985,0.001523447
8/30/2022 22:15,13.655,0.001602054
8/30/2022 22:30,13.175,0.001545738
8/30/2022 22:45,12.775,0.001498809
8/30/2022 23:00,13.475,0.001580935
8/30/2022 23:15,13.06,0.001532246
8/30/2022 23:30,12.155,0.001426068
8/30/2022 23:45,13.02,0.001527553
8/31/2022 0:00,13.3,0.001560404
8/31/2022 0:15,14.635,0.001717031
8/31/2022 0:30,11.93,0.00139967
8/31/2022 0:45,15.135,0.001775693
8/31/2022 1:00,12.45,0.001460679
8/31/2022 1:15,13.965,0.001638424
8/31/2022 1:30,13.315,0.001562164
8/31/2022 1:45,13.12,0.001539286
8/31/2022 2:00,13.495,0.001583282
8/31/2022 2:15,14.19,0.001664822
8/31/2022 2:30,12.675,0.001487077
8/31/2022 2:45,13.145,0.001542219
8/31/2022 3:00,13.37,0.001568616
8/31/2022 3:15,14.465,0.001697086
8/31/2022 3:30,12.295,0.001442494
8/31/2022 3:45,12.025,0.001410816
8/31/2022 4:00,13.3,0.001560404
8/31/2022 4:15,13.7,0.001607333
8/31/2022 4:30,12.59,0.001477104
8/31/2022 4:45,12.3,0.00144308
8/31/2022 5:00,11.845,0.001389698
8/31/2022 5:15,11.395,0.001336902
8/31/2022 5:30,15.37,0.001803264
8/31/2022 5:45,13.365,0.00156803
8/31/2022 6:00,11.875,0.001393218
8/31/2022 6:15,12.625,0.00148121
8/31/2022 6:30,18.69,0.002192778
8/31/2022 6:45,12.735,0.001494116
8/31/2022 7:00,19.88,0.002332393
8/31/2022 7:15,13.405,0.001572723
8/31/2022 7:30,11.925,0.001399084
8/31/2022 7:45,12.91,0.001514648
8/31/2022 8:00,12.38,0.001452466
8/31/2022 8:15,11.46,0.001344528
8/31/2022 8:30,12.21,0.001432521
8/31/2022 8:45,13.495,0.001583282
8/31/2022 9:00,10.98,0.001288213
8/31/2022 9:15,11.595,0.001360367
8/31/2022 9:30,12.605,0.001478864
8/31/2022 9:45,12.945,0.001518754
8/31/2022 10:00,10.785,0.001265335
8/31/2022 10:15,12.19,0.001430175
8/31/2022 10:30,13.205,0.001549258
8/31/2022 10:45,12.545,0.001471824
8/31/2022 11:00,13.755,0.001613786
8/31/2022 11:15,11.075,0.001299359
8/31/2022 11:30,13.14,0.001541632
8/31/2022 11:45,11.295,0.00132517
8/31/2022 12:00,12.905,0.001514061
8/31/2022 12:15,13.37,0.001568616
8/31/2022 12:30,11.735,0.001376792
8/31/2022 12:45,13.065,0.001532833
8/31/2022 13:00,11.695,0.001372099
8/31/2022 13:15,12.885,0.001511714
8/31/2022 13:30,12.89,0.001512301
8/31/2022 13:45,10.33,0.001211953
8/31/2022 14:00,9.635,0.001130413
8/31/2022 14:15,11.57,0.001357434
8/31/2022 14:30,16.465,0.001931733
8/31/2022 14:45,13.91,0.001631971
8/31/2022 15:00,12.2,0.001431348
8/31/2022 15:15,11.95,0.001402017
8/31/2022 15:30,12.875,0.001510541
8/31/2022 15:45,12.935,0.001517581
8/31/2022 16:00,11.975,0.00140495
8/31/2022 16:15,9.58,0.00112396
8/31/2022 16:30,9.11,0.001068818
8/31/2022 16:45,7.965,0.000934482
8/31/2022 17:00,8.4,0.000985518
8/31/2022 17:15,11.845,0.001389698
8/31/2022 17:30,12.28,0.001440734
8/31/2022 17:45,11.015,0.001292319
8/31/2022 18:00,11.35,0.001331623
8/31/2022 18:15,12.495,0.001465958
8/31/2022 18:30,14.01,0.001643704
8/31/2022 18:45,11.51,0.001350395
8/31/2022 19:00,9.05,0.001061778
8/31/2022 19:15,10.345,0.001213713
8/31/2022 19:30,12.905,0.001514061
8/31/2022 19:45,9.635,0.001130413
8/31/2022 20:00,9.87,0.001157984
8/31/2022 20:15,11.34,0.00133045
8/31/2022 20:30,9.695,0.001137452
8/31/2022 20:45,10,0.001173236
8/31/2022 21:00,9.865,0.001157397
8/31/2022 21:15,10.845,0.001272374
8/31/2022 21:30,10.965,0.001286453
8/31/2022 21:45,12.93,0.001516994
8/31/2022 22:00,10.85,0.001272961
8/31/2022 22:15,11.52,0.001351568
8/31/2022 22:30,11.295,0.00132517
8/31/2022 22:45,10.505,0.001232484
8/31/2022 23:00,11.22,0.001316371
8/31/2022 23:15,11.155,0.001308745
8/31/2022 23:30,10.685,0.001253603
8/31/2022 23:45,11.59,0.00135978
9/1/2022 0:00,10.29,0.00120726
9/1/2022 0:15,11.535,0.001353328
9/1/2022 0:30,10.605,0.001244217
9/1/2022 0:45,12.315,0.00144484
9/1/2022 1:00,11.685,0.001370926
9/1/2022 1:15,13.065,0.001532833
9/1/2022 1:30,12.5,0.001466545
9/1/2022 1:45,12.115,0.001421375
9/1/2022 2:00,12.38,0.001452466
9/1/2022 2:15,12.85,0.001507608
9/1/2022 2:30,11.985,0.001406123
9/1/2022 2:45,11.045,0.001295839
9/1/2022 3:00,10.775,0.001264162
9/1/2022 3:15,10.99,0.001289386
9/1/2022 3:30,11.695,0.001372099
9/1/2022 3:45,10.905,0.001279414
9/1/2022 4:00,11.38,0.001335142
9/1/2022 4:15,11.795,0.001383832
9/1/2022 4:30,10.64,0.001248323
9/1/2022 4:45,11.28,0.00132341
9/1/2022 5:00,10.69,0.001254189
9/1/2022 5:15,11.58,0.001358607
9/1/2022 5:30,11.295,0.00132517
9/1/2022 5:45,10.68,0.001253016
9/1/2022 6:00,10.91,0.00128
9/1/2022 6:15,11.35,0.001331623
9/1/2022 6:30,10.365,0.001216059
9/1/2022 6:45,10.355,0.001214886
9/1/2022 7:00,10.285,0.001206673
9/1/2022 7:15,10.49,0.001230724
9/1/2022 7:30,11.205,0.001314611
9/1/2022 7:45,10.765,0.001262988
9/1/2022 8:00,11.23,0.001317544
9/1/2022 8:15,12.585,0.001476517
9/1/2022 8:30,13.47,0.001580349
9/1/2022 8:45,13.04,0.0015299
9/1/2022 9:00,11.41,0.001338662
9/1/2022 9:15,9.925,0.001164437
9/1/2022 9:30,11.835,0.001388525
9/1/2022 9:45,12.855,0.001508195
9/1/2022 10:00,12.755,0.001496462
9/1/2022 10:15,11.62,0.0013633
9/1/2022 10:30,10.45,0.001226032
9/1/2022 10:45,10.14,0.001189661
9/1/2022 11:00,10.525,0.001234831
9/1/2022 11:15,13.29,0.001559231
9/1/2022 11:30,14.635,0.001717031
9/1/2022 11:45,11.905,0.001396737
9/1/2022 12:00,9.565,0.0011222
9/1/2022 12:15,15.66,0.001837287
9/1/2022 12:30,13.62,0.001597947
9/1/2022 12:45,31.23,0.003664016
9/1/2022 13:00,15.685,0.001840221
9/1/2022 13:15,13.565,0.001591495
9/1/2022 13:30,17.425,0.002044364
9/1/2022 13:45,11.725,0.001375619
9/1/2022 14:00,13.705,0.00160792
9/1/2022 14:15,12.97,0.001521687
9/1/2022 14:30,13.105,0.001537526
9/1/2022 14:45,11.77,0.001380899
9/1/2022 15:00,12.54,0.001471238
9/1/2022 15:15,31.945,0.003747902
9/1/2022 15:30,17.25,0.002023832
9/1/2022 15:45,10.14,0.001189661
9/1/2022 16:00,10.61,0.001244803
9/1/2022 16:15,10.255,0.001203153
9/1/2022 16:30,9.95,0.00116737
9/1/2022 16:45,8.31,0.000974959
9/1/2022 17:00,9.94,0.001166196
9/1/2022 17:15,9.32,0.001093456
9/1/2022 17:30,16.07,0.00188539
9/1/2022 17:45,17.16,0.002013273
9/1/2022 18:00,8.51,0.000998424
9/1/2022 18:15,20.555,0.002411586
9/1/2022 18:30,19.67,0.002307755
9/1/2022 18:45,15.39,0.00180561
9/1/2022 19:00,11.27,0.001322237
9/1/2022 19:15,10.905,0.001279414
9/1/2022 19:30,9.065,0.001063538
9/1/2022 19:45,8.95,0.001050046
9/1/2022 20:00,7.61,0.000892833
9/1/2022 20:15,7.905,0.000927443
9/1/2022 20:30,7.665,0.000899285
9/1/2022 20:45,7.775,0.000912191
9/1/2022 21:00,7.855,0.000921577
9/1/2022 21:15,7.89,0.000925683
9/1/2022 21:30,8.185,0.000960294
9/1/2022 21:45,8.33,0.000977306
9/1/2022 22:00,8.725,0.001023648
9/1/2022 22:15,9.07,0.001064125
9/1/2022 22:30,8.665,0.001016609
9/1/2022 22:45,8.75,0.001026581
9/1/2022 23:00,8.775,0.001029515
9/1/2022 23:15,8.725,0.001023648
9/1/2022 23:30,8.645,0.001014262
9/1/2022 23:45,9.315,0.001092869
9/2/2022 0:00,9.06,0.001062952
9/2/2022 0:15,8.925,0.001047113
9/2/2022 0:30,9.585,0.001124547
9/2/2022 0:45,8.9,0.00104418
9/2/2022 1:00,9.255,0.00108583
9/2/2022 1:15,9.22,0.001081724
9/2/2022 1:30,9.91,0.001162677
9/2/2022 1:45,9.685,0.001136279
9/2/2022 2:00,9.515,0.001116334
9/2/2022 2:15,9.84,0.001154464
9/2/2022 2:30,9.99,0.001172063
9/2/2022 2:45,9.745,0.001143318
9/2/2022 3:00,9.805,0.001150358
9/2/2022 3:15,9.4,0.001102842
9/2/2022 3:30,9.925,0.001164437
9/2/2022 3:45,10.01,0.001174409
9/2/2022 4:00,11.79,0.001383245
9/2/2022 4:15,10.695,0.001254776
9/2/2022 4:30,10.325,0.001211366
9/2/2022 4:45,9.555,0.001121027
9/2/2022 5:00,9.95,0.00116737
9/2/2022 5:15,9.925,0.001164437
9/2/2022 5:30,9.47,0.001111054
9/2/2022 5:45,9.45,0.001108708
9/2/2022 6:00,9.625,0.00112924
9/2/2022 6:15,9.46,0.001109881
9/2/2022 6:30,9.405,0.001103428
9/2/2022 6:45,9.07,0.001064125
9/2/2022 7:00,9.89,0.00116033
9/2/2022 7:15,9.68,0.001135692
9/2/2022 7:30,9.15,0.001073511
9/2/2022 7:45,8.755,0.001027168
9/2/2022 8:00,8.755,0.001027168
9/2/2022 8:15,8.45,0.000991384
9/2/2022 8:30,8.535,0.001001357
9/2/2022 8:45,8.9,0.00104418
9/2/2022 9:00,10.165,0.001192594
9/2/2022 9:15,9.995,0.001172649
9/2/2022 9:30,10.385,0.001218405
9/2/2022 9:45,9.92,0.00116385
9/2/2022 10:00,8.875,0.001041247
9/2/2022 10:15,8.945,0.00104946
9/2/2022 10:30,8.985,0.001054152
9/2/2022 10:45,9.335,0.001095216
9/2/2022 11:00,10.065,0.001180862
9/2/2022 11:15,7.94,0.000931549
9/2/2022 11:30,17.155,0.002012686
9/2/2022 11:45,8.25,0.00096792
9/2/2022 12:00,7.315,0.000858222
9/2/2022 12:15,7.545,0.000885206
9/2/2022 12:30,6.645,0.000779615
9/2/2022 12:45,6.485,0.000760843
9/2/2022 13:00,6.085,0.000713914
9/2/2022 13:15,5.98,0.000701595
9/2/2022 13:30,6.72,0.000788415
9/2/2022 13:45,8.035,0.000942695
9/2/2022 14:00,6.715,0.000787828
9/2/2022 14:15,6.3,0.000739139
9/2/2022 14:30,10.325,0.001211366
9/2/2022 14:45,7.295,0.000855876
9/2/2022 15:00,6.29,0.000737965
9/2/2022 15:15,8.1,0.000950321
9/2/2022 15:30,7.575,0.000888726
9/2/2022 15:45,9.195,0.00107879
9/2/2022 16:00,7.79,0.000913951
9/2/2022 16:15,6.275,0.000736206
9/2/2022 16:30,5.79,0.000679304
9/2/2022 16:45,17.9,0.002100092
9/2/2022 17:00,6.795,0.000797214
9/2/2022 17:15,5.94,0.000696902
9/2/2022 17:30,29.47,0.003457526
9/2/2022 17:45,8.775,0.001029515
9/2/2022 18:00,6.755,0.000792521
9/2/2022 18:15,6.72,0.000788415
9/2/2022 18:30,6.875,0.0008066
9/2/2022 18:45,6.185,0.000725646
9/2/2022 19:00,18.555,0.002176939
9/2/2022 19:15,8.485,0.000995491
9/2/2022 19:30,6.77,0.000794281
9/2/2022 19:45,6.52,0.00076495
9/2/2022 20:00,6.575,0.000771403
9/2/2022 20:15,6.795,0.000797214
9/2/2022 20:30,7.11,0.000834171
9/2/2022 20:45,6.7,0.000786068
9/2/2022 21:00,7.19,0.000843557
9/2/2022 21:15,7.77,0.000911604
9/2/2022 21:30,7.165,0.000840624
9/2/2022 21:45,7.605,0.000892246
9/2/2022 22:00,7.81,0.000916297
9/2/2022 22:15,7.425,0.000871128
9/2/2022 22:30,7.895,0.00092627
9/2/2022 22:45,7.655,0.000898112
9/2/2022 23:00,7.655,0.000898112
9/2/2022 23:15,7.68,0.000901045
9/2/2022 23:30,7.485,0.000878167
9/2/2022 23:45,7.765,0.000911018
9/3/2022 0:00,7.605,0.000892246
9/3/2022 0:15,7.55,0.000885793
9/3/2022 0:30,7.885,0.000925097
9/3/2022 0:45,7.865,0.00092275
9/3/2022 1:00,7.99,0.000937415
9/3/2022 1:15,8.37,0.000981998
9/3/2022 1:30,7.92,0.000929203
9/3/2022 1:45,7.84,0.000919817
9/3/2022 2:00,7.64,0.000896352
9/3/2022 2:15,7.69,0.000902218
9/3/2022 2:30,8.23,0.000965573
9/3/2022 2:45,7.77,0.000911604
9/3/2022 3:00,7.96,0.000933896
9/3/2022 3:15,7.615,0.000893419
9/3/2022 3:30,7.44,0.000872888
9/3/2022 3:45,7.66,0.000898699
9/3/2022 4:00,7.655,0.000898112
9/3/2022 4:15,7.26,0.000851769
9/3/2022 4:30,7.81,0.000916297
9/3/2022 4:45,7.88,0.00092451
9/3/2022 5:00,7.92,0.000929203
9/3/2022 5:15,7.815,0.000916884
9/3/2022 5:30,8.085,0.000948561
9/3/2022 5:45,7.89,0.000925683
9/3/2022 6:00,7.895,0.00092627
9/3/2022 6:15,8.36,0.000980825
9/3/2022 6:30,8.505,0.000997837
9/3/2022 6:45,8.615,0.001010743
9/3/2022 7:00,8.25,0.00096792
9/3/2022 7:15,8.005,0.000939175
9/3/2022 7:30,7.835,0.00091923
9/3/2022 7:45,7.735,0.000907498
9/3/2022 8:00,7.56,0.000886966
9/3/2022 8:15,7.81,0.000916297
9/3/2022 8:30,6.8,0.0007978
9/3/2022 8:45,6.9,0.000809533
9/3/2022 9:00,40.21,0.004717582
9/3/2022 9:15,17.07,0.002002714
9/3/2022 9:30,16.83,0.001974556
9/3/2022 9:45,10.395,0.001219579
9/3/2022 10:00,9.065,0.001063538
9/3/2022 10:15,8.165,0.000957947
9/3/2022 10:30,19.695,0.002310688
9/3/2022 10:45,27.1,0.003179469
9/3/2022 11:00,16.005,0.001877764
9/3/2022 11:15,8.31,0.000974959
9/3/2022 11:30,7.13,0.000836517
9/3/2022 11:45,6.765,0.000793694
9/3/2022 12:00,9.005,0.001056499
9/3/2022 12:15,7.435,0.000872301
9/3/2022 12:30,6.375,0.000747938
9/3/2022 12:45,6.91,0.000810706
9/3/2022 13:00,5.995,0.000703355
9/3/2022 13:15,5.975,0.000701008
9/3/2022 13:30,6.905,0.000810119
9/3/2022 13:45,5.37,0.000630028
9/3/2022 14:00,5.28,0.000619469
9/3/2022 14:15,5.26,0.000617122
9/3/2022 14:30,4.81,0.000564326
9/3/2022 14:45,5.215,0.000611843
9/3/2022 15:00,12.09,0.001418442
9/3/2022 15:15,24.72,0.002900239
9/3/2022 15:30,8.005,0.000939175
9/3/2022 15:45,17.855,0.002094813
9/3/2022 16:00,8.005,0.000939175
9/3/2022 16:15,6.91,0.000810706
9/3/2022 16:30,6.85,0.000803667
9/3/2022 16:45,6.265,0.000735032
9/3/2022 17:00,6.395,0.000750284
9/3/2022 17:15,5.64,0.000661705
9/3/2022 17:30,5.515,0.00064704
9/3/2022 17:45,9.66,0.001133346
9/3/2022 18:00,5.33,0.000625335
9/3/2022 18:15,5.07,0.000594831
9/3/2022 18:30,5.025,0.000589551
9/3/2022 18:45,5.29,0.000620642
9/3/2022 19:00,5.845,0.000685756
9/3/2022 19:15,6.59,0.000773162
9/3/2022 19:30,5.12,0.000600697
9/3/2022 19:45,5.185,0.000608323
9/3/2022 20:00,5.13,0.00060187
9/3/2022 20:15,5.245,0.000615362
9/3/2022 20:30,5.365,0.000629441
9/3/2022 20:45,5.815,0.000682237
9/3/2022 21:00,6.415,0.000752631
9/3/2022 21:15,6.44,0.000755564
9/3/2022 21:30,5.855,0.00068693
9/3/2022 21:45,5.74,0.000673437
9/3/2022 22:00,5.885,0.000690449
9/3/2022 22:15,5.83,0.000683997
9/3/2022 22:30,5.99,0.000702768
9/3/2022 22:45,5.865,0.000688103
9/3/2022 23:00,5.675,0.000665811
9/3/2022 23:15,5.885,0.000690449
9/3/2022 23:30,7.075,0.000830064
9/3/2022 23:45,7.33,0.000859982
9/4/2022 0:00,6.73,0.000789588
9/4/2022 0:15,7.005,0.000821852
9/4/2022 0:30,6.97,0.000817745
9/4/2022 0:45,9.915,0.001163263
9/4/2022 1:00,7.64,0.000896352
9/4/2022 1:15,7.525,0.00088286
9/4/2022 1:30,7.505,0.000880514
9/4/2022 1:45,7.47,0.000876407
9/4/2022 2:00,7.35,0.000862328
9/4/2022 2:15,7.56,0.000886966
9/4/2022 2:30,7.1,0.000832997
9/4/2022 2:45,7.105,0.000833584
9/4/2022 3:00,6.82,0.000800147
9/4/2022 3:15,6.85,0.000803667
9/4/2022 3:30,7.05,0.000827131
9/4/2022 3:45,6.67,0.000782548
9/4/2022 4:00,6.94,0.000814226
9/4/2022 4:15,7.33,0.000859982
9/4/2022 4:30,6.765,0.000793694
9/4/2022 4:45,6.475,0.00075967
9/4/2022 5:00,6.585,0.000772576
9/4/2022 5:15,6.55,0.00076847
9/4/2022 5:30,6.91,0.000810706
9/4/2022 5:45,6.955,0.000815986
9/4/2022 6:00,6.585,0.000772576
9/4/2022 6:15,6.33,0.000742658
9/4/2022 6:30,6.585,0.000772576
9/4/2022 6:45,6.44,0.000755564
9/4/2022 7:00,6.825,0.000800734
9/4/2022 7:15,7.11,0.000834171
9/4/2022 7:30,6.89,0.00080836
9/4/2022 7:45,6.49,0.00076143
9/4/2022 8:00,6.77,0.000794281
9/4/2022 8:15,6.46,0.00075791
9/4/2022 8:30,7.72,0.000905738
9/4/2022 8:45,9,0.001055912
9/4/2022 9:00,12.075,0.001416682
9/4/2022 9:15,8.455,0.000991971
9/4/2022 9:30,11.35,0.001331623
9/4/2022 9:45,10.485,0.001230138
9/4/2022 10:00,7.115,0.000834757
9/4/2022 10:15,7.965,0.000934482
9/4/2022 10:30,8.98,0.001053566
9/4/2022 10:45,6.31,0.000740312
9/4/2022 11:00,11.61,0.001362127
9/4/2022 11:15,12.96,0.001520514
9/4/2022 11:30,13.405,0.001572723
9/4/2022 11:45,12.05,0.001413749
9/4/2022 12:00,32.285,0.003787792
9/4/2022 12:15,12.57,0.001474758
9/4/2022 12:30,13.675,0.0016044
9/4/2022 12:45,11.58,0.001358607
9/4/2022 13:00,20.355,0.002388122
9/4/2022 13:15,18.655,0.002188672
9/4/2022 13:30,10.895,0.001278241
9/4/2022 13:45,9.835,0.001153878
9/4/2022 14:00,6.845,0.00080308
9/4/2022 14:15,7.875,0.000923923
9/4/2022 14:30,7.225,0.000847663
9/4/2022 14:45,6.615,0.000776096
9/4/2022 15:00,9.495,0.001113987
9/4/2022 15:15,7.49,0.000878754
9/4/2022 15:30,7.39,0.000867021
9/4/2022 15:45,7.325,0.000859395
9/4/2022 16:00,8.575,0.00100605
9/4/2022 16:15,7.535,0.000884033
9/4/2022 16:30,12.525,0.001469478
9/4/2022 16:45,10.205,0.001197287
9/4/2022 17:00,11.655,0.001367406
9/4/2022 17:15,10.33,0.001211953
9/4/2022 17:30,11.97,0.001404363
9/4/2022 17:45,11.57,0.001357434
9/4/2022 18:00,11.7,0.001372686
9/4/2022 18:15,7.945,0.000932136
9/4/2022 18:30,7.375,0.000865261
9/4/2022 18:45,11.015,0.001292319
9/4/2022 19:00,12.67,0.00148649
9/4/2022 19:15,6.56,0.000769643
9/4/2022 19:30,9.815,0.001151531
9/4/2022 19:45,7.145,0.000838277
9/4/2022 20:00,5.74,0.000673437
9/4/2022 20:15,9.345,0.001096389
9/4/2022 20:30,9.655,0.001132759
9/4/2022 20:45,11.675,0.001369753
9/4/2022 21:00,8.73,0.001024235
9/4/2022 21:15,9.245,0.001084657
9/4/2022 21:30,8.595,0.001008396
9/4/2022 21:45,9.54,0.001119267
9/4/2022 22:00,10.17,0.001193181
9/4/2022 22:15,9.71,0.001139212
9/4/2022 22:30,11.21,0.001315197
9/4/2022 22:45,10.785,0.001265335
9/4/2022 23:00,15.005,0.00176044
9/4/2022 23:15,11.035,0.001294666
9/4/2022 23:30,7.19,0.000843557
9/4/2022 23:45,11.605,0.00136154
9/5/2022 0:00,10.845,0.001272374
9/5/2022 0:15,7.535,0.000884033
9/5/2022 0:30,20.635,0.002420972
9/5/2022 0:45,10.705,0.001255949
9/5/2022 1:00,13.09,0.001535766
9/5/2022 1:15,8.765,0.001028341
9/5/2022 1:30,10.175,0.001193768
9/5/2022 1:45,11.12,0.001304638
9/5/2022 2:00,7.34,0.000861155
9/5/2022 2:15,30.995,0.003636445
9/5/2022 2:30,10.06,0.001180275
9/5/2022 2:45,10.345,0.001213713
9/5/2022 3:00,7.185,0.00084297
9/5/2022 3:15,7.15,0.000838864
9/5/2022 3:30,8.63,0.001012503
9/5/2022 3:45,9.645,0.001131586
9/5/2022 4:00,7.39,0.000867021
9/5/2022 4:15,8.33,0.000977306
9/5/2022 4:30,6.825,0.000800734
9/5/2022 4:45,9.705,0.001138625
9/5/2022 5:00,6.455,0.000757324
9/5/2022 5:15,7.65,0.000897525
9/5/2022 5:30,14.33,0.001681247
9/5/2022 5:45,6.435,0.000754977
9/5/2022 6:00,8.775,0.001029515
9/5/2022 6:15,6.355,0.000745591
9/5/2022 6:30,6.715,0.000787828
9/5/2022 6:45,8.03,0.000942108
9/5/2022 7:00,8.105,0.000950908
9/5/2022 7:15,8.905,0.001044767
9/5/2022 7:30,6.34,0.000743832
9/5/2022 7:45,8.24,0.000966746
9/5/2022 8:00,6.21,0.000728579
9/5/2022 8:15,8.655,0.001015436
9/5/2022 8:30,10.725,0.001258296
9/5/2022 8:45,11.63,0.001364473
9/5/2022 9:00,10.825,0.001270028
9/5/2022 9:15,8.56,0.00100429
9/5/2022 9:30,8.7,0.001020715
9/5/2022 9:45,12.335,0.001447186
9/5/2022 10:00,5.995,0.000703355
9/5/2022 10:15,9.725,0.001140972
9/5/2022 10:30,9.875,0.00115857
9/5/2022 10:45,7.655,0.000898112
9/5/2022 11:00,10.79,0.001265922
9/5/2022 11:15,10.12,0.001187315
9/5/2022 11:30,10.325,0.001211366
9/5/2022 11:45,5.66,0.000664052
9/5/2022 12:00,4.945,0.000580165
9/5/2022 12:15,10.655,0.001250083
9/5/2022 12:30,8.1,0.000950321
9/5/2022 12:45,9.06,0.001062952
9/5/2022 13:00,4.85,0.000569019
9/5/2022 13:15,11.055,0.001297012
9/5/2022 13:30,8.705,0.001021302
9/5/2022 13:45,11.42,0.001339835
9/5/2022 14:00,4.925,0.000577819
9/5/2022 14:15,13.185,0.001546912
9/5/2022 14:30,12.19,0.001430175
9/5/2022 14:45,10.805,0.001267681
9/5/2022 15:00,4.275,0.000501558
9/5/2022 15:15,12.915,0.001515234
9/5/2022 15:30,10.815,0.001268855
9/5/2022 15:45,11.87,0.001392631
9/5/2022 16:00,8.39,0.000984345
9/5/2022 16:15,8.745,0.001025995
9/5/2022 16:30,6.815,0.00079956
9/5/2022 16:45,9.025,0.001058845
9/5/2022 17:00,9.905,0.00116209
9/5/2022 17:15,3.67,0.000430578
9/5/2022 17:30,9.545,0.001119854
9/5/2022 17:45,4.385,0.000514464
9/5/2022 18:00,8.86,0.001039487
9/5/2022 18:15,6.53,0.000766123
9/5/2022 18:30,9.46,0.001109881
9/5/2022 18:45,7.81,0.000916297
9/5/2022 19:00,4.37,0.000512704
9/5/2022 19:15,8.635,0.001013089
9/5/2022 19:30,12.235,0.001435454
9/5/2022 19:45,6.7,0.000786068
9/5/2022 20:00,13.23,0.001552191
9/5/2022 20:15,13.155,0.001543392
9/5/2022 20:30,11.845,0.001389698
9/5/2022 20:45,26.815,0.003146032
9/5/2022 21:00,11.175,0.001311091
9/5/2022 21:15,9.355,0.001097562
9/5/2022 21:30,8.65,0.001014849
9/5/2022 21:45,9.6,0.001126306
9/5/2022 22:00,5.8,0.000680477
9/5/2022 22:15,5.76,0.000675784
9/5/2022 22:30,10.035,0.001177342
9/5/2022 22:45,10.195,0.001196114
9/5/2022 23:00,11.11,0.001303465
9/5/2022 23:15,10.93,0.001282347
9/5/2022 23:30,10.83,0.001270614
9/5/2022 23:45,9.865,0.001157397
9/6/2022 0:00,9.09,0.001066471
9/6/2022 0:15,9.805,0.001150358
9/6/2022 0:30,10.275,0.0012055
9/6/2022 0:45,10.97,0.00128704
9/6/2022 1:00,6.915,0.000811293
9/6/2022 1:15,9.03,0.001059432
9/6/2022 1:30,10.68,0.001253016
9/6/2022 1:45,6.61,0.000775509
9/6/2022 2:00,10.055,0.001179689
9/6/2022 2:15,6.52,0.00076495
9/6/2022 2:30,8.45,0.000991384
9/6/2022 2:45,10.52,0.001234244
9/6/2022 3:00,6.745,0.000791348
9/6/2022 3:15,8.42,0.000987865
9/6/2022 3:30,9.22,0.001081724
9/6/2022 3:45,10.47,0.001228378
9/6/2022 4:00,8.33,0.000977306
9/6/2022 4:15,9.27,0.00108759
9/6/2022 4:30,10.295,0.001207846
9/6/2022 4:45,12.29,0.001441907
9/6/2022 5:00,13.465,0.001579762
9/6/2022 5:15,11.485,0.001347461
9/6/2022 5:30,9.145,0.001072924
9/6/2022 5:45,10.965,0.001286453
9/6/2022 6:00,10.25,0.001202567
9/6/2022 6:15,9.48,0.001112228
9/6/2022 6:30,7.99,0.000937415
9/6/2022 6:45,12.21,0.001432521
9/6/2022 7:00,6.345,0.000744418
9/6/2022 7:15,10.05,0.001179102
9/6/2022 7:30,9.66,0.001133346
9/6/2022 7:45,8.935,0.001048286
9/6/2022 8:00,7.745,0.000908671
9/6/2022 8:15,7.895,0.00092627
9/6/2022 8:30,5.905,0.000692796
9/6/2022 8:45,5.485,0.00064352
9/6/2022 9:00,8.33,0.000977306
9/6/2022 9:15,9.53,0.001118094
9/6/2022 9:30,6.205,0.000727993
9/6/2022 9:45,9.215,0.001081137
9/6/2022 10:00,5.875,0.000689276
9/6/2022 10:15,4.865,0.000570779
9/6/2022 10:30,8.655,0.001015436
9/6/2022 10:45,8.11,0.000951494
9/6/2022 11:00,8.38,0.000983172
9/6/2022 11:15,11.185,0.001312264
9/6/2022 11:30,13.58,0.001593254
9/6/2022 11:45,6.075,0.000712741
9/6/2022 12:00,7.765,0.000911018
9/6/2022 12:15,7.725,0.000906325
9/6/2022 12:30,6.225,0.000730339
9/6/2022 12:45,9.385,0.001101082
9/6/2022 13:00,7.135,0.000837104
9/6/2022 13:15,7.755,0.000909844
9/6/2022 13:30,12.415,0.001456572
9/6/2022 13:45,3.68,0.000431751
9/6/2022 14:00,3.605,0.000422952
9/6/2022 14:15,3.61,0.000423538
9/6/2022 14:30,3.65,0.000428231
9/6/2022 14:45,3.585,0.000420605
9/6/2022 15:00,3.465,0.000406526
9/6/2022 15:15,3.41,0.000400073
9/6/2022 15:30,3.34,0.000391861
9/6/2022 15:45,3.285,0.000385408
9/6/2022 16:00,3.295,0.000386581
9/6/2022 16:15,3.25,0.000381302
9/6/2022 16:30,3.145,0.000368983
9/6/2022 16:45,3.26,0.000382475
9/6/2022 17:00,3.17,0.000371916
9/6/2022 17:15,3.19,0.000374262
9/6/2022 17:30,3.245,0.000380715
9/6/2022 17:45,3.355,0.000393621
9/6/2022 18:00,3.18,0.000373089
9/6/2022 18:15,3.305,0.000387754
9/6/2022 18:30,3.42,0.000401247
9/6/2022 18:45,3.385,0.00039714
9/6/2022 19:00,3.425,0.000401833
9/6/2022 19:15,3.54,0.000415326
9/6/2022 19:30,4.15,0.000486893
9/6/2022 19:45,5.325,0.000624748
9/6/2022 20:00,6.88,0.000807186
9/6/2022 20:15,7.105,0.000833584
9/6/2022 20:30,6.6,0.000774336
9/6/2022 20:45,6.015,0.000705701
9/6/2022 21:00,5.825,0.00068341
9/6/2022 21:15,5.48,0.000642933
9/6/2022 21:30,5.28,0.000619469
9/6/2022 21:45,5.055,0.000593071
9/6/2022 22:00,5.11,0.000599524
9/6/2022 22:15,5.43,0.000637067
9/6/2022 22:30,7.62,0.000894006
9/6/2022 22:45,19.195,0.002252026
9/6/2022 23:00,40.365,0.004735767
9/6/2022 23:15,53.445,0.006270359
9/6/2022 23:30,47.795,0.005607481
9/6/2022 23:45,40.98,0.004807921
9/7/2022 0:00,33.18,0.003892797
9/7/2022 0:15,22.585,0.002649753
9/7/2022 0:30,14.69,0.001723484
9/7/2022 0:45,10.49,0.001230724
9/7/2022 1:00,9.31,0.001092283
9/7/2022 1:15,8.92,0.001046526
9/7/2022 1:30,8.59,0.00100781
9/7/2022 1:45,8.41,0.000986691
9/7/2022 2:00,8.23,0.000965573
9/7/2022 2:15,7.76,0.000910431
9/7/2022 2:30,7.525,0.00088286
9/7/2022 2:45,7.255,0.000851183
9/7/2022 3:00,7.085,0.000831238
9/7/2022 3:15,6.925,0.000812466
9/7/2022 3:30,6.795,0.000797214
9/7/2022 3:45,6.67,0.000782548
9/7/2022 4:00,6.595,0.000773749
9/7/2022 4:15,6.655,0.000780788
9/7/2022 4:30,6.505,0.00076319
9/7/2022 4:45,6.47,0.000759084
9/7/2022 5:00,6.445,0.000756151
9/7/2022 5:15,6.355,0.000745591
9/7/2022 5:30,6.48,0.000760257
9/7/2022 5:45,6.655,0.000780788
9/7/2022 6:00,6.29,0.000737965
9/7/2022 6:15,6.135,0.00071978
9/7/2022 6:30,6.06,0.000710981
9/7/2022 6:45,6.1,0.000715674
9/7/2022 7:00,6.39,0.000749698
9/7/2022 7:15,6.08,0.000713327
9/7/2022 7:30,5.955,0.000698662
9/7/2022 7:45,6.535,0.00076671
9/7/2022 8:00,6.4,0.000750871
9/7/2022 8:15,5.91,0.000693382
9/7/2022 8:30,5.785,0.000678717
9/7/2022 8:45,5.635,0.000661118
9/7/2022 9:00,5.405,0.000634134
9/7/2022 9:15,5.605,0.000657599
9/7/2022 9:30,5.575,0.000654079
9/7/2022 9:45,5.21,0.000611256
9/7/2022 10:00,6.54,0.000767296
9/7/2022 10:15,7.61,0.000892833
9/7/2022 10:30,9.15,0.001073511
9/7/2022 10:45,7.23,0.00084825
9/7/2022 11:00,7.74,0.000908085
9/7/2022 11:15,10.495,0.001231311
9/7/2022 11:30,12.97,0.001521687
9/7/2022 11:45,7.53,0.000883447
9/7/2022 12:00,7.185,0.00084297
9/7/2022 12:15,8.555,0.001003703
9/7/2022 12:30,7.87,0.000923337
9/7/2022 12:45,5.945,0.000697489
9/7/2022 13:00,5.98,0.000701595
9/7/2022 13:15,7.29,0.000855289
9/7/2022 13:30,7.285,0.000854702
9/7/2022 13:45,7.51,0.0008811
9/7/2022 14:00,7.03,0.000824785
9/7/2022 14:15,5.775,0.000677544
9/7/2022 14:30,5.16,0.00060539
9/7/2022 14:45,5.245,0.000615362
9/7/2022 15:00,7.81,0.000916297
9/7/2022 15:15,5.82,0.000682823
9/7/2022 15:30,5.07,0.000594831
9/7/2022 15:45,18.435,0.00216286
9/7/2022 16:00,5.96,0.000699249
9/7/2022 16:15,5.34,0.000626508
9/7/2022 16:30,5.1,0.00059835
9/7/2022 16:45,5.05,0.000592484
9/7/2022 17:00,4.9,0.000574886
9/7/2022 17:15,4.77,0.000559634
9/7/2022 17:30,4.715,0.000553181
9/7/2022 17:45,4.45,0.00052209
9/7/2022 18:00,16.855,0.001977489
9/7/2022 18:15,6.42,0.000753217
9/7/2022 18:30,4.62,0.000542035
9/7/2022 18:45,17.375,0.002038497
9/7/2022 19:00,13.135,0.001541045
9/7/2022 19:15,7.545,0.000885206
9/7/2022 19:30,7.065,0.000828891
9/7/2022 19:45,4.89,0.000573712
9/7/2022 20:00,4.735,0.000555527
9/7/2022 20:15,4.71,0.000552594
9/7/2022 20:30,4.68,0.000549074
9/7/2022 20:45,4.725,0.000554354
9/7/2022 21:00,4.74,0.000556114
9/7/2022 21:15,4.63,0.000543208
9/7/2022 21:30,4.825,0.000566086
9/7/2022 21:45,4.76,0.00055846
9/7/2022 22:00,4.84,0.000567846
9/7/2022 22:15,4.92,0.000577232
9/7/2022 22:30,4.91,0.000576059
9/7/2022 22:45,4.96,0.000581925
9/7/2022 23:00,4.82,0.0005655
9/7/2022 23:15,4.92,0.000577232
9/7/2022 23:30,5.14,0.000603043
9/7/2022 23:45,5.235,0.000614189
9/8/2022 0:00,5.18,0.000607736
9/8/2022 0:15,5.285,0.000620055
9/8/2022 0:30,5.155,0.000604803
9/8/2022 0:45,5.265,0.000617709
9/8/2022 1:00,5.43,0.000637067
9/8/2022 1:15,5.465,0.000641173
9/8/2022 1:30,5.57,0.000653492
9/8/2022 1:45,5.635,0.000661118
9/8/2022 2:00,5.515,0.00064704
9/8/2022 2:15,6.415,0.000752631
9/8/2022 2:30,5.75,0.000674611
9/8/2022 2:45,6.105,0.000716261
9/8/2022 3:00,5.65,0.000662878
9/8/2022 3:15,5.39,0.000632374
9/8/2022 3:30,5.395,0.000632961
9/8/2022 3:45,5.275,0.000618882
9/8/2022 4:00,5.215,0.000611843
9/8/2022 4:15,5.195,0.000609496
9/8/2022 4:30,5.14,0.000603043
9/8/2022 4:45,5.15,0.000604216
9/8/2022 5:00,5.41,0.000634721
9/8/2022 5:15,5.49,0.000644107
9/8/2022 5:30,5.325,0.000624748
9/8/2022 5:45,5.67,0.000665225
9/8/2022 6:00,6.675,0.000783135
9/8/2022 6:15,7.115,0.000834757
9/8/2022 6:30,7.22,0.000847076
9/8/2022 6:45,8.085,0.000948561
9/8/2022 7:00,6.94,0.000814226
9/8/2022 7:15,6.03,0.000707461
9/8/2022 7:30,5.505,0.000645866
9/8/2022 7:45,5.255,0.000616535
9/8/2022 8:00,5.23,0.000613602
9/8/2022 8:15,5.27,0.000618295
9/8/2022 8:30,5.15,0.000604216
9/8/2022 8:45,5.01,0.000587791
9/8/2022 9:00,5.1,0.00059835
9/8/2022 9:15,5.05,0.000592484
9/8/2022 9:30,5.11,0.000599524
9/8/2022 9:45,5.79,0.000679304
9/8/2022 10:00,6.575,0.000771403
9/8/2022 10:15,5.365,0.000629441
9/8/2022 10:30,4.785,0.000561393
9/8/2022 10:45,4.555,0.000534409
9/8/2022 11:00,5.235,0.000614189
9/8/2022 11:15,4.965,0.000582512
9/8/2022 11:30,4.58,0.000537342
9/8/2022 11:45,4.27,0.000500972
9/8/2022 12:00,4.16,0.000488066
9/8/2022 12:15,4.1,0.000481027
9/8/2022 12:30,4.13,0.000484546
9/8/2022 12:45,4.675,0.000548488
9/8/2022 13:00,5.96,0.000699249
9/8/2022 13:15,5.585,0.000655252
9/8/2022 13:30,4.58,0.000537342
9/8/2022 13:45,4,0.000469294
9/8/2022 14:00,3.835,0.000449936
9/8/2022 14:15,3.855,0.000452282
9/8/2022 14:30,3.545,0.000415912
9/8/2022 14:45,3.375,0.000395967
9/8/2022 15:00,3.345,0.000392447
9/8/2022 15:15,3.43,0.00040242
9/8/2022 15:30,3.505,0.000411219
9/8/2022 15:45,4.085,0.000479267
9/8/2022 16:00,3.73,0.000437617
9/8/2022 16:15,4.12,0.000483373
9/8/2022 16:30,3.555,0.000417085
9/8/2022 16:45,3.5,0.000410633
9/8/2022 17:00,4.59,0.000538515
9/8/2022 17:15,4.19,0.000491586
9/8/2022 17:30,4.175,0.000489826
9/8/2022 17:45,3.885,0.000455802
9/8/2022 18:00,3.65,0.000428231
9/8/2022 18:15,3.41,0.000400073
9/8/2022 18:30,7.005,0.000821852
9/8/2022 18:45,3.64,0.000427058
9/8/2022 19:00,3.845,0.000451109
9/8/2022 19:15,3.985,0.000467535
9/8/2022 19:30,3.935,0.000461668
9/8/2022 19:45,4.085,0.000479267
9/8/2022 20:00,4.17,0.000489239
9/8/2022 20:15,4.08,0.00047868
9/8/2022 20:30,4.225,0.000495692
9/8/2022 20:45,4.32,0.000506838
9/8/2022 21:00,4.6,0.000539689
9/8/2022 21:15,4.785,0.000561393
9/8/2022 21:30,4.935,0.000578992
9/8/2022 21:45,4.67,0.000547901
9/8/2022 22:00,4.87,0.000571366
9/8/2022 22:15,4.935,0.000578992
9/8/2022 22:30,5,0.000586618
9/8/2022 22:45,5.15,0.000604216
9/8/2022 23:00,5.025,0.000589551
9/8/2022 23:15,5.08,0.000596004
9/8/2022 23:30,5.305,0.000622402
9/8/2022 23:45,4.585,0.000537929
9/9/2022 0:00,5.265,0.000617709
9/9/2022 0:15,4.335,0.000508598
9/9/2022 0:30,4.335,0.000508598
9/9/2022 0:45,4.225,0.000495692
9/9/2022 1:00,4.265,0.000500385
9/9/2022 1:15,4.15,0.000486893
9/9/2022 1:30,4.16,0.000488066
9/9/2022 1:45,4.22,0.000495106
9/9/2022 2:00,4.685,0.000549661
9/9/2022 2:15,5.17,0.000606563
9/9/2022 2:30,6.67,0.000782548
9/9/2022 2:45,5.035,0.000590724
9/9/2022 3:00,4.775,0.00056022
9/9/2022 3:15,4.81,0.000564326
9/9/2022 3:30,4.375,0.000513291
9/9/2022 3:45,4.23,0.000496279
9/9/2022 4:00,4.205,0.000493346
9/9/2022 4:15,4.63,0.000543208
9/9/2022 4:30,4.545,0.000533236
9/9/2022 4:45,4.36,0.000511531
9/9/2022 5:00,6.38,0.000748525
9/9/2022 5:15,4.415,0.000517984
9/9/2022 5:30,4.43,0.000519744
9/9/2022 5:45,4.545,0.000533236
9/9/2022 6:00,6.13,0.000719194
9/9/2022 6:15,5.165,0.000605976
9/9/2022 6:30,4.95,0.000580752
9/9/2022 6:45,5.52,0.000647626
9/9/2022 7:00,5.43,0.000637067
9/9/2022 7:15,7.835,0.00091923
9/9/2022 7:30,4.865,0.000570779
9/9/2022 7:45,4.715,0.000553181
9/9/2022 8:00,5.175,0.00060715
9/9/2022 8:15,4.985,0.000584858
9/9/2022 8:30,4.69,0.000550248
9/9/2022 8:45,4.6,0.000539689
9/9/2022 9:00,4.525,0.000530889
9/9/2022 9:15,4.475,0.000525023
9/9/2022 9:30,4.115,0.000482787
9/9/2022 9:45,6.34,0.000743832
9/9/2022 10:00,8.61,0.001010156
9/9/2022 10:15,5.085,0.00059659
9/9/2022 10:30,10.84,0.001271788
9/9/2022 10:45,5.41,0.000634721
9/9/2022 11:00,5.05,0.000592484
9/9/2022 11:15,3.96,0.000464601
9/9/2022 11:30,31.72,0.003721504
9/9/2022 11:45,7.325,0.000859395
9/9/2022 12:00,17.735,0.002080734
9/9/2022 12:15,5.105,0.000598937
9/9/2022 12:30,4.64,0.000544381
9/9/2022 12:45,4.755,0.000557874
9/9/2022 13:00,3.76,0.000441137
9/9/2022 13:15,5.625,0.000659945
9/9/2022 13:30,4.88,0.000572539
9/9/2022 13:45,12.705,0.001490596
9/9/2022 14:00,6.965,0.000817159
9/9/2022 14:15,4.225,0.000495692
9/9/2022 14:30,5.76,0.000675784
9/9/2022 14:45,12.56,0.001473584
9/9/2022 15:00,5.84,0.00068517
9/9/2022 15:15,4.61,0.000540862
9/9/2022 15:30,3.635,0.000426471
9/9/2022 15:45,3.26,0.000382475
9/9/2022 16:00,3.265,0.000383062
9/9/2022 16:15,3.675,0.000431164
9/9/2022 16:30,4.605,0.000540275
9/9/2022 16:45,5.3,0.000621815
9/9/2022 17:00,4.035,0.000473401
9/9/2022 17:15,3.18,0.000373089
9/9/2022 17:30,4.57,0.000536169
9/9/2022 17:45,3.42,0.000401247
9/9/2022 18:00,10.795,0.001266508
9/9/2022 18:15,6.105,0.000716261
9/9/2022 18:30,7.04,0.000825958
9/9/2022 18:45,8.79,0.001031274
9/9/2022 19:00,15.35,0.001800917
9/9/2022 19:15,13.865,0.001626692
9/9/2022 19:30,12.56,0.001473584
9/9/2022 19:45,8.38,0.000983172
9/9/2022 20:00,5.09,0.000597177
9/9/2022 20:15,4.73,0.000554941
9/9/2022 20:30,4.28,0.000502145
9/9/2022 20:45,4.62,0.000542035
9/9/2022 21:00,4.185,0.000490999
9/9/2022 21:15,4.605,0.000540275
9/9/2022 21:30,4.815,0.000564913
9/9/2022 21:45,4.785,0.000561393
9/9/2022 22:00,4.54,0.000532649
9/9/2022 22:15,4.275,0.000501558
9/9/2022 22:30,4.54,0.000532649
9/9/2022 22:45,5.005,0.000587205
9/9/2022 23:00,5.61,0.000658185
9/9/2022 23:15,6.405,0.000751458
9/9/2022 23:30,8.685,0.001018955
9/9/2022 23:45,13.87,0.001627278
9/10/2022 0:00,17.87,0.002096573
9/10/2022 0:15,16.79,0.001969863
9/10/2022 0:30,12.74,0.001494703
9/10/2022 0:45,9.38,0.001100495
9/10/2022 1:00,7.84,0.000919817
9/10/2022 1:15,8.25,0.00096792
9/10/2022 1:30,11.125,0.001305225
9/10/2022 1:45,8.34,0.000978479
9/10/2022 2:00,8.14,0.000955014
9/10/2022 2:15,11.48,0.001346875
9/10/2022 2:30,37.62,0.004413713
9/10/2022 2:45,36.53,0.004285831
9/10/2022 3:00,18.635,0.002186325
9/10/2022 3:15,11.595,0.001360367
9/10/2022 3:30,9.86,0.001156811
9/10/2022 3:45,9.87,0.001157984
9/10/2022 4:00,9.305,0.001091696
9/10/2022 4:15,9.52,0.001116921
9/10/2022 4:30,8.765,0.001028341
9/10/2022 4:45,8.23,0.000965573
9/10/2022 5:00,8.115,0.000952081
9/10/2022 5:15,9.94,0.001166196
9/10/2022 5:30,16.125,0.001891843
9/10/2022 5:45,14.33,0.001681247
9/10/2022 6:00,14.325,0.00168066
9/10/2022 6:15,14.035,0.001646637
9/10/2022 6:30,13.335,0.00156451
9/10/2022 6:45,12.77,0.001498222
9/10/2022 7:00,13.365,0.00156803
9/10/2022 7:15,13.625,0.001598534
9/10/2022 7:30,13.175,0.001545738
9/10/2022 7:45,13.75,0.001613199
9/10/2022 8:00,11.8,0.001384418
9/10/2022 8:15,11.735,0.001376792
9/10/2022 8:30,19.515,0.00228957
9/10/2022 8:45,64.195,0.007531588
9/10/2022 9:00,156.235,0.018330051
9/10/2022 9:15,220.615,0.025883344
9/10/2022 9:30,224.54,0.026343839
9/10/2022 9:45,191.31,0.022445176
9/10/2022 10:00,152.99,0.017949336
9/10/2022 10:15,119.94,0.014071791
9/10/2022 10:30,98.265,0.011528803
9/10/2022 10:45,81.415,0.0095519
9/10/2022 11:00,75.97,0.008913073
9/10/2022 11:15,65.305,0.007661817
9/10/2022 11:30,48.93,0.005740643
9/10/2022 11:45,43.475,0.005100643
9/10/2022 12:00,50.15,0.005883778
9/10/2022 12:15,56.895,0.006675126
9/10/2022 12:30,60.225,0.007065813
9/10/2022 12:45,59.46,0.006976061
9/10/2022 13:00,54.16,0.006354246
9/10/2022 13:15,45.945,0.005390432
9/10/2022 13:30,37.45,0.004393768
9/10/2022 13:45,29.085,0.003412357
9/10/2022 14:00,24.515,0.002876188
9/10/2022 14:15,20.96,0.002459102
9/10/2022 14:30,18.41,0.002159927
9/10/2022 14:45,15.65,0.001836114
9/10/2022 15:00,13.985,0.00164077
9/10/2022 15:15,13.32,0.00156275
9/10/2022 15:30,12.935,0.001517581
9/10/2022 15:45,13.055,0.001531659
9/10/2022 16:00,13.465,0.001579762
9/10/2022 16:15,13.795,0.001618479
9/10/2022 16:30,12.915,0.001515234
9/10/2022 16:45,14.235,0.001670101
9/10/2022 17:00,606.06,0.071105135
9/10/2022 17:15,394.495,0.04628357
9/10/2022 17:30,158.87,0.018639199
9/10/2022 17:45,185.5,0.021763526
9/10/2022 18:00,90.315,0.01059608
9/10/2022 18:15,405.605,0.047587035
9/10/2022 18:30,523.43,0.061410687
9/10/2022 18:45,613.155,0.071937546
9/10/2022 19:00,701.02,0.082246184
9/10/2022 19:15,792.45,0.09297308
9/10/2022 19:30,900.78,0.105682744
9/10/2022 19:45,1014.48,0.119022436
9/10/2022 20:00,1102.415,0.129339286
9/10/2022 20:15,1164.115,0.136578152
9/10/2022 20:30,1196.905,0.140425192
9/10/2022 20:45,1201.595,0.14097544
9/10/2022 21:00,1185.5,0.139087117
9/10/2022 21:15,1156.79,0.135718757
9/10/2022 21:30,1103.85,0.129507646
9/10/2022 21:45,3040.975,0.356778106
9/10/2022 22:00,3018.585,0.354151231
9/10/2022 22:15,3795.98,0.445358004
9/10/2022 22:30,3816.565,0.44777311
9/10/2022 22:45,829.545,0.097325198
9/10/2022 23:00,784.875,0.092084353
9/10/2022 23:15,732.74,0.085967688
9/10/2022 23:30,684.625,0.080322663
9/10/2022 23:45,656.97,0.077078079
9/11/2022 0:00,651.595,0.076447465
9/11/2022 0:15,642.775,0.075412671
9/11/2022 0:30,621.525,0.072919545
9/11/2022 0:45,585.56,0.068700002
9/11/2022 1:00,546.9,0.064164272
9/11/2022 1:15,516.93,0.060648084
9/11/2022 1:30,490.37,0.057531969
9/11/2022 1:45,472.13,0.055391987
9/11/2022 2:00,460.215,0.053994076
9/11/2022 2:15,450.92,0.052903554
9/11/2022 2:30,436.42,0.051202361
9/11/2022 2:45,427.46,0.050151142
9/11/2022 3:00,415.39,0.048735046
9/11/2022 3:15,394.71,0.046308795
9/11/2022 3:30,376.335,0.044152974
9/11/2022 3:45,356.045,0.041772478
9/11/2022 4:00,332.105,0.038963751
9/11/2022 4:15,313.675,0.036801477
9/11/2022 4:30,300.105,0.035209396
9/11/2022 4:45,289.49,0.033964006
9/11/2022 5:00,279.305,0.032769066
9/11/2022 5:15,268.75,0.031530715
9/11/2022 5:30,259.555,0.030451925
9/11/2022 5:45,251.03,0.029451741
9/11/2022 6:00,242.615,0.028464463
9/11/2022 6:15,234.265,0.027484811
9/11/2022 6:30,226.385,0.026560301
9/11/2022 6:45,221.605,0.025999494
9/11/2022 7:00,234.255,0.027483638
9/11/2022 7:15,236.45,0.027741163
9/11/2022 7:30,224.64,0.026355571
9/11/2022 7:45,215.915,0.025331923
9/11/2022 8:00,213.405,0.025037441
9/11/2022 8:15,209.405,0.024568147
9/11/2022 8:30,225.215,0.026423032
9/11/2022 8:45,198.115,0.023243563
9/11/2022 9:00,206.69,0.024249613
9/11/2022 9:15,214.8,0.025201107
9/11/2022 9:30,213.97,0.025103729
9/11/2022 9:45,225.975,0.026512198
9/11/2022 10:00,225.61,0.026469375
9/11/2022 10:15,205.29,0.02408536
9/11/2022 10:30,184.845,0.021686679
9/11/2022 10:45,216.72,0.025426369
9/11/2022 11:00,207.985,0.024401547
9/11/2022 11:15,261.66,0.030698891
9/11/2022 11:30,205.925,0.02415986
9/11/2022 11:45,190.29,0.022325506
9/13/2022 15:15,309.21,0.036277628
9/13/2022 15:30,148.57,0.017430766
9/13/2022 15:45,200.885,0.02356855
9/13/2022 16:00,108.94,0.012781232
9/13/2022 16:15,116.53,0.013671718
9/13/2022 16:30,250.53,0.029393079
9/13/2022 16:45,100.985,0.011847923
9/13/2022 17:00,157.19,0.018442095
9/13/2022 17:15,149.73,0.017566861
9/13/2022 17:30,76.33,0.00895531
9/13/2022 17:45,89.035,0.010445906
9/13/2022 18:00,126.14,0.014799198
9/13/2022 18:15,37.695,0.004422513
9/13/2022 18:30,120.335,0.014118134
9/13/2022 18:45,75.615,0.008871423
9/13/2022 19:00,177.385,0.020811445
9/13/2022 19:15,93.05,0.01091696
9/13/2022 19:30,141.725,0.016627686
9/13/2022 19:45,101.08,0.011859069
9/13/2022 20:00,115.07,0.013500426
9/13/2022 20:15,93.115,0.010924586
9/13/2022 20:30,102.06,0.011974046
9/13/2022 20:45,71.685,0.008410342
9/13/2022 21:00,94.05,0.011034284
9/13/2022 21:15,129.535,0.015197511
9/13/2022 21:30,125.43,0.014715898
9/13/2022 21:45,93.355,0.010952744
9/13/2022 22:00,154.88,0.018171078
9/13/2022 22:15,222.81,0.026140869
9/13/2022 22:30,201.595,0.023651849
9/13/2022 22:45,105.15,0.012336576
9/13/2022 23:00,123.325,0.014468932
9/13/2022 23:15,65.26,0.007656538
9/13/2022 23:30,84.47,0.009910324
9/13/2022 23:45,87.99,0.010323303
9/14/2022 0:00,133.655,0.015680885
9/14/2022 0:15,140.85,0.016525028
9/14/2022 0:30,239.77,0.028130677
9/14/2022 0:45,354.145,0.041549563
9/14/2022 1:00,79.315,0.009305521
9/14/2022 1:15,140.535,0.016488071
9/14/2022 1:30,159.22,0.018680262
9/14/2022 1:45,166.585,0.01954435
9/14/2022 2:00,123.655,0.014507649
9/14/2022 2:15,88.7,0.010406603
9/14/2022 2:30,103.715,0.012168216
9/14/2022 2:45,117.025,0.013729793
9/14/2022 3:00,120.82,0.014175036
9/14/2022 3:15,169.855,0.019927999
9/14/2022 3:30,47.83,0.005611587
9/14/2022 3:45,54.145,0.006352486
9/14/2022 4:00,73.85,0.008664347
9/14/2022 4:15,44.065,0.005169864
9/14/2022 4:30,41.615,0.004882421
9/14/2022 4:45,37.94,0.004451257
9/14/2022 5:00,39.275,0.004607884
9/14/2022 5:15,33.655,0.003948525
9/14/2022 6:45,27.53,0.003229918
9/14/2022 7:00,29.85,0.003502109
9/14/2022 7:15,31.735,0.003723264
9/14/2022 7:30,27.585,0.003236371
9/14/2022 7:45,29.89,0.003506802
9/14/2022 8:00,29.635,0.003476885
9/14/2022 8:15,28.085,0.003295033
9/14/2022 8:30,27.96,0.003280368
9/14/2022 8:45,38.245,0.004487041
9/14/2022 9:00,26.385,0.003095583
9/14/2022 9:15,26.275,0.003082677
9/14/2022 9:30,27.165,0.003187095
9/14/2022 9:45,29.45,0.00345518
9/14/2022 10:00,26.5,0.003109075
9/14/2022 10:15,24.73,0.002901412
9/14/2022 10:30,24.335,0.00285507
9/14/2022 10:45,27.825,0.003264529
9/14/2022 11:00,28.835,0.003383026
9/14/2022 11:15,24.42,0.002865042
9/14/2022 11:30,22.41,0.002629222
9/14/2022 11:45,23.3,0.00273364
9/14/2022 12:00,24.27,0.002847444
9/14/2022 12:15,21.84,0.002562347
9/14/2022 12:30,23.115,0.002711935
9/14/2022 12:45,23.54,0.002761797
9/14/2022 13:00,21.645,0.002539469
9/14/2022 13:15,21.83,0.002561174
9/14/2022 13:30,21.905,0.002569973
9/14/2022 13:45,20.955,0.002458516
9/14/2022 14:00,22.43,0.002631568
9/14/2022 14:15,21.115,0.002477288
9/14/2022 14:30,22.095,0.002592265
9/14/2022 14:45,20.505,0.00240572
9/14/2022 15:00,21.48,0.002520111
9/14/2022 15:15,57.32,0.006724988
9/14/2022 15:30,24.255,0.002845684
9/14/2022 15:45,22.085,0.002591092
9/14/2022 16:00,21.365,0.002506619
9/14/2022 16:15,23.305,0.002734226
9/14/2022 16:30,20.975,0.002460862
9/14/2022 16:45,24.84,0.002914318
9/14/2022 17:00,20.86,0.00244737
9/14/2022 17:15,23.505,0.002757691
9/14/2022 17:30,19.87,0.00233122
9/14/2022 17:45,20.26,0.002376976
9/14/2022 18:00,19.895,0.002334153
9/14/2022 18:15,21.305,0.002499579
9/14/2022 18:30,19.42,0.002278424
9/14/2022 18:45,19.765,0.002318901
9/14/2022 19:00,20.7,0.002428598
9/14/2022 19:15,20.945,0.002457343
9/14/2022 19:30,19.51,0.002288983
9/14/2022 19:45,20.175,0.002367003
9/14/2022 20:00,20.87,0.002448543
9/14/2022 20:15,20.515,0.002406893
9/14/2022 20:30,20.535,0.00240924
9/14/2022 20:45,20.165,0.00236583
9/14/2022 21:00,22.14,0.002597544
9/14/2022 21:15,21.895,0.0025688
9/14/2022 21:30,21.9,0.002569387
9/14/2022 21:45,20.145,0.002363484
9/14/2022 22:00,21.04,0.002468488
9/14/2022 22:15,19.69,0.002310102
9/14/2022 22:30,21.08,0.002473181
9/14/2022 22:45,20.74,0.002433291
9/14/2022 23:00,21.195,0.002486674
9/14/2022 23:15,21.16,0.002482567
9/14/2022 23:30,22.145,0.002598131
9/14/2022 23:45,21.805,0.002558241
9/15/2022 0:00,22.765,0.002670872
9/15/2022 0:15,23.82,0.002794648
9/15/2022 0:30,24.445,0.002867975
9/15/2022 0:45,22.985,0.002696683
9/15/2022 1:00,22.975,0.002695509
9/15/2022 1:15,24.765,0.002905519
9/15/2022 1:30,22.68,0.002660899
9/15/2022 1:45,23.38,0.002743026
9/15/2022 2:00,22.565,0.002647407
9/15/2022 2:15,23.84,0.002796994
9/15/2022 2:30,24.26,0.00284627
9/15/2022 2:45,25.005,0.002933676
9/15/2022 3:00,23.425,0.002748305
9/15/2022 3:15,22.765,0.002670872
9/15/2022 3:30,22.25,0.00261045
9/15/2022 3:45,20.97,0.002460276
9/15/2022 4:00,19.945,0.002340019
9/15/2022 4:15,20.905,0.00245265
9/15/2022 4:30,21.155,0.002481981
9/15/2022 4:45,20.94,0.002456756
9/15/2022 5:00,20.54,0.002409827
9/15/2022 5:15,20.09,0.002357031
9/15/2022 5:30,19.8,0.002323007
9/15/2022 5:45,20.52,0.00240748
9/15/2022 6:00,21.01,0.002464969
9/15/2022 6:15,20.905,0.00245265
9/15/2022 6:30,19.395,0.002275491
9/15/2022 6:45,19.65,0.002305409
9/15/2022 7:00,19.03,0.002232668
9/15/2022 7:15,18.135,0.002127663
9/15/2022 7:30,18.7,0.002193951
9/15/2022 7:45,19.535,0.002291916
9/15/2022 8:00,19.365,0.002271971
9/15/2022 8:15,18.745,0.002199231
9/15/2022 8:30,18,0.002111825
9/15/2022 8:45,17.52,0.002055509
9/15/2022 9:00,18.345,0.002152301
9/15/2022 9:15,17.16,0.002013273
9/15/2022 9:30,17.145,0.002011513
9/15/2022 9:45,17.215,0.002019726
9/15/2022 10:00,16.47,0.00193232
9/15/2022 10:15,16.61,0.001948745
9/15/2022 10:30,16.45,0.001929973
9/15/2022 10:45,16.08,0.001886563
9/15/2022 11:00,15.97,0.001873658
9/15/2022 11:15,15.865,0.001861339
9/15/2022 11:30,15.9,0.001865445
9/15/2022 11:45,16.045,0.001882457
9/15/2022 12:00,15.62,0.001832594
9/15/2022 12:15,16.09,0.001887737
9/15/2022 12:30,15.535,0.001822622
9/15/2022 12:45,15.695,0.001841394
9/15/2022 13:00,14.895,0.001747535
9/15/2022 13:15,14.695,0.00172407
9/15/2022 13:30,13.965,0.001638424
9/15/2022 13:45,14.235,0.001670101
9/15/2022 14:00,13.89,0.001629625
9/15/2022 14:15,13.9,0.001630798
9/15/2022 14:30,14.06,0.00164957
9/15/2022 14:45,13.445,0.001577416
9/15/2022 15:00,13.62,0.001597947
9/15/2022 15:15,14.16,0.001661302
9/15/2022 15:30,14.155,0.001660715
9/15/2022 15:45,13.65,0.001601467
9/15/2022 16:00,13.78,0.001616719
9/15/2022 16:15,13.77,0.001615546
9/15/2022 16:30,14.135,0.001658369
9/15/2022 16:45,13.11,0.001538112
9/15/2022 17:00,13.71,0.001608506
9/15/2022 17:15,13.465,0.001579762
9/15/2022 17:30,13.17,0.001545152
9/15/2022 17:45,13.625,0.001598534
9/15/2022 18:00,14.07,0.001650743
9/15/2022 18:15,13.56,0.001590908
9/15/2022 18:30,13.65,0.001601467
9/15/2022 18:45,15.115,0.001773346
9/15/2022 19:00,16.53,0.001939359
9/15/2022 19:15,17.645,0.002070175
9/15/2022 19:30,17.795,0.002087773
9/15/2022 19:45,19.67,0.002307755
9/15/2022 20:00,23.12,0.002712521
9/15/2022 20:15,26.65,0.003126674
9/15/2022 20:30,27.575,0.003235198
9/15/2022 20:45,24.75,0.002903759
9/15/2022 21:00,23.305,0.002734226
9/15/2022 21:15,22.64,0.002656206
9/15/2022 21:30,22.29,0.002615143
9/15/2022 21:45,21.435,0.002514831
9/15/2022 22:00,20.075,0.002355271
9/15/2022 22:15,19.105,0.002241467
9/15/2022 22:30,18.115,0.002125317
9/15/2022 22:45,18.455,0.002165207
9/15/2022 23:00,18.7,0.002193951
9/15/2022 23:15,19.725,0.002314208
9/15/2022 23:30,19.315,0.002266105
9/15/2022 23:45,17.895,0.002099506
9/16/2022 0:00,17.22,0.002020312
9/16/2022 0:15,17.07,0.002002714
9/16/2022 0:30,16.285,0.001910615
9/16/2022 0:45,16.215,0.001902402
9/16/2022 1:00,16.3,0.001912375
9/16/2022 1:15,16.315,0.001914134
9/16/2022 1:30,16.135,0.001893016
9/16/2022 1:45,15.88,0.001863099
9/16/2022 2:00,16.455,0.00193056
9/16/2022 2:15,16.525,0.001938772
9/16/2022 2:30,16.3,0.001912375
9/16/2022 2:45,17.095,0.002005647
9/16/2022 3:00,16.21,0.001901815
9/16/2022 3:15,16.99,0.001993328
9/16/2022 3:30,15.59,0.001829075
9/16/2022 3:45,17.03,0.001998021
9/16/2022 4:00,17.355,0.002036151
9/16/2022 4:15,16.87,0.001979249
9/16/2022 4:30,16.73,0.001962824
9/16/2022 4:45,16.725,0.001962237
9/16/2022 5:00,16.65,0.001953438
9/16/2022 5:15,16.365,0.001920001
9/16/2022 5:30,16.265,0.001908268
9/16/2022 5:45,16.6,0.001947572
9/16/2022 6:00,16.32,0.001914721
9/16/2022 6:15,16.525,0.001938772
9/16/2022 6:30,15.775,0.00185078
9/16/2022 6:45,15.715,0.00184374
9/16/2022 7:00,15.605,0.001830835
9/16/2022 7:15,15.09,0.001770413
9/16/2022 7:30,15.215,0.001785078
9/16/2022 7:45,15.26,0.001790358
9/16/2022 8:00,14.94,0.001752814
9/16/2022 8:15,15.47,0.001814996
9/16/2022 8:30,14.92,0.001750468
9/16/2022 8:45,14.13,0.001657782
9/16/2022 9:00,14.335,0.001681834
9/16/2022 9:15,13.795,0.001618479
9/16/2022 9:30,13.365,0.00156803
9/16/2022 9:45,14.65,0.001718791
9/16/2022 10:00,14.07,0.001650743
9/16/2022 10:15,13.765,0.001614959
9/16/2022 10:30,14.31,0.001678901
9/16/2022 10:45,13.69,0.00160616
9/16/2022 11:00,13.44,0.001576829
9/16/2022 11:15,13.25,0.001554538
9/16/2022 11:30,13.245,0.001553951
9/16/2022 11:45,13.81,0.001620239
9/16/2022 12:00,13.03,0.001528726
9/16/2022 12:15,13.16,0.001543978
9/16/2022 12:30,12.685,0.00148825
9/16/2022 12:45,12.065,0.001415509
9/16/2022 13:00,11.68,0.00137034
9/16/2022 13:15,11.35,0.001331623
9/16/2022 13:30,11.035,0.001294666
9/16/2022 13:45,11.055,0.001297012
9/16/2022 14:00,11.12,0.001304638
9/16/2022 14:15,11.365,0.001333383
9/16/2022 14:30,11.15,0.001308158
9/16/2022 14:45,10.92,0.001281174
9/16/2022 15:00,10.66,0.001250669
9/16/2022 15:15,11.03,0.001294079
9/16/2022 15:30,10.605,0.001244217
9/16/2022 15:45,10.48,0.001229551
9/16/2022 16:00,10.06,0.001180275
9/16/2022 16:15,10.08,0.001182622
9/16/2022 16:30,9.97,0.001169716
9/16/2022 16:45,10.24,0.001201394
9/16/2022 17:00,9.855,0.001156224
9/16/2022 17:15,10.055,0.001179689
9/16/2022 17:30,10.775,0.001264162
9/16/2022 17:45,10.58,0.001241284
9/16/2022 18:00,10.13,0.001188488
9/16/2022 18:15,10.05,0.001179102
9/17/2022 0:15,11.465,0.001345115
9/17/2022 0:30,11.435,0.001341595
9/17/2022 0:45,11.525,0.001352154
9/17/2022 1:00,11.755,0.001379139
9/17/2022 1:15,12.26,0.001438387
9/17/2022 1:30,13.725,0.001610266
9/17/2022 1:45,13.745,0.001612613
9/17/2022 2:00,12.335,0.001447186
9/17/2022 2:15,12.065,0.001415509
9/17/2022 2:30,11.7,0.001372686
9/17/2022 2:45,12.045,0.001413163
9/17/2022 3:00,12.08,0.001417269
9/17/2022 3:15,11.965,0.001403777
9/17/2022 3:30,11.695,0.001372099
9/17/2022 3:45,11.725,0.001375619
9/17/2022 4:00,12.1,0.001419615
9/17/2022 4:15,12.57,0.001474758
9/17/2022 4:30,11.96,0.00140319
9/17/2022 4:45,11.615,0.001362714
9/17/2022 5:00,11.59,0.00135978
9/17/2022 5:15,11.56,0.001356261
9/17/2022 5:30,11.765,0.001380312
9/17/2022 5:45,12.06,0.001414923
9/17/2022 6:00,11.62,0.0013633
9/17/2022 6:15,11.445,0.001342768
9/17/2022 6:30,11.365,0.001333383
9/17/2022 6:45,11.365,0.001333383
9/17/2022 7:00,11.675,0.001369753
9/17/2022 7:15,11.625,0.001363887
9/17/2022 7:30,12.295,0.001442494
9/17/2022 7:45,12.25,0.001437214
9/17/2022 8:00,11.88,0.001393804
9/17/2022 8:15,11.87,0.001392631
9/17/2022 8:30,12.01,0.001409056
9/17/2022 8:45,12.275,0.001440147
9/17/2022 9:00,11.94,0.001400844
9/17/2022 9:15,11.81,0.001385592
9/17/2022 9:30,11.435,0.001341595
9/17/2022 9:45,10.835,0.001271201
9/17/2022 10:00,10.45,0.001226032
9/17/2022 10:15,10.41,0.001221339
9/17/2022 10:30,10.555,0.001238351
9/17/2022 10:45,9.76,0.001145078
9/17/2022 11:00,10.065,0.001180862
9/17/2022 11:15,9.81,0.001150944
9/17/2022 11:30,9.385,0.001101082
9/17/2022 11:45,9.18,0.001077031
9/17/2022 12:00,9.195,0.00107879
9/17/2022 12:15,9.06,0.001062952
9/17/2022 12:30,9.03,0.001059432
9/17/2022 12:45,9.02,0.001058259
9/17/2022 13:00,8.85,0.001038314
9/17/2022 13:15,8.84,0.001037141
9/17/2022 13:30,9.34,0.001095802
9/17/2022 13:45,8.675,0.001017782
9/17/2022 14:00,8.48,0.000994904
9/17/2022 14:15,9.335,0.001095216
9/17/2022 14:30,8.215,0.000963813
9/17/2022 14:45,7.985,0.000936829
9/17/2022 15:00,7.96,0.000933896
9/17/2022 15:15,8.11,0.000951494
9/17/2022 15:30,7.535,0.000884033
9/17/2022 15:45,7.525,0.00088286
9/17/2022 16:00,7.76,0.000910431
9/17/2022 16:15,8.235,0.00096616
9/17/2022 16:30,7.91,0.00092803
9/17/2022 16:45,8.105,0.000950908
9/17/2022 17:00,8.09,0.000949148
9/17/2022 17:15,7.565,0.000887553
9/17/2022 17:30,7.695,0.000902805
9/17/2022 17:45,7.56,0.000886966
9/17/2022 18:00,7.96,0.000933896
9/17/2022 18:15,7.53,0.000883447
9/17/2022 18:30,7.605,0.000892246
9/17/2022 18:45,8.1,0.000950321
9/17/2022 19:00,7.725,0.000906325
9/17/2022 19:15,7.9,0.000926856
9/17/2022 19:30,8.175,0.00095912
9/17/2022 19:45,7.785,0.000913364
9/17/2022 20:00,7.795,0.000914537
9/17/2022 20:15,8.105,0.000950908
9/17/2022 20:30,7.835,0.00091923
9/17/2022 20:45,8.03,0.000942108
9/17/2022 21:00,8.25,0.00096792
9/17/2022 21:15,8.25,0.00096792
9/17/2022 21:30,8.465,0.000993144
9/17/2022 21:45,8.435,0.000989624
9/17/2022 22:00,8.33,0.000977306
9/17/2022 22:15,8.58,0.001006636
9/17/2022 22:30,8.4,0.000985518
9/17/2022 22:45,8.55,0.001003117
9/17/2022 23:00,8.625,0.001011916
9/17/2022 23:15,8.7,0.001020715
9/17/2022 23:30,8.81,0.001033621
9/17/2022 23:45,8.655,0.001015436
9/18/2022 0:00,8.74,0.001025408
9/18/2022 0:15,9.21,0.00108055
9/18/2022 0:30,10.005,0.001173823
9/18/2022 0:45,10.705,0.001255949
9/18/2022 1:00,10.925,0.00128176
9/18/2022 1:15,10.58,0.001241284
9/18/2022 1:30,10.27,0.001204913
9/18/2022 1:45,9.735,0.001142145
9/18/2022 2:00,9.29,0.001089936
9/18/2022 2:15,9.225,0.00108231
9/18/2022 2:30,8.925,0.001047113
9/18/2022 2:45,9.08,0.001065298
9/18/2022 3:00,9.465,0.001110468
9/18/2022 3:15,9.755,0.001144492
9/18/2022 3:30,10.555,0.001238351
9/18/2022 3:45,10.915,0.001280587
9/18/2022 4:00,11.135,0.001306398
9/18/2022 4:15,10.775,0.001264162
9/18/2022 4:30,10.81,0.001268268
9/18/2022 4:45,10.48,0.001229551
9/18/2022 5:00,9.94,0.001166196
9/18/2022 5:15,9.555,0.001121027
9/18/2022 5:30,9.195,0.00107879
9/18/2022 5:45,9.1,0.001067645
9/18/2022 6:00,9.31,0.001092283
9/18/2022 6:15,9.305,0.001091696
9/18/2022 6:30,9.385,0.001101082
9/18/2022 6:45,9.105,0.001068231
9/18/2022 7:00,9.435,0.001106948
9/18/2022 7:15,9.635,0.001130413
9/18/2022 7:30,9.71,0.001139212
9/18/2022 7:45,9.765,0.001145665
9/18/2022 8:00,9.875,0.00115857
9/18/2022 8:15,9.855,0.001156224
9/18/2022 8:30,10.23,0.00120022
9/18/2022 8:45,10.4,0.001220165
9/18/2022 9:00,9.73,0.001141559
9/18/2022 9:15,9.61,0.00112748
9/18/2022 9:30,9.51,0.001115747
9/18/2022 9:45,9.58,0.00112396
9/18/2022 10:00,9.4,0.001102842
9/18/2022 10:15,9.03,0.001059432
9/18/2022 10:30,8.915,0.00104594
9/18/2022 10:45,8.57,0.001005463
9/18/2022 11:00,8.34,0.000978479
9/18/2022 11:15,8.145,0.000955601
9/18/2022 11:30,8.09,0.000949148
9/18/2022 11:45,7.91,0.00092803
9/18/2022 12:00,8.27,0.000970266
9/18/2022 12:15,8.475,0.000994317
9/18/2022 12:30,8.13,0.000953841
9/18/2022 12:45,7.91,0.00092803
9/18/2022 13:00,7.345,0.000861742
9/18/2022 13:15,7.37,0.000864675
9/18/2022 13:30,6.94,0.000814226
9/18/2022 13:45,7.085,0.000831238
9/18/2022 14:00,6.755,0.000792521
9/18/2022 14:15,6.845,0.00080308
9/18/2022 14:30,6.895,0.000808946
9/18/2022 14:45,6.81,0.000798974
9/18/2022 15:00,6.99,0.000820092
9/18/2022 15:15,6.865,0.000805426
9/18/2022 15:30,6.425,0.000753804
9/18/2022 15:45,6.395,0.000750284
9/18/2022 16:00,6.13,0.000719194
9/18/2022 16:15,6.245,0.000732686
9/18/2022 16:30,6.035,0.000708048
9/18/2022 16:45,5.885,0.000690449
9/18/2022 17:00,5.94,0.000696902
9/18/2022 17:15,5.875,0.000689276
9/18/2022 17:30,5.66,0.000664052
9/18/2022 17:45,5.825,0.00068341
9/18/2022 18:00,5.825,0.00068341
9/18/2022 18:15,5.705,0.000669331
9/18/2022 18:30,5.86,0.000687516
9/18/2022 18:45,5.93,0.000695729
9/18/2022 19:00,6,0.000703942
9/18/2022 19:15,6.035,0.000708048
9/18/2022 19:30,6.145,0.000720953
9/18/2022 19:45,6.03,0.000707461
9/18/2022 20:00,5.97,0.000700422
9/18/2022 20:15,6.2,0.000727406
9/18/2022 20:30,6.175,0.000724473
9/18/2022 20:45,6.24,0.000732099
9/18/2022 21:00,6.13,0.000719194
9/18/2022 21:15,6.07,0.000712154
9/18/2022 21:30,6.28,0.000736792
9/18/2022 21:45,6.44,0.000755564
9/18/2022 22:00,6.385,0.000749111
9/18/2022 22:15,6.37,0.000747351
9/18/2022 22:30,6.615,0.000776096
9/18/2022 22:45,7.015,0.000823025
9/18/2022 23:00,7.235,0.000848836
9/18/2022 23:15,7.47,0.000876407
9/18/2022 23:30,7.6,0.000891659
9/18/2022 23:45,7.455,0.000874647
9/19/2022 0:00,7.475,0.000876994
9/19/2022 0:15,7.36,0.000863502
9/19/2022 0:30,7.26,0.000851769
9/19/2022 0:45,6.975,0.000818332
9/19/2022 1:00,7.025,0.000824198
9/19/2022 1:15,6.95,0.000815399
9/19/2022 1:30,6.97,0.000817745
9/19/2022 1:45,7.215,0.00084649
9/19/2022 2:00,7.05,0.000827131
9/19/2022 2:15,7.065,0.000828891
9/19/2022 2:30,6.99,0.000820092
9/19/2022 2:45,7.095,0.000832411
9/19/2022 3:00,6.895,0.000808946
9/19/2022 3:15,6.9,0.000809533
9/19/2022 3:30,6.905,0.000810119
9/19/2022 3:45,6.855,0.000804253
9/19/2022 4:00,6.925,0.000812466
9/19/2022 4:15,6.91,0.000810706
9/19/2022 4:30,6.93,0.000813052
9/19/2022 4:45,6.995,0.000820679
9/19/2022 5:00,7.135,0.000837104
9/19/2022 5:15,7.1,0.000832997
9/19/2022 5:30,6.94,0.000814226
9/19/2022 5:45,7.17,0.00084121
9/19/2022 6:00,6.95,0.000815399
9/19/2022 6:15,7,0.000821265
9/19/2022 6:30,7.28,0.000854116
9/19/2022 6:45,7.275,0.000853529
9/19/2022 7:00,7.605,0.000892246
9/19/2022 7:15,8.045,0.000943868
9/19/2022 7:30,8.235,0.00096616
9/19/2022 7:45,8.265,0.000969679
9/19/2022 8:00,8.435,0.000989624
9/19/2022 8:15,8.315,0.000975546
9/19/2022 8:30,7.88,0.00092451
9/19/2022 8:45,7.535,0.000884033
9/19/2022 9:00,7.38,0.000865848
9/19/2022 9:15,7.455,0.000874647
9/19/2022 9:30,7.285,0.000854702
9/19/2022 9:45,7.905,0.000927443
9/19/2022 10:00,8.86,0.001039487
9/19/2022 10:15,9.06,0.001062952
9/19/2022 10:30,8.62,0.001011329
9/19/2022 10:45,8.295,0.000973199
9/19/2022 11:00,7.945,0.000932136
9/19/2022 11:15,9.425,0.001105775
9/19/2022 11:30,10.115,0.001186728
9/19/2022 11:45,22.235,0.00260869
9/19/2022 12:00,11.945,0.00140143
9/19/2022 12:15,8.89,0.001043007
9/19/2022 12:30,8.625,0.001011916
9/19/2022 12:45,9.1,0.001067645
9/19/2022 13:00,10.145,0.001190248
9/19/2022 13:15,11.905,0.001396737
9/19/2022 13:30,10.11,0.001186142
9/19/2022 13:45,9.035,0.001060019
9/19/2022 14:00,9.625,0.00112924
9/19/2022 14:15,12.1,0.001419615
9/19/2022 14:30,11.3,0.001325757
9/19/2022 14:45,9.665,0.001133933
9/19/2022 15:00,8.39,0.000984345
9/19/2022 15:15,7.58,0.000889313
9/19/2022 15:30,7.09,0.000831824
9/19/2022 15:45,6.61,0.000775509
9/19/2022 16:00,6.54,0.000767296
9/19/2022 16:15,6.03,0.000707461
9/19/2022 16:30,5.87,0.000688689
9/19/2022 16:45,5.62,0.000659359
9/19/2022 17:00,5.58,0.000654666
9/19/2022 17:15,5.765,0.000676371
9/19/2022 17:30,5.525,0.000648213
9/19/2022 17:45,5.555,0.000651733
9/19/2022 18:00,5.745,0.000674024
9/19/2022 18:15,5.6,0.000657012
9/19/2022 18:30,5.4,0.000633547
9/19/2022 18:45,5.41,0.000634721
9/19/2022 19:00,5.39,0.000632374
9/19/2022 19:15,5.57,0.000653492
9/19/2022 19:30,5.535,0.000649386
9/19/2022 19:45,5.66,0.000664052
9/19/2022 20:00,5.71,0.000669918
9/19/2022 20:15,5.59,0.000655839
9/19/2022 20:30,5.53,0.000648799
9/19/2022 20:45,5.62,0.000659359
9/19/2022 21:00,5.78,0.00067813
9/19/2022 21:15,6.04,0.000708634
9/22/2022 19:15,3.515,0.000412392
9/22/2022 19:30,3.54,0.000415326
9/22/2022 19:45,3.65,0.000428231
9/22/2022 20:00,3.575,0.000419432
9/22/2022 20:15,3.64,0.000427058
9/22/2022 20:30,3.735,0.000438204
9/22/2022 20:45,3.71,0.000435271
9/22/2022 21:00,3.81,0.000447003
9/22/2022 21:15,3.725,0.00043703
9/22/2022 21:30,3.69,0.000432924
9/22/2022 21:45,3.75,0.000439963
9/22/2022 22:00,3.76,0.000441137
9/22/2022 22:15,3.82,0.000448176
9/22/2022 22:30,3.945,0.000462842
9/22/2022 22:45,4.25,0.000498625
9/22/2022 23:00,4.205,0.000493346
9/22/2022 23:15,4.32,0.000506838
9/22/2022 23:30,4.27,0.000500972
9/22/2022 23:45,4.18,0.000490413
9/23/2022 0:00,4.19,0.000491586
9/23/2022 0:15,4.205,0.000493346
9/23/2022 0:30,4.135,0.000485133
9/23/2022 0:45,4.07,0.000477507
9/23/2022 1:00,4.2,0.000492759
9/23/2022 1:15,4.46,0.000523263
9/23/2022 1:30,4.345,0.000509771
9/23/2022 1:45,4.3,0.000504491
9/23/2022 2:00,4.245,0.000498039
9/23/2022 2:15,4.205,0.000493346
9/23/2022 2:30,4.26,0.000499798
9/23/2022 2:45,4.365,0.000512117
9/23/2022 3:00,4.32,0.000506838
9/23/2022 3:15,4.32,0.000506838
9/23/2022 3:30,4.28,0.000502145
9/23/2022 3:45,4.26,0.000499798
9/23/2022 4:00,4.305,0.000505078
9/23/2022 4:15,4.35,0.000510358
9/23/2022 4:30,4.62,0.000542035
9/23/2022 4:45,4.875,0.000571953
9/23/2022 5:00,4.94,0.000579579
9/23/2022 5:15,5.02,0.000588964
9/23/2022 5:30,4.885,0.000573126
9/23/2022 5:45,4.795,0.000562567
9/23/2022 6:00,4.7,0.000551421
9/23/2022 6:15,4.6,0.000539689
9/23/2022 6:30,4.6,0.000539689
9/23/2022 6:45,4.685,0.000549661
9/23/2022 7:00,4.64,0.000544381
9/23/2022 7:15,4.55,0.000533822
9/23/2022 7:30,4.5,0.000527956
9/23/2022 7:45,4.49,0.000526783
9/23/2022 8:00,4.355,0.000510944
9/23/2022 8:15,4.35,0.000510358
9/23/2022 8:30,4.425,0.000519157
9/23/2022 8:45,4.635,0.000543795
9/23/2022 9:00,4.85,0.000569019
9/23/2022 9:15,5.035,0.000590724
9/23/2022 9:30,5.215,0.000611843
9/23/2022 9:45,5.395,0.000632961
9/23/2022 10:00,5.37,0.000630028
9/23/2022 10:15,5.385,0.000631788
9/23/2022 10:30,5.435,0.000637654
9/23/2022 10:45,5.175,0.00060715
9/23/2022 11:00,4.73,0.000554941
9/23/2022 11:15,4.56,0.000534996
9/23/2022 11:30,4.505,0.000528543
9/23/2022 11:45,4.595,0.000539102
9/23/2022 12:00,4.69,0.000550248
9/23/2022 12:15,4.665,0.000547315
9/23/2022 12:30,4.72,0.000553767
9/23/2022 12:45,4.845,0.000568433
9/23/2022 13:00,4.775,0.00056022
9/23/2022 13:15,4.69,0.000550248
9/23/2022 13:30,4.47,0.000524436
9/23/2022 13:45,4.32,0.000506838
9/23/2022 14:00,4.275,0.000501558
9/23/2022 14:15,4.135,0.000485133
9/23/2022 14:30,4.015,0.000471054
9/23/2022 14:45,3.95,0.000463428
9/23/2022 15:00,3.84,0.000450523
9/23/2022 15:15,3.645,0.000427644
9/23/2022 15:30,3.455,0.000405353
9/23/2022 15:45,3.235,0.000379542
9/23/2022 16:00,3.185,0.000373676
9/23/2022 16:15,3.095,0.000363117
9/23/2022 16:30,2.985,0.000350211
9/23/2022 16:45,3.105,0.00036429
9/23/2022 17:00,2.975,0.000349038
9/23/2022 17:15,2.94,0.000344931
9/23/2022 17:30,2.935,0.000344345
9/23/2022 17:45,3.03,0.00035549
9/23/2022 18:00,2.91,0.000341412
9/23/2022 18:15,2.91,0.000341412
9/23/2022 18:30,2.92,0.000342585
9/23/2022 18:45,2.95,0.000346105
9/23/2022 19:00,2.92,0.000342585
9/23/2022 19:15,2.925,0.000343172
9/23/2022 19:30,3.16,0.000370743
9/23/2022 19:45,3.09,0.00036253
9/23/2022 20:00,3.065,0.000359597
9/23/2022 20:15,3.1,0.000363703
9/23/2022 20:30,3.16,0.000370743
9/23/2022 20:45,3.22,0.000377782
9/23/2022 21:00,3.26,0.000382475
9/23/2022 21:15,3.065,0.000359597
9/23/2022 21:30,3.14,0.000368396
9/23/2022 21:45,3.22,0.000377782
9/23/2022 22:00,3.18,0.000373089
9/23/2022 22:15,3.365,0.000394794
9/23/2022 22:30,3.215,0.000377195
9/23/2022 22:45,3.66,0.000429404
9/23/2022 23:00,3.53,0.000414152
9/23/2022 23:15,3.595,0.000421778
9/23/2022 23:30,3.605,0.000422952
9/23/2022 23:45,3.69,0.000432924
9/24/2022 0:00,3.72,0.000436444
9/24/2022 0:15,3.685,0.000432337
9/24/2022 0:30,3.755,0.00044055
9/24/2022 0:45,3.735,0.000438204
9/24/2022 1:00,3.56,0.000417672
9/24/2022 1:15,3.5,0.000410633
9/24/2022 1:30,3.365,0.000394794
9/24/2022 1:45,3.39,0.000397727
9/24/2022 2:00,3.335,0.000391274
9/24/2022 2:15,3.33,0.000390688
9/24/2022 2:30,3.445,0.00040418
9/24/2022 2:45,3.54,0.000415326
9/24/2022 3:00,3.565,0.000418259
9/24/2022 3:15,3.565,0.000418259
9/24/2022 3:30,3.64,0.000427058
9/24/2022 3:45,3.625,0.000425298
9/24/2022 4:00,3.615,0.000424125
9/24/2022 4:15,3.62,0.000424711
9/24/2022 4:30,3.615,0.000424125
9/24/2022 4:45,3.59,0.000421192
9/24/2022 5:00,3.58,0.000420018
9/24/2022 5:15,3.565,0.000418259
9/24/2022 5:30,3.605,0.000422952
9/24/2022 5:45,3.64,0.000427058
9/24/2022 6:00,3.655,0.000428818
9/24/2022 6:15,3.59,0.000421192
9/24/2022 6:30,3.65,0.000428231
9/24/2022 6:45,3.75,0.000439963
9/24/2022 7:00,3.74,0.00043879
9/24/2022 7:15,3.775,0.000442897
9/24/2022 7:30,3.77,0.00044231
9/24/2022 7:45,3.705,0.000434684
9/24/2022 8:00,3.59,0.000421192
9/24/2022 8:15,3.59,0.000421192
9/24/2022 8:30,3.64,0.000427058
9/24/2022 8:45,3.735,0.000438204
9/24/2022 9:00,3.77,0.00044231
9/24/2022 9:15,3.835,0.000449936
9/24/2022 9:30,3.755,0.00044055
9/24/2022 9:45,3.7,0.000434097
9/24/2022 10:00,3.74,0.00043879
9/24/2022 10:15,3.865,0.000453456
9/24/2022 10:30,4.015,0.000471054
9/24/2022 10:45,3.94,0.000462255
9/24/2022 11:00,3.805,0.000446416
9/24/2022 11:15,3.66,0.000429404
9/24/2022 11:30,3.375,0.000395967
9/24/2022 11:45,3.14,0.000368396
9/24/2022 12:00,3.05,0.000357837
9/24/2022 12:15,2.95,0.000346105
9/24/2022 12:30,2.89,0.000339065
9/24/2022 12:45,2.84,0.000333199
9/24/2022 13:00,2.82,0.000330853
9/24/2022 13:15,2.85,0.000334372
9/24/2022 13:30,2.99,0.000350798
9/24/2022 13:45,3.19,0.000374262
9/24/2022 14:00,3.235,0.000379542
9/24/2022 14:15,3.46,0.00040594
9/24/2022 14:30,3.53,0.000414152
9/24/2022 14:45,3.57,0.000418845
9/26/2022 14:45,1.56,0.000183025
9/26/2022 15:00,1.45,0.000170119
9/26/2022 15:15,1.49,0.000174812
9/26/2022 15:30,1.425,0.000167186
9/26/2022 15:45,1.48,0.000173639
9/26/2022 16:00,1.375,0.00016132
9/26/2022 16:15,1.34,0.000157214
9/26/2022 16:30,2.61,0.000306215
9/26/2022 16:45,1.205,0.000141375
9/26/2022 17:00,1.195,0.000140202
9/26/2022 17:15,1.15,0.000134922
9/26/2022 17:30,1.46,0.000171292
9/26/2022 17:45,1.125,0.000131989
9/26/2022 18:00,1.125,0.000131989
9/26/2022 18:15,1.87,0.000219395
9/26/2022 18:30,1.26,0.000147828
9/26/2022 18:45,1.125,0.000131989
9/26/2022 19:00,1.115,0.000130816
9/26/2022 19:15,1.125,0.000131989
9/26/2022 19:30,1.2,0.000140788
9/26/2022 19:45,1.14,0.000133749
9/26/2022 20:00,1.195,0.000140202
9/26/2022 20:15,1.17,0.000137269
9/26/2022 20:30,1.145,0.000134336
9/26/2022 20:45,1.135,0.000133162
9/26/2022 21:00,1.175,0.000137855
9/26/2022 21:15,1.19,0.000139615
9/26/2022 21:30,1.19,0.000139615
9/26/2022 21:45,1.2,0.000140788
9/26/2022 22:00,1.225,0.000143721
9/26/2022 22:15,1.205,0.000141375
9/26/2022 22:30,1.255,0.000147241
9/26/2022 22:45,1.22,0.000143135
9/26/2022 23:00,1.205,0.000141375
9/26/2022 23:15,1.24,0.000145481
9/26/2022 23:30,1.26,0.000147828
9/26/2022 23:45,1.32,0.000154867
9/27/2022 0:00,1.345,0.0001578
9/27/2022 0:15,1.37,0.000160733
9/27/2022 0:30,1.44,0.000168946
9/27/2022 0:45,1.38,0.000161907
9/27/2022 1:00,1.39,0.00016308
9/27/2022 1:15,1.36,0.00015956
9/27/2022 1:30,1.34,0.000157214
9/27/2022 1:45,1.4,0.000164253
9/27/2022 2:00,1.36,0.00015956
9/27/2022 2:15,1.37,0.000160733
9/27/2022 2:30,1.38,0.000161907
9/27/2022 2:45,1.34,0.000157214
9/27/2022 3:00,1.345,0.0001578
9/27/2022 3:15,1.35,0.000158387
9/27/2022 3:30,1.49,0.000174812
9/27/2022 3:45,1.49,0.000174812
9/27/2022 4:00,1.485,0.000174226
9/27/2022 4:15,1.38,0.000161907
9/27/2022 4:30,1.38,0.000161907
9/27/2022 4:45,1.5,0.000175985
9/27/2022 5:00,1.5,0.000175985
9/27/2022 5:15,1.485,0.000174226
9/27/2022 5:30,1.455,0.000170706
9/27/2022 5:45,1.435,0.000168359
9/27/2022 6:00,1.385,0.000162493
9/27/2022 6:15,1.395,0.000163666
9/27/2022 6:30,1.43,0.000167773
9/27/2022 6:45,1.365,0.000160147
9/27/2022 7:00,1.4,0.000164253
9/27/2022 7:15,1.42,0.000166599
9/27/2022 7:30,1.475,0.000173052
9/27/2022 7:45,1.375,0.00016132
9/27/2022 8:00,1.385,0.000162493
9/27/2022 8:15,1.39,0.00016308
9/27/2022 8:30,1.365,0.000160147
9/27/2022 8:45,1.33,0.00015604
9/27/2022 9:00,1.32,0.000154867
9/27/2022 9:15,1.44,0.000168946
9/27/2022 9:30,1.42,0.000166599
9/27/2022 9:45,1.505,0.000176572
9/27/2022 10:00,1.51,0.000177159
9/27/2022 10:15,1.525,0.000178918
9/27/2022 10:30,1.5,0.000175985
9/27/2022 10:45,1.51,0.000177159
9/27/2022 11:00,1.63,0.000191237
9/27/2022 11:15,1.77,0.000207663
9/27/2022 11:30,1.765,0.000207076
9/27/2022 11:45,1.675,0.000196517
9/27/2022 12:00,1.56,0.000183025
9/27/2022 12:15,1.47,0.000172466
9/27/2022 12:30,1.4,0.000164253
9/27/2022 12:45,1.37,0.000160733
9/27/2022 13:00,1.36,0.00015956
9/27/2022 13:15,1.43,0.000167773
9/27/2022 13:30,1.465,0.000171879
9/27/2022 13:45,1.54,0.000180678
9/27/2022 14:00,1.64,0.000192411
9/27/2022 14:15,1.625,0.000190651
9/27/2022 14:30,1.63,0.000191237
9/27/2022 14:45,1.58,0.000185371
9/27/2022 15:00,1.46,0.000171292
9/27/2022 15:15,1.39,0.00016308
9/27/2022 15:30,1.58,0.000185371
9/27/2022 15:45,1.41,0.000165426
9/27/2022 16:00,1.29,0.000151347
9/27/2022 16:15,1.16,0.000136095
9/27/2022 16:30,1.19,0.000139615
9/27/2022 16:45,1.145,0.000134336
9/27/2022 17:00,1.115,0.000130816
9/27/2022 17:15,1.065,0.00012495
9/27/2022 17:30,1.07,0.000125536
9/27/2022 17:45,1.085,0.000127296
9/27/2022 18:00,1.03,0.000120843
9/27/2022 18:15,1.005,0.00011791
9/27/2022 18:30,1.05,0.00012319
9/27/2022 18:45,1.025,0.000120257
9/27/2022 19:00,1.03,0.000120843
9/27/2022 19:15,1.105,0.000129643
9/27/2022 19:30,1.05,0.00012319
9/27/2022 19:45,1.035,0.00012143
9/27/2022 20:00,1.055,0.000123776
9/27/2022 20:15,1.09,0.000127883
9/27/2022 20:30,1.085,0.000127296
9/27/2022 20:45,1.03,0.000120843
9/27/2022 21:00,1.05,0.00012319
9/27/2022 21:15,1.055,0.000123776
9/27/2022 21:30,1.065,0.00012495
9/27/2022 21:45,1.12,0.000131402
9/27/2022 22:00,1.16,0.000136095
9/27/2022 22:15,1.11,0.000130229
9/27/2022 22:30,1.085,0.000127296
9/27/2022 22:45,1.085,0.000127296
9/27/2022 23:00,1.11,0.000130229
9/27/2022 23:15,1.1,0.000129056
9/27/2022 23:30,1.08,0.000126709
9/27/2022 23:45,1.145,0.000134336
9/28/2022 0:00,1.21,0.000141962
9/28/2022 0:15,1.24,0.000145481
9/28/2022 0:30,1.31,0.000153694
9/28/2022 0:45,1.21,0.000141962
9/28/2022 1:00,1.2,0.000140788
9/28/2022 1:15,1.16,0.000136095
9/28/2022 1:30,1.16,0.000136095
9/28/2022 1:45,1.12,0.000131402
9/28/2022 2:00,1.15,0.000134922
9/28/2022 2:15,1.16,0.000136095
9/28/2022 2:30,1.18,0.000138442
9/28/2022 2:45,1.2,0.000140788
9/28/2022 3:00,1.24,0.000145481
9/28/2022 3:15,1.25,0.000146654
9/28/2022 3:30,1.29,0.000151347
9/28/2022 3:45,1.38,0.000161907
9/28/2022 4:00,1.335,0.000156627
9/28/2022 4:15,1.3,0.000152521
9/28/2022 4:30,1.245,0.000146068
9/28/2022 4:45,1.27,0.000149001
9/28/2022 5:00,1.23,0.000144308
9/28/2022 5:15,1.24,0.000145481
9/28/2022 5:30,1.18,0.000138442
9/28/2022 5:45,1.185,0.000139028
9/28/2022 6:00,1.18,0.000138442
9/28/2022 6:15,1.225,0.000143721
9/28/2022 6:30,1.17,0.000137269
9/28/2022 6:45,1.225,0.000143721
9/28/2022 7:00,1.24,0.000145481
9/28/2022 7:15,1.305,0.000153107
9/28/2022 7:30,1.18,0.000138442
9/28/2022 7:45,1.89,0.000221742
9/28/2022 8:00,1.25,0.000146654
9/28/2022 8:15,1.23,0.000144308
9/28/2022 8:30,1.225,0.000143721
9/28/2022 8:45,1.305,0.000153107
9/28/2022 9:00,1.26,0.000147828
9/28/2022 9:15,1.375,0.00016132
9/28/2022 9:30,1.3,0.000152521
9/28/2022 9:45,1.335,0.000156627
9/28/2022 10:00,1.37,0.000160733
9/28/2022 10:15,1.42,0.000166599
9/28/2022 10:30,1.41,0.000165426
9/28/2022 10:45,1.345,0.0001578
9/28/2022 11:00,1.34,0.000157214
9/28/2022 11:15,1.31,0.000153694
9/28/2022 11:30,1.28,0.000150174
9/28/2022 11:45,1.225,0.000143721
9/28/2022 12:00,1.18,0.000138442
9/28/2022 12:15,1.17,0.000137269
9/28/2022 12:30,1.15,0.000134922
9/28/2022 12:45,1.18,0.000138442
9/28/2022 13:00,1.13,0.000132576
9/28/2022 13:15,1.11,0.000130229
9/28/2022 13:30,1.18,0.000138442
9/28/2022 13:45,1.155,0.000135509
9/28/2022 14:00,1.195,0.000140202
9/28/2022 14:15,4.665,0.000547315
9/28/2022 14:30,2.995,0.000351384
9/28/2022 14:45,7.01,0.000822438
9/28/2022 15:00,3.525,0.000413566
9/28/2022 15:15,1.885,0.000221155
9/28/2022 15:30,1.73,0.00020297
9/28/2022 15:45,1.18,0.000138442
9/28/2022 16:00,1.08,0.000126709
9/28/2022 16:15,1.175,0.000137855
9/28/2022 16:30,1.01,0.000118497
9/28/2022 16:45,0.96,0.000112631
9/28/2022 17:00,0.98,0.000114977
9/28/2022 17:15,0.95,0.000111457
9/28/2022 17:30,1.02,0.00011967
9/28/2022 17:45,1.055,0.000123776
9/28/2022 18:00,1.02,0.00011967
9/28/2022 18:15,1.01,0.000118497
9/28/2022 18:30,0.94,0.000110284
9/28/2022 18:45,0.93,0.000109111
9/28/2022 19:00,0.95,0.000111457
9/28/2022 19:15,0.92,0.000107938
9/28/2022 19:30,0.98,0.000114977
9/28/2022 19:45,0.975,0.000114391
9/28/2022 20:00,0.97,0.000113804
9/28/2022 20:15,1.005,0.00011791
9/28/2022 20:30,0.995,0.000116737
9/28/2022 20:45,0.915,0.000107351
9/28/2022 21:00,0.92,0.000107938
9/28/2022 21:15,0.96,0.000112631
9/28/2022 21:30,1.02,0.00011967
9/28/2022 21:45,0.93,0.000109111
9/28/2022 22:00,0.905,0.000106178
9/28/2022 22:15,0.94,0.000110284
9/28/2022 22:30,0.94,0.000110284
9/28/2022 22:45,0.96,0.000112631
9/28/2022 23:00,0.96,0.000112631
9/28/2022 23:15,0.915,0.000107351
9/28/2022 23:30,0.95,0.000111457
9/28/2022 23:45,0.96,0.000112631
9/29/2022 0:00,1.025,0.000120257
9/29/2022 0:15,1.03,0.000120843
9/29/2022 0:30,1.08,0.000126709
9/29/2022 0:45,1.06,0.000124363
9/29/2022 1:00,1.045,0.000122603
9/29/2022 1:15,1.01,0.000118497
9/29/2022 1:30,1.05,0.00012319
9/29/2022 1:45,0.985,0.000115564
9/29/2022 2:00,0.97,0.000113804
9/29/2022 2:15,1.035,0.00012143
9/29/2022 2:30,1.055,0.000123776
9/29/2022 2:45,1.06,0.000124363
9/29/2022 3:00,1.045,0.000122603
9/29/2022 3:15,1.075,0.000126123
9/29/2022 3:30,1.01,0.000118497
9/29/2022 3:45,1.03,0.000120843
9/29/2022 4:00,1.075,0.000126123
9/29/2022 4:15,1.15,0.000134922
9/29/2022 4:30,1.065,0.00012495
9/29/2022 4:45,1.1,0.000129056
9/29/2022 5:00,1.08,0.000126709
9/29/2022 5:15,1.08,0.000126709
9/29/2022 5:30,1.115,0.000130816
9/29/2022 5:45,1.08,0.000126709
9/29/2022 6:00,1.05,0.00012319
9/29/2022 6:15,1.105,0.000129643
9/29/2022 6:30,1.13,0.000132576
9/29/2022 6:45,1.11,0.000130229
9/29/2022 7:00,1.16,0.000136095
9/29/2022 7:15,1.1,0.000129056
9/29/2022 7:30,1.075,0.000126123
9/29/2022 7:45,1.1,0.000129056
9/29/2022 8:00,1.12,0.000131402
9/29/2022 8:15,1.085,0.000127296
9/29/2022 8:30,1.115,0.000130816
9/29/2022 8:45,1.1,0.000129056
9/29/2022 9:00,1.1,0.000129056
9/29/2022 9:15,6.695,0.000785481
9/29/2022 9:30,1.5,0.000175985
9/29/2022 9:45,1.745,0.00020473
9/29/2022 10:00,1.55,0.000181852
9/29/2022 10:15,1.565,0.000183611
9/29/2022 10:30,3.355,0.000393621
9/29/2022 10:45,1.525,0.000178918
9/29/2022 11:00,3.74,0.00043879
9/29/2022 11:15,1.865,0.000218808
9/29/2022 11:30,2,0.000234647
9/29/2022 11:45,1.44,0.000168946
9/29/2022 12:00,2.41,0.00028275
9/29/2022 12:15,1.245,0.000146068
9/29/2022 12:30,4.815,0.000564913
9/29/2022 12:45,2.555,0.000299762
9/29/2022 13:00,1.355,0.000158973
9/29/2022 13:15,1.06,0.000124363
9/29/2022 13:30,1.055,0.000123776
9/29/2022 13:45,1.225,0.000143721
9/29/2022 14:00,1.03,0.000120843
9/29/2022 14:15,1.21,0.000141962
9/29/2022 14:30,6.18,0.00072506
9/29/2022 14:45,1.24,0.000145481
9/29/2022 15:00,1.07,0.000125536
9/29/2022 15:15,1.16,0.000136095
9/29/2022 15:30,1.08,0.000126709
9/29/2022 15:45,1.12,0.000131402
9/29/2022 16:00,1,0.000117324
9/29/2022 16:15,1.135,0.000133162
9/29/2022 16:30,1.02,0.00011967
9/29/2022 16:45,0.995,0.000116737
9/29/2022 17:00,0.92,0.000107938
9/29/2022 17:15,0.915,0.000107351
9/29/2022 17:30,0.835,9.79652E-05
9/29/2022 17:45,0.9,0.000105591
9/29/2022 18:00,0.94,0.000110284
9/29/2022 18:15,0.805,9.44455E-05
9/29/2022 18:30,0.795,9.32723E-05
9/29/2022 18:45,0.845,9.91384E-05
9/29/2022 19:00,0.8,9.38589E-05
9/29/2022 19:15,0.815,9.56187E-05
9/29/2022 19:30,0.825,9.6792E-05
9/29/2022 19:45,1.11,0.000130229
9/29/2022 20:00,0.795,9.32723E-05
9/29/2022 20:15,0.825,9.6792E-05
9/29/2022 20:30,0.865,0.000101485
9/29/2022 20:45,0.835,9.79652E-05
9/29/2022 21:00,0.86,0.000100898
9/29/2022 21:15,0.85,9.97251E-05
9/29/2022 21:30,0.84,9.85518E-05
9/29/2022 21:45,0.885,0.000103831
9/29/2022 22:00,1.005,0.00011791
9/29/2022 22:15,0.97,0.000113804
9/29/2022 22:30,0.9,0.000105591
9/29/2022 22:45,0.95,0.000111457
9/29/2022 23:00,0.925,0.000108524
9/29/2022 23:15,0.95,0.000111457
9/29/2022 23:30,0.935,0.000109698
9/29/2022 23:45,0.89,0.000104418
9/30/2022 0:00,0.93,0.000109111
9/30/2022 0:15,0.92,0.000107938
9/30/2022 0:30,0.955,0.000112044
9/30/2022 0:45,0.965,0.000113217
9/30/2022 1:00,0.98,0.000114977
9/30/2022 1:15,0.975,0.000114391
9/30/2022 1:30,0.96,0.000112631
9/30/2022 1:45,1.455,0.000170706
9/30/2022 2:00,0.96,0.000112631
9/30/2022 2:15,0.94,0.000110284
9/30/2022 2:30,0.94,0.000110284
9/30/2022 2:45,0.975,0.000114391
9/30/2022 3:00,0.965,0.000113217
9/30/2022 3:15,0.945,0.000110871
9/30/2022 3:30,1.01,0.000118497
9/30/2022 3:45,1.07,0.000125536
9/30/2022 4:00,1.12,0.000131402
9/30/2022 4:15,1.145,0.000134336
9/30/2022 4:30,1.23,0.000144308
9/30/2022 4:45,1.345,0.0001578
9/30/2022 5:00,1.21,0.000141962
9/30/2022 5:15,1.5,0.000175985
9/30/2022 5:30,1.22,0.000143135
9/30/2022 5:45,1.17,0.000137269
9/30/2022 6:00,1.33,0.00015604
9/30/2022 6:15,1.5,0.000175985
9/30/2022 6:30,1.93,0.000226435
9/30/2022 6:45,2.625,0.000307974
9/30/2022 7:00,3.49,0.000409459
9/30/2022 7:15,4.195,0.000492172
9/30/2022 7:30,4.43,0.000519744
9/30/2022 7:45,4.31,0.000505665
9/30/2022 8:00,3.97,0.000465775
9/30/2022 8:15,3.485,0.000408873
9/30/2022 8:30,2.915,0.000341998
9/30/2022 8:45,2.45,0.000287443
9/30/2022 9:00,2.18,0.000255765
9/30/2022 9:15,1.88,0.000220568
9/30/2022 9:30,1.785,0.000209423
9/30/2022 9:45,1.59,0.000186545
9/30/2022 10:00,1.455,0.000170706
9/30/2022 10:15,1.43,0.000167773
9/30/2022 10:30,1.46,0.000171292
9/30/2022 10:45,1.245,0.000146068
9/30/2022 11:00,1.19,0.000139615
9/30/2022 11:15,1.24,0.000145481
9/30/2022 11:30,1.24,0.000145481
9/30/2022 11:45,1.28,0.000150174
9/30/2022 12:00,1.225,0.000143721
9/30/2022 12:15,1.195,0.000140202
9/30/2022 12:30,1.18,0.000138442
9/30/2022 12:45,1.09,0.000127883
9/30/2022 13:00,1.06,0.000124363
9/30/2022 13:15,1.025,0.000120257
9/30/2022 13:30,1.01,0.000118497
9/30/2022 13:45,0.975,0.000114391
9/30/2022 14:00,0.97,0.000113804
9/30/2022 14:15,0.965,0.000113217
9/30/2022 14:30,0.94,0.000110284
9/30/2022 14:45,0.975,0.000114391
9/30/2022 15:00,0.935,0.000109698
9/30/2022 15:15,0.94,0.000110284
9/30/2022 15:30,0.91,0.000106764
9/30/2022 15:45,0.91,0.000106764
9/30/2022 16:00,0.945,0.000110871
9/30/2022 16:15,0.93,0.000109111
9/30/2022 16:30,0.9,0.000105591
9/30/2022 16:45,0.95,0.000111457
9/30/2022 17:00,0.925,0.000108524
9/30/2022 17:15,0.93,0.000109111
9/30/2022 17:30,0.885,0.000103831
9/30/2022 17:45,0.875,0.000102658
9/30/2022 18:00,0.91,0.000106764
9/30/2022 18:15,0.87,0.000102072
9/30/2022 18:30,0.83,9.73786E-05
9/30/2022 18:45,0.855,0.000100312
9/30/2022 19:00,0.82,9.62053E-05
9/30/2022 19:15,0.795,9.32723E-05
9/30/2022 19:30,0.795,9.32723E-05
9/30/2022 19:45,0.865,0.000101485
9/30/2022 20:00,0.85,9.97251E-05
9/30/2022 20:15,0.885,0.000103831
9/30/2022 20:30,1.01,0.000118497
9/30/2022 20:45,1.005,0.00011791
9/30/2022 21:00,0.88,0.000103245
9/30/2022 21:15,0.85,9.97251E-05
9/30/2022 21:30,0.84,9.85518E-05
9/30/2022 21:45,0.9,0.000105591
9/30/2022 22:00,0.9,0.000105591
9/30/2022 22:15,0.895,0.000105005
9/30/2022 22:30,0.84,9.85518E-05
9/30/2022 22:45,0.85,9.97251E-05
9/30/2022 23:00,0.9,0.000105591
9/30/2022 23:15,0.91,0.000106764
9/30/2022 23:30,0.96,0.000112631
9/30/2022 23:45,0.95,0.000111457
10/1/2022 0:00,1.005,0.00011791
10/1/2022 0:15,1.11,0.000130229
10/1/2022 0:30,1.02,0.00011967
10/1/2022 0:45,1.15,0.000134922
10/1/2022 1:00,1.01,0.000118497
10/1/2022 1:15,0.93,0.000109111
10/1/2022 1:30,0.94,0.000110284
10/1/2022 1:45,0.93,0.000109111
10/1/2022 2:00,0.935,0.000109698
10/1/2022 2:15,0.935,0.000109698
10/1/2022 2:30,0.93,0.000109111
10/1/2022 2:45,1.01,0.000118497
10/1/2022 3:00,0.97,0.000113804
10/1/2022 3:15,1.05,0.00012319
10/1/2022 3:30,1.07,0.000125536
10/1/2022 3:45,1.105,0.000129643
10/1/2022 4:00,1.33,0.00015604
10/1/2022 4:15,1.67,0.00019593
10/1/2022 4:30,2.185,0.000256352
10/1/2022 4:45,2.87,0.000336719
10/1/2022 5:00,3.655,0.000428818
10/1/2022 5:15,4.47,0.000524436
10/1/2022 5:30,5.01,0.000587791
10/1/2022 5:45,5.455,0.00064
10/1/2022 6:00,5.485,0.00064352
10/1/2022 6:15,5.11,0.000599524
10/1/2022 6:30,4.595,0.000539102
10/1/2022 6:45,3.915,0.000459322
10/1/2022 7:00,3.24,0.000380128
10/1/2022 7:15,2.66,0.000312081
10/1/2022 7:30,2.315,0.000271604
10/1/2022 7:45,1.935,0.000227021
10/1/2022 8:00,1.81,0.000212356
10/1/2022 8:15,1.68,0.000197104
10/1/2022 8:30,1.62,0.000190064
10/1/2022 8:45,1.655,0.000194171
10/1/2022 9:00,1.66,0.000194757
10/1/2022 9:15,1.66,0.000194757
10/1/2022 9:30,1.72,0.000201797
10/1/2022 9:45,1.6,0.000187718
10/1/2022 10:00,1.555,0.000182438
10/1/2022 10:15,1.44,0.000168946
10/1/2022 10:30,1.435,0.000168359
10/1/2022 10:45,1.35,0.000158387
10/1/2022 11:00,1.375,0.00016132
10/1/2022 11:15,1.355,0.000158973
10/1/2022 11:30,1.325,0.000155454
10/1/2022 11:45,1.235,0.000144895
10/1/2022 12:00,1.205,0.000141375
10/1/2022 12:15,1.155,0.000135509
10/1/2022 12:30,1.085,0.000127296
10/1/2022 12:45,1.15,0.000134922
10/1/2022 13:00,1.075,0.000126123
10/1/2022 13:15,1.05,0.00012319
10/1/2022 13:30,1.03,0.000120843
10/1/2022 13:45,1.07,0.000125536
10/1/2022 14:00,1.075,0.000126123
10/1/2022 14:15,1.05,0.00012319
10/1/2022 14:30,1.03,0.000120843
10/1/2022 14:45,1.03,0.000120843
10/1/2022 15:00,1.02,0.00011967
10/1/2022 15:15,1.06,0.000124363
10/1/2022 15:30,1.01,0.000118497
10/1/2022 15:45,1.06,0.000124363
10/1/2022 16:00,1.025,0.000120257
10/1/2022 16:15,1.05,0.00012319
10/1/2022 16:30,0.98,0.000114977
10/1/2022 16:45,1,0.000117324
10/1/2022 17:00,0.985,0.000115564
10/1/2022 17:15,0.97,0.000113804
10/1/2022 17:30,1.005,0.00011791
10/1/2022 17:45,0.94,0.000110284
10/1/2022 18:00,0.94,0.000110284
10/1/2022 18:15,0.95,0.000111457
10/1/2022 18:30,1.06,0.000124363
10/1/2022 18:45,0.98,0.000114977
10/1/2022 19:00,0.91,0.000106764
10/1/2022 19:15,0.9,0.000105591
10/1/2022 19:30,0.885,0.000103831
10/1/2022 19:45,0.935,0.000109698
10/1/2022 20:00,0.945,0.000110871
10/1/2022 20:15,0.97,0.000113804
10/1/2022 20:30,0.97,0.000113804
10/1/2022 20:45,1.045,0.000122603
10/1/2022 21:00,1.105,0.000129643
10/1/2022 21:15,1.07,0.000125536
10/1/2022 21:30,1.125,0.000131989
10/1/2022 21:45,1.12,0.000131402
10/1/2022 22:00,1.12,0.000131402
10/1/2022 22:15,1.04,0.000122017
10/1/2022 22:30,1.06,0.000124363
10/1/2022 22:45,1.03,0.000120843
10/1/2022 23:00,1.035,0.00012143
10/1/2022 23:15,1.03,0.000120843
10/1/2022 23:30,0.98,0.000114977
10/1/2022 23:45,1,0.000117324
10/2/2022 0:00,1.09,0.000127883
10/2/2022 0:15,1.19,0.000139615
10/2/2022 0:30,1.42,0.000166599
10/2/2022 0:45,1.68,0.000197104
10/2/2022 1:00,2.02,0.000236994
10/2/2022 1:15,2.27,0.000266325
10/2/2022 1:30,2.33,0.000273364
10/2/2022 1:45,2.325,0.000272777
10/2/2022 2:00,2.185,0.000256352
10/2/2022 2:15,1.97,0.000231127
10/2/2022 2:30,1.78,0.000208836
10/2/2022 2:45,1.63,0.000191237
10/2/2022 3:00,1.46,0.000171292
10/2/2022 3:15,1.34,0.000157214
10/2/2022 3:30,1.235,0.000144895
10/2/2022 3:45,1.18,0.000138442
10/2/2022 4:00,1.15,0.000134922
10/2/2022 4:15,1.15,0.000134922
10/2/2022 4:30,1.155,0.000135509
10/2/2022 4:45,1.25,0.000146654
10/2/2022 5:00,1.355,0.000158973
10/2/2022 5:15,1.355,0.000158973
10/2/2022 5:30,1.35,0.000158387
10/2/2022 5:45,1.335,0.000156627
10/2/2022 6:00,1.36,0.00015956
10/2/2022 6:15,1.335,0.000156627
10/2/2022 6:30,1.315,0.000154281
10/2/2022 6:45,1.25,0.000146654
10/2/2022 7:00,1.27,0.000149001
10/2/2022 7:15,1.18,0.000138442
10/2/2022 7:30,1.215,0.000142548
10/2/2022 7:45,1.25,0.000146654
10/2/2022 8:00,1.65,0.000193584
10/2/2022 8:15,1.4,0.000164253
10/2/2022 8:30,1.56,0.000183025
10/2/2022 8:45,1.455,0.000170706
10/2/2022 9:00,2.135,0.000250486
10/2/2022 9:15,1.32,0.000154867
10/2/2022 9:30,1.22,0.000143135
10/2/2022 9:45,1.2,0.000140788
10/2/2022 10:00,1.19,0.000139615
10/2/2022 10:15,1.135,0.000133162
10/2/2022 10:30,5.76,0.000675784
10/2/2022 10:45,1.195,0.000140202
10/2/2022 11:00,1.17,0.000137269
10/2/2022 11:15,1.24,0.000145481
10/2/2022 11:30,1.25,0.000146654
10/2/2022 11:45,1.22,0.000143135
10/2/2022 12:00,1.15,0.000134922
10/2/2022 12:15,1.12,0.000131402
10/2/2022 12:30,1.1,0.000129056
10/2/2022 12:45,1.05,0.00012319
10/2/2022 13:00,1.02,0.00011967
10/2/2022 13:15,1.025,0.000120257
10/2/2022 13:30,1.02,0.00011967
10/2/2022 13:45,1.01,0.000118497
10/2/2022 14:00,1.04,0.000122017
10/2/2022 14:15,1.005,0.00011791
10/2/2022 14:30,1.01,0.000118497
10/2/2022 14:45,1.04,0.000122017
10/2/2022 15:00,1.04,0.000122017
10/2/2022 15:15,1.04,0.000122017
10/2/2022 15:30,1.05,0.00012319
10/2/2022 15:45,1.04,0.000122017
10/2/2022 16:00,1,0.000117324
10/2/2022 16:15,1.04,0.000122017
10/2/2022 16:30,1.035,0.00012143
10/2/2022 16:45,0.995,0.000116737
10/2/2022 17:00,1.04,0.000122017
10/2/2022 17:15,1,0.000117324
10/2/2022 17:30,1,0.000117324
10/2/2022 17:45,0.955,0.000112044
10/2/2022 18:00,0.99,0.00011615
10/2/2022 18:15,0.91,0.000106764
10/2/2022 18:30,0.94,0.000110284
10/2/2022 18:45,0.94,0.000110284
10/2/2022 19:00,0.98,0.000114977
10/2/2022 19:15,1.03,0.000120843
10/2/2022 19:30,1.04,0.000122017
10/2/2022 19:45,0.99,0.00011615
10/2/2022 20:00,1.025,0.000120257
10/2/2022 20:15,1.25,0.000146654
10/2/2022 20:30,1.695,0.000198863
10/2/2022 20:45,1.89,0.000221742
10/2/2022 21:00,1.8,0.000211182
10/2/2022 21:15,1.535,0.000180092
10/2/2022 21:30,1.4,0.000164253
10/2/2022 21:45,1.315,0.000154281
10/2/2022 22:00,1.31,0.000153694
10/2/2022 22:15,1.38,0.000161907
10/2/2022 22:30,1.41,0.000165426
10/2/2022 22:45,1.55,0.000181852
10/2/2022 23:00,1.735,0.000203556
10/2/2022 23:15,1.905,0.000223501
10/2/2022 23:30,2.08,0.000244033
10/2/2022 23:45,2.15,0.000252246
10/3/2022 0:00,2.225,0.000261045
10/3/2022 0:15,2.12,0.000248726
10/3/2022 0:30,2.05,0.000240513
10/3/2022 0:45,1.995,0.000234061
10/3/2022 1:00,1.84,0.000215875
10/3/2022 1:15,1.765,0.000207076
10/3/2022 1:30,1.54,0.000180678
10/3/2022 1:45,1.61,0.000188891
10/3/2022 2:00,1.48,0.000173639
10/3/2022 2:15,1.46,0.000171292
10/3/2022 2:30,1.425,0.000167186
10/3/2022 2:45,1.295,0.000151934
10/3/2022 3:00,1.225,0.000143721
10/3/2022 3:15,1.18,0.000138442
10/3/2022 3:30,1.2,0.000140788
10/3/2022 3:45,1.13,0.000132576
10/3/2022 4:00,1.115,0.000130816
10/3/2022 4:15,1.06,0.000124363
10/3/2022 4:30,1.06,0.000124363
10/3/2022 4:45,1.115,0.000130816
10/3/2022 5:00,1.11,0.000130229
10/3/2022 5:15,1.16,0.000136095
10/3/2022 5:30,1.17,0.000137269
10/3/2022 5:45,1.35,0.000158387
10/3/2022 6:00,1.135,0.000133162
10/3/2022 6:15,1.11,0.000130229
10/3/2022 6:30,1.13,0.000132576
10/3/2022 6:45,1.11,0.000130229
10/3/2022 7:00,1.075,0.000126123
10/3/2022 7:15,1.17,0.000137269
10/3/2022 7:30,1.16,0.000136095
10/3/2022 7:45,1.16,0.000136095
10/3/2022 8:00,1.13,0.000132576
10/3/2022 8:15,1.125,0.000131989
10/3/2022 8:30,1.115,0.000130816
10/3/2022 8:45,1.22,0.000143135
10/3/2022 9:00,1.2,0.000140788
10/3/2022 9:15,1.24,0.000145481
10/3/2022 9:30,1.26,0.000147828
10/3/2022 9:45,1.245,0.000146068
10/3/2022 10:00,1.14,0.000133749
10/3/2022 10:15,1.09,0.000127883
10/3/2022 10:30,1.165,0.000136682
10/3/2022 10:45,1.18,0.000138442
10/3/2022 11:00,1.31,0.000153694
10/3/2022 11:15,1.39,0.00016308
10/3/2022 11:30,1.43,0.000167773
10/3/2022 11:45,1.44,0.000168946
10/3/2022 12:00,1.37,0.000160733
10/3/2022 12:15,1.33,0.00015604
10/3/2022 12:30,1.22,0.000143135
10/3/2022 12:45,1.17,0.000137269
10/3/2022 13:00,1.075,0.000126123
10/3/2022 13:15,1.12,0.000131402
10/3/2022 13:30,1.06,0.000124363
10/3/2022 13:45,1.08,0.000126709
10/3/2022 14:00,1.305,0.000153107
10/3/2022 14:15,1.395,0.000163666
10/3/2022 14:30,1.355,0.000158973
10/3/2022 14:45,1.29,0.000151347
10/3/2022 15:00,1.345,0.0001578
10/3/2022 15:15,1.435,0.000168359
10/3/2022 15:30,1.37,0.000160733
10/3/2022 15:45,1.38,0.000161907
10/3/2022 16:00,1.155,0.000135509
10/3/2022 16:15,1.11,0.000130229
10/3/2022 16:30,1.08,0.000126709
10/3/2022 16:45,1.01,0.000118497
10/3/2022 17:00,1.015,0.000119083
10/3/2022 17:15,1.005,0.00011791
10/3/2022 17:30,0.975,0.000114391
10/3/2022 17:45,2.03,0.000238167
10/3/2022 18:00,2.85,0.000334372
10/3/2022 18:15,2.365,0.00027747
10/3/2022 18:30,2.22,0.000260458
10/3/2022 18:45,1.97,0.000231127
10/3/2022 19:00,2.19,0.000256939
10/3/2022 19:15,2.765,0.0003244
10/3/2022 19:30,7.31,0.000857635
10/3/2022 19:45,5.85,0.000686343
10/3/2022 20:00,3.145,0.000368983
10/3/2022 20:15,1.995,0.000234061
10/3/2022 20:30,1.69,0.000198277
10/3/2022 20:45,1.74,0.000204143
10/3/2022 21:00,1.8,0.000211182
10/3/2022 21:15,1.8,0.000211182
10/3/2022 21:30,1.88,0.000220568
10/3/2022 21:45,1.88,0.000220568
10/3/2022 22:00,1.89,0.000221742
10/3/2022 22:15,2.605,0.000305628
10/3/2022 22:30,4.15,0.000486893
10/3/2022 22:45,3.63,0.000425885
10/3/2022 23:00,2.475,0.000290376
10/3/2022 23:15,2.02,0.000236994
10/3/2022 23:30,2.25,0.000263978
10/3/2022 23:45,4.11,0.0004822
10/4/2022 0:00,5.465,0.000641173
10/4/2022 0:15,4.74,0.000556114
10/4/2022 0:30,3.625,0.000425298
10/4/2022 0:45,13.925,0.001633731
10/4/2022 1:00,13.015,0.001526967
10/4/2022 1:15,11.72,0.001375032
10/4/2022 1:30,11.4,0.001337489
10/4/2022 1:45,9.79,0.001148598
10/4/2022 2:00,8.82,0.001034794
10/4/2022 2:15,8.165,0.000957947
10/4/2022 2:30,7.975,0.000935656
10/4/2022 2:45,8.275,0.000970853
10/4/2022 3:00,8.78,0.001030101
10/4/2022 3:15,8.47,0.000993731
10/4/2022 3:30,7.82,0.00091747
10/4/2022 3:45,7.015,0.000823025
10/4/2022 4:00,6.355,0.000745591
10/4/2022 4:15,5.755,0.000675197
10/4/2022 4:30,5.305,0.000622402
10/4/2022 4:45,5.29,0.000620642
10/4/2022 5:00,6.91,0.000810706
10/4/2022 5:15,17.37,0.002037911
10/4/2022 5:30,52.465,0.006155382
10/4/2022 5:45,125.365,0.014708272
10/4/2022 6:00,303.35,0.035590111
10/4/2022 6:15,467.35,0.05483118
10/4/2022 6:30,584.85,0.068616702
10/4/2022 6:45,524.255,0.061507479
10/4/2022 7:00,532.87,0.062518222
10/4/2022 7:15,476,0.055846029
10/4/2022 7:30,435.19,0.051058053
10/4/2022 7:45,403.465,0.047335963
10/4/2022 8:00,327.245,0.038393558
10/4/2022 8:15,248.195,0.029119129
10/4/2022 8:30,176.545,0.020712893
10/4/2022 8:45,118.335,0.013883487
10/4/2022 9:00,99.255,0.011644953
10/4/2022 9:15,75.855,0.008899581
10/4/2022 9:30,58.105,0.006817087
10/4/2022 9:45,44.64,0.005237325
10/4/2022 10:00,34.775,0.004079928
10/4/2022 10:15,27.64,0.003242824
10/4/2022 10:30,22.22,0.00260693
10/4/2022 10:45,18.765,0.002201577
10/4/2022 11:00,15.635,0.001834354
10/4/2022 11:15,13.55,0.001589735
10/4/2022 11:30,11.83,0.001387938
10/4/2022 11:45,10.58,0.001241284
10/4/2022 12:00,9.035,0.001060019
10/4/2022 12:15,8.18,0.000959707
10/4/2022 12:30,7.495,0.00087934
10/4/2022 12:45,6.905,0.000810119
10/4/2022 13:00,6.35,0.000745005
10/4/2022 13:15,6.035,0.000708048
10/4/2022 13:30,5.815,0.000682237
10/4/2022 13:45,5.575,0.000654079
10/4/2022 14:00,5.38,0.000631201
10/4/2022 14:15,5.72,0.000671091
10/4/2022 14:30,5.925,0.000695142
10/4/2022 14:45,5.615,0.000658772
10/4/2022 15:00,5.11,0.000599524
10/4/2022 15:15,4.76,0.00055846
10/4/2022 15:30,4.56,0.000534996
10/4/2022 15:45,4.275,0.000501558
10/4/2022 16:00,4.08,0.00047868
10/4/2022 16:15,4.08,0.00047868
10/4/2022 16:30,4.435,0.00052033
10/4/2022 16:45,4.48,0.00052561
10/4/2022 17:00,4.2,0.000492759
10/4/2022 17:15,3.905,0.000458149
10/4/2022 17:30,4.035,0.000473401
10/4/2022 17:45,4.47,0.000524436
10/4/2022 18:00,4.44,0.000520917
10/4/2022 18:15,4.225,0.000495692
10/4/2022 18:30,4.21,0.000493932
10/4/2022 18:45,4.16,0.000488066
10/4/2022 19:00,4.355,0.000510944
10/4/2022 19:15,4.61,0.000540862
10/4/2022 19:30,5.07,0.000594831
10/4/2022 19:45,4.865,0.000570779
10/4/2022 20:00,40.275,0.004725208
10/4/2022 20:15,116.62,0.013682277
10/4/2022 20:30,109.935,0.012897969
10/4/2022 20:45,111.405,0.013070435
10/4/2022 21:00,121.125,0.01421082
10/4/2022 21:15,130.575,0.015319528
10/4/2022 21:30,121.58,0.014264202
10/4/2022 21:45,118.535,0.013906952
10/4/2022 22:00,178.945,0.02099447
10/4/2022 22:15,398.345,0.046735266
10/4/2022 22:30,762.84,0.089499128
10/4/2022 22:45,1073.875,0.125990871
10/4/2022 23:00,1177.45,0.138142662
10/4/2022 23:15,1170.345,0.137309078
10/4/2022 23:30,1200.395,0.140834652
10/4/2022 23:45,1253.19,0.147028751
10/5/2022 0:00,1315.98,0.154395499
10/5/2022 0:15,1366.96,0.160376656
10/5/2022 0:30,1403.5,0.16466366
10/5/2022 0:45,1413.94,0.165888518
10/5/2022 1:00,1397.98,0.164016033
10/5/2022 1:15,1339.56,0.157161989
10/5/2022 1:30,1266.37,0.148575076
10/5/2022 1:45,1174.59,0.137807116
10/5/2022 2:00,1079.085,0.126602127
10/5/2022 2:15,977.715,0.114709035
10/5/2022 2:30,868.695,0.101918417
10/5/2022 2:45,760.68,0.089245709
10/5/2022 3:00,647.595,0.075978171
10/5/2022 3:15,555.11,0.065127498
10/5/2022 3:30,453.685,0.053227953
10/5/2022 3:45,363.815,0.042684082
10/5/2022 4:00,289.04,0.033911211
10/5/2022 4:15,222.445,0.026098046
10/5/2022 4:30,167.125,0.019607705
10/5/2022 4:45,124.94,0.014658409
10/5/2022 5:00,106.475,0.012492029
10/5/2022 5:15,92.595,0.010863578
10/5/2022 5:30,79.86,0.009369462
10/5/2022 5:45,68.385,0.008023174
10/5/2022 6:00,58.065,0.006812394
10/5/2022 6:15,51.26,0.006014007
10/5/2022 6:30,48.635,0.005706033
10/5/2022 6:45,50.875,0.005968838
10/5/2022 7:00,57.775,0.00677837
10/5/2022 7:15,68.39,0.00802376
10/5/2022 7:30,80.65,0.009462148
10/5/2022 7:45,91.53,0.010738628
10/5/2022 8:00,98.255,0.011527629
10/5/2022 8:15,98.05,0.011503578
10/5/2022 8:30,88.77,0.010414815
10/5/2022 8:45,75.4,0.008846199
10/5/2022 9:00,61.65,0.007232999
10/5/2022 9:15,49.455,0.005802238
10/5/2022 9:30,41.235,0.004837838
10/5/2022 9:45,35.735,0.004192559
10/5/2022 10:00,31.07,0.003645244
10/5/2022 10:15,29.785,0.003494483
10/5/2022 10:30,30.525,0.003581303
10/5/2022 10:45,30.02,0.003522054
10/5/2022 11:00,30.255,0.003549625
10/5/2022 11:15,30.5,0.00357837
10/5/2022 11:30,31.3,0.003672228
10/5/2022 11:45,32.395,0.003800698
10/5/2022 12:00,33.025,0.003874612
10/5/2022 12:15,34.58,0.00405705
10/5/2022 12:30,35.945,0.004217196
10/5/2022 12:45,37.815,0.004436592
10/5/2022 13:00,38.575,0.004525758
10/5/2022 13:15,40.45,0.004745739
10/5/2022 13:30,41.545,0.004874209
10/5/2022 13:45,42.175,0.004948122
10/5/2022 14:00,41.905,0.004916445
10/5/2022 14:15,40.91,0.004799708
10/5/2022 14:30,39.855,0.004675932
10/5/2022 14:45,38.63,0.00453221
10/5/2022 15:00,37.795,0.004434245
10/5/2022 15:15,36.63,0.004297563
10/5/2022 15:30,34.99,0.004105152
10/5/2022 15:45,33.37,0.003915088
10/5/2022 16:00,32.425,0.003804217
10/5/2022 16:15,31.4,0.003683961
10/5/2022 16:30,30.435,0.003570743
10/5/2022 16:45,34.075,0.003997801
10/5/2022 17:00,28.84,0.003383612
10/5/2022 17:15,28.385,0.00333023
10/5/2022 17:30,27.525,0.003229332
10/5/2022 17:45,26.915,0.003157764
10/5/2022 18:00,25.83,0.003030468
10/5/2022 18:15,25.355,0.00297474
10/5/2022 18:30,24.95,0.002927224
10/5/2022 18:45,24.265,0.002846857
10/5/2022 19:00,23.03,0.002701962
10/5/2022 19:15,22.655,0.002657966
10/5/2022 19:30,21.995,0.002580532
10/5/2022 19:45,21.455,0.002517178
10/5/2022 20:00,20.94,0.002456756
10/5/2022 20:15,20.22,0.002372283
10/5/2022 20:30,19.795,0.00232242
10/5/2022 20:45,18.915,0.002219176
10/5/2022 21:00,18.805,0.00220627
10/5/2022 21:15,18.34,0.002151715
10/5/2022 21:30,18.005,0.002112411
10/5/2022 21:45,17.815,0.00209012
10/5/2022 22:00,17.525,0.002056096
10/5/2022 22:15,17.955,0.002106545
10/5/2022 22:30,17.79,0.002087187
10/5/2022 22:45,17.855,0.002094813
10/5/2022 23:00,17.84,0.002093053
10/5/2022 23:15,18.8,0.002205684
10/5/2022 23:30,18.98,0.002226802
10/5/2022 23:45,18.375,0.002155821
10/6/2022 0:00,18.3,0.002147022
10/6/2022 0:15,18.325,0.002149955
10/6/2022 0:30,18.28,0.002144675
10/6/2022 0:45,18.955,0.002223869
10/6/2022 1:00,18.77,0.002202164
10/6/2022 1:15,18.16,0.002130596
10/6/2022 1:30,18.17,0.00213177
10/6/2022 1:45,17.245,0.002023245
10/6/2022 2:00,17.18,0.002015619
10/6/2022 2:15,17.035,0.001998607
10/6/2022 2:30,17.585,0.002063135
10/6/2022 2:45,16.96,0.001989808
10/6/2022 3:00,16.775,0.001968103
10/6/2022 3:15,16.97,0.001990981
10/6/2022 3:30,17.26,0.002025005
10/6/2022 3:45,17.285,0.002027938
10/6/2022 4:00,18.31,0.002148195
10/6/2022 4:15,18.83,0.002209203
10/6/2022 4:30,19.4,0.002276078
10/6/2022 4:45,19.94,0.002339432
10/6/2022 5:00,19.655,0.002305995
10/6/2022 5:15,20.015,0.002348232
10/6/2022 5:30,22.66,0.002658553
10/6/2022 5:45,22.71,0.002664419
10/6/2022 6:00,21.67,0.002542402
10/6/2022 6:15,21.735,0.002550028
10/6/2022 6:30,21.365,0.002506619
10/6/2022 6:45,21.64,0.002538883
10/6/2022 7:00,22.415,0.002629808
10/6/2022 7:15,23.065,0.002706069
10/6/2022 7:30,23.73,0.002784089
10/6/2022 7:45,23.83,0.002795821
10/6/2022 8:00,23.99,0.002814593
10/6/2022 8:15,24.32,0.00285331
10/6/2022 8:30,22.69,0.002662072
10/6/2022 8:45,22.26,0.002611623
10/6/2022 9:00,21.69,0.002544749
10/6/2022 9:15,21.535,0.002526564
10/6/2022 9:30,20.665,0.002424492
10/6/2022 9:45,19,0.002229148
10/6/2022 10:00,18.91,0.002218589
10/6/2022 10:15,17.76,0.002083667
10/6/2022 10:30,16.755,0.001965757
10/6/2022 10:45,16.225,0.001903575
10/6/2022 11:00,14.815,0.001738149
10/6/2022 11:15,15.34,0.001799744
10/6/2022 11:30,14.45,0.001695326
10/6/2022 11:45,13.91,0.001631971
10/6/2022 12:00,12.89,0.001512301
10/6/2022 12:15,12.885,0.001511714
10/6/2022 12:30,11.77,0.001380899
10/6/2022 12:45,11.495,0.001348635
10/6/2022 13:00,11.27,0.001322237
10/6/2022 13:15,10.895,0.001278241
10/6/2022 13:30,10.82,0.001269441
10/6/2022 13:45,10.115,0.001186728
10/6/2022 14:00,10.175,0.001193768
10/6/2022 14:15,9.41,0.001104015
10/6/2022 14:30,9.305,0.001091696
10/6/2022 14:45,9.085,0.001065885
10/6/2022 15:00,9.13,0.001071164
10/6/2022 15:15,9.085,0.001065885
10/6/2022 15:30,8.77,0.001028928
10/6/2022 15:45,8.95,0.001050046
10/6/2022 16:00,9.015,0.001057672
10/6/2022 16:15,9.14,0.001072338
10/6/2022 16:30,9.005,0.001056499
10/6/2022 16:45,8.98,0.001053566
10/6/2022 17:00,8.54,0.001001943
10/6/2022 17:15,8.75,0.001026581
10/6/2022 17:30,9.1,0.001067645
10/6/2022 17:45,10.23,0.00120022
10/6/2022 18:00,15.05,0.00176572
10/6/2022 18:15,20.41,0.002394574
10/6/2022 18:30,25.415,0.002981779
10/6/2022 18:45,30.2,0.003543172
10/6/2022 19:00,31.02,0.003639378
10/6/2022 19:15,26.455,0.003103796
10/6/2022 19:30,26.025,0.003053346
10/6/2022 19:45,29.345,0.003442861
10/6/2022 20:00,34,0.003989002
10/6/2022 20:15,30.235,0.003547279
10/6/2022 20:30,23.505,0.002757691
10/6/2022 20:45,21.675,0.002542989
10/6/2022 21:00,25.52,0.002994098
10/6/2022 21:15,25.955,0.003045134
10/6/2022 21:30,20.585,0.002415106
10/6/2022 21:45,15.12,0.001773933
10/6/2022 22:00,13.295,0.001559817
10/6/2022 22:15,12.31,0.001444253
10/6/2022 22:30,11.78,0.001382072
10/6/2022 22:45,11.51,0.001350395
10/6/2022 23:00,11.45,0.001343355
10/6/2022 23:15,11.205,0.001314611
10/6/2022 23:30,10.825,0.001270028
10/6/2022 23:45,11.275,0.001322823
10/7/2022 0:00,11.12,0.001304638
10/7/2022 0:15,10.82,0.001269441
10/7/2022 0:30,10.775,0.001264162
10/7/2022 0:45,10.92,0.001281174
10/7/2022 1:00,10.89,0.001277654
10/7/2022 1:15,10.615,0.00124539
10/7/2022 1:30,10.54,0.001236591
10/7/2022 1:45,10.135,0.001189075
10/7/2022 2:00,10.105,0.001185555
10/7/2022 2:15,9.9,0.001161504
10/7/2022 2:30,9.975,0.001170303
10/7/2022 2:45,10.17,0.001193181
10/7/2022 3:00,10.67,0.001251843
10/7/2022 3:15,10.11,0.001186142
10/7/2022 3:30,9.935,0.00116561
10/7/2022 3:45,9.93,0.001165023
10/7/2022 4:00,10.3,0.001208433
10/7/2022 4:15,10.05,0.001179102
10/7/2022 4:30,9.64,0.001130999
10/7/2022 4:45,9.69,0.001136866
10/7/2022 5:00,9.62,0.001128653
10/7/2022 5:15,9.355,0.001097562
10/7/2022 5:30,9.205,0.001079964
10/7/2022 5:45,9.615,0.001128066
10/7/2022 6:00,9,0.001055912
10/7/2022 6:15,8.53,0.00100077
10/7/2022 6:30,8.785,0.001030688
10/7/2022 6:45,8.75,0.001026581
10/7/2022 7:00,8.795,0.001031861
10/7/2022 7:15,8.52,0.000999597
10/7/2022 7:30,8.415,0.000987278
10/7/2022 7:45,8.54,0.001001943
10/7/2022 8:00,8.17,0.000958534
10/7/2022 8:15,8.385,0.000983758
10/7/2022 8:30,8.18,0.000959707
10/7/2022 8:45,7.845,0.000920404
10/7/2022 9:00,8.23,0.000965573
10/7/2022 9:15,8.37,0.000981998
10/7/2022 9:30,8.345,0.000979065
10/7/2022 9:45,7.885,0.000925097
10/7/2022 10:00,7.455,0.000874647
10/7/2022 10:15,7.37,0.000864675
10/7/2022 10:30,6.975,0.000818332
10/7/2022 10:45,6.645,0.000779615
10/7/2022 11:00,6.53,0.000766123
10/7/2022 11:15,6.545,0.000767883
10/7/2022 11:30,6.24,0.000732099
10/7/2022 11:45,6.125,0.000718607
10/7/2022 12:00,6.04,0.000708634
10/7/2022 12:15,5.78,0.00067813
10/7/2022 12:30,5.655,0.000663465
10/7/2022 12:45,5.515,0.00064704
10/7/2022 13:00,5.325,0.000624748
10/7/2022 13:15,5.4,0.000633547
10/7/2022 13:30,6.755,0.000792521
10/7/2022 13:45,10.96,0.001285867
10/7/2022 14:00,13.685,0.001605573
10/7/2022 14:15,12.59,0.001477104
10/7/2022 14:30,15.465,0.001814409
10/7/2022 14:45,27.34,0.003207627
10/7/2022 15:00,38.16,0.004477068
10/7/2022 15:15,38.78,0.004549809
10/7/2022 15:30,28.675,0.003364254
10/7/2022 15:45,18.715,0.002195711
10/7/2022 16:00,13.76,0.001614373
10/7/2022 16:15,11.88,0.001393804
10/7/2022 16:30,14.755,0.00173111
10/7/2022 16:45,19.62,0.002301889
10/7/2022 17:00,18.34,0.002151715
10/7/2022 17:15,13.715,0.001609093
10/7/2022 17:30,10.58,0.001241284
10/7/2022 17:45,8.88,0.001041833
10/7/2022 18:00,7.735,0.000907498
10/7/2022 18:15,7.105,0.000833584
10/7/2022 18:30,6.895,0.000808946
10/7/2022 18:45,7.575,0.000888726
10/7/2022 19:00,42.59,0.004996812
10/7/2022 19:15,138.67,0.016269262
10/7/2022 19:30,61.605,0.00722772
10/7/2022 19:45,16.175,0.001897709
10/7/2022 20:00,17.96,0.002107132
10/7/2022 20:15,108.175,0.012691479
10/7/2022 20:30,86.62,0.010162569
10/7/2022 20:45,33.85,0.003971404
10/7/2022 21:00,17.015,0.001996261
10/7/2022 21:15,12.795,0.001501155
10/7/2022 21:30,10.955,0.00128528
10/7/2022 21:45,10.435,0.001224272
10/7/2022 22:00,12.635,0.001482384
10/7/2022 22:15,16.32,0.001914721
10/7/2022 22:30,22.475,0.002636848
10/7/2022 22:45,29.865,0.003503869
10/7/2022 23:00,28.365,0.003327884
10/7/2022 23:15,25.595,0.003002897
10/7/2022 23:30,24.005,0.002816353
10/7/2022 23:45,22.41,0.002629222
10/8/2022 0:00,31.57,0.003703906
10/8/2022 0:15,56.055,0.006576574
10/8/2022 0:30,72.02,0.008449645
10/8/2022 0:45,93.73,0.01099674
10/8/2022 1:00,211.665,0.024833298
10/8/2022 1:15,279.47,0.032788424
10/8/2022 1:30,241.125,0.028289651
10/8/2022 1:45,184.805,0.021681986
10/8/2022 2:00,129.405,0.015182259
10/8/2022 2:15,143.26,0.016807778
10/8/2022 2:30,292.835,0.034356454
10/8/2022 2:45,424.115,0.049758695
10/8/2022 3:00,455.78,0.053473746
10/8/2022 3:15,400.98,0.047044413
10/8/2022 3:30,322.075,0.037786996
10/8/2022 3:45,234.23,0.027480705
10/8/2022 4:00,157.865,0.018521289
10/8/2022 4:15,110.515,0.012966017
10/8/2022 4:30,86.34,0.010129719
10/8/2022 4:45,68.385,0.008023174
10/8/2022 5:00,55.3,0.006487995
10/8/2022 5:15,46.665,0.005474905
10/8/2022 5:30,40.85,0.004792669
10/8/2022 5:45,35.795,0.004199598
10/8/2022 6:00,32.41,0.003802458
10/8/2022 6:15,29.44,0.003454007
10/8/2022 6:30,27.855,0.003268049
10/8/2022 6:45,27.385,0.003212907
10/8/2022 7:00,26.07,0.003058626
10/8/2022 7:15,25.535,0.002995858
10/8/2022 7:30,24.895,0.002920771
10/8/2022 7:45,23.515,0.002758864
10/8/2022 8:00,22.205,0.00260517
10/8/2022 8:15,21.155,0.002481981
10/8/2022 8:30,20.3,0.002381669
10/8/2022 8:45,19.045,0.002234428
10/8/2022 9:00,18.515,0.002172246
10/8/2022 9:15,17.585,0.002063135
10/8/2022 9:30,17.77,0.00208484
10/8/2022 9:45,17.075,0.0020033
10/8/2022 10:00,16.985,0.001992741
10/8/2022 10:15,17.47,0.002049643
10/8/2022 10:30,18.53,0.002174006
10/8/2022 10:45,18.895,0.002216829
10/8/2022 11:00,18.45,0.00216462
10/8/2022 11:15,17.26,0.002025005
10/8/2022 11:30,17.05,0.002000367
10/8/2022 11:45,15.9,0.001865445
10/8/2022 12:00,15.485,0.001816756
10/8/2022 12:15,14.19,0.001664822
10/8/2022 12:30,14.725,0.00172759
10/8/2022 12:45,14.815,0.001738149
10/8/2022 13:00,15.725,0.001844913
10/8/2022 13:15,13.965,0.001638424
10/8/2022 13:30,14.825,0.001739322
10/8/2022 13:45,15.08,0.00176924
10/8/2022 14:00,14.07,0.001650743
10/8/2022 14:15,17.255,0.002024419
10/8/2022 14:30,14.97,0.001756334
10/8/2022 14:45,16.83,0.001974556
10/8/2022 15:00,17.095,0.002005647
10/8/2022 15:15,15.77,0.001850193
10/8/2022 15:30,20.655,0.002423319
10/8/2022 15:45,37.115,0.004354465
10/8/2022 16:00,20.975,0.002460862
10/8/2022 16:15,24.045,0.002821046
10/8/2022 16:30,22.42,0.002630395
10/8/2022 16:45,25.525,0.002994685
10/8/2022 17:00,27.03,0.003171257
10/8/2022 17:15,31.44,0.003688654
10/8/2022 17:30,33.705,0.003954392
10/8/2022 17:45,32.185,0.00377606
10/8/2022 18:00,36.495,0.004281724
10/8/2022 18:15,38.11,0.004471202
10/8/2022 18:30,39.375,0.004619616
10/8/2022 18:45,43.115,0.005058407
10/8/2022 19:00,41.585,0.004878902
10/8/2022 19:15,41.165,0.004829626
10/8/2022 19:30,42.915,0.005034942
10/8/2022 19:45,44.71,0.005245538
10/8/2022 20:00,46.15,0.005414484
10/8/2022 20:15,47.26,0.005544713
10/8/2022 20:30,48.365,0.005674355
10/8/2022 20:45,49.365,0.005791679
10/8/2022 21:00,52.475,0.006156555
10/8/2022 21:15,55.425,0.00650266
10/8/2022 21:30,57.265,0.006718535
10/8/2022 21:45,59.99,0.007038242
10/8/2022 22:00,61.85,0.007256464
10/8/2022 22:15,62.415,0.007322752
10/8/2022 22:30,62.06,0.007281102
10/8/2022 22:45,64.67,0.007587317
10/8/2022 23:00,63.04,0.007396079
10/8/2022 23:15,62.68,0.007353843
10/8/2022 23:30,63.725,0.007476446
10/8/2022 23:45,63.725,0.007476446
10/9/2022 0:00,64.645,0.007584384
10/9/2022 0:15,62.8,0.007367922
10/9/2022 0:30,65.96,0.007738664
10/9/2022 0:45,63.315,0.007428343
10/9/2022 1:00,63.66,0.00746882
10/9/2022 1:15,59.905,0.00702827
10/9/2022 1:30,58.66,0.006882202
10/9/2022 1:45,59.89,0.00702651
10/9/2022 2:00,54.38,0.006380057
10/9/2022 2:15,56.805,0.006664567
10/9/2022 2:30,55.335,0.006492101
10/9/2022 2:45,53.515,0.006278572
10/9/2022 3:00,49.475,0.005804585
10/9/2022 3:15,50.145,0.005883191
10/9/2022 3:30,48.58,0.00569958
10/9/2022 3:45,47.155,0.005532394
10/9/2022 4:00,44.22,0.005188049
10/9/2022 4:15,45.565,0.005345849
10/9/2022 4:30,43.765,0.005134667
10/9/2022 4:45,42.495,0.004985666
10/9/2022 5:00,39.715,0.004659506
10/9/2022 5:15,41.085,0.00482024
10/9/2022 5:30,39.555,0.004640735
10/9/2022 5:45,41.075,0.004819066
10/9/2022 6:00,39.15,0.004593219
10/9/2022 6:15,38.97,0.0045721
10/9/2022 6:30,35.74,0.004193145
10/9/2022 6:45,36.31,0.00426002
10/9/2022 7:00,36.99,0.0043398
10/9/2022 7:15,33.215,0.003896903
10/9/2022 7:30,32.74,0.003841174
10/9/2022 7:45,33.235,0.00389925
10/9/2022 8:00,31.27,0.003668709
10/9/2022 8:15,31.685,0.003717398
10/9/2022 8:30,29.61,0.003473952
10/9/2022 8:45,30.235,0.003547279
10/9/2022 9:00,29.13,0.003417636
10/9/2022 9:15,28.375,0.003329057
10/9/2022 9:30,29.06,0.003409424
10/9/2022 9:45,25.275,0.002965354
10/9/2022 10:00,26.65,0.003126674
10/9/2022 10:15,27.205,0.003191788
10/9/2022 10:30,26.585,0.003119048
10/9/2022 10:45,26.305,0.003086197
10/9/2022 11:00,28.465,0.003339616
10/9/2022 11:15,24.43,0.002866215
10/9/2022 11:30,26.84,0.003148965
10/9/2022 11:45,24.705,0.002898479
10/9/2022 12:00,25.915,0.003040441
10/9/2022 12:15,23.035,0.002702549
10/9/2022 12:30,22.215,0.002606344
10/9/2022 12:45,23.38,0.002743026
10/9/2022 13:00,22.445,0.002633328
10/9/2022 13:15,22.9,0.00268671
10/9/2022 13:30,23.07,0.002706655
10/9/2022 13:45,29.585,0.003471018
10/9/2022 14:00,20.085,0.002356444
10/9/2022 14:15,25.26,0.002963594
10/9/2022 14:30,21.15,0.002481394
10/9/2022 14:45,20.875,0.00244913
10/9/2022 15:00,22.405,0.002628635
10/9/2022 15:15,19.795,0.00232242
10/9/2022 15:30,19.175,0.00224968
10/9/2022 15:45,22.04,0.002585812
10/9/2022 16:00,18.935,0.002221522
10/9/2022 16:15,18.17,0.00213177
10/9/2022 16:30,18.385,0.002156994
10/9/2022 16:45,21.315,0.002500752
10/9/2022 17:00,19.685,0.002309515
10/9/2022 17:15,17.815,0.00209012
10/9/2022 17:30,19.045,0.002234428
10/9/2022 17:45,22.045,0.002586399
10/9/2022 18:00,87.435,0.010258188
10/9/2022 18:15,24.98,0.002930743
10/9/2022 18:30,25.965,0.003046307
10/9/2022 18:45,21.23,0.00249078
10/9/2022 19:00,24.15,0.002833365
10/9/2022 19:15,22.385,0.002626289
10/9/2022 19:30,21.57,0.00253067
10/9/2022 19:45,28.63,0.003358974
10/9/2022 20:00,22.23,0.002608103
10/9/2022 20:15,22.905,0.002687297
10/9/2022 20:30,25.345,0.002973566
10/9/2022 20:45,18.595,0.002181632
10/9/2022 21:00,19.125,0.002243814
10/9/2022 21:15,30.465,0.003574263
10/9/2022 21:30,21.04,0.002468488
10/9/2022 21:45,24.07,0.002823979
10/9/2022 22:00,21.705,0.002546509
10/9/2022 22:15,16.655,0.001954024
10/9/2022 22:30,17.715,0.002078387
10/9/2022 22:45,17.795,0.002087773
10/9/2022 23:00,16.8,0.001971036
10/9/2022 23:15,20.63,0.002420386
10/9/2022 23:30,16.56,0.001942879
10/9/2022 23:45,15.8,0.001853713
10/10/2022 0:00,17.595,0.002064309
10/10/2022 0:15,16.93,0.001986288
10/10/2022 0:30,16.45,0.001929973
10/10/2022 0:45,17.04,0.001999194
10/10/2022 1:00,17.15,0.0020121
10/10/2022 1:15,21.14,0.002480221
10/10/2022 1:30,21.285,0.002497233
10/10/2022 1:45,15.05,0.00176572
10/10/2022 2:00,15.51,0.001819689
10/10/2022 2:15,13.92,0.001633144
10/10/2022 2:30,15.465,0.001814409
10/10/2022 2:45,14.445,0.001694739
10/10/2022 3:00,21.895,0.0025688
10/10/2022 3:15,17.18,0.002015619
10/10/2022 3:30,15.205,0.001783905
10/10/2022 3:45,18.695,0.002193365
10/10/2022 4:00,14.205,0.001666582
10/10/2022 4:15,15.03,0.001763374
10/10/2022 4:30,16.08,0.001886563
10/10/2022 4:45,14.765,0.001732283
10/10/2022 5:00,15.71,0.001843154
10/10/2022 5:15,17.665,0.002072521
10/10/2022 5:30,15.37,0.001803264
10/10/2022 5:45,23.865,0.002799927
10/10/2022 6:00,17.665,0.002072521
10/10/2022 6:15,13.61,0.001596774
10/10/2022 6:30,15.43,0.001810303
10/10/2022 6:45,14.455,0.001695913
10/10/2022 7:00,15,0.001759854
10/10/2022 7:15,14.235,0.001670101
10/10/2022 7:30,14.685,0.001722897
10/10/2022 7:45,13.685,0.001605573
10/10/2022 8:00,14.215,0.001667755
10/10/2022 8:15,13.875,0.001627865
10/10/2022 8:30,12.875,0.001510541
10/10/2022 8:45,15.78,0.001851366
10/10/2022 9:00,13.345,0.001565683
10/10/2022 9:15,11.945,0.00140143
10/10/2022 9:30,11.495,0.001348635
10/10/2022 9:45,12.885,0.001511714
10/10/2022 10:00,11.795,0.001383832
10/10/2022 10:15,12.11,0.001420789
10/10/2022 10:30,17.095,0.002005647
10/10/2022 10:45,11.405,0.001338076
10/10/2022 11:00,13.02,0.001527553
10/10/2022 11:15,14.52,0.001703539
10/10/2022 11:30,11.755,0.001379139
10/10/2022 11:45,12.225,0.001434281
10/10/2022 12:00,9.855,0.001156224
10/10/2022 12:15,10.465,0.001227791
10/10/2022 12:30,10.755,0.001261815
10/10/2022 12:45,11.435,0.001341595
10/10/2022 13:00,9.655,0.001132759
10/10/2022 13:15,9.16,0.001074684
10/10/2022 13:30,9.545,0.001119854
10/10/2022 13:45,9.825,0.001152704
10/10/2022 14:00,12.54,0.001471238
10/10/2022 14:15,8.85,0.001038314
10/10/2022 14:30,9.915,0.001163263
10/10/2022 14:45,9.97,0.001169716
10/10/2022 15:00,9.445,0.001108121
10/10/2022 15:15,9.2,0.001079377
10/10/2022 15:30,23.575,0.002765904
10/10/2022 15:45,10.15,0.001190834
10/10/2022 16:00,10.93,0.001282347
10/10/2022 16:15,10.215,0.00119846
10/10/2022 16:30,10.145,0.001190248
10/10/2022 16:45,8.36,0.000980825
10/10/2022 17:00,8.73,0.001024235
10/10/2022 17:15,10.5,0.001231898
10/10/2022 17:30,10.525,0.001234831
10/10/2022 17:45,12.025,0.001410816
10/10/2022 18:00,9.52,0.001116921
10/10/2022 18:15,9.31,0.001092283
10/10/2022 18:30,15.83,0.001857232
10/10/2022 18:45,10.705,0.001255949
10/10/2022 19:00,9.63,0.001129826
10/10/2022 19:15,9.96,0.001168543
10/10/2022 19:30,9.49,0.001113401
10/10/2022 19:45,10.38,0.001217819
10/10/2022 20:00,14.025,0.001645463
10/10/2022 20:15,12.425,0.001457746
10/10/2022 20:30,9.915,0.001163263
10/10/2022 20:45,10.975,0.001287626
10/10/2022 21:00,10.38,0.001217819
10/10/2022 21:15,14.965,0.001755748
10/10/2022 21:30,10.865,0.001274721
10/10/2022 21:45,11.015,0.001292319
10/10/2022 22:00,10.28,0.001206087
10/10/2022 22:15,11.48,0.001346875
10/10/2022 22:30,12.46,0.001461852
10/10/2022 22:45,13.71,0.001608506
10/10/2022 23:00,12.475,0.001463612
10/10/2022 23:15,12.23,0.001434868
10/10/2022 23:30,13.25,0.001554538
10/10/2022 23:45,11.165,0.001309918
10/11/2022 0:00,11.73,0.001376206
10/11/2022 0:15,14.25,0.001671861
10/11/2022 0:30,11.15,0.001308158
10/11/2022 0:45,12.225,0.001434281
10/11/2022 1:00,18.955,0.002223869
10/11/2022 1:15,12.865,0.001509368
10/11/2022 1:30,11.99,0.00140671
10/11/2022 1:45,11.46,0.001344528
10/11/2022 2:00,10.885,0.001277067
10/11/2022 2:15,14.4,0.00168946
10/11/2022 2:30,11.405,0.001338076
10/11/2022 2:45,12.94,0.001518167
10/11/2022 3:00,21.135,0.002479634
10/11/2022 3:15,10.32,0.001210779
10/11/2022 3:30,10.5,0.001231898
10/11/2022 3:45,11.565,0.001356847
10/11/2022 4:00,10.34,0.001213126
10/11/2022 4:15,26.24,0.003078571
10/11/2022 4:30,11.045,0.001295839
10/11/2022 4:45,21.35,0.002504859
10/11/2022 5:00,10.365,0.001216059
10/11/2022 5:15,13.835,0.001623172
10/11/2022 5:30,9.9,0.001161504
10/11/2022 5:45,10.275,0.0012055
10/11/2022 6:00,10.405,0.001220752
10/11/2022 6:15,11.06,0.001297599
10/11/2022 6:30,10.905,0.001279414
10/11/2022 6:45,10.25,0.001202567
10/11/2022 7:00,10.71,0.001256536
10/11/2022 7:15,11.14,0.001306985
10/11/2022 7:30,11.575,0.001358021
10/11/2022 7:45,9.215,0.001081137
10/11/2022 8:00,9.09,0.001066471
10/11/2022 8:15,9.635,0.001130413
10/11/2022 8:30,9.25,0.001085243
10/11/2022 8:45,9.605,0.001126893
10/11/2022 9:00,9.645,0.001131586
10/11/2022 9:15,9.66,0.001133346
10/11/2022 9:30,8.72,0.001023062
10/11/2022 9:45,11.295,0.00132517
10/11/2022 10:00,12.8,0.001501742
10/11/2022 10:15,8.705,0.001021302
10/11/2022 10:30,9.39,0.001101669
10/11/2022 10:45,14.48,0.001698846
10/11/2022 11:00,8.115,0.000952081
10/11/2022 11:15,8.905,0.001044767
10/11/2022 11:30,8.54,0.001001943
10/11/2022 11:45,8.44,0.000990211
10/11/2022 12:00,7.1,0.000832997
10/11/2022 12:15,7.6,0.000891659
10/11/2022 12:30,8.39,0.000984345
10/11/2022 12:45,7.14,0.00083769
10/11/2022 13:00,7.555,0.00088638
10/11/2022 13:15,8.475,0.000994317
10/11/2022 13:30,7.205,0.000845316
10/11/2022 13:45,11.24,0.001318717
10/11/2022 14:00,12.375,0.001451879
10/11/2022 14:15,21.49,0.002521284
10/11/2022 14:30,13.805,0.001619652
10/11/2022 14:45,13.6,0.001595601
10/11/2022 15:00,17.115,0.002007993
10/11/2022 15:15,25.965,0.003046307
10/11/2022 15:30,31.275,0.003669295
10/11/2022 15:45,38.375,0.004502293
10/11/2022 16:00,36.225,0.004250047
10/11/2022 16:15,33.87,0.00397375
10/11/2022 16:30,50.62,0.00593892
10/11/2022 16:45,68.385,0.008023174
10/11/2022 17:00,64.16,0.007527482
10/11/2022 17:15,46.05,0.005402751
10/11/2022 17:30,36.305,0.004259433
10/11/2022 17:45,27.12,0.003181816
10/11/2022 18:00,22.855,0.002681431
10/11/2022 18:15,20.77,0.002436811
10/11/2022 18:30,19.125,0.002243814
10/11/2022 18:45,22.51,0.002640954
10/11/2022 19:00,21.195,0.002486674
10/11/2022 19:15,17.64,0.002069588
10/11/2022 19:30,13.37,0.001568616
10/11/2022 19:45,11.57,0.001357434
10/11/2022 20:00,12.04,0.001412576
10/11/2022 20:15,14.97,0.001756334
10/11/2022 20:30,12,0.001407883
10/11/2022 20:45,11.95,0.001402017
10/11/2022 21:00,11.095,0.001301705
10/11/2022 21:15,12.63,0.001481797
10/11/2022 21:30,12.77,0.001498222
10/11/2022 21:45,10.17,0.001193181
10/11/2022 22:00,9.48,0.001112228
10/11/2022 22:15,10.91,0.00128
10/11/2022 22:30,8.865,0.001040074
10/11/2022 22:45,9.22,0.001081724
10/11/2022 23:00,20.515,0.002406893
10/11/2022 23:15,10.74,0.001260055
10/11/2022 23:30,9.18,0.001077031
10/11/2022 23:45,9.235,0.001083483
10/12/2022 0:00,8.875,0.001041247
10/12/2022 0:15,9.375,0.001099909
10/12/2022 0:30,9.035,0.001060019
10/12/2022 0:45,9.92,0.00116385
10/12/2022 1:00,17.215,0.002019726
10/12/2022 1:15,10.585,0.00124187
10/12/2022 1:30,8.505,0.000997837
10/12/2022 1:45,8.355,0.000980239
10/12/2022 2:00,8.645,0.001014262
10/12/2022 2:15,8.54,0.001001943
10/12/2022 2:30,8.315,0.000975546
10/12/2022 2:45,12.405,0.001455399
10/12/2022 3:00,8.72,0.001023062
10/12/2022 3:15,8.305,0.000974372
10/12/2022 3:30,7.4,0.000868195
10/12/2022 3:45,8.015,0.000940349
10/12/2022 4:00,8.42,0.000987865
10/12/2022 4:15,8.58,0.001006636
10/12/2022 4:30,12.51,0.001467718
10/12/2022 4:45,10.635,0.001247736
10/12/2022 5:00,8.61,0.001010156
10/12/2022 5:15,8.08,0.000947975
10/12/2022 5:30,8.01,0.000939762
10/12/2022 5:45,7.92,0.000929203
10/12/2022 6:00,9.615,0.001128066
10/12/2022 6:15,8.63,0.001012503
10/12/2022 6:30,7.74,0.000908085
10/12/2022 6:45,9.145,0.001072924
10/12/2022 7:00,8.66,0.001016022
10/12/2022 7:15,8.385,0.000983758
10/12/2022 7:30,8.68,0.001018369
10/12/2022 7:45,8.4,0.000985518
10/12/2022 8:00,6.95,0.000815399
10/12/2022 8:15,7.12,0.000835344
10/12/2022 8:30,8.705,0.001021302
10/12/2022 8:45,8.02,0.000940935
10/12/2022 9:00,8.73,0.001024235
10/12/2022 9:15,8.28,0.000971439
10/12/2022 9:30,8.215,0.000963813
10/12/2022 9:45,7.55,0.000885793
10/12/2022 10:00,8.45,0.000991384
10/12/2022 10:15,8.075,0.000947388
10/12/2022 10:30,6.075,0.000712741
10/12/2022 10:45,7.55,0.000885793
10/12/2022 11:00,8.57,0.001005463
10/12/2022 11:15,6.33,0.000742658
10/12/2022 11:30,8.615,0.001010743
10/12/2022 11:45,8.795,0.001031861
10/12/2022 12:00,7.73,0.000906911
10/12/2022 12:15,6.95,0.000815399
10/12/2022 12:30,7.025,0.000824198
10/12/2022 12:45,7.5,0.000879927
10/12/2022 13:00,8.91,0.001045353
10/12/2022 13:15,10.245,0.00120198
10/12/2022 13:30,16.015,0.001878937
10/12/2022 13:45,18.12,0.002125903
10/12/2022 14:00,21.605,0.002534776
10/12/2022 14:15,21.28,0.002496646
10/12/2022 14:30,18.175,0.002132356
10/12/2022 14:45,15.125,0.001774519
10/12/2022 15:00,10.97,0.00128704
10/12/2022 15:15,8.855,0.0010389
10/12/2022 15:30,9.19,0.001078204
10/12/2022 15:45,11.36,0.001332796
10/12/2022 16:00,16.105,0.001889496
10/12/2022 16:15,16.985,0.001992741
10/12/2022 16:30,16.08,0.001886563
10/12/2022 16:45,13.725,0.001610266
10/12/2022 17:00,12.03,0.001411403
10/12/2022 17:15,11.09,0.001301119
10/12/2022 17:30,14.055,0.001648983
10/12/2022 17:45,18.185,0.002133529
10/12/2022 18:00,21.935,0.002573493
10/12/2022 18:15,26.475,0.003106142
10/12/2022 18:30,27.665,0.003245757
10/12/2022 18:45,22.005,0.002581706
10/12/2022 19:00,18.4,0.002158754
10/12/2022 19:15,15.13,0.001775106
10/12/2022 19:30,14.875,0.001745188
10/12/2022 19:45,13.55,0.001589735
10/12/2022 20:00,11.675,0.001369753
10/12/2022 20:15,10.73,0.001258882
10/12/2022 20:30,11.58,0.001358607
10/12/2022 20:45,11.72,0.001375032
10/12/2022 21:00,10.195,0.001196114
10/12/2022 21:15,8.57,0.001005463
10/12/2022 21:30,8.245,0.000967333
10/12/2022 21:45,7.98,0.000936242
10/12/2022 22:00,8.575,0.00100605
10/12/2022 22:15,7.585,0.000889899
10/12/2022 22:30,7.88,0.00092451
10/12/2022 22:45,8.39,0.000984345
10/12/2022 23:00,8.665,0.001016609
10/12/2022 23:15,8.715,0.001022475
10/12/2022 23:30,8.47,0.000993731
10/12/2022 23:45,8.055,0.000945042
10/13/2022 0:00,7.47,0.000876407
10/13/2022 0:15,7.425,0.000871128
10/13/2022 0:30,8.175,0.00095912
10/13/2022 0:45,7.025,0.000824198
10/13/2022 1:00,7.755,0.000909844
10/13/2022 1:15,6.955,0.000815986
10/13/2022 1:30,7.36,0.000863502
10/13/2022 1:45,6.78,0.000795454
10/13/2022 2:00,6.98,0.000818919
10/13/2022 2:15,6.62,0.000776682
10/13/2022 2:30,6.74,0.000790761
10/13/2022 2:45,6.595,0.000773749
10/13/2022 3:00,6.63,0.000777855
10/13/2022 3:15,6.615,0.000776096
10/13/2022 3:30,6.79,0.000796627
10/13/2022 3:45,6.51,0.000763777
10/13/2022 4:00,6.765,0.000793694
10/13/2022 4:15,7.16,0.000840037
10/13/2022 4:30,7.05,0.000827131
10/13/2022 4:45,6.575,0.000771403
10/13/2022 5:00,6.385,0.000749111
10/13/2022 5:15,6.595,0.000773749
10/13/2022 5:30,6.67,0.000782548
10/13/2022 5:45,6.58,0.000771989
10/13/2022 6:00,6.745,0.000791348
10/13/2022 6:15,7.185,0.00084297
10/13/2022 6:30,6.32,0.000741485
10/13/2022 6:45,6.175,0.000724473
10/13/2022 7:00,6.215,0.000729166
10/13/2022 7:15,7.31,0.000857635
10/13/2022 7:30,6.25,0.000733272
10/13/2022 7:45,5.585,0.000655252
10/13/2022 8:00,5.72,0.000671091
10/13/2022 8:15,6.035,0.000708048
10/13/2022 8:30,5.94,0.000696902
10/13/2022 8:45,6.02,0.000706288
10/13/2022 9:00,5.865,0.000688103
10/13/2022 9:15,6.49,0.00076143
10/13/2022 9:30,5.31,0.000622988
10/13/2022 9:45,5.16,0.00060539
10/13/2022 10:00,5.15,0.000604216
10/13/2022 10:15,5.655,0.000663465
10/13/2022 10:30,5.48,0.000642933
10/13/2022 10:45,4.535,0.000532062
10/13/2022 11:00,4.695,0.000550834
10/13/2022 11:15,5.405,0.000634134
10/13/2022 11:30,4.3,0.000504491
10/13/2022 11:45,4.79,0.00056198
10/13/2022 12:00,4.13,0.000484546
10/13/2022 12:15,4.415,0.000517984
10/13/2022 12:30,4.135,0.000485133
10/13/2022 12:45,5.53,0.000648799
10/13/2022 13:00,4.275,0.000501558
10/13/2022 13:15,5.345,0.000627095
10/13/2022 13:30,5.265,0.000617709
10/13/2022 13:45,6.55,0.00076847
10/13/2022 14:00,8.38,0.000983172
10/13/2022 14:15,6.495,0.000762017
10/13/2022 14:30,4.925,0.000577819
10/13/2022 14:45,6.215,0.000729166
10/13/2022 15:00,9.43,0.001106361
10/13/2022 15:15,10.81,0.001268268
10/13/2022 15:30,10.31,0.001209606
10/13/2022 15:45,9.885,0.001159744
10/13/2022 16:00,10.025,0.001176169
10/13/2022 16:15,9.84,0.001154464
10/13/2022 16:30,8.365,0.000981412
10/13/2022 16:45,7.42,0.000870541
10/13/2022 17:00,6.665,0.000781962
10/13/2022 17:15,6.785,0.000796041
10/13/2022 17:30,10.97,0.00128704
10/13/2022 17:45,15.825,0.001856646
10/13/2022 18:00,16.37,0.001920587
10/13/2022 18:15,14.515,0.001702952
10/13/2022 18:30,13.835,0.001623172
10/13/2022 18:45,12.93,0.001516994
10/13/2022 19:00,13.51,0.001585042
10/13/2022 19:15,14.125,0.001657196
10/13/2022 19:30,12.175,0.001428415
10/13/2022 19:45,9.17,0.001075857
10/13/2022 20:00,7.57,0.00088814
10/13/2022 20:15,6.82,0.000800147
10/13/2022 20:30,6.36,0.000746178
10/13/2022 20:45,6.015,0.000705701
10/13/2022 21:00,6.4,0.000750871
10/13/2022 21:15,5.515,0.00064704
10/13/2022 21:30,5.5,0.00064528
10/13/2022 21:45,5.535,0.000649386
10/13/2022 22:00,5.5,0.00064528
10/13/2022 22:15,5.72,0.000671091
10/13/2022 22:30,5.385,0.000631788
10/13/2022 22:45,5.69,0.000667571
10/13/2022 23:00,5.32,0.000624162
10/13/2022 23:15,5.66,0.000664052
10/13/2022 23:30,4.91,0.000576059
10/13/2022 23:45,5.03,0.000590138
10/14/2022 0:00,4.92,0.000577232
10/14/2022 0:15,5.215,0.000611843
10/14/2022 0:30,4.985,0.000584858
10/14/2022 0:45,5.025,0.000589551
10/14/2022 1:00,5.38,0.000631201
10/14/2022 1:15,5.105,0.000598937
10/14/2022 1:30,4.755,0.000557874
10/14/2022 1:45,4.74,0.000556114
10/14/2022 2:00,4.94,0.000579579
10/14/2022 2:15,4.775,0.00056022
10/14/2022 2:30,5.435,0.000637654
10/14/2022 2:45,4.83,0.000566673
10/14/2022 3:00,4.84,0.000567846
10/14/2022 3:15,5.625,0.000659945
10/14/2022 3:30,4.815,0.000564913
10/14/2022 3:45,4.855,0.000569606
10/14/2022 4:00,4.7,0.000551421
10/14/2022 4:15,4.615,0.000541448
10/14/2022 4:30,4.575,0.000536755
10/14/2022 4:45,5.115,0.00060011
10/14/2022 5:00,4.855,0.000569606
10/14/2022 5:15,5.005,0.000587205
10/14/2022 5:30,4.915,0.000576645
10/14/2022 5:45,4.865,0.000570779
10/14/2022 6:00,4.655,0.000546141
10/14/2022 6:15,4.57,0.000536169
10/14/2022 6:30,4.57,0.000536169
10/14/2022 6:45,4.595,0.000539102
10/14/2022 7:00,4.405,0.00051681
10/14/2022 7:15,4.345,0.000509771
10/14/2022 7:30,4.585,0.000537929
10/14/2022 7:45,5.035,0.000590724
10/14/2022 8:00,4.48,0.00052561
10/14/2022 8:15,4.65,0.000545555
10/14/2022 8:30,4.665,0.000547315
10/14/2022 8:45,4.315,0.000506251
10/14/2022 9:00,4.275,0.000501558
10/14/2022 9:15,4.08,0.00047868
10/14/2022 9:30,4.175,0.000489826
10/14/2022 9:45,3.78,0.000443483
10/14/2022 10:00,3.86,0.000452869
10/14/2022 10:15,3.845,0.000451109
10/14/2022 10:30,3.56,0.000417672
10/14/2022 10:45,3.92,0.000459908
10/14/2022 11:00,4.03,0.000472814
10/14/2022 11:15,3.605,0.000422952
10/14/2022 11:30,3.42,0.000401247
10/14/2022 11:45,3.41,0.000400073
10/14/2022 12:00,3.02,0.000354317
10/14/2022 12:15,3.005,0.000352557
10/14/2022 12:30,3.44,0.000403593
10/14/2022 12:45,2.935,0.000344345
10/14/2022 13:00,3.23,0.000378955
10/14/2022 13:15,3.035,0.000356077
10/14/2022 13:30,2.79,0.000327333
10/14/2022 13:45,3.49,0.000409459
10/14/2022 14:00,4.33,0.000508011
10/14/2022 14:15,3.685,0.000432337
10/14/2022 14:30,3.59,0.000421192
10/14/2022 14:45,2.985,0.000350211
10/14/2022 15:00,2.94,0.000344931
10/14/2022 15:15,2.86,0.000335545
10/14/2022 15:30,3.245,0.000380715
10/14/2022 15:45,3.91,0.000458735
10/14/2022 16:00,3.505,0.000411219
10/14/2022 16:15,2.985,0.000350211
10/14/2022 16:30,3.165,0.000371329
10/14/2022 16:45,3.275,0.000384235
10/14/2022 17:00,3.15,0.000369569
10/14/2022 17:15,2.8,0.000328506
10/14/2022 17:30,2.735,0.00032088
10/14/2022 17:45,2.77,0.000324986
10/14/2022 18:00,2.835,0.000332612
10/14/2022 18:15,2.85,0.000334372
10/14/2022 18:30,2.96,0.000347278
10/14/2022 18:45,2.9,0.000340238
10/14/2022 19:00,3,0.000351971
10/14/2022 19:15,3.155,0.000370156
10/14/2022 19:30,3.215,0.000377195
10/14/2022 19:45,3.84,0.000450523
10/14/2022 20:00,3.71,0.000435271
10/14/2022 20:15,3.23,0.000378955
10/14/2022 20:30,3.675,0.000431164
10/14/2022 20:45,4.03,0.000472814
10/14/2022 21:00,4.355,0.000510944
10/14/2022 21:15,4.365,0.000512117
10/14/2022 21:30,4.03,0.000472814
10/14/2022 21:45,3.89,0.000456389
10/14/2022 22:00,3.9,0.000457562
10/14/2022 22:15,4.44,0.000520917
10/14/2022 22:30,4.425,0.000519157
10/14/2022 22:45,4.29,0.000503318
10/14/2022 23:00,4.37,0.000512704
10/14/2022 23:15,4,0.000469294
10/14/2022 23:30,3.975,0.000466361
10/14/2022 23:45,3.83,0.000449349
10/15/2022 0:00,4.14,0.00048572
10/15/2022 0:15,4.11,0.0004822
10/15/2022 0:30,3.885,0.000455802
10/15/2022 0:45,4.065,0.00047692
10/15/2022 1:00,3.925,0.000460495
10/15/2022 1:15,4.11,0.0004822
10/15/2022 1:30,3.89,0.000456389
10/15/2022 1:45,3.97,0.000465775
10/15/2022 2:00,4.01,0.000470468
10/15/2022 2:15,3.785,0.00044407
10/15/2022 2:30,3.685,0.000432337
10/15/2022 2:45,4.28,0.000502145
10/15/2022 3:00,3.96,0.000464601
10/15/2022 3:15,3.85,0.000451696
10/15/2022 3:30,3.68,0.000431751
10/15/2022 3:45,3.86,0.000452869
10/15/2022 4:00,3.89,0.000456389
10/15/2022 4:15,3.73,0.000437617
10/15/2022 4:30,3.77,0.00044231
10/15/2022 4:45,3.675,0.000431164
10/15/2022 5:00,3.565,0.000418259
10/15/2022 5:15,3.58,0.000420018
10/15/2022 5:30,3.585,0.000420605
10/15/2022 5:45,3.51,0.000411806
10/15/2022 6:00,3.71,0.000435271
10/15/2022 6:15,3.5,0.000410633
10/15/2022 6:30,3.89,0.000456389
10/15/2022 6:45,3.8,0.00044583
10/15/2022 7:00,3.86,0.000452869
10/15/2022 7:15,3.63,0.000425885
10/15/2022 7:30,3.34,0.000391861
10/15/2022 7:45,3.31,0.000388341
10/15/2022 8:00,3.215,0.000377195
10/15/2022 8:15,3.47,0.000407113
10/15/2022 8:30,3.63,0.000425885
10/15/2022 8:45,3.925,0.000460495
10/15/2022 9:00,3.795,0.000445243
10/15/2022 9:15,3.51,0.000411806
10/15/2022 9:30,3.375,0.000395967
10/15/2022 9:45,3.275,0.000384235
10/15/2022 10:00,3.29,0.000385995
10/15/2022 10:15,3.055,0.000358424
10/15/2022 10:30,3.075,0.00036077
10/15/2022 10:45,3.115,0.000365463
10/15/2022 11:00,2.93,0.000343758
10/15/2022 11:15,2.765,0.0003244
10/15/2022 11:30,2.68,0.000314427
10/15/2022 11:45,2.555,0.000299762
10/15/2022 12:00,2.575,0.000302108
10/15/2022 12:15,2.52,0.000295655
10/15/2022 12:30,2.535,0.000297415
10/15/2022 12:45,2.355,0.000276297
10/15/2022 13:00,2.38,0.00027923
10/15/2022 13:15,2.435,0.000285683
10/15/2022 13:30,2.475,0.000290376
10/15/2022 13:45,2.425,0.00028451
10/15/2022 14:00,2.14,0.000251072
10/15/2022 14:15,2.05,0.000240513
10/15/2022 14:30,2.105,0.000246966
10/15/2022 14:45,2.74,0.000321467
10/15/2022 15:00,4.075,0.000478094
10/15/2022 15:15,3.445,0.00040418
10/15/2022 15:30,2.575,0.000302108
10/15/2022 15:45,2.375,0.000278644
10/15/2022 16:00,2.36,0.000276884
10/15/2022 16:15,2.56,0.000300348
10/15/2022 16:30,2.835,0.000332612
10/15/2022 16:45,2.565,0.000300935
10/15/2022 17:00,2.42,0.000283923
10/15/2022 17:15,2.425,0.00028451
10/15/2022 17:30,2.425,0.00028451
10/15/2022 17:45,2.475,0.000290376
10/15/2022 18:00,2.42,0.000283923
10/15/2022 18:15,3.075,0.00036077
10/15/2022 18:30,3.045,0.00035725
10/15/2022 18:45,2.77,0.000324986
10/15/2022 19:00,2.555,0.000299762
10/15/2022 19:15,2.615,0.000306801
10/15/2022 19:30,2.59,0.000303868
10/15/2022 19:45,2.535,0.000297415
10/15/2022 20:00,2.53,0.000296829
10/15/2022 20:15,2.455,0.000288029
10/15/2022 20:30,2.565,0.000300935
10/15/2022 20:45,2.61,0.000306215
10/15/2022 21:00,2.675,0.000313841
10/15/2022 21:15,2.715,0.000318534
10/15/2022 21:30,2.66,0.000312081
10/15/2022 21:45,2.92,0.000342585
10/15/2022 22:00,2.725,0.000319707
10/15/2022 22:15,2.8,0.000328506
10/15/2022 22:30,2.875,0.000337305
10/15/2022 22:45,3.02,0.000354317
10/15/2022 23:00,2.87,0.000336719
10/15/2022 23:15,2.95,0.000346105
10/15/2022 23:30,2.975,0.000349038
10/15/2022 23:45,2.895,0.000339652
10/16/2022 0:00,2.915,0.000341998
10/16/2022 0:15,2.85,0.000334372
10/16/2022 0:30,2.94,0.000344931
10/16/2022 0:45,2.84,0.000333199
10/16/2022 1:00,2.91,0.000341412
10/16/2022 1:15,3.05,0.000357837
10/16/2022 1:30,2.99,0.000350798
10/16/2022 1:45,3.07,0.000360183
10/16/2022 2:00,3.18,0.000373089
10/16/2022 2:15,3.295,0.000386581
10/16/2022 2:30,3.665,0.000429991
10/16/2022 2:45,3.765,0.000441723
10/16/2022 3:00,3.76,0.000441137
10/16/2022 3:15,3.59,0.000421192
10/16/2022 3:30,3.935,0.000461668
10/16/2022 3:45,3.945,0.000462842
10/16/2022 4:00,3.5,0.000410633
10/16/2022 4:15,3.805,0.000446416
10/16/2022 4:30,3.83,0.000449349
10/16/2022 4:45,3.925,0.000460495
10/16/2022 5:00,3.82,0.000448176
10/16/2022 5:15,3.925,0.000460495
10/16/2022 5:30,4.625,0.000542622
10/16/2022 5:45,5.01,0.000587791
10/16/2022 6:00,4.255,0.000499212
10/16/2022 6:15,4.73,0.000554941
10/16/2022 6:30,4.665,0.000547315
10/16/2022 6:45,4.675,0.000548488
10/16/2022 7:00,6.01,0.000705115
10/16/2022 7:15,8.51,0.000998424
10/16/2022 7:30,7.795,0.000914537
10/16/2022 7:45,7.54,0.00088462
10/16/2022 8:00,5.915,0.000693969
10/16/2022 8:15,5.805,0.000681063
10/16/2022 8:30,5.54,0.000649973
10/16/2022 8:45,8.765,0.001028341
10/16/2022 9:00,15.855,0.001860166
10/16/2022 9:15,18.89,0.002216243
10/16/2022 9:30,23.185,0.002720147
10/16/2022 9:45,19.83,0.002326527
10/16/2022 10:00,21.465,0.002518351
10/16/2022 10:15,19.525,0.002290743
10/16/2022 10:30,19.805,0.002323594
10/16/2022 10:45,17.835,0.002092466
10/16/2022 11:00,24.93,0.002924877
10/16/2022 11:15,39.67,0.004654227
10/16/2022 11:30,58.065,0.006812394
10/16/2022 11:45,56.46,0.00662409
10/16/2022 12:00,52.24,0.006128984
10/16/2022 12:15,50.94,0.005976464
10/16/2022 12:30,70.705,0.008295364
10/16/2022 12:45,92.91,0.010900535
10/16/2022 13:00,100.68,0.011812139
10/16/2022 13:15,109.985,0.012903835
10/16/2022 13:30,106.205,0.012460352
10/16/2022 13:45,92.965,0.010906988
10/16/2022 14:00,95.965,0.011258958
10/16/2022 14:30,76.96,0.009029224
10/16/2022 14:45,73.08,0.008574008
10/16/2022 15:00,69.95,0.008206785
10/16/2022 15:15,97.045,0.011385668
10/16/2022 15:30,91.17,0.010696392
10/16/2022 15:45,116.825,0.013706328
10/16/2022 16:00,153.76,0.018039675
10/16/2022 16:15,192.05,0.022531996
10/16/2022 16:30,168.64,0.01978545
10/16/2022 16:45,145.28,0.017044771
10/16/2022 17:00,120.89,0.014183249
10/16/2022 17:15,110.85,0.01300532
10/16/2022 17:30,99.97,0.011728839
10/16/2022 17:45,89.365,0.010484623
10/16/2022 18:00,91.905,0.010782625
10/16/2022 18:15,71.785,0.008422074
10/16/2022 18:30,82.965,0.009733752
10/16/2022 18:45,57.465,0.006742
10/16/2022 19:00,54.135,0.006351313
10/16/2022 19:15,48.47,0.005686674
10/16/2022 19:30,47.415,0.005562898
10/16/2022 19:45,45.39,0.005325318
10/16/2022 20:00,44.87,0.00526431
10/16/2022 20:30,52.83,0.006198205
10/16/2022 20:45,36.775,0.004314575
10/16/2022 21:00,37.69,0.004421926
10/16/2022 21:15,34.19,0.004011294
10/16/2022 21:30,59.07,0.006930305
10/16/2022 21:45,36.93,0.00433276
10/16/2022 22:00,30.58,0.003587755
10/16/2022 22:15,36.385,0.004268819
10/16/2022 22:30,29.815,0.003498003
10/16/2022 22:45,28.51,0.003344896
10/16/2022 23:00,29.73,0.00348803
10/16/2022 23:15,27.55,0.003232265
10/16/2022 23:30,29.13,0.003417636
10/16/2022 23:45,28.655,0.003361907
10/17/2022 0:15,25.175,0.002953621
10/17/2022 0:30,28.225,0.003311458
10/17/2022 0:45,33.785,0.003963778
10/17/2022 1:00,65.155,0.007644219
10/17/2022 1:15,25.58,0.003001137
10/17/2022 1:30,23.04,0.002703136
10/17/2022 1:45,21.91,0.00257056
10/17/2022 2:00,21.925,0.00257232
10/17/2022 2:15,20.395,0.002392815
10/17/2022 2:30,30.065,0.003527334
10/17/2022 2:45,28.33,0.003323777
10/17/2022 3:00,19.505,0.002288397
10/17/2022 3:15,28.315,0.003322017
10/17/2022 3:30,18.74,0.002198644
10/17/2022 3:45,21.895,0.0025688
10/17/2022 4:00,25.24,0.002961247
10/17/2022 4:15,27.26,0.003198241
10/17/2022 4:30,35.935,0.004216023
10/17/2022 4:45,21.825,0.002560587
10/17/2022 5:00,17.83,0.00209188
10/17/2022 5:15,21.16,0.002482567
10/17/2022 5:30,18.22,0.002137636
10/17/2022 5:45,16.955,0.001989221
10/17/2022 6:00,18.22,0.002137636
10/17/2022 6:15,17.49,0.00205199
10/17/2022 6:30,17.185,0.002016206
10/17/2022 6:45,15.72,0.001844327
10/17/2022 7:00,19.41,0.002277251
10/17/2022 7:15,16.305,0.001912961
10/17/2022 7:30,15.93,0.001868965
10/17/2022 7:45,16.875,0.001979836
10/17/2022 8:00,20.135,0.002362311
10/17/2022 8:15,15.74,0.001846673
10/17/2022 8:30,22.165,0.002600477
10/17/2022 8:45,13.425,0.001575069
10/17/2022 9:00,15.255,0.001789771
10/17/2022 9:15,18.595,0.002181632
10/17/2022 9:30,35.505,0.004165574
10/17/2022 9:45,12.715,0.001491769
10/17/2022 10:00,13.045,0.001530486
10/17/2022 10:15,20.49,0.00240396
10/17/2022 10:30,18.94,0.002222109
10/17/2022 10:45,15.555,0.001824968
10/17/2022 11:00,14.135,0.001658369
10/17/2022 11:15,16.635,0.001951678
10/17/2022 11:30,12.925,0.001516407
10/17/2022 11:45,15.745,0.00184726
10/17/2022 12:00,15.055,0.001766307
10/17/2022 12:15,10.9,0.001278827
10/17/2022 12:30,12.045,0.001413163
10/17/2022 12:45,39.7,0.004657747
10/17/2022 13:00,11.57,0.001357434
10/17/2022 13:15,13.035,0.001529313
10/17/2022 13:30,11.075,0.001299359
10/17/2022 13:45,17.255,0.002024419
10/17/2022 14:00,11.765,0.001380312
10/17/2022 14:15,10.93,0.001282347
10/17/2022 14:30,13.475,0.001580935
10/17/2022 14:45,11.975,0.00140495
10/17/2022 15:00,12.18,0.001429001
10/17/2022 15:15,11.91,0.001397324
10/17/2022 15:30,16.885,0.001981009
10/17/2022 15:45,13.605,0.001596187
10/17/2022 16:00,31.38,0.003681614
10/17/2022 16:15,10.555,0.001238351
10/17/2022 16:30,11.385,0.001335729
10/17/2022 16:45,10.42,0.001222512
10/17/2022 17:00,11.495,0.001348635
10/17/2022 17:15,10.03,0.001176756
10/17/2022 17:30,18.79,0.00220451
10/17/2022 17:45,13.92,0.001633144
10/17/2022 18:00,10.37,0.001216646
10/17/2022 18:15,12.87,0.001509955
10/17/2022 18:30,11.905,0.001396737
10/17/2022 18:45,17.575,0.002061962
10/17/2022 19:00,10.715,0.001257122
10/17/2022 19:15,11.015,0.001292319
10/17/2022 19:30,11.435,0.001341595
10/17/2022 19:45,11.885,0.001394391
10/17/2022 20:00,10.055,0.001179689
10/17/2022 20:15,20.17,0.002366417
10/17/2022 20:30,12.865,0.001509368
10/17/2022 20:45,15.305,0.001795638
10/17/2022 21:00,11.62,0.0013633
10/17/2022 21:15,13.25,0.001554538
10/17/2022 21:30,13.75,0.001613199
10/17/2022 21:45,13.325,0.001563337
10/17/2022 22:00,20.065,0.002354098
10/17/2022 22:15,10.95,0.001284693
10/17/2022 22:30,18.315,0.002148782
10/17/2022 22:45,14.9,0.001748122
10/17/2022 23:00,13.68,0.001604987
10/17/2022 23:15,12.98,0.00152286
10/17/2022 23:30,10.94,0.00128352
10/17/2022 23:45,20.015,0.002348232
10/18/2022 0:00,11.615,0.001362714
10/18/2022 0:15,14.83,0.001739909
10/18/2022 0:30,37.25,0.004370304
10/18/2022 0:45,12.485,0.001464785
10/18/2022 1:00,13.37,0.001568616
10/18/2022 1:15,19.24,0.002257306
10/18/2022 1:30,12.845,0.001507022
10/18/2022 1:45,18.895,0.002216829
10/18/2022 2:00,12.885,0.001511714
10/18/2022 2:15,12.27,0.00143956
10/18/2022 2:30,14.715,0.001726417
10/18/2022 2:45,15.82,0.001856059
10/18/2022 3:00,37.51,0.004400808
10/18/2022 3:15,11.54,0.001353914
10/18/2022 3:30,11.745,0.001377966
10/18/2022 3:45,17.2,0.002017966
10/18/2022 4:00,11.965,0.001403777
10/18/2022 4:15,12.74,0.001494703
10/18/2022 4:30,13.62,0.001597947
10/18/2022 4:45,14.215,0.001667755
10/18/2022 5:00,12.885,0.001511714
10/18/2022 5:15,13.15,0.001542805
10/18/2022 5:30,22,0.002581119
10/18/2022 5:45,18.76,0.002200991
10/18/2022 6:00,10.965,0.001286453
10/18/2022 6:15,13.04,0.0015299
10/18/2022 6:30,10.755,0.001261815
10/18/2022 6:45,10.255,0.001203153
10/18/2022 7:00,11.365,0.001333383
10/18/2022 7:15,16.33,0.001915894
10/18/2022 7:30,9.78,0.001147425
10/18/2022 7:45,12.65,0.001484143
10/18/2022 8:00,14.865,0.001744015
10/18/2022 8:15,10.405,0.001220752
10/18/2022 8:30,9.155,0.001074097
10/18/2022 8:45,10.505,0.001232484
10/18/2022 9:00,11.025,0.001293493
10/18/2022 9:15,9.805,0.001150358
10/18/2022 9:30,8.685,0.001018955
10/18/2022 9:45,9.85,0.001155637
10/18/2022 10:00,32.125,0.00376902
10/18/2022 10:15,19.635,0.002303649
10/18/2022 10:30,10.53,0.001235417
10/18/2022 10:45,11.8,0.001384418
10/18/2022 11:00,10.58,0.001241284
10/18/2022 11:15,9.22,0.001081724
10/18/2022 11:30,9.475,0.001111641
10/18/2022 11:45,9.26,0.001086416
10/18/2022 12:00,8.955,0.001050633
10/18/2022 12:15,9.52,0.001116921
10/18/2022 12:30,13.295,0.001559817
10/18/2022 12:45,11.275,0.001322823
10/18/2022 13:00,11.94,0.001400844
10/18/2022 13:15,12.335,0.001447186
10/18/2022 13:30,24.32,0.00285331
10/18/2022 13:45,9.995,0.001172649
10/18/2022 14:00,8.22,0.0009644
10/18/2022 14:15,13.09,0.001535766
10/18/2022 14:30,10.06,0.001180275
10/18/2022 14:45,9.575,0.001123373
10/18/2022 15:00,12.21,0.001432521
10/18/2022 15:15,7.695,0.000902805
10/18/2022 15:30,10.12,0.001187315
10/18/2022 15:45,11.405,0.001338076
10/18/2022 16:00,11.1,0.001302292
10/18/2022 16:15,12.86,0.001508781
10/18/2022 16:30,13.01,0.00152638
10/18/2022 16:45,12.15,0.001425482
10/18/2022 17:00,21.46,0.002517764
10/18/2022 17:15,22.985,0.002696683
10/18/2022 17:30,18.325,0.002149955
10/18/2022 17:45,13.81,0.001620239
10/18/2022 18:00,13.395,0.001571549
10/18/2022 18:15,13.52,0.001586215
10/18/2022 18:30,17.1,0.002006233
10/18/2022 18:45,32.715,0.003838241
10/18/2022 19:00,35.835,0.004204291
10/18/2022 19:15,32.14,0.00377078
10/18/2022 19:30,29.245,0.003431128
10/18/2022 19:45,14.515,0.001702952
10/18/2022 20:00,15.255,0.001789771
10/18/2022 20:15,12.1,0.001419615
10/18/2022 20:30,10.92,0.001281174
10/18/2022 20:45,12.405,0.001455399
10/18/2022 21:00,10.805,0.001267681
10/18/2022 21:15,10.16,0.001192008
10/18/2022 21:30,9.965,0.00116913
10/18/2022 21:45,10.57,0.00124011
10/18/2022 22:00,10.735,0.001259469
10/18/2022 22:15,11.01,0.001291733
10/18/2022 22:30,16.615,0.001949331
10/18/2022 22:45,11.345,0.001331036
10/18/2022 23:00,10.64,0.001248323
10/18/2022 23:15,11.485,0.001347461
10/18/2022 23:30,11.62,0.0013633
10/18/2022 23:45,17.585,0.002063135
10/19/2022 0:00,13.205,0.001549258
10/19/2022 0:15,10.56,0.001238937
10/19/2022 0:30,16.77,0.001967517
10/19/2022 0:45,13.285,0.001558644
10/19/2022 1:00,10.285,0.001206673
10/19/2022 1:15,11.95,0.001402017
10/19/2022 1:30,12.225,0.001434281
10/19/2022 1:45,10.125,0.001187901
10/19/2022 2:00,10.2,0.001196701
10/19/2022 2:15,11.53,0.001352741
10/19/2022 2:30,16.355,0.001918827
10/19/2022 2:45,10.555,0.001238351
10/19/2022 3:00,14.895,0.001747535
10/19/2022 3:15,14.215,0.001667755
10/19/2022 3:30,11.31,0.00132693
10/19/2022 3:45,11.39,0.001336316
10/19/2022 4:00,14.78,0.001734043
10/19/2022 4:15,14.98,0.001757507
10/19/2022 4:30,9.835,0.001153878
10/19/2022 4:45,11.475,0.001346288
10/19/2022 5:00,11.985,0.001406123
10/19/2022 5:15,13.68,0.001604987
10/19/2022 5:30,10.46,0.001227205
10/19/2022 5:45,11.89,0.001394977
10/19/2022 6:00,10.205,0.001197287
10/19/2022 6:15,14.985,0.001758094
10/19/2022 6:30,10.405,0.001220752
10/19/2022 6:45,13.875,0.001627865
10/19/2022 7:00,12.375,0.001451879
10/19/2022 7:15,12.69,0.001488836
10/19/2022 7:30,12.64,0.00148297
10/19/2022 7:45,14.325,0.00168066
10/19/2022 8:00,15.435,0.00181089
10/19/2022 8:15,16.85,0.001976903
10/19/2022 8:30,10.86,0.001274134
10/19/2022 8:45,8.465,0.000993144
10/19/2022 9:00,8.83,0.001035967
10/19/2022 9:15,12.235,0.001435454
10/19/2022 9:30,8.9,0.00104418
10/19/2022 9:45,10.85,0.001272961
10/19/2022 10:00,9.325,0.001094042
10/19/2022 10:15,8.66,0.001016022
10/19/2022 10:30,8.575,0.00100605
10/19/2022 10:45,10.2,0.001196701
10/19/2022 11:00,11.575,0.001358021
10/19/2022 11:15,9.125,0.001070578
10/19/2022 11:30,7.78,0.000912778
10/19/2022 11:45,9.24,0.00108407
10/19/2022 12:00,12.895,0.001512888
10/19/2022 12:15,11.23,0.001317544
10/19/2022 12:30,13.89,0.001629625
10/19/2022 12:45,11.81,0.001385592
10/19/2022 13:00,15.015,0.001761614
10/19/2022 13:15,15.235,0.001787425
10/19/2022 13:30,17.03,0.001998021
10/19/2022 13:45,14.77,0.001732869
10/19/2022 14:00,17.265,0.002025592
10/19/2022 14:15,17.47,0.002049643
10/19/2022 14:30,13.315,0.001562164
10/19/2022 14:45,13.31,0.001561577
10/19/2022 15:00,11.04,0.001295252
10/19/2022 15:15,23.195,0.002721321
10/19/2022 15:30,9.525,0.001117507
10/19/2022 15:45,12.73,0.001493529
10/19/2022 16:00,10.93,0.001282347
10/19/2022 16:15,25.565,0.002999378
10/19/2022 16:30,21.98,0.002578773
10/19/2022 16:45,19.28,0.002261999
10/19/2022 17:00,25.555,0.002998204
10/19/2022 17:15,28.01,0.003286234
10/19/2022 17:30,28.41,0.003333163
10/19/2022 17:45,20.47,0.002401614
10/19/2022 18:00,18.2,0.002135289
10/19/2022 18:15,29.155,0.003420569
10/19/2022 18:30,21.9,0.002569387
10/19/2022 18:45,14.67,0.001721137
10/19/2022 19:00,18.66,0.002189258
10/19/2022 19:15,17.49,0.00205199
10/19/2022 19:30,22.79,0.002673805
10/19/2022 19:45,23.64,0.00277353
10/19/2022 20:00,11.735,0.001376792
10/19/2022 20:15,10.145,0.001190248
10/19/2022 20:30,8.245,0.000967333
10/19/2022 20:45,15.305,0.001795638
10/19/2022 21:00,8.22,0.0009644
10/19/2022 21:15,8.175,0.00095912
10/19/2022 21:30,8.86,0.001039487
10/19/2022 21:45,10.205,0.001197287
10/19/2022 22:00,8.96,0.001051219
10/19/2022 22:15,9.81,0.001150944
10/19/2022 22:30,9.29,0.001089936
10/19/2022 22:45,8.955,0.001050633
10/19/2022 23:00,10.2,0.001196701
10/19/2022 23:15,8.165,0.000957947
10/19/2022 23:30,11.62,0.0013633
10/19/2022 23:45,10.15,0.001190834
10/20/2022 0:00,10.54,0.001236591
10/20/2022 0:15,9.23,0.001082897
10/20/2022 0:30,9.97,0.001169716
10/20/2022 0:45,8.225,0.000964987
10/20/2022 1:00,8.615,0.001010743
10/20/2022 1:15,8.515,0.00099901
10/20/2022 1:30,9.545,0.001119854
10/20/2022 1:45,8.22,0.0009644
10/20/2022 2:00,11.515,0.001350981
10/20/2022 2:15,8.855,0.0010389
10/20/2022 2:30,9.615,0.001128066
10/20/2022 2:45,9.83,0.001153291
10/20/2022 3:00,9.35,0.001096976
10/20/2022 3:15,13.665,0.001603227
10/20/2022 3:30,7.895,0.00092627
10/20/2022 3:45,8.12,0.000952668
10/20/2022 4:00,7.835,0.00091923
10/20/2022 4:15,18.36,0.002154061
10/20/2022 4:30,7.745,0.000908671
10/20/2022 4:45,10.735,0.001259469
10/20/2022 5:00,9.28,0.001088763
10/20/2022 5:15,9.4,0.001102842
10/20/2022 5:30,8.435,0.000989624
10/20/2022 5:45,7.83,0.000918644
10/20/2022 6:00,9.03,0.001059432
10/20/2022 6:15,8.99,0.001054739
10/20/2022 6:30,8.365,0.000981412
10/20/2022 6:45,8.57,0.001005463
10/20/2022 7:00,11.06,0.001297599
10/20/2022 7:15,9.04,0.001060605
10/20/2022 7:30,7.445,0.000873474
10/20/2022 7:45,7.7,0.000903392
10/20/2022 8:00,7.67,0.000899872
10/20/2022 8:15,9.495,0.001113987
10/20/2022 8:30,8.935,0.001048286
10/20/2022 8:45,7.57,0.00088814
10/20/2022 9:00,8.415,0.000987278
10/20/2022 9:15,10.22,0.001199047
10/20/2022 9:30,8.51,0.000998424
10/20/2022 9:45,8.1,0.000950321
10/20/2022 10:00,8.48,0.000994904
10/20/2022 10:15,7.58,0.000889313
10/20/2022 10:30,8.95,0.001050046
10/20/2022 10:45,9.17,0.001075857
10/20/2022 11:00,7.775,0.000912191
10/20/2022 11:15,15.155,0.001778039
10/20/2022 11:30,17.325,0.002032631
10/20/2022 11:45,10.82,0.001269441
10/20/2022 12:00,10.05,0.001179102
10/20/2022 12:15,11.44,0.001342182
10/20/2022 12:30,8.705,0.001021302
10/20/2022 12:45,7.805,0.000915711
10/20/2022 13:00,7.185,0.00084297
10/20/2022 13:15,6.58,0.000771989
10/20/2022 13:30,7.745,0.000908671
10/20/2022 13:45,7.265,0.000852356
10/20/2022 14:00,9.695,0.001137452
10/20/2022 14:15,8.28,0.000971439
10/20/2022 14:30,6.97,0.000817745
10/20/2022 14:45,12.12,0.001421962
10/20/2022 15:00,7.28,0.000854116
10/20/2022 15:15,8.44,0.000990211
10/20/2022 15:30,10.49,0.001230724
10/20/2022 15:45,12.76,0.001497049
10/20/2022 16:00,9.66,0.001133346
10/20/2022 16:15,9.23,0.001082897
10/20/2022 16:30,8.125,0.000953254
10/20/2022 16:45,17.515,0.002054923
10/20/2022 17:00,13.285,0.001558644
10/20/2022 17:15,6.71,0.000787241
10/20/2022 17:30,7.775,0.000912191
10/20/2022 17:45,8.59,0.00100781
10/20/2022 18:00,9.77,0.001146251
10/20/2022 18:15,6.85,0.000803667
10/20/2022 18:30,8.67,0.001017196
10/20/2022 18:45,7.72,0.000905738
10/20/2022 19:00,6.35,0.000745005
10/20/2022 19:15,8.12,0.000952668
10/20/2022 19:30,9.24,0.00108407
10/20/2022 19:45,18.2,0.002135289
10/20/2022 20:00,11.06,0.001297599
10/20/2022 20:15,9.18,0.001077031
10/20/2022 20:30,37.49,0.004398461
10/20/2022 20:45,8.98,0.001053566
10/20/2022 21:00,7.385,0.000866435
10/20/2022 21:15,7.745,0.000908671
10/20/2022 21:30,17.13,0.002009753
10/20/2022 21:45,7.705,0.000903978
10/20/2022 22:00,9.275,0.001088176
10/20/2022 22:15,7.755,0.000909844
10/20/2022 22:30,20.965,0.002459689
10/20/2022 22:45,7.645,0.000896939
10/20/2022 23:00,11.6,0.001360954
10/20/2022 23:15,9.745,0.001143318
10/20/2022 23:30,11.555,0.001355674
10/20/2022 23:45,8.345,0.000979065
10/21/2022 0:00,9.565,0.0011222
10/21/2022 0:15,7.755,0.000909844
10/21/2022 0:30,10.985,0.0012888
10/21/2022 0:45,7.935,0.000930963
10/21/2022 1:00,10.69,0.001254189
10/21/2022 1:15,11.79,0.001383245
10/21/2022 1:30,7.565,0.000887553
10/21/2022 1:45,6.355,0.000745591
10/21/2022 2:00,8.015,0.000940349
10/21/2022 2:15,10.345,0.001213713
10/21/2022 2:30,6.525,0.000765536
10/21/2022 2:45,8.76,0.001027755
10/21/2022 3:00,7.36,0.000863502
10/21/2022 3:15,6.65,0.000780202
10/21/2022 3:30,9.225,0.00108231
10/21/2022 3:45,7.665,0.000899285
10/21/2022 4:00,8.275,0.000970853
10/21/2022 4:15,7.79,0.000913951
10/21/2022 4:30,6.59,0.000773162
10/21/2022 4:45,6.33,0.000742658
10/21/2022 5:00,6.865,0.000805426
10/21/2022 5:15,8.215,0.000963813
10/21/2022 5:30,8.635,0.001013089
10/21/2022 5:45,9.52,0.001116921
10/21/2022 6:00,10.33,0.001211953
10/21/2022 6:15,9.615,0.001128066
10/21/2022 6:30,9.32,0.001093456
10/21/2022 6:45,9.35,0.001096976
10/21/2022 7:00,21.115,0.002477288
10/21/2022 7:15,8.585,0.001007223
10/21/2022 7:30,7.575,0.000888726
10/21/2022 7:45,12.33,0.0014466
10/21/2022 8:00,8.235,0.00096616
10/21/2022 8:15,9.87,0.001157984
10/21/2022 8:30,9.45,0.001108708
10/21/2022 8:45,9.25,0.001085243
10/21/2022 9:00,8.755,0.001027168
10/21/2022 9:15,7.565,0.000887553
10/21/2022 9:30,10.505,0.001232484
10/21/2022 9:45,8.175,0.00095912
10/21/2022 10:00,36.415,0.004272339
10/21/2022 10:15,8.315,0.000975546
10/21/2022 10:30,11.715,0.001374446
10/21/2022 10:45,17.77,0.00208484
10/21/2022 11:00,8.73,0.001024235
10/21/2022 11:15,10.955,0.00128528
10/21/2022 11:30,11.725,0.001375619
10/21/2022 11:45,11.495,0.001348635
10/21/2022 12:00,13.31,0.001561577
10/21/2022 12:15,6.31,0.000740312
10/21/2022 12:30,7.515,0.000881687
10/21/2022 12:45,7.85,0.00092099
10/21/2022 13:00,7.725,0.000906325
10/21/2022 13:15,7.135,0.000837104
10/21/2022 13:30,8.06,0.000945628
10/21/2022 13:45,4.985,0.000584858
10/21/2022 14:00,5.86,0.000687516
10/21/2022 14:15,7.6,0.000891659
10/21/2022 14:30,8.41,0.000986691
10/21/2022 14:45,7.62,0.000894006
10/21/2022 15:00,5.2,0.000610083
10/21/2022 15:15,9.305,0.001091696
10/21/2022 15:30,8.73,0.001024235
10/21/2022 15:45,6.475,0.00075967
10/21/2022 16:00,6.86,0.00080484
10/21/2022 16:15,6.03,0.000707461
10/21/2022 16:30,6.38,0.000748525
10/21/2022 16:45,7.41,0.000869368
10/21/2022 17:00,8.005,0.000939175
10/21/2022 17:15,7.23,0.00084825
10/21/2022 17:30,6.79,0.000796627
10/21/2022 17:45,6.19,0.000726233
10/21/2022 18:00,5.66,0.000664052
10/21/2022 18:15,7.755,0.000909844
10/21/2022 18:30,7.22,0.000847076
10/21/2022 18:45,9.27,0.00108759
10/21/2022 19:00,6.1,0.000715674
10/21/2022 19:15,5.16,0.00060539
10/21/2022 19:30,9.1,0.001067645
10/21/2022 19:45,6.03,0.000707461
10/21/2022 20:00,9.305,0.001091696
10/21/2022 20:15,7.865,0.00092275
10/21/2022 20:30,7.645,0.000896939
10/21/2022 20:45,9.15,0.001073511
10/21/2022 21:00,8.05,0.000944455
10/21/2022 21:15,18.59,0.002181046
10/21/2022 21:30,7.12,0.000835344
10/21/2022 21:45,7.59,0.000890486
10/21/2022 22:00,7.915,0.000928616
10/21/2022 22:15,7.96,0.000933896
10/21/2022 22:30,7.465,0.000875821
10/21/2022 22:45,5.485,0.00064352
10/21/2022 23:00,8.08,0.000947975
10/21/2022 23:15,6.215,0.000729166
10/21/2022 23:30,8.32,0.000976132
10/21/2022 23:45,7.39,0.000867021
10/22/2022 0:00,7.085,0.000831238
10/22/2022 0:15,7.805,0.000915711
10/22/2022 0:30,8.13,0.000953841
10/22/2022 0:45,6.125,0.000718607
10/22/2022 1:00,7.315,0.000858222
10/22/2022 1:15,8.555,0.001003703
10/22/2022 1:30,8.485,0.000995491
10/22/2022 1:45,8.015,0.000940349
10/22/2022 2:00,6.495,0.000762017
10/22/2022 2:15,11.05,0.001296426
10/22/2022 2:30,7.415,0.000869954
10/22/2022 2:45,9.725,0.001140972
10/22/2022 3:00,7.705,0.000903978
10/22/2022 3:15,8.075,0.000947388
10/22/2022 3:30,9.675,0.001135106
10/22/2022 3:45,5.285,0.000620055
10/22/2022 4:00,8.28,0.000971439
10/22/2022 4:15,5.795,0.00067989
10/22/2022 4:30,17.065,0.002002127
10/22/2022 4:45,11.225,0.001316957
10/22/2022 5:00,5.345,0.000627095
10/22/2022 5:15,5.955,0.000698662
10/22/2022 5:30,8.17,0.000958534
10/22/2022 5:45,7.23,0.00084825
10/22/2022 6:00,15.955,0.001871898
10/22/2022 6:15,9.42,0.001105188
10/22/2022 6:30,6.66,0.000781375
10/22/2022 6:45,10.845,0.001272374
10/22/2022 7:00,6.845,0.00080308
10/22/2022 7:15,6.27,0.000735619
10/22/2022 7:30,17.035,0.001998607
10/22/2022 7:45,9.55,0.00112044
10/22/2022 8:00,10.375,0.001217232
10/22/2022 8:15,5.95,0.000698075
10/22/2022 8:30,9.295,0.001090523
10/22/2022 8:45,8.61,0.001010156
10/22/2022 9:00,7.015,0.000823025
10/22/2022 9:15,7.15,0.000838864
10/22/2022 9:30,8.5,0.000997251
10/22/2022 9:45,25.04,0.002937783
10/22/2022 10:00,8.115,0.000952081
10/22/2022 10:15,5.815,0.000682237
10/22/2022 10:30,7.845,0.000920404
10/22/2022 10:45,8.39,0.000984345
10/22/2022 11:00,8.245,0.000967333
10/22/2022 11:15,5.91,0.000693382
10/22/2022 11:30,6.85,0.000803667
10/22/2022 11:45,5.025,0.000589551
10/22/2022 12:00,3.785,0.00044407
10/22/2022 12:15,8.205,0.00096264
10/22/2022 12:30,5.37,0.000630028
10/22/2022 12:45,5.34,0.000626508
10/22/2022 13:00,5.015,0.000588378
10/22/2022 13:15,5.555,0.000651733
10/22/2022 13:30,7.45,0.000874061
10/22/2022 13:45,5.81,0.00068165
10/22/2022 14:00,104.235,0.012229224
10/22/2022 14:15,5.54,0.000649973
10/22/2022 14:30,4.35,0.000510358
10/22/2022 14:45,6.85,0.000803667
10/22/2022 15:00,7.19,0.000843557
10/22/2022 15:15,6.44,0.000755564
10/22/2022 15:30,5.62,0.000659359
10/22/2022 15:45,6.365,0.000746765
10/22/2022 16:00,11.36,0.001332796
10/22/2022 16:15,11.06,0.001297599
10/22/2022 16:30,4.74,0.000556114
10/22/2022 16:45,6.925,0.000812466
10/22/2022 17:00,5.495,0.000644693
10/22/2022 17:15,6.32,0.000741485
10/22/2022 17:30,6.64,0.000779029
10/22/2022 17:45,7.425,0.000871128
10/22/2022 18:00,10.525,0.001234831
10/22/2022 18:15,5.14,0.000603043
10/22/2022 18:30,8.255,0.000968506
10/22/2022 18:45,10.16,0.001192008
10/22/2022 19:00,7.04,0.000825958
10/22/2022 19:15,7.8,0.000915124
10/22/2022 19:30,8.825,0.001035381
10/22/2022 19:45,7.775,0.000912191
10/22/2022 20:00,5.045,0.000591898
10/22/2022 20:15,7.795,0.000914537
10/22/2022 20:30,8.145,0.000955601
10/22/2022 20:45,6.87,0.000806013
10/22/2022 21:00,12.175,0.001428415
10/22/2022 21:15,6.795,0.000797214
10/22/2022 21:30,8.405,0.000986105
10/22/2022 21:45,6.165,0.0007233
10/22/2022 22:00,7.705,0.000903978
10/22/2022 22:15,246.065,0.028869229
10/22/2022 22:45,86.835,0.010187794
10/22/2022 23:00,8.185,0.000960294
10/22/2022 23:15,5.445,0.000638827
10/22/2022 23:30,5.78,0.00067813
10/22/2022 23:45,7.515,0.000881687
10/23/2022 0:00,6.2,0.000727406
10/23/2022 0:15,7.7,0.000903392
10/23/2022 0:30,8.345,0.000979065
10/23/2022 0:45,6.37,0.000747351
10/23/2022 1:00,7.155,0.00083945
10/23/2022 1:15,8.135,0.000954427
10/23/2022 1:30,8.405,0.000986105
10/23/2022 1:45,8.535,0.001001357
10/23/2022 2:00,5.735,0.000672851
10/23/2022 2:15,7.225,0.000847663
10/23/2022 2:30,54.54,0.006398829
10/23/2022 2:45,47.77,0.005604548
10/23/2022 3:00,19.3,0.002264345
10/23/2022 3:15,36.71,0.004306949
10/23/2022 3:30,74.435,0.008732981
10/23/2022 3:45,38.91,0.004565061
10/23/2022 4:00,39.64,0.004650707
10/23/2022 4:15,47.89,0.005618627
10/23/2022 4:30,21.75,0.002551788
10/23/2022 4:45,68.76,0.00806717
10/23/2022 5:00,50.17,0.005886125
10/23/2022 5:15,48.555,0.005696647
10/23/2022 5:30,1078.045,0.12648011
10/23/2022 5:45,247.805,0.029073372
10/23/2022 6:00,52.235,0.006128398
10/23/2022 6:15,93.285,0.010944531
10/23/2022 6:30,62.81,0.007369095
10/23/2022 6:45,63.455,0.007444768
10/23/2022 7:00,36.52,0.004284658
10/23/2022 7:15,34.15,0.004006601
10/23/2022 7:30,48.8,0.005725391
10/23/2022 7:45,77.52,0.009094925
10/23/2022 8:00,256.73,0.030120485
10/23/2022 8:15,564.745,0.066257911
10/23/2022 8:30,1084.365,0.127221596
10/23/2022 8:45,1196.03,0.140322534
10/23/2022 9:00,1457.51,0.171000307
10/23/2022 9:15,1496.82,0.175612297
10/23/2022 9:30,1923.77,0.225703604
10/23/2022 9:45,2072.17,0.243114425
10/23/2022 10:00,2429.45,0.285031798
10/23/2022 10:15,3379.095,0.396447559
10/23/2022 10:30,3438.8,0.403452364
10/23/2022 10:45,4098.23,0.480819059
10/23/2022 11:00,5774.38,0.677470996
10/23/2022 11:15,5701.86,0.668962689
10/23/2022 11:30,5209.505,0.611197833
10/23/2022 11:45,5451.015,0.639532653
10/23/2022 12:00,5346.89,0.627316334
10/23/2022 12:15,5508.11,0.646231244
10/23/2022 12:30,4218.91,0.49497767
10/23/2022 12:45,3244.365,0.380640552
10/23/2022 13:00,2984.45,0.350146391
10/23/2022 13:15,4403.595,0.516645578
10/23/2022 13:30,4551.315,0.533976619
10/23/2022 13:45,2072.275,0.243126744
10/23/2022 14:00,1859.785,0.218196654
10/23/2022 14:15,1863.16,0.218592621
10/23/2022 14:30,1523.915,0.17879118
10/23/2022 14:45,1461.37,0.171453176
10/23/2022 15:00,1534.77,0.180064727
10/23/2022 15:15,642.24,0.075349903
10/23/2022 15:30,539.425,0.063287278
10/23/2022 15:45,275.235,0.032291559
10/23/2022 16:00,543.87,0.063808781
10/23/2022 16:15,409.645,0.048061022
10/23/2022 16:30,447.79,0.052536331
10/23/2022 16:45,361.32,0.04239136
10/23/2022 17:00,347.6,0.04078168
10/23/2022 17:15,361.79,0.042446502
10/23/2022 17:30,390.65,0.045832461
10/23/2022 17:45,446.16,0.052345093
10/23/2022 18:00,859.18,0.100802083
10/23/2022 18:15,1022.89,0.120009128
10/23/2022 18:30,948.475,0.111278493
10/23/2022 18:45,895.595,0.105074421
10/23/2022 19:00,1097.955,0.128816023
10/23/2022 19:15,1126.675,0.132185557
10/23/2022 19:30,1085.235,0.127323667
10/23/2022 19:45,1203.06,0.141147319
10/23/2022 20:00,1246.365,0.146228017
10/23/2022 20:15,1284.31,0.150679861
10/23/2022 20:30,1262.115,0.148075864
10/23/2022 20:45,1410.22,0.165452074
10/23/2022 21:00,1404.685,0.164802688
10/23/2022 21:15,1408.635,0.165266116
10/23/2022 21:30,1838.315,0.215677717
10/23/2022 21:45,2147.74,0.251980569
10/23/2022 22:00,2239.555,0.262752634
10/23/2022 22:15,1913.655,0.224516876
10/23/2022 22:30,3299.83,0.387147905
10/23/2022 22:45,3143.93,0.368857157
10/23/2022 23:00,3255.84,0.38198684
10/23/2022 23:15,4140.785,0.485811765
10/23/2022 23:30,4372.465,0.512993294
10/23/2022 23:45,5597.915,0.656767489
10/24/2022 0:00,4296.43,0.504072595
10/24/2022 0:15,4541.31,0.532802796
10/24/2022 0:30,4027.22,0.472487911
10/24/2022 0:45,3900.645,0.457637678
10/24/2022 1:00,3371.05,0.395503691
10/24/2022 1:15,3916.055,0.459445634
10/24/2022 1:30,1958.975,0.229833981
10/24/2022 1:45,1013.105,0.118861116
10/24/2022 2:00,3995.88,0.46881099
10/24/2022 2:15,3539.84,0.41530674
10/24/2022 2:30,3133.42,0.367624086
10/24/2022 2:45,5287.525,0.620351419
10/24/2022 3:00,5934.325,0.696236318
10/24/2022 3:15,4608.375,0.540671103
10/24/2022 3:30,4207.515,0.493640768
10/24/2022 3:45,5220.095,0.61244029
10/24/2022 4:00,3208.37,0.376417489
10/24/2022 4:15,5487.38,0.643799126
10/24/2022 4:30,5563.345,0.652711612
10/24/2022 4:45,5556.915,0.651957221
10/24/2022 5:00,5656.275,0.663614493
10/24/2022 5:15,5680.65,0.666474256
10/24/2022 5:30,6078.205,0.713116836
10/24/2022 5:45,6736,0.790291708
10/24/2022 6:00,6385.76,0.749200293
10/24/2022 6:15,6383.53,0.748938661
10/24/2022 6:30,6011.295,0.705266715
10/24/2022 6:45,6549.245,0.76838094
10/24/2022 7:00,6149.13,0.721438012
10/24/2022 7:15,6341.28,0.74398174
10/24/2022 7:30,6753.675,0.792365402
10/24/2022 7:45,6445.295,0.756185153
10/24/2022 8:00,6095.7,0.715169412
10/24/2022 8:15,6615,0.776095553
10/24/2022 8:30,7178.93,0.842257846
10/24/2022 8:45,6749.345,0.791857391
10/24/2022 9:00,6930.155,0.813070669
10/24/2022 9:15,7452.765,0.874385151
10/24/2022 9:30,7100.77,0.833087834
10/24/2022 9:45,7201.64,0.844922264
10/24/2022 10:00,7835.58,0.919298381
10/24/2022 10:15,6204.445,0.727927766
10/24/2022 10:30,7343.785,0.861599226
10/24/2022 10:45,6478.29,0.760056245
10/24/2022 11:00,6297.695,0.738868191
10/24/2022 11:15,6638.97,0.778907799
10/24/2022 11:30,6429.33,0.754312082
10/24/2022 11:45,7607.46,0.892534524
10/24/2022 12:00,5594.41,0.65635627
10/24/2022 12:15,8064.4,0.946144366
10/24/2022 12:30,6660.005,0.781375701
10/24/2022 12:45,4153.89,0.487349291
10/24/2022 13:00,5017.485,0.588669357
10/24/2022 13:15,5496.39,0.644856211
10/24/2022 13:30,4368.545,0.512533386
10/24/2022 13:45,5361.765,0.629061523
10/24/2022 14:00,4611.815,0.541074696
10/24/2022 14:15,4876.995,0.572186566
10/24/2022 14:30,4339.355,0.50910871
10/24/2022 14:45,4645.59,0.5450373
10/24/2022 15:00,3206.97,0.376253236
10/24/2022 15:15,4223.795,0.495550796
10/24/2022 15:30,6043.23,0.709013444
10/24/2022 15:45,5358.195,0.628642678
10/24/2022 16:00,5612.295,0.658454602
10/24/2022 16:15,5906.23,0.692940112
10/24/2022 16:30,6555.645,0.769131811
10/24/2022 16:45,5213.12,0.611621958
10/24/2022 17:00,4535.88,0.532165729
10/24/2022 17:15,4082.89,0.479019316
10/24/2022 17:30,3695.695,0.433592208
10/24/2022 17:45,4045.795,0.474667197
10/24/2022 18:00,3739.24,0.438701064
10/24/2022 18:15,2479.345,0.290885658
10/24/2022 18:30,2736.355,0.321038994
10/24/2022 18:45,2270.56,0.266390252
10/24/2022 19:00,2508.41,0.294295668
10/24/2022 19:15,2874.395,0.337234343
10/24/2022 19:30,2756.875,0.323446474
10/24/2022 19:45,2929.36,0.343683034
10/24/2022 20:00,2823.835,0.331302462
10/24/2022 20:15,3008.255,0.352939279
10/24/2022 20:30,3756.355,0.440709057
10/24/2022 20:45,3740.325,0.43882836
10/24/2022 21:00,3957.75,0.464337441
10/24/2022 21:15,3522.795,0.413306959
10/24/2022 21:30,2962.385,0.347557645
10/24/2022 21:45,2844.015,0.333670052
10/24/2022 22:00,3074.14,0.360669143
10/24/2022 22:15,3425.315,0.401870255
10/24/2022 22:30,3482.275,0.408553007
10/24/2022 22:45,3410.455,0.400126827
10/24/2022 23:00,3490.955,0.409571376
10/24/2022 23:15,3246.16,0.380851147
10/24/2022 23:30,3440.42,0.403642428
10/24/2022 23:45,3276.69,0.384433037
10/25/2022 0:00,3120.79,0.366142289
10/25/2022 0:15,3402.235,0.399162427
10/25/2022 0:30,3439.07,0.403484041
10/25/2022 0:45,3142.525,0.368692317
10/25/2022 1:00,3868.56,0.45387335
10/25/2022 1:15,3828.395,0.449161048
10/25/2022 1:30,3943.475,0.462662647
10/25/2022 1:45,3841.615,0.450712066
10/25/2022 2:00,2771.79,0.325196356
10/25/2022 2:15,4073.075,0.477867785
10/25/2022 2:30,3995.145,0.468724757
10/25/2022 2:45,4386.355,0.514622919
10/25/2022 3:00,4102.11,0.481274275
10/25/2022 3:15,1978.75,0.232154055
10/25/2022 3:30,2180.44,0.25581705
10/25/2022 3:45,1831.7,0.214901621
10/25/2022 4:00,2395.035,0.280994106
10/25/2022 4:15,3203.155,0.375805646
10/25/2022 4:30,3362.965,0.394555129
10/25/2022 4:45,3441.46,0.403764445
10/25/2022 5:00,3544.53,0.415856987
10/25/2022 5:15,4008.295,0.470267562
10/25/2022 5:30,2717.415,0.318816885
10/25/2022 5:45,3276.67,0.38443069
10/25/2022 6:00,2741.02,0.321586309
10/25/2022 6:15,3247.13,0.380964951
10/25/2022 6:30,2900.2,0.340261878
10/25/2022 6:45,2984.605,0.350164576
10/25/2022 7:00,2395.975,0.28110439
10/25/2022 7:15,2739.935,0.321459013
10/25/2022 7:30,2688.475,0.315421541
10/25/2022 7:45,3088.285,0.362328686
10/25/2022 8:00,2848.44,0.334189209
10/25/2022 8:15,2251.195,0.264118281
10/25/2022 8:30,1621.205,0.190205592
10/25/2022 8:45,2164.95,0.253999708
10/25/2022 9:00,2071.56,0.243042858
10/25/2022 9:15,3266.82,0.383275053
10/25/2022 9:30,3445.92,0.404287708
10/25/2022 9:45,2362.62,0.277191062
10/25/2022 10:00,2400.98,0.281691595
10/25/2022 10:15,2534.505,0.297357227
10/25/2022 10:30,2601.725,0.305243719
10/25/2022 10:45,2250.225,0.264004477
10/25/2022 11:00,2455.43,0.288079865
10/25/2022 11:15,2419.445,0.283857975
10/25/2022 11:30,2638.23,0.309526617
10/25/2022 11:45,2052.135,0.240763847
10/25/2022 12:00,2955.325,0.346729341
10/25/2022 12:15,2740.91,0.321573403
10/25/2022 12:30,2734.615,0.320834851
10/25/2022 12:45,2996.86,0.351602376
10/25/2022 13:00,2402.24,0.281839423
10/25/2022 13:15,2605.98,0.305742931
10/25/2022 13:30,2507.195,0.29415312
10/25/2022 13:45,2433.84,0.285546848
10/25/2022 14:00,2362.115,0.277131814
10/25/2022 14:15,2758.105,0.323590782
10/25/2022 14:30,2968.405,0.348263933
10/25/2022 14:45,2956.09,0.346819093
10/25/2022 15:00,3061.21,0.359152149
10/25/2022 15:15,3237.71,0.379859763
10/25/2022 15:30,3157.57,0.370457451
10/25/2022 15:45,2317.885,0.271942591
10/25/2022 16:00,3020.375,0.354361241
10/25/2022 16:15,2497.595,0.293026814
10/25/2022 16:30,2476.855,0.290593522
10/25/2022 16:45,2664.285,0.312583483
10/25/2022 17:00,2995.895,0.351489159
10/25/2022 17:15,2503.525,0.293722543
10/25/2022 17:30,2768.175,0.324772231
10/25/2022 17:45,2426.995,0.284743768
10/25/2022 18:00,2697.495,0.3164798
10/25/2022 18:15,2757.97,0.323574944
10/25/2022 18:30,2800.93,0.328615165
10/25/2022 18:45,2995.505,0.351443403
10/25/2022 19:00,2787.04,0.32698554
10/25/2022 19:15,3012.83,0.353476034
10/25/2022 19:30,2931.085,0.343885417
10/25/2022 19:45,2646.955,0.310550265
10/25/2022 20:00,2380.33,0.279268863
10/25/2022 20:15,2536.255,0.297562544
10/25/2022 20:30,2842.98,0.333548622
10/25/2022 20:45,2559.335,0.300270372
10/25/2022 21:00,2703.32,0.317163209
10/25/2022 21:15,2520.455,0.295708831
10/25/2022 21:30,2922.37,0.342862942
10/25/2022 21:45,2127.27,0.249578955
10/25/2022 22:00,2006.7,0.23543325
10/25/2022 22:15,2130.25,0.249928579
10/25/2022 22:30,2222.53,0.2607552
10/25/2022 22:45,2162.87,0.253755675
10/25/2022 23:00,1813.5,0.212766332
10/25/2022 23:15,2026.2,0.23772106
10/25/2022 23:30,1935.265,0.227052239
10/25/2022 23:45,1906.515,0.223679186
10/26/2022 0:00,2757.275,0.323493404
10/26/2022 0:15,869.76,0.102043366
10/26/2022 0:30,437.755,0.051358988
10/26/2022 0:45,206.18,0.024189778
10/26/2022 1:00,121.805,0.0142906
10/26/2022 1:15,130.015,0.015253827
10/26/2022 1:30,125.9,0.01477104
10/26/2022 1:45,52.87,0.006202898
10/26/2022 2:00,139.27,0.016339656
10/26/2022 2:15,151.845,0.017815001
10/26/2022 2:30,215.1,0.025236304
10/26/2022 2:45,225.57,0.026464682
10/26/2022 3:00,221.08,0.025937899
10/26/2022 3:15,212.835,0.024970566
10/26/2022 3:30,212.805,0.024967047
10/26/2022 3:45,198.035,0.023234177
10/26/2022 4:00,220.015,0.02581295
10/26/2022 4:15,279.595,0.032803089
10/26/2022 4:30,2396.015,0.281109083
10/26/2022 4:45,2462.68,0.288930461
10/26/2022 5:00,2240.995,0.26292158
10/26/2022 5:15,1053.545,0.123605682
10/26/2022 5:30,2245.635,0.263465962
10/26/2022 5:45,2068.05,0.242631052
10/26/2022 6:00,2047.795,0.240254663
10/26/2022 6:15,1972.875,0.231464779
10/26/2022 6:30,1973.105,0.231491764
10/26/2022 6:45,2075.495,0.243504526
10/26/2022 7:00,2122.52,0.249021668
10/26/2022 7:15,2050.045,0.240518641
10/26/2022 7:30,2196.075,0.257651405
10/26/2022 7:45,2047.115,0.240174883
10/26/2022 8:00,2119.34,0.248648579
10/26/2022 8:15,2135.085,0.250495839
10/26/2022 8:30,2072.91,0.243201245
10/26/2022 8:45,2049.715,0.240479924
10/26/2022 9:00,2097.83,0.246124948
10/26/2022 9:15,2334.64,0.273908348
10/26/2022 9:30,2106.685,0.247163849
10/26/2022 9:45,2213.965,0.259750324
10/26/2022 10:00,2316.365,0.271764259
10/26/2022 10:15,2153.915,0.252705042
10/26/2022 10:30,1928.76,0.226289049
10/26/2022 10:45,1870.585,0.219463749
10/26/2022 11:00,1766.79,0.207286147
10/26/2022 11:15,1663.985,0.195224695
10/26/2022 11:30,1718.555,0.201627044
10/26/2022 11:45,1996.545,0.234241829
10/26/2022 12:00,1801.945,0.211410658
10/26/2022 12:15,1837.465,0.215577992
10/26/2022 12:30,1573.72,0.184634481
10/26/2022 12:45,1809.43,0.212288825
10/26/2022 13:00,1961.83,0.23016894
10/26/2022 13:15,2035.74,0.238840327
10/26/2022 13:30,1864.16,0.218709945
10/26/2022 13:45,1883.61,0.220991889
10/26/2022 14:00,2178.265,0.255561871
10/26/2022 14:15,2332.005,0.2735992
10/26/2022 14:30,2179.205,0.255672156
10/26/2022 14:45,2100.325,0.246417671
10/26/2022 15:00,2212.575,0.259587244
10/26/2022 15:15,2220.49,0.26051586
10/26/2022 15:30,2434.06,0.285572659
10/26/2022 15:45,2320.885,0.272294562
10/26/2022 16:00,2530.745,0.296916091
10/26/2022 16:15,2558.76,0.300202911
10/26/2022 16:30,1759.77,0.206462535
10/26/2022 16:45,1847.58,0.21676472
10/26/2022 17:00,1733.57,0.203388657
10/26/2022 17:15,2246.9,0.263614376
10/26/2022 17:30,2574.075,0.301999722
10/26/2022 17:45,2128.05,0.249670467
10/26/2022 18:00,2699.83,0.31675375
10/26/2022 18:15,2629.12,0.308457799
10/26/2022 18:30,1788.46,0.209828549
10/26/2022 18:45,2766.62,0.324589793
10/26/2022 19:00,3239.43,0.38006156
10/26/2022 19:15,2445.345,0.286896656
10/26/2022 19:30,2745.06,0.322060296
10/26/2022 19:45,2318.25,0.271985414
10/26/2022 20:00,2195.545,0.257589223
10/26/2022 20:15,2148.205,0.252035124
10/26/2022 20:30,2280.825,0.267594579
10/26/2022 20:45,2243.705,0.263239527
10/26/2022 21:00,2278.775,0.267354066
10/26/2022 21:15,2391.73,0.280606352
10/26/2022 21:30,2423.655,0.284351907
10/26/2022 21:45,2238.485,0.262627098
10/26/2022 22:00,2387.375,0.280095408
10/26/2022 22:15,2138.25,0.250867168
10/26/2022 22:30,1765.55,0.207140666
10/26/2022 22:45,2119.195,0.248631567
10/26/2022 23:00,2278.705,0.267345853
10/26/2022 23:15,1665.475,0.195399507
10/26/2022 23:30,1488.465,0.174632059
10/26/2022 23:45,1262.29,0.148096395
10/27/2022 0:00,1306.125,0.153239275
10/27/2022 0:15,1198.715,0.140637548
10/27/2022 0:30,1253.325,0.147044589
10/27/2022 0:45,1093.26,0.128265189
10/27/2022 1:00,1226.615,0.143910876
10/27/2022 1:15,1069.13,0.125434171
10/27/2022 1:30,1030.9,0.12094889
10/27/2022 1:45,1071.93,0.125762677
10/27/2022 2:00,1067.835,0.125282237
10/27/2022 2:15,975.585,0.114459135
10/27/2022 2:30,994.635,0.11669415
10/27/2022 2:45,930.33,0.109149656
10/27/2022 3:00,851.13,0.099857628
10/27/2022 3:15,1002.49,0.117615727
10/27/2022 3:30,1000.145,0.117340603
10/27/2022 3:45,863.045,0.101255538
10/27/2022 4:00,865.72,0.101569379
10/27/2022 4:15,908.39,0.106575577
10/27/2022 4:30,882.045,0.103484687
10/27/2022 4:45,873.675,0.102502688
10/27/2022 5:00,632.955,0.074260553
10/27/2022 5:15,624.08,0.073219307
10/27/2022 5:30,564.84,0.066269057
10/27/2022 5:45,631.375,0.074075182
10/27/2022 6:00,600.185,0.070415859
10/27/2022 6:15,596.01,0.069926033
10/27/2022 6:30,587.745,0.068956354
10/27/2022 6:45,567.1,0.066534208
10/27/2022 7:00,665.975,0.078134578
10/27/2022 7:15,766.435,0.089920906
10/27/2022 7:30,765.39,0.089798303
10/27/2022 7:45,746.62,0.087596139
10/27/2022 8:00,685.8,0.080460519
10/27/2022 8:15,730.495,0.085704296
10/27/2022 8:30,675.73,0.07927907
10/27/2022 8:45,662.095,0.077679363
10/27/2022 9:00,702.085,0.082371133
10/27/2022 9:15,793.675,0.093116801
10/27/2022 9:30,643.205,0.07546312
10/27/2022 9:45,565.095,0.066298975
10/27/2022 10:00,619.85,0.072723028
10/27/2022 10:15,666.575,0.078204973
10/27/2022 10:30,654.575,0.076797089
10/27/2022 10:45,610.4,0.07161432
10/27/2022 11:00,395.285,0.046376256
10/27/2022 11:15,371.26,0.043557556
10/27/2022 11:30,385.515,0.045230004
10/27/2022 11:45,360.49,0.042293981
10/27/2022 12:00,356.02,0.041769545
10/27/2022 12:15,361.875,0.042456474
10/27/2022 12:30,344.235,0.040386886
10/27/2022 12:45,357.575,0.041951983
10/27/2022 13:00,348.375,0.040872606
10/27/2022 13:15,334.68,0.039265859
10/27/2022 13:30,333.94,0.03917904
10/27/2022 13:45,329.08,0.038608847
10/27/2022 14:00,326.045,0.03825277
10/27/2022 14:15,296.66,0.034805216
10/27/2022 14:30,279.525,0.032794877
10/27/2022 14:45,282.66,0.033162686
10/27/2022 15:00,274.675,0.032225857
10/27/2022 15:15,263.29,0.030890128
10/27/2022 15:30,245.8,0.028838139
10/27/2022 15:45,258.21,0.030294124
10/27/2022 16:00,253.875,0.029785527
10/27/2022 16:15,242.47,0.028447451
10/27/2022 16:30,236.82,0.027784573
10/27/2022 16:45,236.235,0.027715938
10/27/2022 17:00,223.535,0.026225929
10/27/2022 17:15,225.135,0.026413647
10/27/2022 17:30,210.405,0.02468547
10/27/2022 17:45,271.535,0.031857461
10/27/2022 18:00,186.605,0.021893169
10/27/2022 18:15,170.77,0.02003535
10/27/2022 18:30,235.045,0.027576323
10/27/2022 18:45,314.18,0.036860726
10/27/2022 19:00,269.905,0.031666224
10/27/2022 19:15,291.99,0.034257315
10/27/2022 19:30,276.69,0.032462264
10/27/2022 19:45,257.605,0.030223144
10/27/2022 20:00,290.84,0.034122393
10/27/2022 20:15,229.865,0.026968587
10/27/2022 20:30,249.74,0.029300394
10/27/2022 20:45,244.315,0.028663913
10/27/2022 21:00,315.56,0.037022632
10/27/2022 21:15,468.01,0.054908614
10/27/2022 21:30,452.83,0.053127642
10/27/2022 21:45,388.11,0.045534459
10/27/2022 22:00,417.3,0.048959134
10/27/2022 22:15,444.37,0.052135084
10/27/2022 22:30,458.96,0.053846835
10/27/2022 22:45,393.01,0.046109344
10/27/2022 23:00,433.85,0.05090084
10/27/2022 23:15,431.83,0.050663846
10/27/2022 23:30,430.42,0.05049842
10/27/2022 23:45,588.325,0.069024402
10/28/2022 0:00,715.3,0.083921564
10/28/2022 0:15,704.095,0.082606954
10/28/2022 0:30,728.955,0.085523618
10/28/2022 0:45,502.47,0.058951585
10/28/2022 1:00,324.14,0.038029269
10/28/2022 1:15,369.03,0.043295925
10/28/2022 1:30,564.195,0.066193383
10/28/2022 1:45,555.915,0.065221944
10/28/2022 2:00,419.385,0.049203754
10/28/2022 2:15,543.95,0.063818167
10/28/2022 2:30,536.095,0.06289659
10/28/2022 2:45,457.4,0.05366381
10/28/2022 3:00,281.54,0.033031284
10/28/2022 3:15,222.805,0.026140283
10/28/2022 3:30,395.325,0.046380949
10/28/2022 3:45,373.86,0.043862598
10/28/2022 4:00,372.31,0.043680746
10/28/2022 4:15,377.6,0.044301388
10/28/2022 4:30,319.22,0.037452037
10/28/2022 4:45,428.26,0.050245001
10/28/2022 5:00,386.89,0.045391324
10/28/2022 5:15,351.735,0.041266813
10/28/2022 5:30,344.57,0.04042619
10/28/2022 5:45,340.8,0.03998388
10/28/2022 6:00,295.28,0.03464331
10/28/2022 6:15,357.3,0.041919719
10/28/2022 6:30,457.96,0.053729512
10/28/2022 6:45,509.33,0.059756424
10/28/2022 7:00,267.11,0.031338304
10/28/2022 7:15,257.585,0.030220797
10/28/2022 7:30,333.795,0.039162028
10/28/2022 7:45,352.345,0.041338381
10/28/2022 8:00,371.195,0.04354993
10/28/2022 8:15,295.775,0.034701385
10/28/2022 8:30,309.065,0.036260616
10/28/2022 8:45,289.675,0.033985711
10/28/2022 9:00,304.91,0.035773136
10/28/2022 9:15,336.985,0.03953629
10/28/2022 9:30,347.805,0.040805731
10/28/2022 9:45,272.945,0.032022887
10/28/2022 10:00,262.5,0.030797443
10/28/2022 10:15,273.205,0.032053392
10/28/2022 10:30,302.245,0.035460469
10/28/2022 10:45,236.64,0.027763455
10/28/2022 11:00,431.09,0.050577027
10/28/2022 11:15,308.94,0.03624595
10/28/2022 11:30,351.475,0.041236309
10/28/2022 11:45,369.165,0.043311763
10/28/2022 12:00,182.985,0.021468457
10/28/2022 12:15,221.825,0.026025306
10/28/2022 12:30,343.18,0.04026311
10/28/2022 12:45,348.465,0.040883165
10/28/2022 13:00,190.74,0.022378302
10/28/2022 13:15,225.59,0.026467029
10/28/2022 13:30,228.22,0.02677559
10/28/2022 13:45,241.985,0.028390549
10/28/2022 14:00,291.705,0.034223878
10/28/2022 14:15,227.225,0.026658853
10/28/2022 14:30,268.705,0.031525435
10/28/2022 14:45,466.385,0.054717963
10/28/2022 15:00,659.41,0.077364349
10/28/2022 15:15,725.29,0.085093627
10/28/2022 15:30,729.345,0.085569374
10/28/2022 15:45,673.91,0.079065541
10/28/2022 16:00,639.755,0.075058354
10/28/2022 16:15,770.15,0.090356763
10/28/2022 16:30,755.915,0.088686662
10/28/2022 16:45,843.255,0.098933705
10/28/2022 17:00,925.52,0.10858533
10/28/2022 17:15,931.86,0.109329161
10/28/2022 17:30,927.08,0.108768355
10/28/2022 17:45,930.365,0.109153763
10/28/2022 18:00,932.4,0.109392516
10/28/2022 18:15,921.02,0.108057374
10/28/2022 18:30,929.87,0.109095687
10/28/2022 18:45,623.37,0.073136007
10/28/2022 19:00,425.72,0.049946999
10/28/2022 19:15,949.23,0.111367072
10/28/2022 19:30,901.04,0.105713248
10/28/2022 19:45,869.355,0.10199585
10/28/2022 20:00,906.505,0.106354422
10/28/2022 20:15,902.775,0.105916805
10/28/2022 20:30,870.825,0.102168316
10/28/2022 20:45,894.945,0.104998161
10/28/2022 21:00,954.155,0.111944891
10/28/2022 21:15,889.985,0.104416236
10/28/2022 21:30,894.545,0.104951232
10/28/2022 21:45,1000.04,0.117328284
10/28/2022 22:00,831.975,0.097610294
10/28/2022 22:15,1027.53,0.120553509
10/28/2022 22:30,1047.845,0.122936938
10/28/2022 22:45,1078.42,0.126524107
10/28/2022 23:00,923.365,0.108332497
10/28/2022 23:15,930.38,0.109155522
10/28/2022 23:30,787.47,0.092388808
10/28/2022 23:45,798.53,0.093686407
10/29/2022 0:00,697.14,0.081790968
10/29/2022 0:15,531.75,0.062386819
10/29/2022 0:30,654.715,0.076813515
10/29/2022 0:45,546.335,0.064097984
10/29/2022 1:00,845.325,0.099176564
10/29/2022 1:15,898.995,0.105473321
10/29/2022 1:30,882.08,0.103488793
10/29/2022 1:45,939.645,0.110242525
10/29/2022 2:00,861.77,0.101105951
10/29/2022 2:15,776.57,0.091109981
10/29/2022 2:30,843.645,0.098979461
10/29/2022 2:45,932.36,0.109387823
10/29/2022 3:00,842.115,0.098799956
10/29/2022 3:15,757.93,0.088923069
10/29/2022 3:30,782.545,0.091810989
10/29/2022 3:45,774.72,0.090892932
10/29/2022 4:00,672.415,0.078890142
10/29/2022 4:15,510.715,0.059918918
10/29/2022 4:30,639.315,0.075006731
10/29/2022 4:45,662.375,0.077712213
10/29/2022 5:00,591.19,0.069360534
10/29/2022 5:15,514.77,0.060394665
10/29/2022 5:30,614.1,0.072048417
10/29/2022 5:45,543.875,0.063809368
10/29/2022 6:00,389.905,0.045745055
10/29/2022 6:15,491.56,0.057671584
10/29/2022 6:30,386.395,0.045333249
10/29/2022 6:45,406.415,0.047682067
10/29/2022 7:00,425.575,0.049929987
10/29/2022 7:15,410.07,0.048110885
10/29/2022 7:30,409.685,0.048065715
10/29/2022 7:45,416.73,0.04889226
10/29/2022 8:00,349.725,0.041030993
10/29/2022 8:15,60.27,0.007071093
10/29/2022 8:30,44.895,0.005267243
10/29/2022 8:45,51.79,0.006076189
10/29/2022 9:00,50.01,0.005867353
10/29/2022 9:15,53.405,0.006265666
10/29/2022 9:30,55.54,0.006516152
10/29/2022 9:45,56.335,0.006609424
10/29/2022 10:00,97.735,0.011466621
10/29/2022 10:15,100.895,0.011837364
10/29/2022 10:30,107.425,0.012603487
10/29/2022 10:45,137.855,0.016173644
10/29/2022 11:00,96.25,0.011292396
10/29/2022 11:15,91.92,0.010784384
10/29/2022 11:30,492.105,0.057735526
10/29/2022 11:45,452.79,0.053122949
10/29/2022 12:00,429.145,0.050348832
10/29/2022 12:15,454.405,0.053312426
10/29/2022 12:30,474.335,0.055650685
10/29/2022 12:45,591.92,0.06944618
10/29/2022 13:00,524.475,0.06153329
10/29/2022 13:15,470.54,0.055205442
10/29/2022 13:30,582.76,0.068371496
10/29/2022 13:45,612.72,0.071886511
10/29/2022 14:00,613.265,0.071950452
10/29/2022 14:15,601.24,0.070539636
10/29/2022 14:30,442.44,0.05190865
10/29/2022 14:45,423.3,0.049663076
10/29/2022 15:00,448.04,0.052565662
10/29/2022 15:15,463.31,0.054357193
10/29/2022 15:30,544.035,0.06382814
10/29/2022 15:45,610.23,0.071594375
10/29/2022 16:00,729.46,0.085582867
10/29/2022 16:15,828.665,0.097221953
10/29/2022 16:30,909.195,0.106670022
10/29/2022 16:45,955.855,0.112144341
10/29/2022 17:00,835.87,0.09806727
10/29/2022 17:15,816.455,0.095789432
10/29/2022 17:30,865.305,0.10152069
10/29/2022 17:45,799.645,0.093817223
10/29/2022 18:00,801.09,0.093986755
10/29/2022 18:15,737.82,0.086563692
10/29/2022 18:30,606.505,0.071157344
10/29/2022 18:45,545.51,0.064001192
10/29/2022 19:00,561.21,0.065843172
10/29/2022 19:15,356.08,0.041776584
10/29/2022 19:30,557.385,0.06539441
10/29/2022 19:45,555.71,0.065197893
10/29/2022 20:00,980.115,0.114990611
10/29/2022 20:15,581,0.068165006
10/29/2022 20:30,559.665,0.065661907
10/29/2022 20:45,558.38,0.065511147
10/29/2022 21:00,718.46,0.084292307
10/29/2022 21:15,764.2,0.089658688
10/29/2022 21:30,769.9,0.090327433
10/29/2022 21:45,624.795,0.073303193
10/29/2022 22:00,771.955,0.090568533
10/29/2022 22:15,784.395,0.092028038
10/29/2022 22:30,707.265,0.082978869
10/29/2022 22:45,1051.945,0.123417965
10/29/2022 23:00,3615.245,0.424153525
10/29/2022 23:15,3071.42,0.360350023
10/29/2022 23:30,3216.905,0.377418846
10/29/2022 23:45,3263.51,0.382886712
10/30/2022 0:00,2856.885,0.335180007
10/30/2022 0:15,2904.465,0.340762263
10/30/2022 0:30,2510.81,0.294577245
10/30/2022 0:45,1371.47,0.160905785
10/30/2022 1:00,1842.68,0.216189834
10/30/2022 1:15,1621.81,0.190276573
10/30/2022 1:30,1280.625,0.150247523
10/30/2022 1:45,940.335,0.110323479
10/30/2022 2:00,850.485,0.099781954
10/30/2022 2:15,852.29,0.099993723
10/30/2022 2:30,776.9,0.091148698
10/30/2022 2:45,808.7,0.094879588
10/30/2022 3:00,843.265,0.098934878
10/30/2022 3:15,810.235,0.09505968
10/30/2022 3:30,895.88,0.105107859
10/30/2022 3:45,890.045,0.104423275
10/30/2022 4:00,878.075,0.103018912
10/30/2022 4:15,949.845,0.111439226
10/30/2022 4:30,928.765,0.108966045
10/30/2022 4:45,922.475,0.108228079
10/30/2022 5:00,921.59,0.108124248
10/30/2022 5:15,912.495,0.10705719
10/30/2022 5:30,952.555,0.111757173
10/30/2022 5:45,897.81,0.105334293
10/30/2022 6:00,920.425,0.107987566
10/30/2022 6:15,969.485,0.113743461
10/30/2022 6:30,994.57,0.116686524
10/30/2022 6:45,990.31,0.116186725
10/30/2022 7:00,968.215,0.11359446
10/30/2022 7:15,1013.98,0.118963775
10/30/2022 7:30,1031.97,0.121074426
10/30/2022 7:45,1015.37,0.119126854
10/30/2022 8:00,1018.885,0.119539247
10/30/2022 8:15,1021.27,0.119819064
10/30/2022 8:30,1017.405,0.119365608
10/30/2022 8:45,1062.43,0.124648103
10/30/2022 9:00,876.115,0.102788958
10/30/2022 9:15,930.465,0.109165495
10/30/2022 9:30,945.84,0.110969345
10/30/2022 9:45,1050.7,0.123271897
10/30/2022 10:00,925.815,0.10861994
10/30/2022 10:15,1047.78,0.122929312
10/30/2022 10:30,1090.39,0.12792847
10/30/2022 10:45,1137.87,0.133498994
10/30/2022 11:00,1142.59,0.134052762
10/30/2022 11:15,1081.415,0.126875491
10/30/2022 11:30,1100.22,0.129081761
10/30/2022 11:45,1030.45,0.120896094
10/30/2022 12:00,1057.47,0.124066178
10/30/2022 12:15,1089.35,0.127806454
10/30/2022 12:30,1024.455,0.120192739
10/30/2022 12:45,1009.46,0.118433472
10/30/2022 13:00,958.675,0.112475193
10/30/2022 13:15,1027.08,0.120500714
10/30/2022 13:30,1018.44,0.119487038
10/30/2022 13:45,1033.645,0.121270943
10/30/2022 14:00,1033.12,0.121209348
10/30/2022 14:15,1082.305,0.126979909
10/30/2022 14:30,843.09,0.098914346
10/30/2022 14:45,954.345,0.111967182
10/30/2022 15:00,1010.055,0.118503279
10/30/2022 15:15,1008.93,0.11837129
10/30/2022 15:30,1020.99,0.119786213
10/30/2022 15:45,941.46,0.110455468
10/30/2022 16:00,918.025,0.107705989
10/30/2022 16:15,1075.15,0.126140459
10/30/2022 16:30,709.765,0.083272178
10/30/2022 16:45,954.965,0.112039923
10/30/2022 17:00,924.785,0.108499097
10/30/2022 17:15,825.26,0.096822467
10/30/2022 17:30,788.955,0.092563034
10/30/2022 17:45,771.02,0.090458835
10/30/2022 18:00,933.08,0.109472296
10/30/2022 18:15,973.975,0.114270244
10/30/2022 18:30,1008.105,0.118274498
10/30/2022 18:45,897.82,0.105335466
10/30/2022 19:00,988.855,0.116016019
10/30/2022 19:15,1007.465,0.118199411
10/30/2022 19:30,933.445,0.109515119
10/30/2022 19:45,931.135,0.109244102
10/30/2022 20:00,738.405,0.086632326
10/30/2022 20:15,703.975,0.082592875
10/30/2022 20:30,760.91,0.089272693
10/30/2022 20:45,619,0.072623303
10/30/2022 21:00,627.645,0.073637565
10/30/2022 21:15,610.62,0.071640131
10/30/2022 21:30,563.135,0.06606902
10/30/2022 21:45,649.54,0.076206365
10/30/2022 22:00,627.065,0.073569517
10/30/2022 22:15,607.87,0.071317491
10/30/2022 22:30,631.55,0.074095714
10/30/2022 22:45,748.08,0.087767432
10/30/2022 23:00,1127.165,0.132243045
10/30/2022 23:15,938.52,0.110110536
10/30/2022 23:30,1257.745,0.14756316
10/30/2022 23:45,1331.695,0.156239239
10/31/2022 0:00,1313.63,0.154119789
10/31/2022 0:15,1191.705,0.13981511
10/31/2022 0:30,1242.42,0.145765176
10/31/2022 0:45,1293.43,0.151749852
10/31/2022 1:00,1114.185,0.130720185
10/31/2022 1:15,1021.895,0.119892391
10/31/2022 1:30,1090.755,0.127971293
10/31/2022 1:45,1145.805,0.134429957
10/31/2022 2:00,1039.685,0.121979577
10/31/2022 2:15,1003.47,0.117730704
10/31/2022 2:30,1126.92,0.132214301
10/31/2022 2:45,1138.585,0.133582881
10/31/2022 3:00,906.64,0.10637026
10/31/2022 3:15,857.05,0.100552183
10/31/2022 3:30,1166.355,0.136840957
10/31/2022 3:45,1182.19,0.138698776
10/31/2022 4:00,1228.595,0.144143177
10/31/2022 4:15,1263.31,0.148216065
10/31/2022 4:30,1092.485,0.128174263
10/31/2022 4:45,1065.26,0.124980128
10/31/2022 5:00,961.21,0.112772609
10/31/2022 5:15,939.84,0.110265404
10/31/2022 5:30,891.6,0.104605714
10/31/2022 5:45,952.29,0.111726082
10/31/2022 6:00,813.1,0.095395812
10/31/2022 6:15,742.79,0.08714679
10/31/2022 6:30,817.795,0.095946646
10/31/2022 6:45,836.795,0.098175794
10/31/2022 7:00,814.855,0.095601715
10/31/2022 7:15,910.805,0.106858913
10/31/2022 7:30,889.535,0.10436344
10/31/2022 7:45,1052.885,0.123528249
10/31/2022 8:00,933.32,0.109500454
10/31/2022 8:15,640.565,0.075153386
10/31/2022 8:30,596.665,0.07000288
10/31/2022 8:45,606.81,0.071193128
10/31/2022 9:00,693.06,0.081312288
10/31/2022 9:15,964.62,0.113172682
10/31/2022 9:30,1209.51,0.141904056
10/31/2022 9:45,1273.71,0.149436231
10/31/2022 10:00,1675.91,0.196623779
10/31/2022 10:15,1721.93,0.202023011
10/31/2022 10:30,1642.35,0.192686399
10/31/2022 10:45,1533.365,0.179899888
10/31/2022 11:00,1443.42,0.169347217
10/31/2022 11:15,1595.68,0.187210907
10/31/2022 11:30,1584.595,0.185910375
10/31/2022 11:45,1630.815,0.191333072
10/31/2022 12:00,1705.685,0.200117089
10/31/2022 12:15,1717.155,0.201462791
10/31/2022 12:30,1641.38,0.192572595
10/31/2022 12:45,1604.92,0.188294977
10/31/2022 13:00,1580.195,0.185394152
10/31/2022 13:15,1537.34,0.180366249
10/31/2022 13:30,1516.375,0.17790656
10/31/2022 13:45,1501.785,0.176194809
10/31/2022 14:00,1444.76,0.169504431
10/31/2022 14:15,1158.57,0.135927593
10/31/2022 14:30,1121.51,0.13157958
10/31/2022 14:45,1044.865,0.122587314
10/31/2022 15:00,1120.88,0.131505666
10/31/2022 15:15,1182.625,0.138749812
10/31/2022 15:30,1104.165,0.129544603
10/31/2022 15:45,1042.105,0.122263501
10/31/2022 16:00,1065.055,0.124956077
10/31/2022 16:15,1014.545,0.119030062
10/31/2022 16:30,1009.385,0.118424673
10/31/2022 16:45,1059.74,0.124332502
10/31/2022 17:00,1040.69,0.122097488
10/31/2022 17:15,987.1,0.115810116
10/31/2022 17:30,971.38,0.11396579
10/31/2022 17:45,957.54,0.112342031
10/31/2022 18:00,954.015,0.111928465
10/31/2022 18:15,902.71,0.105909179
10/31/2022 18:30,935.62,0.109770298
10/31/2022 18:45,933.77,0.109553249
10/31/2022 19:00,889.435,0.104351708
10/31/2022 19:15,823.72,0.096641788
10/31/2022 19:30,836.995,0.098199259
10/31/2022 19:45,822.14,0.096456417
10/31/2022 20:00,774.02,0.090810806
10/31/2022 20:15,755,0.088579311
10/31/2022 20:30,900.09,0.105601791
10/31/2022 20:45,871.925,0.102297372
10/31/2022 21:00,916.315,0.107505366
10/31/2022 21:15,852.52,0.100020708
10/31/2022 21:30,749.455,0.087928752
10/31/2022 21:45,746.83,0.087620777
10/31/2022 22:00,729.58,0.085596945
10/31/2022 22:15,661.86,0.077651792
10/31/2022 22:30,679.525,0.079724313
10/31/2022 22:45,609.705,0.07153278
10/31/2022 23:00,699.12,0.082023269
10/31/2022 23:15,691.45,0.081123397
10/31/2022 23:30,626.75,0.073532561
10/31/2022 23:45,750.835,0.088090658
11/1/2022 0:00,650.26,0.076290838
11/1/2022 0:15,790.3,0.092720834
11/1/2022 0:30,768.33,0.090143235
11/1/2022 0:45,683.68,0.080211793
11/1/2022 1:00,691.065,0.081078227
11/1/2022 1:15,699.735,0.082095423
11/1/2022 1:30,732.36,0.085923105
11/1/2022 1:45,683.61,0.08020358
11/1/2022 2:00,677.135,0.07944391
11/1/2022 2:15,696.265,0.08168831
11/1/2022 2:30,673.075,0.078967576
11/1/2022 2:45,709.06,0.083189465
11/1/2022 3:00,838.06,0.098324208
11/1/2022 3:15,930.44,0.109162562
11/1/2022 3:30,1332.875,0.156377681
11/1/2022 3:45,1335.96,0.156739624
11/1/2022 4:00,1342.79,0.157540944
11/1/2022 4:15,1306.695,0.153306149
11/1/2022 4:30,1351.57,0.158571046
11/1/2022 4:45,1382.665,0.162219223
11/1/2022 5:00,1373.405,0.161132806
11/1/2022 5:15,1355.755,0.159062045
11/1/2022 5:30,1314.405,0.154210714
11/1/2022 5:45,1282.27,0.150440521
11/1/2022 6:00,1202.335,0.14106226
11/1/2022 6:15,1191.6,0.139802791
11/1/2022 6:30,1196.645,0.140394688
11/1/2022 6:45,1151.455,0.135092835
11/1/2022 7:00,1261.68,0.148024828
11/1/2022 7:15,1230.32,0.14434556
11/1/2022 7:30,843.8,0.098997646
11/1/2022 7:45,620.77,0.072830965
11/1/2022 8:00,649.59,0.076212231
11/1/2022 8:15,775.8,0.091019642
11/1/2022 8:30,785.65,0.092175279
11/1/2022 8:45,664.415,0.077951554
11/1/2022 9:00,850.1,0.099736785
11/1/2022 9:15,1019.44,0.119604361
11/1/2022 9:30,2317.19,0.271861051
11/1/2022 9:45,3753.115,0.440328928
11/1/2022 10:00,2014.88,0.236392957
11/1/2022 10:15,719.79,0.084448347
11/1/2022 10:30,655.105,0.076859271
11/1/2022 10:45,1002.465,0.117612793
11/1/2022 11:00,986.82,0.115777266
11/1/2022 11:15,836.795,0.098175794
11/1/2022 11:30,894.26,0.104917794
11/1/2022 11:45,753.51,0.088404499
11/1/2022 12:00,923.06,0.108296714
11/1/2022 12:15,921.555,0.108120142
11/1/2022 12:30,966.64,0.113409676
11/1/2022 12:45,919.865,0.107921865
11/1/2022 13:00,940.145,0.110301187
11/1/2022 13:15,925.365,0.108567145
11/1/2022 13:30,929.05,0.108999482
11/1/2022 13:45,877.715,0.102976675
11/1/2022 14:00,628.235,0.073706786
11/1/2022 14:15,717.435,0.08417205
11/1/2022 14:30,2031.85,0.238383938
11/1/2022 14:45,692.595,0.081257732
11/1/2022 15:00,719.505,0.08441491
11/1/2022 15:15,766.305,0.089905654
11/1/2022 15:30,749.74,0.087962189
11/1/2022 15:45,680.575,0.079847503
11/1/2022 16:00,667.26,0.078285339
11/1/2022 16:15,667.475,0.078310564
11/1/2022 16:30,733.075,0.086006991
11/1/2022 16:45,895.995,0.105121351
11/1/2022 17:00,713.63,0.083725634
11/1/2022 17:15,900.17,0.105611177
11/1/2022 17:30,1125.23,0.132016024
11/1/2022 17:45,838.49,0.098374658
11/1/2022 18:00,995.81,0.116832005
11/1/2022 18:15,704.12,0.082609887
11/1/2022 18:30,780.965,0.091625618
11/1/2022 18:45,769.435,0.090272877
11/1/2022 19:00,773.03,0.090694655
11/1/2022 19:15,756.655,0.088773482
11/1/2022 19:30,711.275,0.083449337
11/1/2022 19:45,796.445,0.093441787
11/1/2022 20:00,656.82,0.077060481
11/1/2022 20:15,726.495,0.085235002
11/1/2022 20:30,552.98,0.064877599
11/1/2022 20:45,531.78,0.062390339
11/1/2022 21:00,769.115,0.090235334
11/1/2022 21:15,661.465,0.077605449
11/1/2022 21:30,715.235,0.083913938
11/1/2022 21:45,615.735,0.072240241
11/1/2022 22:00,634.215,0.074408381
11/1/2022 22:15,777.715,0.091244316
11/1/2022 22:30,1229.955,0.144302737
11/1/2022 22:45,1320.45,0.154919935
11/1/2022 23:00,1256,0.14735843
11/1/2022 23:15,1360.16,0.159578855
11/1/2022 23:30,1012.96,0.118844105
11/1/2022 23:45,578.96,0.067925666
11/2/2022 0:00,546.89,0.064163099
11/2/2022 0:15,248,0.029096251
11/2/2022 0:30,273.43,0.032079789
11/2/2022 0:45,294.605,0.034564116
11/2/2022 1:00,339.845,0.039871836
11/2/2022 1:15,372.38,0.043688959
11/2/2022 1:30,431.705,0.050649181
11/2/2022 1:45,366.395,0.042986777
11/2/2022 2:00,343.185,0.040263697
11/2/2022 2:15,318.705,0.037391615
11/2/2022 2:30,348.425,0.040878472
11/2/2022 2:45,483.625,0.056740622
11/2/2022 3:00,741.805,0.087031226
11/2/2022 3:15,495.495,0.058133253
11/2/2022 3:30,281.525,0.033029524
11/2/2022 3:45,276.36,0.032423548
11/2/2022 4:00,326.395,0.038293833
11/2/2022 4:15,500.995,0.058778532
11/2/2022 4:30,350.285,0.041096694
11/2/2022 4:45,298.06,0.034969469
11/2/2022 5:00,682.655,0.080091536
11/2/2022 5:15,505.51,0.059308248
11/2/2022 5:30,565.565,0.066354117
11/2/2022 5:45,654.135,0.076745467
11/2/2022 6:00,1314.52,0.154224207
11/2/2022 6:15,1538.36,0.180485919
11/2/2022 6:30,1566.34,0.183768633
11/2/2022 6:45,740.015,0.086821217
11/2/2022 7:00,1918.985,0.225142211
11/2/2022 7:15,583.345,0.06844013
11/2/2022 7:30,801.81,0.094071228
11/2/2022 7:45,508.89,0.059704802
11/2/2022 8:00,565.055,0.066294282
11/2/2022 8:15,516.57,0.060605847
11/2/2022 8:30,485.275,0.056934206
11/2/2022 8:45,492.605,0.057794187
11/2/2022 9:00,458.29,0.053768228
11/2/2022 9:15,490.765,0.057578312
11/2/2022 9:30,692.155,0.08120611
11/2/2022 9:45,757.635,0.088888459
11/2/2022 10:00,1015.94,0.119193729
11/2/2022 10:15,823.965,0.096670532
11/2/2022 10:30,838.355,0.098358819
11/2/2022 10:45,564.97,0.066284309
11/2/2022 11:00,665.36,0.078062424
11/2/2022 11:15,753.43,0.088395113
11/2/2022 11:30,713.705,0.083734433
11/2/2022 11:45,958.895,0.112501005
11/2/2022 12:00,955.94,0.112154313
11/2/2022 12:15,743.24,0.087199586
11/2/2022 12:30,809.495,0.09497286
11/2/2022 12:45,792.96,0.093032915
11/2/2022 13:00,997.885,0.117075451
11/2/2022 13:15,709.29,0.08321645
11/2/2022 13:30,727.16,0.085313022
11/2/2022 13:45,849.385,0.099652898
11/2/2022 14:00,570.615,0.066946601
11/2/2022 14:15,582.425,0.068332192
11/2/2022 14:30,440.335,0.051661683
11/2/2022 14:45,396.41,0.046508245
11/2/2022 15:00,426.305,0.050015633
11/2/2022 15:15,442.395,0.05190337
11/2/2022 15:30,453.455,0.053200969
11/2/2022 15:45,679.38,0.079707301
11/2/2022 16:00,599.145,0.070293843
11/2/2022 16:15,373.215,0.043786924
11/2/2022 16:30,356.95,0.041878656
11/2/2022 16:45,250.31,0.029367268
11/2/2022 17:00,236.67,0.027766974
11/2/2022 17:15,323.62,0.03796826
11/2/2022 17:30,381.19,0.04472258
11/2/2022 17:45,379.415,0.04451433
11/2/2022 18:00,341.625,0.040080672
11/2/2022 18:15,353.485,0.041472129
11/2/2022 18:30,272.52,0.031973025
11/7/2022 13:45,2.885,0.000338479
11/7/2022 14:00,2.82,0.000330853
11/7/2022 14:15,2.79,0.000327333
11/7/2022 14:30,2.735,0.00032088
11/7/2022 14:45,2.9,0.000340238
11/7/2022 15:00,2.96,0.000347278
11/7/2022 15:15,3.02,0.000354317
11/7/2022 15:30,2.93,0.000343758
11/7/2022 15:45,2.855,0.000334959
11/7/2022 16:00,2.925,0.000343172
11/7/2022 16:15,2.915,0.000341998
11/7/2022 16:30,2.98,0.000349624
11/7/2022 16:45,3.105,0.00036429
11/7/2022 17:00,2.9,0.000340238
11/7/2022 17:15,2.92,0.000342585
11/7/2022 17:30,3.26,0.000382475
11/7/2022 17:45,4.29,0.000503318
11/7/2022 18:00,5.13,0.00060187
11/7/2022 18:15,5.045,0.000591898
11/7/2022 18:30,4.34,0.000509184
11/7/2022 18:45,3.68,0.000431751
11/7/2022 19:00,3.31,0.000388341
11/7/2022 19:15,3.25,0.000381302
11/7/2022 19:30,3.23,0.000378955
11/7/2022 19:45,3.03,0.00035549
11/7/2022 20:00,3.705,0.000434684
11/7/2022 20:15,3.04,0.000356664
11/7/2022 20:30,3.05,0.000357837
11/7/2022 20:45,3.125,0.000366636
11/7/2022 21:00,2.96,0.000347278
11/7/2022 21:15,2.955,0.000346691
11/7/2022 21:30,2.915,0.000341998
11/7/2022 21:45,3.015,0.000353731
11/7/2022 22:00,2.975,0.000349038
11/7/2022 22:15,3.225,0.000378369
11/7/2022 22:30,3.385,0.00039714
11/7/2022 22:45,3.39,0.000397727
11/7/2022 23:00,3.255,0.000381888
11/7/2022 23:15,3.515,0.000412392
11/7/2022 23:30,3.52,0.000412979
11/7/2022 23:45,3.495,0.000410046
11/8/2022 0:00,3.62,0.000424711
11/8/2022 0:15,3.69,0.000432924
11/8/2022 0:30,3.675,0.000431164
11/8/2022 0:45,3.83,0.000449349
11/8/2022 1:00,3.75,0.000439963
11/8/2022 1:15,3.735,0.000438204
11/8/2022 1:30,4.05,0.000475161
11/8/2022 1:45,3.955,0.000464015
11/8/2022 2:00,4.045,0.000474574
11/8/2022 2:15,4.24,0.000497452
11/8/2022 2:30,4.205,0.000493346
11/8/2022 2:45,4.075,0.000478094
11/8/2022 3:00,4.01,0.000470468
11/8/2022 3:15,3.885,0.000455802
11/8/2022 3:30,3.895,0.000456975
11/8/2022 3:45,3.96,0.000464601
11/8/2022 4:00,3.955,0.000464015
11/8/2022 4:15,4.2,0.000492759
11/8/2022 4:30,4.18,0.000490413
11/8/2022 4:45,4.2,0.000492759
11/8/2022 5:00,4.125,0.00048396
11/8/2022 5:15,4.005,0.000469881
11/8/2022 5:30,4.005,0.000469881
11/8/2022 5:45,4.07,0.000477507
11/8/2022 6:00,4.105,0.000481613
11/8/2022 6:15,4.12,0.000483373
11/8/2022 6:30,3.96,0.000464601
11/8/2022 6:45,3.895,0.000456975
11/8/2022 7:00,3.85,0.000451696
11/8/2022 7:15,3.81,0.000447003
11/8/2022 7:30,3.91,0.000458735
11/8/2022 7:45,4.205,0.000493346
11/8/2022 8:00,4.325,0.000507425
11/8/2022 8:15,4.495,0.00052737
11/8/2022 8:30,4.72,0.000553767
11/8/2022 8:45,5.025,0.000589551
11/8/2022 9:00,4.99,0.000585445
11/8/2022 9:15,5.125,0.000601283
11/8/2022 9:30,5.105,0.000598937
11/8/2022 9:45,5.06,0.000593657
11/8/2022 10:00,4.775,0.00056022
11/8/2022 10:15,4.505,0.000528543
11/8/2022 10:30,4.05,0.000475161
11/8/2022 10:45,3.75,0.000439963
11/8/2022 11:00,3.645,0.000427644
11/8/2022 11:15,3.45,0.000404766
11/8/2022 11:30,3.405,0.000399487
11/8/2022 11:45,3.235,0.000379542
11/8/2022 12:00,3.225,0.000378369
11/8/2022 12:15,3.225,0.000378369
11/8/2022 12:30,2.965,0.000347864
11/8/2022 12:45,2.96,0.000347278
11/8/2022 13:00,2.77,0.000324986
11/8/2022 13:15,2.755,0.000323226
11/8/2022 13:30,2.8,0.000328506
11/8/2022 13:45,2.745,0.000322053
11/8/2022 14:00,2.62,0.000307388
11/8/2022 14:15,2.7,0.000316774
11/8/2022 14:30,2.59,0.000303868
11/8/2022 14:45,2.47,0.000289789
11/8/2022 15:00,2.54,0.000298002
11/8/2022 15:15,2.49,0.000292136
11/8/2022 15:30,2.555,0.000299762
11/8/2022 15:45,2.59,0.000303868
11/8/2022 16:00,2.62,0.000307388
11/8/2022 16:15,2.715,0.000318534
11/8/2022 16:30,2.695,0.000316187
11/8/2022 16:45,2.63,0.000308561
11/8/2022 17:00,2.69,0.0003156
11/8/2022 17:15,2.62,0.000307388
11/8/2022 17:30,2.555,0.000299762
11/8/2022 17:45,2.62,0.000307388
11/8/2022 18:00,2.69,0.0003156
11/8/2022 18:15,2.82,0.000330853
11/8/2022 18:30,2.75,0.00032264
11/8/2022 18:45,2.71,0.000317947
11/8/2022 19:00,2.73,0.000320293
11/8/2022 19:15,2.7,0.000316774
11/8/2022 19:30,2.735,0.00032088
11/8/2022 19:45,2.74,0.000321467
11/8/2022 20:00,2.58,0.000302695
11/8/2022 20:15,2.63,0.000308561
11/8/2022 20:30,2.62,0.000307388
11/8/2022 20:45,2.735,0.00032088
11/8/2022 21:00,2.815,0.000330266
11/8/2022 21:15,2.9,0.000340238
11/8/2022 21:30,2.89,0.000339065
11/8/2022 21:45,2.825,0.000331439
11/8/2022 22:00,2.82,0.000330853
11/8/2022 22:15,2.885,0.000338479
11/8/2022 22:30,2.765,0.0003244
11/8/2022 22:45,2.725,0.000319707
11/8/2022 23:00,2.77,0.000324986
11/8/2022 23:15,2.785,0.000326746
11/8/2022 23:30,2.77,0.000324986
11/8/2022 23:45,2.835,0.000332612
11/9/2022 0:00,2.87,0.000336719
11/9/2022 0:15,2.93,0.000343758
11/9/2022 0:30,2.935,0.000344345
11/9/2022 0:45,3.055,0.000358424
11/9/2022 1:00,3.09,0.00036253
11/9/2022 1:15,3.095,0.000363117
11/9/2022 1:30,3.075,0.00036077
11/9/2022 1:45,2.975,0.000349038
11/9/2022 2:00,3,0.000351971
11/9/2022 2:15,2.965,0.000347864
11/9/2022 2:30,3.055,0.000358424
11/9/2022 2:45,3.14,0.000368396
11/9/2022 3:00,3.285,0.000385408
11/9/2022 3:15,3.455,0.000405353
11/9/2022 3:30,3.37,0.000395381
11/9/2022 3:45,3.38,0.000396554
11/9/2022 4:00,3.435,0.000403007
11/9/2022 4:15,3.405,0.000399487
11/9/2022 4:30,3.28,0.000384821
11/9/2022 4:45,3.34,0.000391861
11/9/2022 5:00,3.305,0.000387754
11/9/2022 5:15,3.43,0.00040242
11/9/2022 5:30,3.46,0.00040594
11/9/2022 5:45,3.475,0.000407699
11/9/2022 6:00,3.395,0.000398314
11/9/2022 6:15,3.395,0.000398314
11/9/2022 6:30,3.285,0.000385408
11/9/2022 6:45,3.415,0.00040066
11/9/2022 7:00,3.425,0.000401833
11/9/2022 7:15,3.49,0.000409459
11/9/2022 7:30,3.635,0.000426471
11/9/2022 7:45,3.63,0.000425885
11/9/2022 8:00,3.455,0.000405353
11/9/2022 8:15,3.39,0.000397727
11/9/2022 8:30,3.315,0.000388928
11/9/2022 8:45,3.39,0.000397727
11/9/2022 9:00,3.465,0.000406526
11/9/2022 9:15,3.46,0.00040594
11/9/2022 9:30,3.59,0.000421192
11/9/2022 9:45,4.045,0.000474574
11/9/2022 10:00,4.795,0.000562567
11/9/2022 10:15,5.555,0.000651733
11/9/2022 10:30,5.575,0.000654079
11/9/2022 10:45,5.185,0.000608323
11/9/2022 11:00,24.78,0.002907279
11/9/2022 11:15,12.31,0.001444253
11/9/2022 11:30,6.835,0.000801907
11/9/2022 11:45,6.425,0.000753804
11/9/2022 12:00,6.36,0.000746178
11/9/2022 12:15,7.7,0.000903392
11/9/2022 12:30,8.41,0.000986691
11/9/2022 12:45,6.69,0.000784895
11/9/2022 13:00,5.165,0.000605976
11/9/2022 13:15,4.35,0.000510358
11/9/2022 13:30,3.85,0.000451696
11/9/2022 13:45,3.79,0.000444656
11/9/2022 14:00,3.335,0.000391274
11/9/2022 14:15,3.25,0.000381302
11/9/2022 14:30,3.125,0.000366636
11/9/2022 14:45,2.96,0.000347278
11/9/2022 15:00,2.98,0.000349624
11/9/2022 15:15,2.84,0.000333199
11/9/2022 15:30,2.775,0.000325573
11/9/2022 15:45,2.69,0.0003156
11/9/2022 16:00,2.68,0.000314427
11/9/2022 16:15,2.615,0.000306801
11/9/2022 16:30,2.66,0.000312081
11/9/2022 16:45,2.65,0.000310908
11/9/2022 17:00,2.635,0.000309148
11/9/2022 17:15,2.63,0.000308561
11/9/2022 17:30,2.655,0.000311494
11/9/2022 17:45,2.67,0.000313254
11/9/2022 18:00,2.605,0.000305628
11/9/2022 18:15,2.65,0.000310908
11/9/2022 18:30,2.575,0.000302108
11/9/2022 18:45,2.57,0.000301522
11/9/2022 19:00,2.815,0.000330266
11/9/2022 19:15,2.755,0.000323226
11/9/2022 19:30,2.66,0.000312081
11/9/2022 19:45,2.665,0.000312667
11/9/2022 20:00,2.69,0.0003156
11/9/2022 20:15,2.74,0.000321467
11/9/2022 20:30,2.71,0.000317947
11/9/2022 20:45,2.795,0.000327919
11/9/2022 21:00,2.775,0.000325573
11/9/2022 21:15,2.745,0.000322053
11/9/2022 21:30,2.78,0.00032616
11/9/2022 21:45,2.735,0.00032088
11/9/2022 22:00,2.72,0.00031912
11/9/2022 22:15,2.58,0.000302695
11/9/2022 22:30,2.71,0.000317947
11/9/2022 22:45,3.295,0.000386581
11/9/2022 23:00,3.03,0.00035549
11/9/2022 23:15,3.07,0.000360183
11/9/2022 23:30,3.01,0.000353144
11/9/2022 23:45,3.16,0.000370743
11/10/2022 0:00,3.26,0.000382475
11/10/2022 0:15,3.525,0.000413566
11/10/2022 0:30,4.39,0.000515051
11/10/2022 0:45,3.835,0.000449936
11/10/2022 1:00,3.935,0.000461668
11/10/2022 1:15,3.455,0.000405353
11/10/2022 1:30,3.435,0.000403007
11/10/2022 1:45,3.39,0.000397727
11/10/2022 2:00,3.45,0.000404766
11/10/2022 2:15,3.85,0.000451696
11/10/2022 2:30,3.45,0.000404766
11/10/2022 2:45,3.48,0.000408286
11/10/2022 3:00,3.445,0.00040418
11/10/2022 3:15,3.42,0.000401247
11/10/2022 3:30,3.76,0.000441137
11/10/2022 3:45,3.855,0.000452282
11/10/2022 4:00,3.865,0.000453456
11/10/2022 4:15,3.81,0.000447003
11/10/2022 4:30,3.705,0.000434684
11/10/2022 4:45,3.69,0.000432924
11/10/2022 5:00,3.655,0.000428818
11/10/2022 5:15,4.025,0.000472227
11/10/2022 5:30,4.04,0.000473987
11/10/2022 5:45,4.065,0.00047692
11/10/2022 6:00,4.025,0.000472227
11/10/2022 6:15,4.005,0.000469881
11/10/2022 6:30,3.93,0.000461082
11/10/2022 6:45,3.565,0.000418259
11/10/2022 7:00,3.51,0.000411806
11/10/2022 7:15,3.455,0.000405353
11/10/2022 7:30,3.505,0.000411219
11/10/2022 7:45,3.53,0.000414152
11/10/2022 8:00,3.66,0.000429404
11/10/2022 8:15,3.82,0.000448176
11/10/2022 8:30,4.065,0.00047692
11/10/2022 8:45,4.035,0.000473401
11/10/2022 9:00,4.055,0.000475747
11/10/2022 9:15,4.19,0.000491586
11/10/2022 9:30,4.34,0.000509184
11/10/2022 9:45,4.12,0.000483373
11/10/2022 10:00,3.65,0.000428231
11/10/2022 10:15,3.295,0.000386581
11/10/2022 10:30,3.09,0.00036253
11/10/2022 10:45,3.075,0.00036077
11/10/2022 11:00,2.96,0.000347278
11/10/2022 11:15,3.07,0.000360183
11/10/2022 11:30,3.265,0.000383062
11/10/2022 11:45,3.43,0.00040242
11/10/2022 12:00,3.425,0.000401833
11/10/2022 12:15,3.465,0.000406526
11/10/2022 12:30,6.09,0.000714501
11/10/2022 12:45,24.5,0.002874428
11/10/2022 13:00,8.68,0.001018369
11/10/2022 13:15,4.98,0.000584271
11/10/2022 13:30,5.305,0.000622402
11/10/2022 13:45,6.635,0.000778442
11/10/2022 14:00,6.005,0.000704528
11/10/2022 14:15,10.075,0.001182035
11/10/2022 14:30,7.53,0.000883447
11/10/2022 14:45,8.72,0.001023062
11/10/2022 15:00,16.89,0.001981595
11/10/2022 15:15,12.67,0.00148649
11/10/2022 15:30,8.555,0.001003703
11/10/2022 15:45,11.49,0.001348048
11/10/2022 16:00,11.525,0.001352154
11/10/2022 16:15,7.47,0.000876407
11/10/2022 16:30,7.455,0.000874647
11/10/2022 16:45,6.17,0.000723887
11/10/2022 17:00,7.705,0.000903978
11/10/2022 17:15,10.035,0.001177342
11/10/2022 17:30,7.455,0.000874647
11/10/2022 17:45,4.94,0.000579579
11/10/2022 18:00,4.125,0.00048396
11/10/2022 18:15,4.09,0.000479853
11/10/2022 18:30,4.45,0.00052209
11/10/2022 18:45,4.495,0.00052737
11/10/2022 19:00,4.065,0.00047692
11/10/2022 19:15,3.565,0.000418259
11/10/2022 19:30,3.245,0.000380715
11/10/2022 19:45,2.995,0.000351384
11/10/2022 20:00,2.935,0.000344345
11/10/2022 20:15,2.965,0.000347864
11/10/2022 20:30,2.845,0.000333786
11/10/2022 20:45,2.87,0.000336719
11/10/2022 21:00,2.83,0.000332026
11/10/2022 21:15,2.91,0.000341412
11/10/2022 21:30,2.93,0.000343758
11/10/2022 21:45,2.845,0.000333786
11/10/2022 22:00,2.785,0.000326746
11/10/2022 22:15,2.84,0.000333199
11/10/2022 22:30,2.755,0.000323226
11/10/2022 22:45,2.805,0.000329093
11/10/2022 23:00,2.75,0.00032264
11/10/2022 23:15,2.83,0.000332026
11/10/2022 23:30,2.76,0.000323813
11/10/2022 23:45,2.73,0.000320293
11/11/2022 0:00,2.81,0.000329679
11/11/2022 0:15,2.945,0.000345518
11/11/2022 0:30,3.045,0.00035725
11/11/2022 0:45,3.145,0.000368983
11/11/2022 1:00,3.23,0.000378955
11/11/2022 1:15,3.245,0.000380715
11/11/2022 1:30,3.295,0.000386581
11/11/2022 1:45,3.27,0.000383648
11/11/2022 2:00,3.415,0.00040066
11/11/2022 2:15,3.655,0.000428818
11/11/2022 2:30,3.875,0.000454629
11/11/2022 2:45,4.265,0.000500385
11/11/2022 3:00,4.425,0.000519157
11/11/2022 3:15,4.46,0.000523263
11/11/2022 3:30,4.565,0.000535582
11/11/2022 3:45,4.55,0.000533822
11/11/2022 4:00,4.635,0.000543795
11/11/2022 4:15,4.7,0.000551421
11/11/2022 4:30,4.855,0.000569606
11/11/2022 4:45,5.26,0.000617122
11/11/2022 5:00,6.03,0.000707461
11/11/2022 5:15,6.945,0.000814812
11/11/2022 5:30,7.56,0.000886966
11/11/2022 5:45,7.86,0.000922163
11/11/2022 6:00,7.265,0.000852356
11/11/2022 6:15,6.52,0.00076495
11/11/2022 6:30,5.835,0.000684583
11/11/2022 6:45,5.125,0.000601283
11/11/2022 7:00,4.855,0.000569606
11/11/2022 7:15,4.75,0.000557287
11/11/2022 7:30,4.455,0.000522677
11/11/2022 7:45,4.365,0.000512117
11/11/2022 8:00,4.295,0.000503905
11/11/2022 8:15,4.485,0.000526196
11/11/2022 8:30,4.675,0.000548488
11/11/2022 8:45,4.84,0.000567846
11/11/2022 9:00,5.02,0.000588964
11/11/2022 9:15,4.705,0.000552007
11/11/2022 9:30,4.3,0.000504491
11/11/2022 9:45,3.81,0.000447003
11/11/2022 10:00,3.49,0.000409459
11/11/2022 10:15,3.27,0.000383648
11/11/2022 10:30,3.31,0.000388341
11/11/2022 10:45,3.23,0.000378955
11/11/2022 11:00,3.45,0.000404766
11/11/2022 11:15,3.84,0.000450523
11/11/2022 11:30,4.205,0.000493346
11/11/2022 11:45,4.235,0.000496865
11/11/2022 12:00,4.195,0.000492172
11/11/2022 12:15,3.98,0.000466948
11/11/2022 12:30,3.755,0.00044055
11/11/2022 12:45,3.525,0.000413566
11/11/2022 13:00,3.585,0.000420605
11/11/2022 13:15,3.26,0.000382475
11/11/2022 13:30,3.13,0.000367223
11/11/2022 13:45,2.96,0.000347278
11/11/2022 14:00,2.855,0.000334959
11/11/2022 14:15,2.775,0.000325573
11/11/2022 14:30,2.665,0.000312667
11/11/2022 14:45,2.82,0.000330853
11/11/2022 15:00,3.505,0.000411219
11/11/2022 15:15,4.345,0.000509771
11/11/2022 15:30,4.68,0.000549074
11/11/2022 15:45,5.925,0.000695142
11/11/2022 16:00,5.855,0.00068693
11/11/2022 16:15,5.205,0.000610669
11/11/2022 16:30,4.675,0.000548488
11/11/2022 16:45,4.29,0.000503318
11/11/2022 17:00,3.93,0.000461082
11/11/2022 17:15,3.745,0.000439377
11/11/2022 17:30,3.36,0.000394207
11/11/2022 17:45,3.09,0.00036253
11/11/2022 18:00,3.09,0.00036253
11/11/2022 18:15,3.105,0.00036429
11/11/2022 18:30,2.865,0.000336132
11/11/2022 18:45,2.735,0.00032088
11/11/2022 19:00,2.57,0.000301522
11/11/2022 19:15,2.615,0.000306801
11/11/2022 19:30,2.755,0.000323226
11/11/2022 19:45,2.86,0.000335545
11/11/2022 20:00,2.775,0.000325573
11/11/2022 20:15,2.675,0.000313841
11/11/2022 20:30,2.62,0.000307388
11/11/2022 20:45,2.59,0.000303868
11/11/2022 21:00,2.47,0.000289789
11/11/2022 21:15,2.385,0.000279817
11/11/2022 21:30,2.385,0.000279817
11/11/2022 21:45,2.455,0.000288029
11/11/2022 22:00,2.47,0.000289789
11/11/2022 22:15,2.525,0.000296242
11/11/2022 22:30,2.695,0.000316187
11/11/2022 22:45,3.04,0.000356664
11/11/2022 23:00,3.385,0.00039714
11/11/2022 23:15,3.35,0.000393034
11/11/2022 23:30,3.14,0.000368396
11/11/2022 23:45,2.85,0.000334372
11/12/2022 0:00,2.85,0.000334372
11/12/2022 0:15,2.77,0.000324986
11/12/2022 0:30,3.26,0.000382475
11/12/2022 0:45,2.87,0.000336719
11/12/2022 1:00,2.9,0.000340238
11/12/2022 1:15,3.005,0.000352557
11/12/2022 1:30,3.15,0.000369569
11/12/2022 1:45,3.225,0.000378369
11/12/2022 2:00,3.49,0.000409459
11/12/2022 2:15,3.805,0.000446416
11/12/2022 2:30,4.27,0.000500972
11/12/2022 2:45,4.405,0.00051681
11/12/2022 3:00,4.775,0.00056022
11/12/2022 3:15,5.1,0.00059835
11/12/2022 3:30,5.1,0.00059835
11/12/2022 3:45,5.285,0.000620055
11/12/2022 4:00,5.41,0.000634721
11/12/2022 4:15,5.435,0.000637654
11/12/2022 4:30,5.36,0.000628854
11/12/2022 4:45,5.57,0.000653492
11/12/2022 5:00,5.655,0.000663465
11/12/2022 5:15,5.83,0.000683997
11/12/2022 5:30,6.055,0.000710394
11/12/2022 5:45,6.305,0.000739725
11/12/2022 6:00,12.35,0.001448946
11/12/2022 6:15,16.27,0.001908855
11/12/2022 6:30,9.225,0.00108231
11/12/2022 6:45,11.535,0.001353328
11/12/2022 7:00,17.165,0.002013859
11/12/2022 7:15,82.29,0.009654558
11/12/2022 7:30,93.985,0.011026658
11/12/2022 7:45,84.6,0.009925576
11/12/2022 8:00,52.93,0.006209938
11/12/2022 8:15,45.32,0.005317105
11/12/2022 8:30,39.035,0.004579726
11/12/2022 8:45,34.09,0.003999561
11/12/2022 9:00,28.075,0.00329386
11/12/2022 9:15,24.48,0.002872082
11/12/2022 9:30,40.57,0.004759818
11/12/2022 9:45,33.64,0.003946766
11/12/2022 10:00,34.98,0.004103979
11/12/2022 10:15,6.335,0.000743245
11/12/2022 10:30,6.965,0.000817159
11/12/2022 10:45,7.78,0.000912778
11/12/2022 11:00,8.3,0.000973786
11/12/2022 11:15,8.3,0.000973786
11/12/2022 11:30,7.82,0.00091747
11/12/2022 11:45,7.135,0.000837104
11/12/2022 12:00,6.565,0.000770229
11/12/2022 12:15,6.15,0.00072154
11/12/2022 12:30,5.86,0.000687516
11/12/2022 12:45,5.66,0.000664052
11/12/2022 13:00,6.06,0.000710981
11/12/2022 13:15,6.595,0.000773749
11/12/2022 13:30,6.78,0.000795454
11/12/2022 13:45,6.79,0.000796627
11/12/2022 14:00,6.61,0.000775509
11/12/2022 14:15,6.515,0.000764363
11/12/2022 14:30,6.605,0.000774922
11/12/2022 14:45,6.43,0.000754391
11/12/2022 15:00,6.285,0.000737379
11/12/2022 15:15,5.98,0.000701595
11/12/2022 15:30,5.69,0.000667571
11/12/2022 15:45,6.925,0.000812466
11/12/2022 16:00,5.315,0.000623575
11/12/2022 16:15,5.05,0.000592484
11/12/2022 16:30,5.005,0.000587205
11/12/2022 16:45,5,0.000586618
11/12/2022 17:00,4.99,0.000585445
11/12/2022 17:15,5.085,0.00059659
11/12/2022 17:30,5.205,0.000610669
11/12/2022 17:45,5.325,0.000624748
11/12/2022 18:00,5.11,0.000599524
11/12/2022 18:15,4.95,0.000580752
11/12/2022 18:30,4.795,0.000562567
11/12/2022 18:45,4.59,0.000538515
11/12/2022 19:00,4.965,0.000582512
11/12/2022 19:15,5.81,0.00068165
11/12/2022 19:30,7.85,0.00092099
11/12/2022 19:45,9.08,0.001065298
11/12/2022 20:00,9.81,0.001150944
11/12/2022 20:15,9.87,0.001157984
11/12/2022 20:30,9.765,0.001145665
11/12/2022 20:45,9.33,0.001094629
11/12/2022 21:00,9.05,0.001061778
11/12/2022 21:15,8.985,0.001054152
11/12/2022 21:30,9.075,0.001064712
11/12/2022 21:45,9.195,0.00107879
11/12/2022 22:00,8.92,0.001046526
11/12/2022 22:15,8.78,0.001030101
11/12/2022 22:30,8.54,0.001001943
11/12/2022 22:45,8.41,0.000986691
11/12/2022 23:00,7.795,0.000914537
11/12/2022 23:15,7.61,0.000892833
11/12/2022 23:30,7.47,0.000876407
11/12/2022 23:45,7.3,0.000856462
11/13/2022 0:00,7.18,0.000842383
11/13/2022 0:15,7.07,0.000829478
11/13/2022 0:30,7.01,0.000822438
11/13/2022 0:45,6.92,0.000811879
11/13/2022 1:00,6.92,0.000811879
11/13/2022 1:15,7.67,0.000899872
11/13/2022 1:30,7.075,0.000830064
11/13/2022 1:45,7.4,0.000868195
11/13/2022 2:00,7.24,0.000849423
11/13/2022 2:15,7.27,0.000852943
11/13/2022 2:30,7.205,0.000845316
11/13/2022 2:45,7.14,0.00083769
11/13/2022 3:00,7.04,0.000825958
11/13/2022 3:15,7.215,0.00084649
11/13/2022 3:30,7.035,0.000825371
11/13/2022 3:45,6.975,0.000818332
11/13/2022 4:00,7.035,0.000825371
11/13/2022 4:15,6.89,0.00080836
11/13/2022 4:30,6.73,0.000789588
11/13/2022 4:45,6.515,0.000764363
11/13/2022 5:00,6.445,0.000756151
11/13/2022 5:15,6.17,0.000723887
11/13/2022 5:30,6.085,0.000713914
11/13/2022 5:45,6.21,0.000728579
11/13/2022 6:00,6.27,0.000735619
11/13/2022 6:15,7.315,0.000858222
11/13/2022 6:30,8.86,0.001039487
11/13/2022 6:45,11.27,0.001322237
11/13/2022 7:00,62.46,0.007328031
11/13/2022 7:15,16.035,0.001881284
11/13/2022 7:30,38.515,0.004518718
11/13/2022 7:45,43.93,0.005154025
11/13/2022 8:00,13.27,0.001556884
11/13/2022 8:15,13.66,0.00160264
11/13/2022 8:30,11.6,0.001360954
11/13/2022 8:45,11.56,0.001356261
11/13/2022 9:00,11.03,0.001294079
11/13/2022 9:15,10.005,0.001173823
11/13/2022 9:30,7.14,0.00083769
11/13/2022 9:45,5.34,0.000626508
11/13/2022 10:00,5.475,0.000642347
11/13/2022 10:15,5.69,0.000667571
11/13/2022 10:30,5.81,0.00068165
11/13/2022 10:45,5.61,0.000658185
11/13/2022 11:00,5.11,0.000599524
11/13/2022 11:15,4.69,0.000550248
11/13/2022 11:30,4.525,0.000530889
11/13/2022 11:45,4.5,0.000527956
11/13/2022 12:00,4.375,0.000513291
11/13/2022 12:15,4.41,0.000517397
11/13/2022 12:30,4.755,0.000557874
11/13/2022 12:45,5.03,0.000590138
11/13/2022 13:00,5.33,0.000625335
11/13/2022 13:15,5.52,0.000647626
11/13/2022 13:30,5.45,0.000639414
11/13/2022 13:45,5.45,0.000639414
11/13/2022 14:00,5.27,0.000618295
11/13/2022 14:15,5.02,0.000588964
11/13/2022 14:30,4.875,0.000571953
11/13/2022 14:45,4.6,0.000539689
11/13/2022 15:00,4.34,0.000509184
11/13/2022 15:15,4.385,0.000514464
11/13/2022 15:30,4.11,0.0004822
11/13/2022 15:45,3.98,0.000466948
11/13/2022 16:00,4.16,0.000488066
11/13/2022 16:15,3.78,0.000443483
11/13/2022 16:30,3.64,0.000427058
11/13/2022 16:45,3.605,0.000422952
11/13/2022 17:00,3.445,0.00040418
11/13/2022 17:15,3.335,0.000391274
11/13/2022 17:30,3.175,0.000372502
11/13/2022 17:45,3.15,0.000369569
11/13/2022 18:00,3.04,0.000356664
11/13/2022 18:15,2.95,0.000346105
11/13/2022 18:30,2.9,0.000340238
11/13/2022 18:45,2.97,0.000348451
11/13/2022 19:00,3.115,0.000365463
11/13/2022 19:15,3.68,0.000431751
11/13/2022 19:30,4.125,0.00048396
11/13/2022 19:45,4.4,0.000516224
11/13/2022 20:00,4.515,0.000529716
11/13/2022 20:15,4.34,0.000509184
11/13/2022 20:30,4.375,0.000513291
11/13/2022 20:45,4.32,0.000506838
11/13/2022 21:00,4.43,0.000519744
11/13/2022 21:15,4.41,0.000517397
11/13/2022 21:30,4.395,0.000515637
11/13/2022 21:45,4.42,0.00051857
11/13/2022 22:00,4.585,0.000537929
11/13/2022 22:15,4.815,0.000564913
11/13/2022 22:30,4.985,0.000584858
11/13/2022 22:45,5.085,0.00059659
11/13/2022 23:00,4.985,0.000584858
11/13/2022 23:15,4.805,0.00056374
11/13/2022 23:30,4.84,0.000567846
11/13/2022 23:45,4.795,0.000562567
11/14/2022 0:00,4.945,0.000580165
11/14/2022 0:15,5.225,0.000613016
11/14/2022 0:30,5.215,0.000611843
11/14/2022 0:45,5.35,0.000627681
11/14/2022 1:00,5.145,0.00060363
11/14/2022 1:15,5.22,0.000612429
11/14/2022 1:30,5.63,0.000660532
11/14/2022 1:45,5.775,0.000677544
11/14/2022 2:00,5.845,0.000685756
11/14/2022 2:15,5.785,0.000678717
11/14/2022 2:30,5.65,0.000662878
11/14/2022 2:45,5.535,0.000649386
11/14/2022 3:00,5.68,0.000666398
11/14/2022 3:15,5.585,0.000655252
11/14/2022 3:30,5.295,0.000621228
11/14/2022 3:45,5.025,0.000589551
11/14/2022 4:00,4.88,0.000572539
11/14/2022 4:15,4.745,0.0005567
11/14/2022 4:30,4.6,0.000539689
11/14/2022 4:45,4.51,0.000529129
11/14/2022 5:00,4.345,0.000509771
11/14/2022 5:15,4.3,0.000504491
11/14/2022 5:30,4.21,0.000493932
11/14/2022 5:45,4.205,0.000493346
11/14/2022 6:00,4.185,0.000490999
11/14/2022 6:15,4.27,0.000500972
11/14/2022 6:30,4.385,0.000514464
11/14/2022 6:45,4.22,0.000495106
11/14/2022 7:00,4.195,0.000492172
11/14/2022 7:15,4.215,0.000494519
11/14/2022 7:30,4.255,0.000499212
11/14/2022 7:45,4.38,0.000513877
11/14/2022 8:00,4.605,0.000540275
11/14/2022 8:15,4.78,0.000560807
11/14/2022 8:30,4.85,0.000569019
11/14/2022 8:45,4.765,0.000559047
11/14/2022 9:00,4.645,0.000544968
11/14/2022 9:15,4.525,0.000530889
11/14/2022 9:30,4.15,0.000486893
11/14/2022 9:45,3.915,0.000459322
11/14/2022 10:00,3.635,0.000426471
11/14/2022 10:15,3.41,0.000400073
11/14/2022 10:30,3.26,0.000382475
11/14/2022 10:45,3.03,0.00035549
11/14/2022 11:00,2.965,0.000347864
11/14/2022 11:15,2.965,0.000347864
11/14/2022 11:30,3.01,0.000353144
11/14/2022 11:45,3.145,0.000368983
11/14/2022 12:00,3.06,0.00035901
11/14/2022 12:15,2.905,0.000340825
11/14/2022 12:30,2.755,0.000323226
11/14/2022 12:45,2.74,0.000321467
11/14/2022 13:00,2.61,0.000306215
11/14/2022 13:15,2.525,0.000296242
11/14/2022 13:30,2.455,0.000288029
11/14/2022 13:45,2.46,0.000288616
11/14/2022 14:00,2.45,0.000287443
11/14/2022 14:15,2.47,0.000289789
11/14/2022 14:30,2.5,0.000293309
11/14/2022 14:45,2.505,0.000293896
11/14/2022 15:00,2.52,0.000295655
11/14/2022 15:15,2.53,0.000296829
11/14/2022 15:30,2.52,0.000295655
11/14/2022 15:45,2.49,0.000292136
11/14/2022 16:00,2.405,0.000282163
11/14/2022 16:15,2.53,0.000296829
11/14/2022 16:30,2.44,0.00028627
11/14/2022 16:45,2.515,0.000295069
11/14/2022 17:00,2.7,0.000316774
11/14/2022 17:15,2.735,0.00032088
11/14/2022 17:30,2.695,0.000316187
11/14/2022 17:45,2.515,0.000295069
11/14/2022 18:00,2.48,0.000290963
11/14/2022 18:15,2.415,0.000283336
11/14/2022 18:30,2.405,0.000282163
11/14/2022 18:45,2.4,0.000281577
11/14/2022 19:00,2.435,0.000285683
11/14/2022 19:15,2.53,0.000296829
11/14/2022 19:30,2.595,0.000304455
11/14/2022 19:45,2.53,0.000296829
11/14/2022 20:00,2.675,0.000313841
11/14/2022 20:15,2.54,0.000298002
11/14/2022 20:30,2.625,0.000307974
11/14/2022 20:45,2.59,0.000303868
11/14/2022 21:00,2.645,0.000310321
11/14/2022 21:15,2.62,0.000307388
11/14/2022 21:30,2.73,0.000320293
11/14/2022 21:45,2.865,0.000336132
11/14/2022 22:00,2.975,0.000349038
11/14/2022 22:15,3.105,0.00036429
11/14/2022 22:30,3.28,0.000384821
11/14/2022 22:45,3.38,0.000396554
11/14/2022 23:00,3.48,0.000408286
11/14/2022 23:15,3.735,0.000438204
11/14/2022 23:30,3.925,0.000460495
11/14/2022 23:45,4.17,0.000489239
11/15/2022 0:00,4.445,0.000521503
11/15/2022 0:15,4.39,0.000515051
11/15/2022 0:30,4.59,0.000538515
11/15/2022 0:45,4.545,0.000533236
11/15/2022 1:00,4.44,0.000520917
11/15/2022 1:15,4.575,0.000536755
11/15/2022 1:30,4.67,0.000547901
11/15/2022 1:45,4.89,0.000573712
11/15/2022 2:00,4.89,0.000573712
11/15/2022 2:15,4.97,0.000583098
11/15/2022 2:30,5.075,0.000595417
11/15/2022 2:45,5.27,0.000618295
11/15/2022 3:00,5.515,0.00064704
11/15/2022 3:15,5.64,0.000661705
11/15/2022 3:30,5.615,0.000658772
11/15/2022 3:45,5.38,0.000631201
11/15/2022 4:00,5.11,0.000599524
11/15/2022 4:15,4.95,0.000580752
11/15/2022 4:30,4.915,0.000576645
11/15/2022 4:45,4.95,0.000580752
11/15/2022 5:00,5.315,0.000623575
11/15/2022 5:15,5.225,0.000613016
11/15/2022 5:30,5.19,0.000608909
11/15/2022 5:45,5.055,0.000593071
11/15/2022 6:00,4.86,0.000570193
11/15/2022 6:15,4.585,0.000537929
11/15/2022 6:30,4.52,0.000530303
11/15/2022 6:45,4.575,0.000536755
11/15/2022 7:00,4.75,0.000557287
11/15/2022 7:15,4.8,0.000563153
11/15/2022 7:30,4.82,0.0005655
11/15/2022 7:45,4.755,0.000557874
11/15/2022 8:00,5.54,0.000649973
11/15/2022 8:15,5.89,0.000691036
11/15/2022 8:30,5.31,0.000622988
11/15/2022 8:45,5.085,0.00059659
11/15/2022 9:00,4.85,0.000569019
11/15/2022 9:15,4.805,0.00056374
11/15/2022 9:30,4.535,0.000532062
11/15/2022 9:45,4.385,0.000514464
11/15/2022 10:00,4.205,0.000493346
11/15/2022 10:15,4.195,0.000492172
11/15/2022 10:30,3.98,0.000466948
11/15/2022 10:45,3.83,0.000449349
11/15/2022 11:00,3.68,0.000431751
11/15/2022 11:15,3.65,0.000428231
11/15/2022 11:30,3.425,0.000401833
11/15/2022 11:45,3.46,0.00040594
11/15/2022 12:00,3.26,0.000382475
11/15/2022 12:15,3.16,0.000370743
11/15/2022 12:30,3.13,0.000367223
11/15/2022 12:45,3.04,0.000356664
11/15/2022 13:00,2.96,0.000347278
11/15/2022 13:15,2.875,0.000337305
11/15/2022 13:30,3.14,0.000368396
11/15/2022 13:45,3.01,0.000353144
11/15/2022 14:00,2.785,0.000326746
11/15/2022 14:15,2.835,0.000332612
11/15/2022 14:30,2.56,0.000300348
11/15/2022 14:45,2.565,0.000300935
11/15/2022 15:00,2.545,0.000298589
11/15/2022 15:15,2.435,0.000285683
11/15/2022 15:30,2.51,0.000294482
11/15/2022 15:45,2.495,0.000292722
11/15/2022 16:00,2.46,0.000288616
11/15/2022 16:15,2.49,0.000292136
11/15/2022 16:30,2.5,0.000293309
11/15/2022 16:45,2.56,0.000300348
11/15/2022 17:00,2.725,0.000319707
11/15/2022 17:15,2.85,0.000334372
11/15/2022 17:30,2.99,0.000350798
11/15/2022 17:45,3.21,0.000376609
11/15/2022 18:00,3.385,0.00039714
11/15/2022 18:15,3.32,0.000389514
11/15/2022 18:30,3.28,0.000384821
11/15/2022 18:45,3.3,0.000387168
11/15/2022 19:00,3.455,0.000405353
11/15/2022 19:15,3.61,0.000423538
11/15/2022 19:30,3.635,0.000426471
11/15/2022 19:45,3.81,0.000447003
11/15/2022 20:00,4.145,0.000486306
11/15/2022 20:15,4.29,0.000503318
11/15/2022 20:30,4.59,0.000538515
11/15/2022 20:45,4.785,0.000561393
11/15/2022 21:00,4.88,0.000572539
11/15/2022 21:15,5.09,0.000597177
11/15/2022 21:30,5.07,0.000594831
11/15/2022 21:45,5.17,0.000606563
11/15/2022 22:00,5.155,0.000604803
11/15/2022 22:15,5.3,0.000621815
11/15/2022 22:30,5.215,0.000611843
11/15/2022 22:45,5.225,0.000613016
11/15/2022 23:00,5.05,0.000592484
11/15/2022 23:15,5.09,0.000597177
11/15/2022 23:30,5.14,0.000603043
11/15/2022 23:45,5.165,0.000605976
11/16/2022 0:00,5.045,0.000591898
11/16/2022 0:15,4.895,0.000574299
11/16/2022 0:30,4.77,0.000559634
11/16/2022 0:45,4.705,0.000552007
11/16/2022 1:00,4.895,0.000574299
11/16/2022 1:15,5.195,0.000609496
11/16/2022 1:30,5.305,0.000622402
11/16/2022 1:45,5.17,0.000606563
11/16/2022 2:00,5.14,0.000603043
11/16/2022 2:15,5.295,0.000621228
11/16/2022 2:30,5.585,0.000655252
11/16/2022 2:45,5.85,0.000686343
11/16/2022 3:00,6.315,0.000740898
11/16/2022 3:15,6.825,0.000800734
11/16/2022 3:30,6.99,0.000820092
11/16/2022 3:45,6.86,0.00080484
11/16/2022 4:00,6.495,0.000762017
11/16/2022 4:15,6.015,0.000705701
11/16/2022 4:30,5.67,0.000665225
11/16/2022 4:45,5.56,0.000652319
11/16/2022 5:00,5.21,0.000611256
11/16/2022 5:15,5.16,0.00060539
11/16/2022 5:30,5.095,0.000597764
11/16/2022 5:45,5.15,0.000604216
11/16/2022 6:00,5.175,0.00060715
11/16/2022 6:15,5.37,0.000630028
11/16/2022 6:30,5.22,0.000612429
11/16/2022 6:45,5.03,0.000590138
11/16/2022 7:00,4.755,0.000557874
11/16/2022 7:15,4.525,0.000530889
11/16/2022 7:30,4.655,0.000546141
11/16/2022 7:45,4.66,0.000546728
11/16/2022 8:00,4.57,0.000536169
11/16/2022 8:15,4.345,0.000509771
11/16/2022 8:30,4.115,0.000482787
11/16/2022 8:45,4.055,0.000475747
11/16/2022 9:00,4.005,0.000469881
11/16/2022 9:15,3.865,0.000453456
11/16/2022 9:30,3.73,0.000437617
11/16/2022 9:45,3.615,0.000424125
11/16/2022 10:00,3.425,0.000401833
11/16/2022 10:15,3.34,0.000391861
11/16/2022 10:30,3.235,0.000379542
11/16/2022 10:45,3.095,0.000363117
11/16/2022 11:00,3.01,0.000353144
11/16/2022 11:15,3.12,0.00036605
11/16/2022 11:30,2.945,0.000345518
11/16/2022 11:45,2.975,0.000349038
11/16/2022 12:00,2.88,0.000337892
11/16/2022 12:15,2.86,0.000335545
11/16/2022 12:30,2.79,0.000327333
11/16/2022 12:45,2.83,0.000332026
11/16/2022 13:00,2.7,0.000316774
11/16/2022 13:15,2.685,0.000315014
11/16/2022 13:30,2.59,0.000303868
11/16/2022 13:45,2.5,0.000293309
11/16/2022 14:00,2.535,0.000297415
11/16/2022 14:15,2.5,0.000293309
11/16/2022 14:30,2.515,0.000295069
11/16/2022 14:45,2.435,0.000285683
11/16/2022 15:00,2.42,0.000283923
11/16/2022 15:15,2.4,0.000281577
11/16/2022 15:30,2.37,0.000278057
11/16/2022 15:45,2.32,0.000272191
11/16/2022 16:00,2.335,0.000273951
11/16/2022 16:15,2.25,0.000263978
11/16/2022 16:30,2.29,0.000268671
11/16/2022 16:45,2.29,0.000268671
11/16/2022 17:00,2.29,0.000268671
11/16/2022 17:15,2.35,0.00027571
11/16/2022 17:30,2.35,0.00027571
11/16/2022 17:45,2.37,0.000278057
11/16/2022 18:00,2.325,0.000272777
11/16/2022 18:15,2.36,0.000276884
11/16/2022 18:30,2.27,0.000266325
11/16/2022 18:45,2.22,0.000260458
11/16/2022 19:00,2.305,0.000270431
11/16/2022 19:15,2.455,0.000288029
11/16/2022 19:30,2.32,0.000272191
11/16/2022 19:45,2.305,0.000270431
11/16/2022 20:00,2.31,0.000271017
11/16/2022 20:15,2.31,0.000271017
11/16/2022 20:30,2.3,0.000269844
11/16/2022 20:45,2.295,0.000269258
11/16/2022 21:00,2.315,0.000271604
11/16/2022 21:15,2.3,0.000269844
11/16/2022 21:30,2.385,0.000279817
11/16/2022 21:45,2.395,0.00028099
11/16/2022 22:00,2.38,0.00027923
11/16/2022 22:15,2.325,0.000272777
11/16/2022 22:30,2.35,0.00027571
11/16/2022 22:45,2.445,0.000286856
11/16/2022 23:00,2.49,0.000292136
11/16/2022 23:15,2.48,0.000290963
11/16/2022 23:30,2.5,0.000293309
11/16/2022 23:45,2.435,0.000285683
11/17/2022 0:00,2.485,0.000291549
11/17/2022 0:15,2.555,0.000299762
11/17/2022 0:30,2.55,0.000299175
11/17/2022 0:45,7.115,0.000834757
11/17/2022 1:00,52.3,0.006136024
11/17/2022 1:15,3.245,0.000380715
11/17/2022 1:30,4.745,0.0005567
11/17/2022 1:45,5.39,0.000632374
11/17/2022 2:00,10.555,0.001238351
11/17/2022 2:15,22.67,0.002659726
11/17/2022 2:30,33.72,0.003956151
11/17/2022 2:45,6.34,0.000743832
11/17/2022 3:00,42.655,0.005004438
11/17/2022 3:15,40.29,0.004726967
11/17/2022 3:30,27.04,0.00317243
11/17/2022 3:45,23.58,0.00276649
11/17/2022 4:00,21.615,0.002535949
11/17/2022 4:15,21.27,0.002495473
11/17/2022 4:30,21.395,0.002510138
11/17/2022 4:45,21.515,0.002524217
11/17/2022 5:00,21.24,0.002491953
11/17/2022 5:15,15.4,0.001806783
11/17/2022 5:30,13.1,0.001536939
11/17/2022 5:45,13.33,0.001563923
11/17/2022 6:00,10.94,0.00128352
11/17/2022 6:15,8.45,0.000991384
11/17/2022 6:30,8.79,0.001031274
11/17/2022 6:45,9.445,0.001108121
11/17/2022 7:00,7.005,0.000821852
11/17/2022 7:15,7.72,0.000905738
11/17/2022 7:30,9.315,0.001092869
11/17/2022 7:45,7.17,0.00084121
11/17/2022 8:00,7.26,0.000851769
11/17/2022 8:15,9.555,0.001121027
11/17/2022 8:30,7.43,0.000871714
11/17/2022 8:45,7.725,0.000906325
11/17/2022 9:00,7.53,0.000883447
11/17/2022 9:15,6.805,0.000798387
11/17/2022 9:30,6.89,0.00080836
11/17/2022 9:45,7.665,0.000899285
11/17/2022 10:00,6.805,0.000798387
11/17/2022 10:15,7.235,0.000848836
11/17/2022 10:30,7.425,0.000871128
11/17/2022 10:45,7.32,0.000858809
11/17/2022 11:00,8.37,0.000981998
11/17/2022 11:15,7.925,0.000929789
11/17/2022 11:30,7.685,0.000901632
11/17/2022 11:45,9.57,0.001122787
11/17/2022 12:00,8.305,0.000974372
11/17/2022 12:15,9.11,0.001068818
11/17/2022 12:30,16.775,0.001968103
11/17/2022 12:45,14.095,0.001653676
11/17/2022 13:00,11.455,0.001343942
11/17/2022 13:15,4.93,0.000578405
11/17/2022 13:30,5.025,0.000589551
11/17/2022 13:45,4.995,0.000586031
11/17/2022 14:00,5.075,0.000595417
11/17/2022 14:15,5.665,0.000664638
11/17/2022 14:30,6.275,0.000736206
11/17/2022 14:45,6.125,0.000718607
11/17/2022 15:00,6.375,0.000747938
11/17/2022 15:15,6.525,0.000765536
11/17/2022 15:30,6.275,0.000736206
11/17/2022 15:45,6.055,0.000710394
11/17/2022 16:00,5.735,0.000672851
11/17/2022 16:15,5.42,0.000635894
11/17/2022 16:30,4.935,0.000578992
11/17/2022 16:45,4.775,0.00056022
11/17/2022 17:00,5.125,0.000601283
11/17/2022 17:15,5.32,0.000624162
11/17/2022 17:30,5.84,0.00068517
11/17/2022 17:45,5.985,0.000702182
11/17/2022 18:00,5.47,0.00064176
11/17/2022 18:15,5.345,0.000627095
11/17/2022 18:30,5.52,0.000647626
11/17/2022 18:45,5.085,0.00059659
11/17/2022 19:00,5.015,0.000588378
11/17/2022 19:15,5.005,0.000587205
11/17/2022 19:30,4.955,0.000581338
11/17/2022 19:45,4.975,0.000583685
11/17/2022 20:00,4.695,0.000550834
11/17/2022 20:15,4.625,0.000542622
11/17/2022 20:30,4.6,0.000539689
11/17/2022 20:45,4.66,0.000546728
11/17/2022 21:00,4.72,0.000553767
11/17/2022 21:15,4.935,0.000578992
11/17/2022 21:30,4.865,0.000570779
11/17/2022 21:45,4.79,0.00056198
11/17/2022 22:00,4.94,0.000579579
11/17/2022 22:15,5.01,0.000587791
11/17/2022 22:30,5.02,0.000588964
11/17/2022 22:45,5.1,0.00059835
11/17/2022 23:00,5.105,0.000598937
11/17/2022 23:15,5.34,0.000626508
11/17/2022 23:30,5.29,0.000620642
11/17/2022 23:45,5.575,0.000654079
11/18/2022 0:00,5.775,0.000677544
11/18/2022 0:15,5.805,0.000681063
11/18/2022 0:30,5.62,0.000659359
11/18/2022 0:45,5.335,0.000625921
11/18/2022 1:00,5.385,0.000631788
11/18/2022 1:15,5.045,0.000591898
11/18/2022 1:30,4.905,0.000575472
11/18/2022 1:45,4.735,0.000555527
11/18/2022 2:00,4.81,0.000564326
11/18/2022 2:15,4.67,0.000547901
11/18/2022 2:30,4.69,0.000550248
11/18/2022 2:45,4.66,0.000546728
11/18/2022 3:00,4.58,0.000537342
11/18/2022 3:15,4.36,0.000511531
11/18/2022 3:30,4.375,0.000513291
11/18/2022 3:45,4.16,0.000488066
11/18/2022 4:00,4.2,0.000492759
11/18/2022 4:15,4.195,0.000492172
11/18/2022 4:30,4.315,0.000506251
11/18/2022 4:45,4.145,0.000486306
11/18/2022 5:00,4.17,0.000489239
11/18/2022 5:15,4.325,0.000507425
11/18/2022 5:30,4.42,0.00051857
11/18/2022 5:45,4.4,0.000516224
11/18/2022 6:00,4.285,0.000502732
11/18/2022 6:15,4.105,0.000481613
11/18/2022 6:30,4.085,0.000479267
11/18/2022 6:45,4.075,0.000478094
11/18/2022 7:00,3.895,0.000456975
11/18/2022 7:15,3.88,0.000455216
11/18/2022 7:30,4.545,0.000533236
11/18/2022 7:45,5.13,0.00060187
11/18/2022 8:00,25.715,0.003016976
11/18/2022 8:15,50.395,0.005912522
11/18/2022 8:30,25.04,0.002937783
11/18/2022 8:45,14.87,0.001744602
11/18/2022 9:00,30.07,0.00352792
11/18/2022 9:15,30.23,0.003546692
11/18/2022 9:30,40.97,0.004806748
11/18/2022 9:45,33.92,0.003979616
11/18/2022 10:00,26.33,0.00308913
11/18/2022 10:15,19.99,0.002345299
11/18/2022 10:30,3.49,0.000409459
11/18/2022 10:45,3.505,0.000411219
11/18/2022 11:00,3.44,0.000403593
11/18/2022 11:15,3.275,0.000384235
11/18/2022 11:45,3.18,0.000373089
11/18/2022 12:00,3.175,0.000372502
11/18/2022 12:15,2.95,0.000346105
11/18/2022 12:30,3.01,0.000353144
11/18/2022 12:45,2.88,0.000337892
11/18/2022 13:00,2.945,0.000345518
11/18/2022 13:15,2.84,0.000333199
11/18/2022 13:30,2.87,0.000336719
11/18/2022 13:45,2.875,0.000337305
11/18/2022 14:00,2.87,0.000336719
11/18/2022 14:15,2.89,0.000339065
11/18/2022 14:30,2.81,0.000329679
11/18/2022 14:45,2.78,0.00032616
11/18/2022 15:00,2.785,0.000326746
11/18/2022 15:15,2.655,0.000311494
11/18/2022 15:30,2.535,0.000297415
11/18/2022 15:45,2.59,0.000303868
11/18/2022 16:00,2.61,0.000306215
11/18/2022 16:15,2.545,0.000298589
11/18/2022 16:30,2.505,0.000293896
11/18/2022 16:45,2.485,0.000291549
11/18/2022 17:00,2.395,0.00028099
11/18/2022 17:15,2.375,0.000278644
11/18/2022 17:30,2.5,0.000293309
11/18/2022 17:45,2.34,0.000274537
11/18/2022 18:00,2.29,0.000268671
11/18/2022 18:15,2.19,0.000256939
11/18/2022 18:30,2.18,0.000255765
11/18/2022 18:45,2.13,0.000249899
11/18/2022 19:00,2.19,0.000256939
11/18/2022 19:15,2.24,0.000262805
11/18/2022 19:30,2.24,0.000262805
11/18/2022 19:45,2.2,0.000258112
11/18/2022 20:00,2.16,0.000253419
11/18/2022 20:15,2.025,0.00023758
11/18/2022 20:30,2.065,0.000242273
11/18/2022 20:45,2.03,0.000238167
11/18/2022 21:00,2.11,0.000247553
11/18/2022 21:15,6.99,0.000820092
11/18/2022 21:30,8.405,0.000986105
11/18/2022 21:45,8.565,0.001004877
11/18/2022 22:00,9.51,0.001115747
11/18/2022 22:15,10.39,0.001218992
11/18/2022 22:30,8.645,0.001014262
11/18/2022 22:45,8.48,0.000994904
11/18/2022 23:00,8.785,0.001030688
11/18/2022 23:15,8.635,0.001013089
11/18/2022 23:30,8.39,0.000984345
11/18/2022 23:45,6.975,0.000818332
11/19/2022 0:00,7.55,0.000885793
11/19/2022 0:15,7.35,0.000862328
11/19/2022 0:30,7.47,0.000876407
11/19/2022 0:45,8.26,0.000969093
11/19/2022 1:00,8.14,0.000955014
11/19/2022 1:15,7.9,0.000926856
11/19/2022 1:30,7.98,0.000936242
11/19/2022 1:45,7.835,0.00091923
11/19/2022 2:00,8.4,0.000985518
11/19/2022 2:15,8.44,0.000990211
11/19/2022 2:30,7.67,0.000899872
11/19/2022 2:45,7.235,0.000848836
11/19/2022 3:00,7.33,0.000859982
11/19/2022 3:15,7.455,0.000874647
11/19/2022 3:30,7.455,0.000874647
11/19/2022 3:45,7.485,0.000878167
11/19/2022 4:00,7.88,0.00092451
11/19/2022 4:15,10.075,0.001182035
11/19/2022 4:30,8.125,0.000953254
11/19/2022 4:45,8.28,0.000971439
11/19/2022 5:00,8.645,0.001014262
11/19/2022 5:15,8.76,0.001027755
11/19/2022 5:30,8.985,0.001054152
11/19/2022 5:45,9.255,0.00108583
11/19/2022 6:00,9.68,0.001135692
11/19/2022 6:15,11.475,0.001346288
11/19/2022 6:30,11.28,0.00132341
11/19/2022 6:45,10.17,0.001193181
11/19/2022 7:00,11.105,0.001302878
11/19/2022 7:15,13.135,0.001541045
11/19/2022 7:30,10.615,0.00124539
11/19/2022 7:45,10.49,0.001230724
11/19/2022 8:00,10.305,0.00120902
11/19/2022 8:15,10.305,0.00120902
11/19/2022 8:30,10.38,0.001217819
11/19/2022 8:45,10.44,0.001224858
11/19/2022 9:00,10.425,0.001223098
11/19/2022 9:15,10.77,0.001263575
11/19/2022 9:30,10.95,0.001284693
11/19/2022 9:45,11.135,0.001306398
11/19/2022 10:00,11.235,0.001318131
11/19/2022 10:15,11.525,0.001352154
11/19/2022 10:30,11.6,0.001360954
11/19/2022 10:45,11.88,0.001393804
11/19/2022 11:00,11.695,0.001372099
11/19/2022 11:15,12.155,0.001426068
11/19/2022 11:30,12.63,0.001481797
11/19/2022 11:45,14.315,0.001679487
11/19/2022 12:00,14.6,0.001712924
11/19/2022 12:15,15.745,0.00184726
11/19/2022 12:30,16.01,0.001878351
11/19/2022 12:45,16.52,0.001938186
11/19/2022 13:00,17.68,0.002074281
11/19/2022 13:15,17.605,0.002065482
11/19/2022 13:30,18,0.002111825
11/19/2022 13:45,18.215,0.002137049
11/19/2022 14:00,17.71,0.002077801
11/19/2022 14:15,18.545,0.002175766
11/19/2022 14:30,20.24,0.002374629
11/19/2022 14:45,17.74,0.002081321
11/19/2022 15:00,20.26,0.002376976
11/19/2022 15:15,17.12,0.00200858
11/19/2022 15:30,26.69,0.003131367
11/19/2022 15:45,24.61,0.002887334
11/19/2022 16:00,26.385,0.003095583
11/19/2022 16:15,27.595,0.003237544
11/19/2022 16:30,28.745,0.003372467
11/19/2022 16:45,31.305,0.003672815
11/19/2022 17:00,32.845,0.003853493
11/19/2022 17:15,37.33,0.00437969
11/19/2022 17:30,44.375,0.005206234
11/19/2022 17:45,5.305,0.000622402
11/19/2022 18:00,4.94,0.000579579
11/19/2022 18:15,4.67,0.000547901
11/19/2022 18:30,4.57,0.000536169
11/19/2022 18:45,4.52,0.000530303
11/19/2022 19:00,4.33,0.000508011
11/19/2022 19:15,4.12,0.000483373
11/19/2022 19:30,3.98,0.000466948
11/19/2022 19:45,3.92,0.000459908
11/19/2022 20:00,3.735,0.000438204
11/19/2022 20:15,3.685,0.000432337
11/19/2022 20:30,3.595,0.000421778
11/19/2022 20:45,3.515,0.000412392
11/19/2022 21:00,3.515,0.000412392
11/19/2022 21:15,4.52,0.000530303
11/19/2022 21:30,6.725,0.000789001
11/19/2022 21:45,9.525,0.001117507
11/19/2022 22:00,15.13,0.001775106
11/19/2022 22:15,14.425,0.001692393
11/19/2022 22:30,27.22,0.003193548
11/19/2022 22:45,42.475,0.00498332
11/19/2022 23:00,61.915,0.00726409
11/19/2022 23:15,62.06,0.007281102
11/19/2022 23:30,55.175,0.006473329
11/19/2022 23:45,47.695,0.005595749
11/20/2022 0:00,39.665,0.00465364
11/20/2022 0:15,34.24,0.00401716
11/20/2022 0:30,25.44,0.002984712
11/20/2022 0:45,22.255,0.002611037
11/20/2022 1:00,20.37,0.002389882
11/20/2022 1:15,22.12,0.002595198
11/20/2022 1:30,19.565,0.002295436
11/20/2022 1:45,17.745,0.002081907
11/20/2022 2:00,3.685,0.000432337
11/20/2022 2:15,3.445,0.00040418
11/20/2022 2:30,3.37,0.000395381
11/20/2022 2:45,3.76,0.000441137
11/20/2022 3:00,3.55,0.000416499
11/20/2022 3:15,3.615,0.000424125
11/20/2022 3:30,3.35,0.000393034
11/20/2022 3:45,3.315,0.000388928
11/20/2022 4:00,3.325,0.000390101
11/20/2022 4:15,3.365,0.000394794
11/20/2022 4:30,3.15,0.000369569
11/20/2022 4:45,3.19,0.000374262
11/20/2022 5:00,4.63,0.000543208
11/20/2022 5:15,3.525,0.000413566
11/20/2022 5:30,3.495,0.000410046
11/20/2022 5:45,3.525,0.000413566
11/20/2022 6:00,3.395,0.000398314
11/20/2022 6:15,3.38,0.000396554
11/20/2022 6:30,3.325,0.000390101
11/20/2022 6:45,3.29,0.000385995
11/20/2022 7:00,3.25,0.000381302
11/20/2022 7:15,3.19,0.000374262
11/20/2022 7:30,3.14,0.000368396
11/20/2022 7:45,3.07,0.000360183
11/20/2022 8:00,3.135,0.000367809
11/20/2022 8:15,2.985,0.000350211
11/20/2022 8:30,2.97,0.000348451
11/20/2022 8:45,3.06,0.00035901
11/20/2022 9:00,2.995,0.000351384
11/20/2022 9:15,2.96,0.000347278
11/20/2022 9:30,3.245,0.000380715
11/20/2022 9:45,3.295,0.000386581
11/20/2022 10:00,3.67,0.000430578
11/20/2022 10:15,3.61,0.000423538
11/20/2022 10:30,3.93,0.000461082
11/20/2022 10:45,3.82,0.000448176
11/20/2022 11:00,4.465,0.00052385
11/20/2022 11:15,4.79,0.00056198
11/20/2022 11:30,5.1,0.00059835
11/20/2022 11:45,5.755,0.000675197
11/20/2022 12:00,5.67,0.000665225
11/20/2022 12:15,5.855,0.00068693
11/20/2022 12:30,5.845,0.000685756
11/20/2022 12:45,5.335,0.000625921
11/20/2022 13:00,5.34,0.000626508
11/20/2022 13:15,5.85,0.000686343
11/20/2022 13:30,5.33,0.000625335
11/20/2022 13:45,5.89,0.000691036
11/20/2022 14:00,6.205,0.000727993
11/20/2022 14:15,8.195,0.000961467
11/20/2022 14:30,8.2,0.000962053
11/20/2022 14:45,9.245,0.001084657
11/20/2022 15:00,6.9,0.000809533
11/20/2022 15:15,6.455,0.000757324
11/20/2022 15:30,6.625,0.000777269
11/20/2022 15:45,5.76,0.000675784
11/20/2022 16:00,5.825,0.00068341
11/20/2022 16:15,6.075,0.000712741
11/20/2022 16:30,5.34,0.000626508
11/20/2022 16:45,4.96,0.000581925
11/20/2022 17:00,5.255,0.000616535
11/20/2022 17:15,5.04,0.000591311
11/20/2022 17:30,4.695,0.000550834
11/20/2022 17:45,5.265,0.000617709
11/20/2022 18:00,4.505,0.000528543
11/20/2022 18:15,4.325,0.000507425
11/20/2022 18:30,4.72,0.000553767
11/20/2022 18:45,4.48,0.00052561
11/20/2022 19:00,4.605,0.000540275
11/20/2022 19:15,5.81,0.00068165
11/20/2022 19:30,4.37,0.000512704
11/20/2022 19:45,4.505,0.000528543
11/20/2022 20:00,4.915,0.000576645
11/20/2022 20:15,4.055,0.000475747
11/20/2022 20:30,4.28,0.000502145
11/20/2022 20:45,4.535,0.000532062
11/20/2022 21:00,4.24,0.000497452
11/20/2022 21:15,3.89,0.000456389
11/20/2022 21:30,4.205,0.000493346
11/20/2022 21:45,3.79,0.000444656
11/20/2022 22:00,3.65,0.000428231
11/20/2022 22:15,4.12,0.000483373
11/20/2022 22:30,3.52,0.000412979
11/20/2022 22:45,3.915,0.000459322
11/20/2022 23:00,4.315,0.000506251
11/20/2022 23:15,3.94,0.000462255
11/20/2022 23:30,4.025,0.000472227
11/20/2022 23:45,5.545,0.000650559
11/21/2022 0:00,3.905,0.000458149
11/21/2022 0:15,3.9,0.000457562
11/21/2022 0:30,4.52,0.000530303
11/21/2022 0:45,3.975,0.000466361
11/21/2022 1:00,4.05,0.000475161
11/21/2022 1:15,4.36,0.000511531
11/21/2022 1:30,4.115,0.000482787
11/21/2022 1:45,4.205,0.000493346
11/21/2022 2:00,4.92,0.000577232
11/21/2022 2:15,4.375,0.000513291
11/21/2022 2:30,4.645,0.000544968
11/21/2022 2:45,5.19,0.000608909
11/21/2022 3:00,4.97,0.000583098
11/21/2022 3:15,5.01,0.000587791
11/21/2022 3:30,5.75,0.000674611
11/21/2022 3:45,5.28,0.000619469
11/21/2022 4:00,5.31,0.000622988
11/21/2022 4:15,6.195,0.00072682
11/21/2022 4:30,5.835,0.000684583
11/21/2022 4:45,6.105,0.000716261
11/21/2022 5:00,7.19,0.000843557
11/21/2022 5:15,6.12,0.00071802
11/21/2022 5:30,6.1,0.000715674
11/21/2022 5:45,6.865,0.000805426
11/21/2022 6:00,5.935,0.000696316
11/21/2022 6:15,6.02,0.000706288
11/21/2022 6:30,6.52,0.00076495
11/21/2022 6:45,6.09,0.000714501
11/21/2022 7:00,5.82,0.000682823
11/21/2022 7:15,6.72,0.000788415
11/21/2022 7:30,5.88,0.000689863
11/21/2022 7:45,5.975,0.000701008
11/21/2022 8:00,6.825,0.000800734
11/21/2022 8:15,5.98,0.000701595
11/21/2022 8:30,6.425,0.000753804
11/21/2022 8:45,7.225,0.000847663
11/21/2022 9:00,7.285,0.000854702
11/21/2022 9:15,7.59,0.000890486
11/21/2022 9:30,8.225,0.000964987
11/21/2022 9:45,8.18,0.000959707
11/21/2022 10:00,8.365,0.000981412
11/21/2022 10:15,9.31,0.001092283
11/21/2022 10:30,9.225,0.00108231
11/21/2022 10:45,9.125,0.001070578
11/21/2022 11:00,9.865,0.001157397
11/21/2022 11:15,8.765,0.001028341
11/21/2022 11:30,8.345,0.000979065
11/21/2022 11:45,8.62,0.001011329
11/21/2022 12:00,7.48,0.00087758
11/21/2022 12:15,7.1,0.000832997
11/21/2022 12:30,7.31,0.000857635
11/21/2022 12:45,6.885,0.000807773
11/21/2022 13:00,6.525,0.000765536
11/21/2022 13:15,6.855,0.000804253
11/21/2022 13:30,6.55,0.00076847
11/21/2022 13:45,6.945,0.000814812
11/21/2022 14:00,8.565,0.001004877
11/21/2022 14:15,7.585,0.000889899
11/21/2022 14:30,7.755,0.000909844
11/21/2022 14:45,9.285,0.00108935
11/21/2022 15:00,6.825,0.000800734
11/21/2022 15:15,7.01,0.000822438
11/21/2022 15:30,8.505,0.000997837
11/21/2022 15:45,7.015,0.000823025
11/21/2022 16:00,6.755,0.000792521
11/21/2022 16:15,7.505,0.000880514
11/21/2022 16:30,6.75,0.000791934
11/21/2022 16:45,7.425,0.000871128
11/21/2022 17:00,10.095,0.001184382
11/21/2022 17:15,8.235,0.00096616
11/21/2022 17:30,7.74,0.000908085
11/21/2022 17:45,10.78,0.001264748
11/21/2022 18:00,8.15,0.000956187
11/21/2022 18:15,20.365,0.002389295
11/21/2022 18:30,11.505,0.001349808
11/21/2022 18:45,10.36,0.001215472
11/21/2022 19:00,8.87,0.00104066
11/21/2022 19:15,9.15,0.001073511
11/21/2022 19:30,7.55,0.000885793
11/21/2022 19:45,5.75,0.000674611
11/21/2022 20:00,5.31,0.000622988
11/21/2022 20:15,4.48,0.00052561
11/21/2022 20:30,4.29,0.000503318
11/21/2022 20:45,3.925,0.000460495
11/21/2022 21:00,3.805,0.000446416
11/21/2022 21:15,3.72,0.000436444
11/21/2022 21:30,3.775,0.000442897
11/21/2022 21:45,3.76,0.000441137
11/21/2022 22:00,3.735,0.000438204
11/21/2022 22:15,3.955,0.000464015
11/21/2022 22:30,3.96,0.000464601
11/21/2022 22:45,4.05,0.000475161
11/21/2022 23:00,4.195,0.000492172
11/21/2022 23:15,5.325,0.000624748
11/21/2022 23:30,8,0.000938589
11/21/2022 23:45,6.045,0.000709221
11/22/2022 0:00,57.92,0.006795382
11/22/2022 0:15,81.04,0.009507904
11/22/2022 0:30,12.81,0.001502915
11/22/2022 0:45,22.18,0.002602237
11/22/2022 1:00,29.155,0.003420569
11/22/2022 1:15,49.765,0.005838608
11/22/2022 1:30,76.44,0.008968215
11/22/2022 1:45,86.295,0.010124439
11/22/2022 2:00,72.8,0.008541157
11/22/2022 2:15,69.7,0.008177454
11/22/2022 2:30,65.215,0.007651258
11/22/2022 2:45,56.49,0.00662761
11/22/2022 3:00,52.97,0.006214631
11/22/2022 3:15,48.35,0.005672596
11/22/2022 3:30,43.165,0.005064273
11/22/2022 3:45,40.15,0.004710542
11/22/2022 4:00,37.6,0.004411367
11/22/2022 4:15,34.92,0.00409694
11/22/2022 4:30,31.56,0.003702733
11/22/2022 4:45,33.49,0.003929167
11/22/2022 5:00,33.865,0.003973163
11/22/2022 5:15,34.295,0.004023613
11/22/2022 5:30,34.295,0.004023613
11/22/2022 5:45,36.57,0.004290524
11/22/2022 6:00,36.125,0.004238315
11/22/2022 6:15,37.24,0.004369131
11/22/2022 6:30,22.895,0.002686124
11/22/2022 6:45,22.225,0.002607517
11/22/2022 7:00,22.34,0.002621009
11/22/2022 7:15,28.135,0.003300899
11/22/2022 7:30,27.27,0.003199414
11/22/2022 7:45,27.27,0.003199414
11/22/2022 8:00,21.65,0.002540056
11/22/2022 8:15,21.2,0.00248726
11/22/2022 8:30,21.545,0.002527737
11/22/2022 8:45,42.73,0.005013237
11/22/2022 9:00,32.745,0.003841761
11/22/2022 9:15,31.845,0.00373617
11/22/2022 9:30,32.02,0.003756701
11/22/2022 9:45,28.935,0.003394758
11/22/2022 10:00,27.415,0.003216426
11/22/2022 10:15,26.725,0.003135473
11/22/2022 10:30,27.055,0.00317419
11/22/2022 10:45,26.515,0.003110835
11/22/2022 11:00,27.24,0.003195895
11/22/2022 11:15,27.775,0.003258663
11/22/2022 11:30,27.25,0.003197068
11/22/2022 11:45,27.135,0.003183576
11/22/2022 12:00,42.66,0.005005024
11/22/2022 12:15,40.765,0.004782696
11/22/2022 12:30,24.295,0.002850377
11/22/2022 12:45,22.64,0.002656206
11/22/2022 13:00,24.275,0.00284803
11/22/2022 13:15,9.575,0.001123373
11/22/2022 13:30,9.25,0.001085243
11/22/2022 13:45,9.755,0.001144492
11/22/2022 14:00,10.42,0.001222512
11/22/2022 14:15,11.49,0.001348048
11/22/2022 14:30,11.885,0.001394391
11/22/2022 14:45,11.03,0.001294079
11/22/2022 15:00,11.535,0.001353328
11/22/2022 15:15,9.05,0.001061778
11/22/2022 15:30,8.395,0.000984932
11/22/2022 15:45,7.675,0.000900459
11/22/2022 16:00,6.945,0.000814812
11/22/2022 16:15,6.475,0.00075967
11/22/2022 16:30,5.9,0.000692209
11/22/2022 16:45,5.64,0.000661705
11/22/2022 17:00,5.3,0.000621815
11/22/2022 17:15,5.235,0.000614189
11/22/2022 17:30,4.915,0.000576645
11/22/2022 17:45,4.635,0.000543795
11/22/2022 18:00,4.41,0.000517397
11/22/2022 18:15,4.155,0.00048748
11/22/2022 18:30,4.2,0.000492759
11/22/2022 18:45,5.245,0.000615362
11/22/2022 19:00,6.14,0.000720367
11/22/2022 19:15,5.795,0.00067989
11/22/2022 19:30,4.875,0.000571953
11/22/2022 19:45,4.16,0.000488066
11/22/2022 20:00,3.865,0.000453456
11/22/2022 20:15,3.805,0.000446416
11/22/2022 20:30,3.79,0.000444656
11/22/2022 20:45,3.875,0.000454629
11/22/2022 21:00,3.91,0.000458735
11/22/2022 21:15,3.85,0.000451696
11/22/2022 21:30,4.01,0.000470468
11/22/2022 21:45,4.095,0.00048044
11/22/2022 22:00,4.53,0.000531476
11/22/2022 22:15,5.23,0.000613602
11/22/2022 22:30,5.915,0.000693969
11/22/2022 22:45,6.975,0.000818332
11/22/2022 23:00,7.605,0.000892246
11/22/2022 23:15,8.13,0.000953841
11/22/2022 23:30,8.015,0.000940349
11/22/2022 23:45,7.925,0.000929789
11/23/2022 0:00,7.255,0.000851183
11/23/2022 0:15,6.96,0.000816572
11/23/2022 0:30,6.705,0.000786655
11/23/2022 0:45,6.245,0.000732686
11/23/2022 1:00,6.215,0.000729166
11/23/2022 1:15,5.955,0.000698662
11/23/2022 1:30,5.77,0.000676957
11/23/2022 1:45,5.75,0.000674611
11/23/2022 2:00,5.79,0.000679304
11/23/2022 2:15,5.715,0.000670504
11/23/2022 2:30,5.63,0.000660532
11/23/2022 2:45,5.685,0.000666985
11/23/2022 3:00,6.27,0.000735619
11/23/2022 3:15,21.525,0.00252539
11/23/2022 3:30,7.135,0.000837104
11/23/2022 3:45,35.805,0.004200771
11/23/2022 4:00,38.09,0.004468856
11/23/2022 4:15,9.205,0.001079964
11/23/2022 4:30,21.78,0.002555308
11/23/2022 4:45,18.745,0.002199231
11/23/2022 5:00,24.24,0.002843924
11/23/2022 5:15,23.255,0.00272836
11/23/2022 5:30,22.085,0.002591092
11/23/2022 6:00,21.42,0.002513071
11/23/2022 6:15,19.01,0.002230321
11/23/2022 6:30,17.05,0.002000367
11/23/2022 6:45,16.65,0.001953438
11/23/2022 7:00,15.855,0.001860166
11/23/2022 7:15,14.68,0.00172231
11/23/2022 7:30,15.03,0.001763374
11/23/2022 7:45,15.25,0.001789185
11/23/2022 8:00,14.33,0.001681247
11/23/2022 8:15,14.02,0.001644877
11/23/2022 8:30,13.78,0.001616719
11/23/2022 8:45,13.355,0.001566857
11/23/2022 9:00,13.025,0.00152814
11/23/2022 9:15,12.71,0.001491183
11/23/2022 9:30,13.44,0.001576829
11/23/2022 9:45,12.76,0.001497049
11/23/2022 10:00,12.415,0.001456572
11/23/2022 10:15,11.98,0.001405537
11/23/2022 10:30,12.02,0.00141023
11/23/2022 10:45,12.875,0.001510541
11/23/2022 11:00,15.855,0.001860166
11/23/2022 11:15,15.35,0.001800917
11/23/2022 11:30,15.555,0.001824968
11/23/2022 11:45,16.17,0.001897122
11/23/2022 12:00,19.105,0.002241467
11/23/2022 12:15,20.3,0.002381669
11/23/2022 12:30,5.085,0.00059659
11/23/2022 12:45,5.43,0.000637067
11/23/2022 13:00,6.045,0.000709221
11/23/2022 13:15,5.79,0.000679304
11/23/2022 13:30,5.825,0.00068341
11/23/2022 13:45,6.805,0.000798387
11/23/2022 14:00,7.355,0.000862915
11/23/2022 14:15,7.01,0.000822438
11/23/2022 14:30,6.115,0.000717434
11/23/2022 14:45,5.635,0.000661118
11/23/2022 15:00,5.19,0.000608909
11/23/2022 15:15,5.015,0.000588378
11/23/2022 15:30,5.16,0.00060539
11/23/2022 15:45,5.77,0.000676957
11/23/2022 16:00,6.28,0.000736792
11/23/2022 16:15,6.05,0.000709808
11/23/2022 16:30,5.305,0.000622402
11/23/2022 16:45,4.65,0.000545555
11/23/2022 17:00,4.375,0.000513291
11/23/2022 17:15,4.31,0.000505665
11/23/2022 17:30,4.11,0.0004822
11/23/2022 17:45,3.775,0.000442897
11/23/2022 18:00,3.58,0.000420018
11/23/2022 18:15,3.435,0.000403007
11/23/2022 18:30,3.235,0.000379542
11/23/2022 18:45,3.16,0.000370743
11/23/2022 19:00,3.09,0.00036253
11/23/2022 19:15,3,0.000351971
11/23/2022 19:30,2.96,0.000347278
11/23/2022 19:45,2.945,0.000345518
11/23/2022 20:00,2.92,0.000342585
11/23/2022 20:15,3.02,0.000354317
11/23/2022 20:30,3.01,0.000353144
11/23/2022 20:45,2.97,0.000348451
11/23/2022 21:00,3.085,0.000361943
11/23/2022 21:15,3.02,0.000354317
11/23/2022 21:30,3.005,0.000352557
11/23/2022 21:45,3.045,0.00035725
11/23/2022 22:00,2.99,0.000350798
11/23/2022 22:15,3.095,0.000363117
11/23/2022 22:30,3.22,0.000377782
11/23/2022 22:45,3.28,0.000384821
11/23/2022 23:00,3.435,0.000403007
11/23/2022 23:15,3.55,0.000416499
11/23/2022 23:30,3.81,0.000447003
11/23/2022 23:45,4.015,0.000471054
11/24/2022 0:00,4.32,0.000506838
11/24/2022 0:15,4.705,0.000552007
11/24/2022 0:30,5.04,0.000591311
11/24/2022 0:45,5.11,0.000599524
11/24/2022 1:00,5.09,0.000597177
11/24/2022 1:15,4.985,0.000584858
11/24/2022 1:30,4.915,0.000576645
11/24/2022 1:45,4.975,0.000583685
11/24/2022 2:00,4.95,0.000580752
11/24/2022 2:15,4.94,0.000579579
11/24/2022 2:30,4.93,0.000578405
11/24/2022 2:45,5,0.000586618
11/24/2022 3:00,5.02,0.000588964
11/24/2022 3:15,5.115,0.00060011
11/24/2022 3:30,5.04,0.000591311
11/24/2022 3:45,4.96,0.000581925
11/24/2022 4:00,5.155,0.000604803
11/24/2022 4:15,5.395,0.000632961
11/24/2022 4:30,5.575,0.000654079
11/24/2022 4:45,5.725,0.000671678
11/24/2022 5:00,5.815,0.000682237
11/24/2022 5:15,5.79,0.000679304
11/24/2022 5:30,5.73,0.000672264
11/24/2022 5:45,5.715,0.000670504
11/24/2022 6:00,5.67,0.000665225
11/24/2022 6:15,5.595,0.000656425
11/24/2022 6:30,5.2,0.000610083
11/24/2022 6:45,5.27,0.000618295
11/24/2022 7:00,5.16,0.00060539
11/24/2022 7:15,5.345,0.000627095
11/24/2022 7:30,5.055,0.000593071
11/24/2022 7:45,4.94,0.000579579
11/24/2022 8:00,4.695,0.000550834
11/24/2022 8:15,4.6,0.000539689
11/24/2022 8:30,4.225,0.000495692
11/24/2022 8:45,4.045,0.000474574
11/24/2022 9:00,4.02,0.000471641
11/24/2022 9:15,3.88,0.000455216
11/24/2022 9:30,3.84,0.000450523
11/24/2022 9:45,3.78,0.000443483
11/24/2022 10:00,3.77,0.00044231
11/24/2022 10:15,3.805,0.000446416
11/24/2022 10:30,3.97,0.000465775
11/24/2022 10:45,3.86,0.000452869
11/24/2022 11:00,3.65,0.000428231
11/24/2022 11:15,3.435,0.000403007
11/24/2022 11:30,3.275,0.000384235
11/24/2022 11:45,3.075,0.00036077
11/24/2022 12:00,2.995,0.000351384
11/24/2022 12:15,3.01,0.000353144
11/24/2022 12:30,2.87,0.000336719
11/24/2022 12:45,2.945,0.000345518
11/24/2022 13:00,2.96,0.000347278
11/24/2022 13:15,2.925,0.000343172
11/24/2022 13:30,2.985,0.000350211
11/24/2022 13:45,2.97,0.000348451
11/24/2022 14:00,2.91,0.000341412
11/24/2022 14:15,2.97,0.000348451
11/24/2022 14:30,2.92,0.000342585
11/24/2022 14:45,2.825,0.000331439
11/24/2022 15:00,2.79,0.000327333
11/24/2022 15:15,2.815,0.000330266
11/24/2022 15:30,2.79,0.000327333
11/24/2022 15:45,2.74,0.000321467
11/24/2022 16:00,2.65,0.000310908
11/24/2022 16:15,2.68,0.000314427
11/24/2022 16:30,2.62,0.000307388
11/24/2022 16:45,2.505,0.000293896
11/24/2022 17:00,2.51,0.000294482
11/24/2022 17:15,2.535,0.000297415
11/24/2022 17:30,2.415,0.000283336
11/24/2022 17:45,2.435,0.000285683
11/24/2022 18:00,2.43,0.000285096
11/24/2022 18:15,2.365,0.00027747
11/24/2022 18:30,2.45,0.000287443
11/24/2022 18:45,2.31,0.000271017
11/24/2022 19:00,2.225,0.000261045
11/24/2022 19:15,2.24,0.000262805
11/24/2022 19:30,2.18,0.000255765
11/24/2022 19:45,2.235,0.000262218
11/24/2022 20:00,2.16,0.000253419
11/24/2022 20:15,2.09,0.000245206
11/24/2022 20:30,2.06,0.000241687
11/24/2022 20:45,2.09,0.000245206
11/24/2022 21:00,2.115,0.000248139
11/24/2022 21:15,2.165,0.000254006
11/24/2022 21:30,2.09,0.000245206
11/24/2022 21:45,2.21,0.000259285
11/24/2022 22:00,2.28,0.000267498
11/24/2022 22:15,2.34,0.000274537
11/24/2022 22:30,2.555,0.000299762
11/24/2022 22:45,2.72,0.00031912
11/24/2022 23:00,2.96,0.000347278
11/24/2022 23:15,3.19,0.000374262
11/24/2022 23:30,3.345,0.000392447
11/24/2022 23:45,3.42,0.000401247
11/25/2022 0:00,3.475,0.000407699
11/25/2022 0:15,3.465,0.000406526
11/25/2022 0:30,3.49,0.000409459
11/25/2022 0:45,3.625,0.000425298
11/25/2022 1:00,3.96,0.000464601
11/25/2022 1:15,3.91,0.000458735
11/25/2022 1:30,3.89,0.000456389
11/25/2022 1:45,3.77,0.00044231
11/25/2022 2:00,3.53,0.000414152
11/25/2022 2:15,3.425,0.000401833
11/25/2022 2:30,3.27,0.000383648
11/25/2022 2:45,3.17,0.000371916
11/25/2022 3:00,3.02,0.000354317
11/25/2022 3:15,3.06,0.00035901
11/25/2022 3:30,3.08,0.000361357
11/25/2022 3:45,2.975,0.000349038
11/25/2022 4:00,2.915,0.000341998
11/25/2022 4:15,2.84,0.000333199
11/25/2022 4:30,2.82,0.000330853
11/25/2022 4:45,2.775,0.000325573
11/25/2022 5:00,2.785,0.000326746
11/25/2022 5:15,2.785,0.000326746
11/25/2022 5:30,2.925,0.000343172
11/25/2022 5:45,2.975,0.000349038
11/25/2022 6:00,3.12,0.00036605
11/25/2022 6:15,3.125,0.000366636
11/25/2022 6:30,3.14,0.000368396
11/25/2022 6:45,3.585,0.000420605
11/25/2022 7:00,13.155,0.001543392
11/25/2022 7:15,11.09,0.001301119
11/25/2022 7:30,3.75,0.000439963
11/25/2022 7:45,4.785,0.000561393
11/25/2022 8:00,12.505,0.001467132
11/25/2022 8:15,3.89,0.000456389
11/25/2022 8:30,3.79,0.000444656
11/25/2022 8:45,9.075,0.001064712
11/25/2022 9:00,3.71,0.000435271
11/25/2022 9:15,4.015,0.000471054
11/25/2022 9:30,3.98,0.000466948
11/25/2022 9:45,5.1,0.00059835
11/25/2022 10:00,4.375,0.000513291
11/25/2022 10:15,4.13,0.000484546
11/25/2022 10:30,4.245,0.000498039
11/25/2022 10:45,4.365,0.000512117
11/25/2022 11:00,4.055,0.000475747
11/25/2022 11:15,4.295,0.000503905
11/25/2022 11:30,4.185,0.000490999
11/25/2022 11:45,4.08,0.00047868
11/25/2022 12:00,3.87,0.000454042
11/25/2022 12:15,3.655,0.000428818
11/25/2022 12:30,3.37,0.000395381
11/25/2022 12:45,3.105,0.00036429
11/25/2022 13:00,2.98,0.000349624
11/25/2022 13:15,2.955,0.000346691
11/25/2022 13:30,3.12,0.00036605
11/25/2022 13:45,3.12,0.00036605
11/25/2022 14:00,3.135,0.000367809
11/25/2022 14:15,3.26,0.000382475
11/25/2022 14:30,3.295,0.000386581
11/25/2022 14:45,3.49,0.000409459
11/25/2022 15:00,3.53,0.000414152
11/25/2022 15:15,3.445,0.00040418
11/25/2022 15:30,3.245,0.000380715
11/25/2022 15:45,3.08,0.000361357
11/25/2022 16:00,2.93,0.000343758
11/25/2022 16:15,2.785,0.000326746
11/25/2022 16:30,2.745,0.000322053
11/25/2022 16:45,2.665,0.000312667
11/25/2022 17:00,2.65,0.000310908
11/25/2022 17:15,2.67,0.000313254
11/25/2022 17:30,2.645,0.000310321
11/25/2022 17:45,2.56,0.000300348
11/25/2022 18:00,2.645,0.000310321
11/25/2022 18:15,2.525,0.000296242
11/25/2022 18:30,2.43,0.000285096
11/25/2022 18:45,2.385,0.000279817
11/25/2022 19:00,2.35,0.00027571
11/25/2022 19:15,2.3,0.000269844
11/25/2022 19:30,2.25,0.000263978
11/25/2022 19:45,2.175,0.000255179
11/25/2022 20:00,2.22,0.000260458
11/25/2022 20:15,2.225,0.000261045
11/25/2022 20:30,2.205,0.000258699
11/25/2022 20:45,2.245,0.000263391
11/25/2022 21:00,2.23,0.000261632
11/25/2022 21:15,2.245,0.000263391
11/25/2022 21:30,2.26,0.000265151
11/25/2022 21:45,2.32,0.000272191
11/25/2022 22:00,2.285,0.000268084
11/25/2022 22:15,2.325,0.000272777
11/25/2022 22:30,2.36,0.000276884
11/25/2022 22:45,2.575,0.000302108
11/25/2022 23:00,2.675,0.000313841
11/25/2022 23:15,2.83,0.000332026
11/25/2022 23:30,2.895,0.000339652
11/25/2022 23:45,3.03,0.00035549
11/26/2022 0:00,2.99,0.000350798
11/26/2022 0:15,3.025,0.000354904
11/26/2022 0:30,3.16,0.000370743
11/26/2022 0:45,3.145,0.000368983
11/26/2022 1:00,3.085,0.000361943
11/26/2022 1:15,3.14,0.000368396
11/26/2022 1:30,3.15,0.000369569
11/26/2022 1:45,3.14,0.000368396
11/26/2022 2:00,3.125,0.000366636
11/26/2022 2:15,3.115,0.000365463
11/26/2022 2:30,3.075,0.00036077
11/26/2022 2:45,3.03,0.00035549
11/26/2022 3:00,3.12,0.00036605
11/26/2022 3:15,3.275,0.000384235
11/26/2022 3:30,5.11,0.000599524
11/26/2022 3:45,3.56,0.000417672
11/26/2022 4:00,6.715,0.000787828
11/26/2022 4:15,24.1,0.002827499
11/26/2022 4:30,52.365,0.00614365
11/26/2022 4:45,45.11,0.005292467
11/26/2022 5:00,39.81,0.004670652
11/26/2022 5:15,29.105,0.003414703
11/26/2022 5:30,26.35,0.003091477
11/26/2022 5:45,22.785,0.002673218
11/26/2022 6:00,23.3,0.00273364
11/26/2022 6:15,18.965,0.002225042
11/26/2022 6:30,17.165,0.002013859
11/26/2022 6:45,17.08,0.002003887
11/26/2022 7:00,15.3,0.001795051
11/26/2022 7:15,15.37,0.001803264
11/26/2022 7:30,13.68,0.001604987
11/26/2022 7:45,13.245,0.001553951
11/26/2022 8:00,12.71,0.001491183
11/26/2022 8:15,12.67,0.00148649
11/26/2022 8:30,12.8,0.001501742
11/26/2022 8:45,12.575,0.001475344
11/26/2022 9:00,12.94,0.001518167
11/26/2022 9:15,14.08,0.001651916
11/26/2022 9:30,14.175,0.001663062
11/26/2022 9:45,14.715,0.001726417
11/26/2022 10:00,14.325,0.00168066
11/26/2022 10:15,14.2,0.001665995
11/26/2022 10:30,14.33,0.001681247
11/26/2022 10:45,14.42,0.001691806
11/26/2022 11:00,14.48,0.001698846
11/26/2022 11:15,14.735,0.001728763
11/26/2022 11:30,16.52,0.001938186
11/26/2022 11:45,17.78,0.002086013
11/26/2022 12:00,17.94,0.002104785
11/26/2022 12:15,14.895,0.001747535
11/26/2022 12:30,4.02,0.000471641
11/26/2022 13:15,3.91,0.000458735
11/26/2022 13:30,4.24,0.000497452
11/26/2022 13:45,4.565,0.000535582
11/26/2022 14:00,4.85,0.000569019
11/26/2022 14:15,4.8,0.000563153
11/26/2022 14:30,4.475,0.000525023
11/26/2022 14:45,4.44,0.000520917
11/26/2022 15:00,4.29,0.000503318
11/26/2022 15:15,4.26,0.000499798
11/26/2022 15:30,4.36,0.000511531
11/26/2022 15:45,4.345,0.000509771
11/26/2022 16:00,4.3,0.000504491
11/26/2022 16:15,4.225,0.000495692
11/26/2022 16:30,4.435,0.00052033
11/26/2022 16:45,4.455,0.000522677
11/26/2022 17:00,4.84,0.000567846
11/26/2022 17:15,5.025,0.000589551
11/26/2022 17:30,5.175,0.00060715
11/26/2022 17:45,5.13,0.00060187
11/26/2022 18:00,5.005,0.000587205
11/26/2022 18:15,4.78,0.000560807
11/26/2022 18:30,4.58,0.000537342
11/26/2022 18:45,4.385,0.000514464
11/26/2022 19:00,4.25,0.000498625
11/26/2022 19:15,4.19,0.000491586
11/26/2022 19:30,4.115,0.000482787
11/26/2022 19:45,4.1,0.000481027
11/26/2022 20:00,4.05,0.000475161
11/26/2022 20:15,3.935,0.000461668
11/26/2022 20:30,3.795,0.000445243
11/26/2022 20:45,3.885,0.000455802
11/26/2022 21:00,3.785,0.00044407
11/26/2022 21:15,3.875,0.000454629
11/26/2022 21:30,3.875,0.000454629
11/26/2022 21:45,3.845,0.000451109
11/26/2022 22:00,3.93,0.000461082
11/26/2022 22:15,3.995,0.000468708
11/26/2022 22:30,4.055,0.000475747
11/26/2022 22:45,4.015,0.000471054
11/26/2022 23:00,4.075,0.000478094
11/26/2022 23:15,4.11,0.0004822
11/26/2022 23:30,4.21,0.000493932
11/26/2022 23:45,4.32,0.000506838
11/27/2022 0:00,4.435,0.00052033
11/27/2022 0:15,4.435,0.00052033
11/27/2022 0:30,4.62,0.000542035
11/27/2022 0:45,4.77,0.000559634
11/27/2022 1:00,4.915,0.000576645
11/27/2022 1:15,4.675,0.000548488
11/27/2022 1:30,4.54,0.000532649
11/27/2022 1:45,4.58,0.000537342
11/27/2022 2:00,4.465,0.00052385
11/27/2022 2:15,4.175,0.000489826
11/27/2022 2:30,4,0.000469294
11/27/2022 2:45,3.85,0.000451696
11/27/2022 3:00,3.78,0.000443483
11/27/2022 3:15,3.745,0.000439377
11/27/2022 3:30,3.77,0.00044231
11/27/2022 3:45,3.81,0.000447003
11/27/2022 4:00,3.89,0.000456389
11/27/2022 4:15,3.97,0.000465775
11/27/2022 4:30,3.97,0.000465775
11/27/2022 4:45,4.115,0.000482787
11/27/2022 5:00,4.055,0.000475747
11/27/2022 5:15,4.05,0.000475161
11/27/2022 5:30,4.025,0.000472227
11/27/2022 5:45,7.07,0.000829478
11/27/2022 6:00,4.125,0.00048396
11/27/2022 6:15,4.11,0.0004822
11/27/2022 6:30,4.115,0.000482787
11/27/2022 6:45,4.15,0.000486893
11/27/2022 7:00,4.12,0.000483373
11/27/2022 7:15,4.21,0.000493932
11/27/2022 7:30,4.2,0.000492759
11/27/2022 7:45,4.035,0.000473401
11/27/2022 8:00,4.035,0.000473401
11/27/2022 8:15,4.05,0.000475161
11/27/2022 8:30,4.155,0.00048748
11/27/2022 8:45,4.115,0.000482787
11/27/2022 9:00,3.97,0.000465775
11/27/2022 9:15,3.695,0.000433511
11/27/2022 9:30,3.54,0.000415326
11/27/2022 9:45,3.51,0.000411806
11/27/2022 10:00,3.565,0.000418259
11/27/2022 10:15,3.66,0.000429404
11/27/2022 10:30,3.68,0.000431751
11/27/2022 10:45,3.465,0.000406526
11/27/2022 11:00,3.42,0.000401247
11/27/2022 11:15,3.285,0.000385408
11/27/2022 11:30,3.355,0.000393621
11/27/2022 11:45,3.13,0.000367223
11/27/2022 12:00,3.07,0.000360183
11/27/2022 12:15,2.89,0.000339065
11/27/2022 12:30,3.05,0.000357837
11/27/2022 12:45,3.135,0.000367809
11/27/2022 13:00,3.13,0.000367223
11/27/2022 13:15,2.895,0.000339652
11/27/2022 13:30,2.855,0.000334959
11/27/2022 13:45,2.945,0.000345518
11/27/2022 14:00,2.955,0.000346691
11/27/2022 14:15,2.635,0.000309148
11/27/2022 14:30,2.455,0.000288029
11/27/2022 14:45,2.385,0.000279817
11/27/2022 15:00,2.34,0.000274537
11/27/2022 15:15,2.29,0.000268671
11/27/2022 15:30,2.275,0.000266911
11/27/2022 15:45,2.21,0.000259285
11/27/2022 16:00,2.22,0.000260458
11/27/2022 16:15,2.225,0.000261045
11/27/2022 16:30,2.275,0.000266911
11/27/2022 16:45,2.165,0.000254006
11/27/2022 17:00,2.135,0.000250486
11/27/2022 17:15,2.105,0.000246966
11/27/2022 17:30,2.08,0.000244033
11/27/2022 17:45,2.125,0.000249313
11/27/2022 18:00,2.02,0.000236994
11/27/2022 18:15,1.94,0.000227608
11/27/2022 18:30,1.925,0.000225848
11/27/2022 18:45,2.045,0.000239927
11/27/2022 19:00,2.025,0.00023758
11/27/2022 19:15,2.06,0.000241687
11/27/2022 19:30,1.97,0.000231127
11/27/2022 19:45,1.935,0.000227021
11/27/2022 20:00,2.125,0.000249313
11/27/2022 20:15,2,0.000234647
11/27/2022 20:30,1.925,0.000225848
11/27/2022 20:45,1.895,0.000222328
11/27/2022 21:00,1.86,0.000218222
11/27/2022 21:15,1.89,0.000221742
11/27/2022 21:30,1.92,0.000225261
11/27/2022 21:45,1.87,0.000219395
11/27/2022 22:00,1.85,0.000217049
11/27/2022 22:15,1.86,0.000218222
11/27/2022 22:30,1.905,0.000223501
11/27/2022 22:45,1.935,0.000227021
11/27/2022 23:00,1.905,0.000223501
11/27/2022 23:15,1.91,0.000224088
11/27/2022 23:30,2.095,0.000245793
11/27/2022 23:45,2.02,0.000236994
11/28/2022 0:00,2.055,0.0002411
11/28/2022 0:15,2.065,0.000242273
11/28/2022 0:30,2.08,0.000244033
11/28/2022 0:45,2.215,0.000259872
11/28/2022 1:00,2.19,0.000256939
11/28/2022 1:15,2.32,0.000272191
11/28/2022 1:30,2.495,0.000292722
11/28/2022 1:45,2.435,0.000285683
11/28/2022 2:00,2.495,0.000292722
11/28/2022 2:15,2.49,0.000292136
11/28/2022 2:30,2.58,0.000302695
11/28/2022 2:45,2.66,0.000312081
11/28/2022 3:00,2.72,0.00031912
11/28/2022 3:15,2.885,0.000338479
11/28/2022 3:30,2.95,0.000346105
11/28/2022 3:45,3.085,0.000361943
11/28/2022 4:00,3.045,0.00035725
11/28/2022 4:15,3.215,0.000377195
11/28/2022 4:30,3.26,0.000382475
11/28/2022 4:45,3.28,0.000384821
11/28/2022 5:00,3.255,0.000381888
11/28/2022 5:15,3.29,0.000385995
11/28/2022 5:30,3.325,0.000390101
11/28/2022 5:45,3.34,0.000391861
11/28/2022 6:00,3.2,0.000375435
11/28/2022 6:15,3.12,0.00036605
11/28/2022 6:30,3,0.000351971
11/28/2022 6:45,2.975,0.000349038
11/28/2022 7:00,3.07,0.000360183
11/28/2022 7:15,3.1,0.000363703
11/28/2022 7:30,3.115,0.000365463
11/28/2022 7:45,3.21,0.000376609
11/28/2022 8:00,3.265,0.000383062
11/28/2022 8:15,3.33,0.000390688
11/28/2022 8:30,3.33,0.000390688
11/28/2022 8:45,3.375,0.000395967
11/28/2022 9:00,3.455,0.000405353
11/28/2022 9:15,3.415,0.00040066
11/28/2022 9:30,3.505,0.000411219
11/28/2022 9:45,3.53,0.000414152
11/28/2022 10:00,4.65,0.000545555
11/28/2022 10:15,12.345,0.00144836
11/28/2022 10:30,3.535,0.000414739
11/28/2022 10:45,3.385,0.00039714
11/28/2022 11:00,3.23,0.000378955
11/28/2022 11:15,3.045,0.00035725
11/28/2022 11:30,2.895,0.000339652
11/28/2022 11:45,2.73,0.000320293
11/28/2022 12:00,2.745,0.000322053
11/28/2022 12:15,2.755,0.000323226
11/28/2022 12:30,5.145,0.00060363
11/28/2022 12:45,11.975,0.00140495
11/28/2022 13:00,2.9,0.000340238
11/28/2022 13:15,2.805,0.000329093
11/28/2022 13:30,2.945,0.000345518
11/28/2022 13:45,2.75,0.00032264
11/28/2022 14:00,2.87,0.000336719
11/28/2022 14:15,4.935,0.000578992
11/28/2022 14:30,4.375,0.000513291
11/28/2022 14:45,3.065,0.000359597
11/28/2022 15:00,3.075,0.00036077
11/28/2022 15:15,3.125,0.000366636
11/28/2022 15:30,3.235,0.000379542
11/28/2022 15:45,3.2,0.000375435
11/28/2022 16:00,3.265,0.000383062
11/28/2022 16:15,3.16,0.000370743
11/28/2022 16:30,3.22,0.000377782
11/28/2022 16:45,3.24,0.000380128
11/28/2022 17:00,3.12,0.00036605
11/28/2022 17:15,3.055,0.000358424
11/28/2022 17:30,3,0.000351971
11/28/2022 17:45,3.075,0.00036077
11/28/2022 18:00,2.94,0.000344931
11/28/2022 18:15,2.825,0.000331439
11/28/2022 18:30,2.84,0.000333199
11/28/2022 18:45,2.655,0.000311494
11/28/2022 19:00,2.615,0.000306801
11/28/2022 19:15,2.51,0.000294482
11/28/2022 19:30,2.4,0.000281577
11/28/2022 19:45,2.49,0.000292136
11/28/2022 20:00,2.345,0.000275124
11/28/2022 20:15,2.36,0.000276884
11/28/2022 20:30,2.355,0.000276297
11/28/2022 20:45,2.36,0.000276884
11/28/2022 21:00,2.21,0.000259285
11/28/2022 21:15,2.32,0.000272191
11/28/2022 21:30,2.2,0.000258112
11/28/2022 21:45,2.21,0.000259285
11/28/2022 22:00,2.265,0.000265738
11/28/2022 22:15,2.27,0.000266325
11/28/2022 22:30,2.34,0.000274537
11/28/2022 22:45,2.24,0.000262805
11/28/2022 23:00,2.235,0.000262218
11/28/2022 23:15,2.335,0.000273951
11/28/2022 23:30,2.44,0.00028627
11/28/2022 23:45,2.465,0.000289203
11/29/2022 0:00,2.595,0.000304455
11/29/2022 0:15,2.52,0.000295655
11/29/2022 0:30,2.565,0.000300935
11/29/2022 0:45,2.605,0.000305628
11/29/2022 1:00,2.655,0.000311494
11/29/2022 1:15,2.7,0.000316774
11/29/2022 1:30,2.705,0.00031736
11/29/2022 1:45,2.61,0.000306215
11/29/2022 2:00,2.665,0.000312667
11/29/2022 2:15,2.62,0.000307388
11/29/2022 2:30,2.57,0.000301522
11/29/2022 2:45,2.635,0.000309148
11/29/2022 3:00,2.505,0.000293896
11/29/2022 3:15,2.535,0.000297415
11/29/2022 3:30,2.65,0.000310908
11/29/2022 3:45,2.595,0.000304455
11/29/2022 4:00,2.63,0.000308561
11/29/2022 4:15,2.735,0.00032088
11/29/2022 4:30,2.77,0.000324986
11/29/2022 4:45,2.715,0.000318534
11/29/2022 5:00,2.85,0.000334372
11/29/2022 5:15,2.82,0.000330853
11/29/2022 5:30,2.93,0.000343758
11/29/2022 5:45,2.95,0.000346105
11/29/2022 6:00,2.9,0.000340238
11/29/2022 6:15,2.965,0.000347864
11/29/2022 6:30,3.025,0.000354904
11/29/2022 6:45,3.17,0.000371916
11/29/2022 7:00,3.22,0.000377782
11/29/2022 7:15,3.285,0.000385408
11/29/2022 7:30,3.34,0.000391861
11/29/2022 7:45,3.32,0.000389514
11/29/2022 8:00,3.965,0.000465188
11/29/2022 8:15,3.425,0.000401833
11/29/2022 8:30,3.605,0.000422952
11/29/2022 8:45,3.765,0.000441723
11/29/2022 9:00,3.64,0.000427058
11/29/2022 9:15,3.63,0.000425885
11/29/2022 9:30,3.59,0.000421192
11/29/2022 9:45,3.54,0.000415326
11/29/2022 10:00,3.66,0.000429404
11/29/2022 10:15,3.57,0.000418845
11/29/2022 10:30,3.745,0.000439377
11/29/2022 10:45,3.915,0.000459322
11/29/2022 11:00,4.1,0.000481027
11/29/2022 11:15,4.2,0.000492759
11/29/2022 11:30,4.065,0.00047692
11/29/2022 11:45,3.97,0.000465775
11/29/2022 12:00,3.925,0.000460495
11/29/2022 12:15,4.11,0.0004822
11/29/2022 12:30,3.48,0.000408286
11/29/2022 12:45,3.46,0.00040594
11/29/2022 13:00,3.305,0.000387754
11/29/2022 13:15,3.21,0.000376609
11/29/2022 13:30,3.175,0.000372502
11/29/2022 13:45,3.81,0.000447003
11/29/2022 14:00,3.31,0.000388341
11/29/2022 14:15,3.12,0.00036605
11/29/2022 14:30,3.305,0.000387754
11/29/2022 14:45,3.395,0.000398314
11/29/2022 15:00,3.45,0.000404766
11/29/2022 15:15,3.36,0.000394207
11/29/2022 15:30,3.25,0.000381302
11/29/2022 15:45,3.36,0.000394207
11/29/2022 16:00,3.44,0.000403593
11/29/2022 16:15,3.86,0.000452869
11/29/2022 16:30,3.505,0.000411219
11/29/2022 16:45,3.54,0.000415326
11/29/2022 17:00,3.6,0.000422365
11/29/2022 17:15,3.585,0.000420605
11/29/2022 17:30,3.51,0.000411806
11/29/2022 17:45,3.445,0.00040418
11/29/2022 18:00,3.31,0.000388341
11/29/2022 18:15,3.22,0.000377782
11/29/2022 18:30,3.16,0.000370743
11/29/2022 18:45,3.04,0.000356664
11/29/2022 19:00,2.995,0.000351384
11/29/2022 19:15,3.1,0.000363703
11/29/2022 19:30,2.89,0.000339065
11/29/2022 19:45,2.865,0.000336132
11/29/2022 20:00,2.705,0.00031736
11/29/2022 20:15,2.765,0.0003244
11/29/2022 20:30,2.825,0.000331439
11/29/2022 20:45,3.3,0.000387168
11/29/2022 21:00,4.19,0.000491586
11/29/2022 21:15,5.525,0.000648213
11/29/2022 21:30,7.135,0.000837104
11/29/2022 21:45,8.29,0.000972613
11/29/2022 22:00,9.26,0.001086416
11/29/2022 22:15,9.98,0.001170889
11/29/2022 22:30,11.11,0.001303465
11/29/2022 22:45,12.5,0.001466545
11/29/2022 23:00,13.72,0.00160968
11/29/2022 23:15,14.215,0.001667755
11/29/2022 23:30,13.89,0.001629625
11/29/2022 23:45,12.975,0.001522274
11/30/2022 0:00,11.3,0.001325757
11/30/2022 0:15,9.76,0.001145078
11/30/2022 0:30,8.525,0.001000184
11/30/2022 0:45,7.61,0.000892833
11/30/2022 1:00,60.21,0.007064053
11/30/2022 1:15,27.465,0.003222292
11/30/2022 1:30,30.175,0.003540239
11/30/2022 1:45,45.32,0.005317105
11/30/2022 2:00,56.905,0.006676299
11/30/2022 2:15,50.9,0.005971771
11/30/2022 2:30,47.67,0.005592816
11/30/2022 2:45,54.27,0.006367151
11/30/2022 3:00,52.755,0.006189406
11/30/2022 3:15,46.875,0.005499543
11/30/2022 3:30,40.845,0.004792082
11/30/2022 3:45,36.595,0.004293457
11/30/2022 4:00,33.96,0.003984309
11/30/2022 4:15,32.835,0.00385232
11/30/2022 4:30,32.62,0.003827096
11/30/2022 4:45,29.81,0.003497416
11/30/2022 5:00,30.42,0.003568984
11/30/2022 5:15,28.77,0.0033754
11/30/2022 5:30,28.45,0.003337856
11/30/2022 5:45,27.62,0.003240478
11/30/2022 6:00,28.035,0.003289167
11/30/2022 6:15,45.225,0.005305959
11/30/2022 6:30,45.395,0.005325904
11/30/2022 6:45,45.635,0.005354062
11/30/2022 7:00,36.77,0.004313988
11/30/2022 7:15,36.51,0.004283484
11/30/2022 7:30,36.635,0.00429815
11/30/2022 7:45,36.6,0.004294043
11/30/2022 8:00,36.055,0.004230102
11/30/2022 8:15,37.49,0.004398461
11/30/2022 8:30,40.515,0.004753365
11/30/2022 8:45,38.89,0.004562714
11/30/2022 9:00,38.935,0.004567994
11/30/2022 9:15,55.795,0.00654607
11/30/2022 9:30,40.555,0.004758058
11/30/2022 9:45,40.39,0.0047387
11/30/2022 10:15,30.905,0.003625886
11/30/2022 10:30,26.82,0.003146619
11/30/2022 10:45,26.045,0.003055693
11/30/2022 11:00,32.35,0.003795418
11/30/2022 11:15,29.095,0.00341353
11/30/2022 11:30,28.045,0.00329034
11/30/2022 11:45,26.095,0.003061559
11/30/2022 12:00,24.245,0.00284451
11/30/2022 12:15,24.325,0.002853896
11/30/2022 12:30,23.5,0.002757104
11/30/2022 12:45,23.48,0.002754758
11/30/2022 13:00,23.6,0.002768837
11/30/2022 13:15,23.17,0.002718388
11/30/2022 13:30,40.445,0.004745153
11/30/2022 13:45,4.41,0.000517397
11/30/2022 14:00,4.41,0.000517397
11/30/2022 14:15,4.52,0.000530303
11/30/2022 14:30,4.54,0.000532649
11/30/2022 14:45,4.855,0.000569606
11/30/2022 15:00,5.13,0.00060187
11/30/2022 15:15,5.27,0.000618295
11/30/2022 15:30,5.47,0.00064176
11/30/2022 15:45,5.505,0.000645866
11/30/2022 16:00,5.29,0.000620642
11/30/2022 16:15,5.535,0.000649386
11/30/2022 16:30,6.35,0.000745005
11/30/2022 16:45,6.14,0.000720367
11/30/2022 17:00,5.825,0.00068341
11/30/2022 17:15,5.215,0.000611843
11/30/2022 17:30,5.32,0.000624162
11/30/2022 17:45,5.425,0.00063648
11/30/2022 18:00,5.28,0.000619469
11/30/2022 18:15,5.315,0.000623575
11/30/2022 18:30,5.39,0.000632374
11/30/2022 18:45,5.51,0.000646453
11/30/2022 19:00,5.605,0.000657599
11/30/2022 19:15,5.675,0.000665811
11/30/2022 19:30,5.505,0.000645866
11/30/2022 19:45,5.31,0.000622988
11/30/2022 20:00,5.29,0.000620642
11/30/2022 20:15,5.18,0.000607736
11/30/2022 20:30,5.115,0.00060011
11/30/2022 20:45,5.06,0.000593657
11/30/2022 21:00,5.07,0.000594831
11/30/2022 21:15,5.045,0.000591898
11/30/2022 21:30,5.25,0.000615949
11/30/2022 21:45,5.455,0.00064
11/30/2022 22:00,5.45,0.000639414
11/30/2022 22:15,5.29,0.000620642
11/30/2022 22:30,5.305,0.000622402
11/30/2022 22:45,5.14,0.000603043
11/30/2022 23:00,5.1,0.00059835
11/30/2022 23:15,5,0.000586618
11/30/2022 23:30,5,0.000586618
11/30/2022 23:45,5.08,0.000596004
12/1/2022 0:00,5.04,0.000591311
12/1/2022 0:15,4.95,0.000580752
12/1/2022 0:30,4.96,0.000581925
12/1/2022 0:45,5.12,0.000600697
12/1/2022 1:00,4.995,0.000586031
12/1/2022 1:15,4.98,0.000584271
12/1/2022 1:30,4.915,0.000576645
12/1/2022 1:45,4.82,0.0005655
12/1/2022 2:00,4.84,0.000567846
12/1/2022 2:15,4.8,0.000563153
12/1/2022 2:30,4.62,0.000542035
12/1/2022 2:45,4.51,0.000529129
12/1/2022 3:00,4.36,0.000511531
12/1/2022 3:15,4.17,0.000489239
12/1/2022 3:30,4.015,0.000471054
12/1/2022 3:45,4.085,0.000479267
12/1/2022 4:00,4.23,0.000496279
12/1/2022 4:15,4.345,0.000509771
12/1/2022 4:30,4.4,0.000516224
12/1/2022 4:45,4.44,0.000520917
12/1/2022 5:00,4.37,0.000512704
12/1/2022 5:15,4.435,0.00052033
12/1/2022 5:30,4.46,0.000523263
12/1/2022 5:45,4.5,0.000527956
12/1/2022 6:00,4.73,0.000554941
12/1/2022 6:15,4.785,0.000561393
12/1/2022 6:30,4.72,0.000553767
12/1/2022 6:45,4.625,0.000542622
12/1/2022 7:00,4.4,0.000516224
12/1/2022 7:15,4.275,0.000501558
12/1/2022 7:30,4.2,0.000492759
12/1/2022 7:45,4.15,0.000486893
12/1/2022 8:00,4.18,0.000490413
12/1/2022 8:15,4.245,0.000498039
12/1/2022 8:30,4.375,0.000513291
12/1/2022 8:45,4.64,0.000544381
12/1/2022 9:00,4.745,0.0005567
12/1/2022 9:15,4.72,0.000553767
12/1/2022 9:30,4.61,0.000540862
12/1/2022 9:45,4.405,0.00051681
12/1/2022 10:00,4.13,0.000484546
12/1/2022 10:15,3.95,0.000463428
12/1/2022 10:30,3.75,0.000439963
12/1/2022 10:45,3.605,0.000422952
12/1/2022 11:00,3.35,0.000393034
12/1/2022 11:15,3.145,0.000368983
12/1/2022 11:30,3.085,0.000361943
12/1/2022 11:45,2.97,0.000348451
12/1/2022 12:00,2.96,0.000347278
12/1/2022 12:15,2.91,0.000341412
12/1/2022 12:30,2.81,0.000329679
12/1/2022 12:45,2.765,0.0003244
12/1/2022 13:00,2.66,0.000312081
12/1/2022 13:15,2.6,0.000305041
12/1/2022 13:30,2.56,0.000300348
12/1/2022 13:45,2.6,0.000305041
12/1/2022 14:00,2.51,0.000294482
12/1/2022 14:15,2.53,0.000296829
12/1/2022 14:30,2.515,0.000295069
12/1/2022 14:45,2.67,0.000313254
12/1/2022 15:00,2.845,0.000333786
12/1/2022 15:15,3.1,0.000363703
12/1/2022 15:30,3.23,0.000378955
12/1/2022 15:45,3.245,0.000380715
12/1/2022 16:00,3.18,0.000373089
12/1/2022 16:15,3.06,0.00035901
12/1/2022 16:30,2.985,0.000350211
12/1/2022 16:45,3.11,0.000364876
12/1/2022 17:00,3.18,0.000373089
12/1/2022 17:15,3.14,0.000368396
12/1/2022 17:30,2.855,0.000334959
12/1/2022 17:45,2.61,0.000306215
12/1/2022 18:00,2.32,0.000272191
12/1/2022 18:15,2.24,0.000262805
12/1/2022 18:30,2.28,0.000267498
12/1/2022 18:45,2.17,0.000254592
12/1/2022 19:00,2.295,0.000269258
12/1/2022 19:15,2.49,0.000292136
12/1/2022 19:30,2.715,0.000318534
12/1/2022 19:45,2.735,0.00032088
12/1/2022 20:00,2.675,0.000313841
12/1/2022 20:15,2.48,0.000290963
12/1/2022 20:30,2.245,0.000263391
12/1/2022 20:45,2.11,0.000247553
12/1/2022 21:00,2.01,0.00023582
12/1/2022 21:15,2.01,0.00023582
12/1/2022 21:30,2.02,0.000236994
12/1/2022 21:45,1.9,0.000222915
12/1/2022 22:00,1.965,0.000230541
12/1/2022 22:15,1.915,0.000224675
12/1/2022 22:30,1.88,0.000220568
12/1/2022 22:45,1.97,0.000231127
12/1/2022 23:00,2.065,0.000242273
12/1/2022 23:15,2.085,0.00024462
12/1/2022 23:30,2.14,0.000251072
12/1/2022 23:45,2.105,0.000246966
12/2/2022 0:00,2.125,0.000249313
12/2/2022 0:15,2.075,0.000243446
12/2/2022 0:30,2.07,0.00024286
12/2/2022 0:45,2.515,0.000295069
12/2/2022 1:00,2.205,0.000258699
12/2/2022 1:15,2.37,0.000278057
12/2/2022 1:30,2.47,0.000289789
12/2/2022 1:45,2.595,0.000304455
12/2/2022 2:00,2.665,0.000312667
12/2/2022 2:15,2.72,0.00031912
12/2/2022 2:30,2.845,0.000333786
12/2/2022 2:45,3.03,0.00035549
12/2/2022 3:00,3.135,0.000367809
12/2/2022 3:15,3.285,0.000385408
12/2/2022 3:30,3.29,0.000385995
12/2/2022 3:45,3.1,0.000363703
12/2/2022 4:00,3.05,0.000357837
12/2/2022 4:15,3.065,0.000359597
12/2/2022 4:30,3.18,0.000373089
12/2/2022 4:45,3.025,0.000354904
12/2/2022 5:00,3.115,0.000365463
12/2/2022 5:15,3.265,0.000383062
12/2/2022 5:30,3.17,0.000371916
12/2/2022 5:45,3.15,0.000369569
12/2/2022 6:00,3.055,0.000358424
12/2/2022 6:15,3.015,0.000353731
12/2/2022 6:30,2.905,0.000340825
12/2/2022 6:45,2.78,0.00032616
12/2/2022 7:00,2.65,0.000310908
12/2/2022 7:15,2.53,0.000296829
12/2/2022 7:30,2.49,0.000292136
12/2/2022 7:45,2.51,0.000294482
12/2/2022 8:00,2.535,0.000297415
12/2/2022 8:15,2.525,0.000296242
12/2/2022 8:30,2.55,0.000299175
12/2/2022 8:45,2.57,0.000301522
12/2/2022 9:00,2.585,0.000303281
12/2/2022 9:15,2.525,0.000296242
12/2/2022 9:30,2.495,0.000292722
12/2/2022 9:45,2.525,0.000296242
12/2/2022 10:00,2.525,0.000296242
12/2/2022 10:15,2.485,0.000291549
12/2/2022 10:30,2.445,0.000286856
12/2/2022 10:45,2.49,0.000292136
12/2/2022 11:00,2.665,0.000312667
12/2/2022 11:15,2.835,0.000332612
12/2/2022 11:30,2.875,0.000337305
12/2/2022 11:45,2.955,0.000346691
12/2/2022 12:00,5.56,0.000652319
12/2/2022 12:15,2.67,0.000313254
12/2/2022 12:30,2.595,0.000304455
12/2/2022 12:45,2.515,0.000295069
12/2/2022 13:00,2.425,0.00028451
12/2/2022 13:15,2.515,0.000295069
12/2/2022 13:30,2.6,0.000305041
12/2/2022 13:45,2.83,0.000332026
12/2/2022 14:00,2.9,0.000340238
12/2/2022 14:15,2.91,0.000341412
12/2/2022 14:30,2.97,0.000348451
12/2/2022 14:45,2.95,0.000346105
12/2/2022 15:00,2.87,0.000336719
12/2/2022 15:15,2.84,0.000333199
12/2/2022 15:30,4.485,0.000526196
12/2/2022 15:45,7.295,0.000855876
12/2/2022 16:00,5.2,0.000610083
12/2/2022 16:15,2.955,0.000346691
12/2/2022 16:30,10.02,0.001175582
12/2/2022 16:45,2.16,0.000253419
12/2/2022 17:00,2.085,0.00024462
12/2/2022 17:15,1.99,0.000233474
12/2/2022 17:30,1.97,0.000231127
12/2/2022 17:45,2.035,0.000238754
12/2/2022 18:00,2.285,0.000268084
12/2/2022 18:15,2.42,0.000283923
12/2/2022 18:30,2.59,0.000303868
12/2/2022 18:45,3.015,0.000353731
12/2/2022 19:00,3.33,0.000390688
12/2/2022 19:15,3.08,0.000361357
12/2/2022 19:30,2.595,0.000304455
12/2/2022 19:45,2.285,0.000268084
12/2/2022 20:00,2.06,0.000241687
12/2/2022 20:15,2.01,0.00023582
12/2/2022 20:30,1.87,0.000219395
12/2/2022 20:45,1.895,0.000222328
12/2/2022 21:00,1.86,0.000218222
12/2/2022 21:15,1.935,0.000227021
12/2/2022 21:30,1.98,0.000232301
12/2/2022 21:45,1.995,0.000234061
12/2/2022 22:00,1.965,0.000230541
12/2/2022 22:15,1.875,0.000219982
12/2/2022 22:30,1.83,0.000214702
12/2/2022 22:45,1.83,0.000214702
12/2/2022 23:00,1.705,0.000200037
12/2/2022 23:15,1.78,0.000208836
12/2/2022 23:30,1.72,0.000201797
12/2/2022 23:45,1.76,0.00020649
12/3/2022 0:00,1.735,0.000203556
12/3/2022 0:15,1.735,0.000203556
12/3/2022 0:30,1.675,0.000196517
12/3/2022 0:45,1.79,0.000210009
12/3/2022 1:00,1.775,0.000208249
12/3/2022 1:15,1.805,0.000211769
12/3/2022 1:30,1.835,0.000215289
12/3/2022 1:45,1.87,0.000219395
12/3/2022 2:00,1.93,0.000226435
12/3/2022 2:15,1.97,0.000231127
12/3/2022 2:30,1.935,0.000227021
12/3/2022 2:45,1.95,0.000228781
12/3/2022 3:00,2.015,0.000236407
12/3/2022 3:15,2.03,0.000238167
12/3/2022 3:30,1.995,0.000234061
12/3/2022 3:45,2.02,0.000236994
12/3/2022 4:00,1.98,0.000232301
12/3/2022 4:15,2.075,0.000243446
12/3/2022 4:30,2.03,0.000238167
12/3/2022 4:45,2.115,0.000248139
12/3/2022 5:00,2.15,0.000252246
12/3/2022 5:15,2.18,0.000255765
12/3/2022 5:30,2.24,0.000262805
12/3/2022 5:45,2.235,0.000262218
12/3/2022 6:00,2.215,0.000259872
12/3/2022 6:15,2.23,0.000261632
12/3/2022 6:30,2.17,0.000254592
12/3/2022 6:45,2.215,0.000259872
12/3/2022 7:00,2.19,0.000256939
12/3/2022 7:15,2.205,0.000258699
12/3/2022 7:30,2.21,0.000259285
12/3/2022 7:45,2.155,0.000252832
12/3/2022 8:00,2.125,0.000249313
12/3/2022 8:15,2.125,0.000249313
12/3/2022 8:30,2.18,0.000255765
12/3/2022 8:45,2.285,0.000268084
12/3/2022 9:00,2.455,0.000288029
12/3/2022 9:15,2.56,0.000300348
12/3/2022 9:30,2.65,0.000310908
12/3/2022 9:45,2.67,0.000313254
12/3/2022 10:00,2.75,0.00032264
12/3/2022 10:15,2.82,0.000330853
12/3/2022 10:30,2.795,0.000327919
12/3/2022 10:45,2.7,0.000316774
12/3/2022 11:00,2.565,0.000300935
12/3/2022 11:15,2.49,0.000292136
12/3/2022 11:30,2.47,0.000289789
12/3/2022 11:45,2.44,0.00028627
12/3/2022 12:00,2.455,0.000288029
12/3/2022 12:15,2.54,0.000298002
12/3/2022 12:30,2.585,0.000303281
12/3/2022 12:45,2.63,0.000308561
12/3/2022 13:00,2.61,0.000306215
12/3/2022 13:15,2.57,0.000301522
12/3/2022 13:30,2.475,0.000290376
12/3/2022 13:45,2.27,0.000266325
12/3/2022 14:00,2.22,0.000260458
12/3/2022 14:15,2.32,0.000272191
12/3/2022 14:30,2.365,0.00027747
12/3/2022 14:45,2.38,0.00027923
12/3/2022 15:00,2.295,0.000269258
12/3/2022 15:15,2.22,0.000260458
12/3/2022 15:30,2.14,0.000251072
12/3/2022 15:45,2.125,0.000249313
12/3/2022 16:00,2.2,0.000258112
12/3/2022 16:15,2.405,0.000282163
12/3/2022 16:30,2.64,0.000309734
12/3/2022 16:45,2.95,0.000346105
12/3/2022 17:00,3.23,0.000378955
12/3/2022 17:15,3.35,0.000393034
12/3/2022 17:30,3.19,0.000374262
12/3/2022 17:45,2.875,0.000337305
12/3/2022 18:00,2.6,0.000305041
12/3/2022 18:15,2.345,0.000275124
12/3/2022 18:30,2.22,0.000260458
12/3/2022 18:45,2.04,0.00023934
12/3/2022 19:00,2.015,0.000236407
12/3/2022 19:15,2,0.000234647
12/3/2022 19:30,1.87,0.000219395
12/3/2022 19:45,1.85,0.000217049
12/3/2022 20:00,1.855,0.000217635
12/3/2022 20:15,2.27,0.000266325
12/3/2022 20:30,1.915,0.000224675
12/3/2022 20:45,1.875,0.000219982
12/3/2022 21:00,1.94,0.000227608
12/3/2022 21:15,1.94,0.000227608
12/3/2022 21:30,1.8,0.000211182
12/3/2022 21:45,1.71,0.000200623
12/3/2022 22:00,1.74,0.000204143
12/3/2022 22:15,1.68,0.000197104
12/3/2022 22:30,1.64,0.000192411
12/3/2022 22:45,1.68,0.000197104
12/3/2022 23:00,1.675,0.000196517
12/3/2022 23:15,1.645,0.000192997
12/3/2022 23:30,1.7,0.00019945
12/3/2022 23:45,1.685,0.00019769
12/4/2022 0:00,1.655,0.000194171
12/4/2022 0:15,1.62,0.000190064
12/4/2022 0:30,1.665,0.000195344
12/4/2022 0:45,1.72,0.000201797
12/4/2022 1:00,1.72,0.000201797
12/4/2022 1:15,1.775,0.000208249
12/4/2022 1:30,1.79,0.000210009
12/4/2022 1:45,1.805,0.000211769
12/4/2022 2:00,1.71,0.000200623
12/4/2022 2:15,1.82,0.000213529
12/4/2022 2:30,1.855,0.000217635
12/4/2022 2:45,1.82,0.000213529
12/4/2022 3:00,1.91,0.000224088
12/4/2022 3:15,1.95,0.000228781
12/4/2022 3:30,2.125,0.000249313
12/4/2022 3:45,2.23,0.000261632
12/4/2022 4:00,2.26,0.000265151
12/4/2022 4:15,2.35,0.00027571
12/4/2022 4:30,2.34,0.000274537
12/4/2022 4:45,2.44,0.00028627
12/4/2022 5:00,2.49,0.000292136
12/4/2022 5:15,2.505,0.000293896
12/4/2022 5:30,2.485,0.000291549
12/4/2022 5:45,2.5,0.000293309
12/4/2022 6:00,2.385,0.000279817
12/4/2022 6:15,2.42,0.000283923
12/4/2022 6:30,2.38,0.00027923
12/4/2022 6:45,2.3,0.000269844
12/4/2022 7:00,2.21,0.000259285
12/4/2022 7:15,2.17,0.000254592
12/4/2022 7:30,2.11,0.000247553
12/4/2022 7:45,2.06,0.000241687
12/4/2022 8:00,2.09,0.000245206
12/4/2022 8:15,2.075,0.000243446
12/4/2022 8:30,2.125,0.000249313
12/4/2022 8:45,2.255,0.000264565
12/4/2022 9:00,2.13,0.000249899
12/4/2022 9:15,2.095,0.000245793
12/4/2022 9:30,2.11,0.000247553
12/4/2022 9:45,2.195,0.000257525
12/4/2022 10:00,2.255,0.000264565
12/4/2022 10:15,2.235,0.000262218
12/4/2022 10:30,2.195,0.000257525
12/4/2022 10:45,2.2,0.000258112
12/4/2022 11:00,2.25,0.000263978
12/4/2022 11:15,2.36,0.000276884
12/4/2022 11:30,2.555,0.000299762
12/4/2022 11:45,2.77,0.000324986
12/4/2022 12:00,2.7,0.000316774
12/4/2022 12:15,2.775,0.000325573
12/4/2022 12:30,2.89,0.000339065
12/4/2022 12:45,3,0.000351971
12/4/2022 13:00,2.895,0.000339652
12/4/2022 13:15,2.765,0.0003244
12/4/2022 13:30,2.815,0.000330266
12/4/2022 13:45,2.92,0.000342585
12/4/2022 14:00,3.09,0.00036253
12/4/2022 14:15,3.235,0.000379542
12/4/2022 14:30,3.14,0.000368396
12/4/2022 14:45,3.01,0.000353144
12/4/2022 15:00,2.705,0.00031736
12/4/2022 15:15,2.48,0.000290963
12/4/2022 15:30,2.855,0.000334959
12/4/2022 15:45,3.7,0.000434097
12/4/2022 16:00,4.085,0.000479267
12/4/2022 16:15,3.925,0.000460495
12/4/2022 16:30,3.45,0.000404766
12/4/2022 16:45,3.125,0.000366636
12/4/2022 17:00,2.9,0.000340238
12/4/2022 17:15,2.615,0.000306801
12/4/2022 17:30,2.49,0.000292136
12/4/2022 17:45,2.325,0.000272777
12/4/2022 18:00,2.16,0.000253419
12/4/2022 18:15,2.005,0.000235234
12/4/2022 18:30,1.985,0.000232887
12/4/2022 18:45,2.04,0.00023934
12/4/2022 19:00,1.97,0.000231127
12/4/2022 19:15,1.98,0.000232301
12/4/2022 19:30,2.04,0.00023934
12/4/2022 19:45,1.875,0.000219982
12/4/2022 20:00,1.91,0.000224088
12/4/2022 20:15,1.9,0.000222915
12/4/2022 20:30,1.855,0.000217635
12/4/2022 20:45,1.82,0.000213529
12/4/2022 21:00,1.74,0.000204143
12/4/2022 21:15,1.78,0.000208836
12/4/2022 21:30,1.75,0.000205316
12/4/2022 21:45,1.765,0.000207076
12/4/2022 22:00,1.785,0.000209423
12/4/2022 22:15,1.81,0.000212356
12/4/2022 22:30,1.75,0.000205316
12/4/2022 22:45,1.71,0.000200623
12/4/2022 23:00,1.815,0.000212942
12/4/2022 23:15,1.76,0.00020649
12/4/2022 23:30,1.765,0.000207076
12/4/2022 23:45,1.83,0.000214702
12/5/2022 0:00,1.94,0.000227608
12/5/2022 0:15,1.98,0.000232301
12/5/2022 0:30,2.045,0.000239927
12/5/2022 0:45,2.185,0.000256352
12/5/2022 1:00,2.27,0.000266325
12/5/2022 1:15,2.375,0.000278644
12/5/2022 1:30,2.51,0.000294482
12/5/2022 1:45,2.485,0.000291549
12/5/2022 2:00,2.6,0.000305041
12/5/2022 2:15,2.605,0.000305628
12/5/2022 2:30,2.58,0.000302695
12/5/2022 2:45,2.51,0.000294482
12/5/2022 3:00,2.64,0.000309734
12/5/2022 3:15,2.815,0.000330266
12/5/2022 3:30,3.01,0.000353144
12/5/2022 3:45,3.09,0.00036253
12/5/2022 4:00,3.18,0.000373089
12/5/2022 4:15,3.22,0.000377782
12/5/2022 4:30,3.11,0.000364876
12/5/2022 4:45,2.98,0.000349624
12/5/2022 5:00,2.915,0.000341998
12/5/2022 5:15,2.915,0.000341998
12/5/2022 5:30,2.99,0.000350798
12/5/2022 5:45,3.045,0.00035725
12/5/2022 6:00,3.17,0.000371916
12/5/2022 6:15,3.565,0.000418259
12/5/2022 6:30,3.72,0.000436444
12/5/2022 6:45,3.735,0.000438204
12/5/2022 7:00,3.59,0.000421192
12/5/2022 7:15,3.585,0.000420605
12/5/2022 7:30,3.6,0.000422365
12/5/2022 7:45,3.52,0.000412979
12/5/2022 8:00,3.685,0.000432337
12/5/2022 8:15,3.8,0.00044583
12/5/2022 8:30,3.845,0.000451109
12/5/2022 8:45,3.9,0.000457562
12/5/2022 9:00,3.88,0.000455216
12/5/2022 9:15,3.88,0.000455216
12/5/2022 9:30,3.875,0.000454629
12/5/2022 9:45,3.95,0.000463428
12/5/2022 10:00,3.8,0.00044583
12/5/2022 10:15,3.735,0.000438204
12/5/2022 10:30,3.51,0.000411806
12/5/2022 10:45,3.265,0.000383062
12/5/2022 11:00,3.145,0.000368983
12/5/2022 11:15,3.01,0.000353144
12/5/2022 11:30,3.025,0.000354904
12/5/2022 11:45,2.995,0.000351384
12/5/2022 12:00,3.04,0.000356664
12/5/2022 12:15,3.06,0.00035901
12/5/2022 12:30,2.985,0.000350211
12/5/2022 12:45,2.89,0.000339065
12/5/2022 13:30,2.015,0.000236407
12/5/2022 13:45,1.87,0.000219395
12/5/2022 14:00,1.68,0.000197104
12/5/2022 14:15,1.685,0.00019769
12/5/2022 14:30,1.71,0.000200623
12/5/2022 14:45,1.605,0.000188304
12/5/2022 15:00,1.65,0.000193584
12/5/2022 15:15,1.68,0.000197104
12/5/2022 15:30,1.71,0.000200623
12/5/2022 15:45,1.815,0.000212942
12/5/2022 16:00,1.86,0.000218222
12/5/2022 16:15,1.98,0.000232301
12/5/2022 16:30,1.845,0.000216462
12/5/2022 16:45,1.94,0.000227608
12/5/2022 17:00,1.85,0.000217049
12/5/2022 17:15,1.89,0.000221742
12/5/2022 17:30,1.805,0.000211769
12/5/2022 17:45,1.75,0.000205316
12/5/2022 18:00,1.845,0.000216462
12/5/2022 18:15,1.66,0.000194757
12/5/2022 18:30,1.6,0.000187718
12/5/2022 18:45,1.565,0.000183611
12/5/2022 19:00,1.635,0.000191824
12/5/2022 19:15,1.78,0.000208836
12/5/2022 19:30,1.78,0.000208836
12/5/2022 19:45,1.815,0.000212942
12/5/2022 20:00,1.855,0.000217635
12/5/2022 20:15,1.855,0.000217635
12/5/2022 20:30,1.81,0.000212356
12/5/2022 20:45,1.76,0.00020649
12/5/2022 21:00,1.83,0.000214702
12/5/2022 21:15,1.59,0.000186545
12/5/2022 21:30,1.545,0.000181265
12/5/2022 21:45,1.495,0.000175399
12/5/2022 22:00,1.51,0.000177159
12/5/2022 22:15,1.535,0.000180092
12/5/2022 22:30,1.495,0.000175399
12/5/2022 22:45,1.555,0.000182438
12/5/2022 23:00,1.39,0.00016308
12/5/2022 23:15,1.4,0.000164253
12/5/2022 23:30,1.44,0.000168946
12/5/2022 23:45,1.49,0.000174812
12/6/2022 0:00,1.38,0.000161907
12/6/2022 0:15,1.42,0.000166599
12/6/2022 0:30,1.47,0.000172466
12/6/2022 0:45,1.4,0.000164253
12/6/2022 1:00,1.42,0.000166599
12/6/2022 1:15,1.435,0.000168359
12/6/2022 1:30,1.365,0.000160147
12/6/2022 1:45,1.43,0.000167773
12/6/2022 2:00,1.5,0.000175985
12/6/2022 2:15,1.56,0.000183025
12/6/2022 2:30,1.7,0.00019945
12/6/2022 2:45,1.6,0.000187718
12/6/2022 3:00,1.615,0.000189478
12/6/2022 3:15,1.645,0.000192997
12/6/2022 3:30,1.68,0.000197104
12/6/2022 3:45,1.66,0.000194757
12/6/2022 4:00,1.805,0.000211769
12/6/2022 4:15,1.955,0.000229368
12/6/2022 4:30,2.09,0.000245206
12/6/2022 4:45,1.915,0.000224675
12/6/2022 5:00,1.795,0.000210596
12/6/2022 5:15,1.76,0.00020649
12/6/2022 5:30,1.76,0.00020649
12/6/2022 5:45,1.85,0.000217049
12/6/2022 6:00,1.895,0.000222328
12/6/2022 6:15,2.065,0.000242273
12/6/2022 6:30,2.19,0.000256939
12/6/2022 6:45,2.26,0.000265151
12/6/2022 7:00,2.115,0.000248139
12/6/2022 7:15,1.96,0.000229954
12/6/2022 7:30,1.95,0.000228781
12/6/2022 7:45,1.855,0.000217635
12/6/2022 8:00,1.95,0.000228781
12/6/2022 8:15,1.82,0.000213529
12/6/2022 8:30,1.845,0.000216462
12/6/2022 8:45,1.85,0.000217049
12/6/2022 9:00,1.925,0.000225848
12/6/2022 9:15,1.89,0.000221742
12/6/2022 9:30,2.01,0.00023582
12/6/2022 9:45,2.095,0.000245793
12/6/2022 10:00,2.155,0.000252832
12/6/2022 10:15,2.245,0.000263391
12/6/2022 10:30,2.085,0.00024462
12/6/2022 10:45,2.18,0.000255765
12/6/2022 11:00,2.275,0.000266911
12/6/2022 11:15,2.22,0.000260458
12/6/2022 11:30,2.185,0.000256352
12/6/2022 11:45,2.15,0.000252246
12/6/2022 12:00,2.16,0.000253419
12/6/2022 12:15,2.02,0.000236994
12/6/2022 12:30,2.065,0.000242273
12/6/2022 12:45,1.93,0.000226435
12/6/2022 13:00,2.05,0.000240513
12/6/2022 13:15,1.84,0.000215875
12/6/2022 13:30,1.72,0.000201797
12/6/2022 13:45,1.66,0.000194757
12/6/2022 14:00,1.625,0.000190651
12/6/2022 14:15,1.555,0.000182438
12/6/2022 14:30,1.54,0.000180678
12/6/2022 14:45,1.505,0.000176572
12/6/2022 15:00,1.48,0.000173639
12/6/2022 15:15,1.485,0.000174226
12/6/2022 15:30,1.46,0.000171292
12/6/2022 15:45,1.55,0.000181852
12/6/2022 16:00,1.505,0.000176572
12/6/2022 16:15,1.515,0.000177745
12/6/2022 16:30,1.505,0.000176572
12/6/2022 16:45,1.51,0.000177159
12/6/2022 17:00,1.575,0.000184785
12/6/2022 17:15,1.595,0.000187131
12/6/2022 17:30,1.6,0.000187718
12/6/2022 17:45,1.625,0.000190651
12/6/2022 18:00,1.59,0.000186545
12/6/2022 18:15,1.58,0.000185371
12/6/2022 18:30,1.65,0.000193584
12/6/2022 18:45,1.585,0.000185958
12/6/2022 19:00,1.54,0.000180678
12/6/2022 19:15,1.47,0.000172466
12/6/2022 19:30,1.44,0.000168946
12/6/2022 19:45,1.4,0.000164253
12/6/2022 20:00,1.485,0.000174226
12/6/2022 20:15,1.455,0.000170706
12/6/2022 20:30,1.42,0.000166599
12/6/2022 20:45,1.545,0.000181265
12/6/2022 21:00,1.515,0.000177745
12/6/2022 21:15,1.41,0.000165426
12/6/2022 21:30,1.385,0.000162493
12/6/2022 21:45,1.365,0.000160147
12/6/2022 22:00,1.32,0.000154867
12/6/2022 22:15,1.3,0.000152521
12/6/2022 22:30,1.28,0.000150174
12/6/2022 22:45,1.26,0.000147828
12/6/2022 23:00,1.235,0.000144895
12/6/2022 23:15,1.225,0.000143721
12/6/2022 23:30,1.28,0.000150174
12/6/2022 23:45,1.23,0.000144308
12/7/2022 0:00,1.22,0.000143135
12/7/2022 0:15,1.28,0.000150174
12/7/2022 0:30,1.27,0.000149001
12/7/2022 0:45,1.325,0.000155454
12/7/2022 1:00,1.295,0.000151934
12/7/2022 1:15,1.275,0.000149588
12/7/2022 1:30,1.32,0.000154867
12/7/2022 1:45,1.405,0.00016484
12/7/2022 2:00,1.44,0.000168946
12/7/2022 2:15,1.48,0.000173639
12/7/2022 2:30,1.51,0.000177159
12/7/2022 2:45,1.515,0.000177745
12/7/2022 3:00,1.485,0.000174226
12/7/2022 3:15,1.45,0.000170119
12/7/2022 3:30,1.465,0.000171879
12/7/2022 3:45,1.535,0.000180092
12/7/2022 4:00,1.525,0.000178918
12/7/2022 4:15,1.495,0.000175399
12/7/2022 4:30,1.635,0.000191824
12/7/2022 4:45,1.48,0.000173639
12/7/2022 5:00,1.515,0.000177745
12/7/2022 5:15,1.525,0.000178918
12/7/2022 5:30,1.555,0.000182438
12/7/2022 5:45,1.665,0.000195344
12/7/2022 6:00,1.71,0.000200623
12/7/2022 6:15,1.7,0.00019945
12/7/2022 6:30,1.725,0.000202383
12/7/2022 6:45,1.75,0.000205316
12/7/2022 7:00,1.8,0.000211182
12/7/2022 7:15,1.725,0.000202383
12/7/2022 7:30,1.795,0.000210596
12/7/2022 7:45,1.78,0.000208836
12/7/2022 8:00,1.91,0.000224088
12/7/2022 8:15,2.045,0.000239927
12/7/2022 8:30,2.17,0.000254592
12/7/2022 8:45,2.175,0.000255179
12/7/2022 9:00,2.185,0.000256352
12/7/2022 9:15,2.19,0.000256939
12/7/2022 9:30,2.205,0.000258699
12/7/2022 9:45,2.135,0.000250486
12/7/2022 10:00,2.13,0.000249899
12/7/2022 10:15,2.065,0.000242273
12/7/2022 10:30,2,0.000234647
12/7/2022 10:45,1.935,0.000227021
12/7/2022 11:00,2,0.000234647
12/7/2022 11:15,2.03,0.000238167
12/7/2022 11:30,2.08,0.000244033
12/7/2022 11:45,2.065,0.000242273
12/7/2022 12:00,1.965,0.000230541
12/7/2022 12:15,1.96,0.000229954
12/7/2022 12:30,2.015,0.000236407
12/7/2022 12:45,1.955,0.000229368
12/7/2022 13:00,1.99,0.000233474
12/7/2022 13:15,1.86,0.000218222
12/7/2022 13:30,1.825,0.000214116
12/7/2022 13:45,1.755,0.000205903
12/7/2022 14:00,1.72,0.000201797
12/7/2022 14:15,1.595,0.000187131
12/7/2022 14:30,1.42,0.000166599
12/7/2022 14:45,1.405,0.00016484
12/7/2022 15:00,1.42,0.000166599
12/7/2022 15:15,1.46,0.000171292
12/7/2022 15:30,1.38,0.000161907
12/7/2022 15:45,1.345,0.0001578
12/7/2022 16:00,1.375,0.00016132
12/7/2022 16:15,1.38,0.000161907
12/7/2022 16:30,1.335,0.000156627
12/7/2022 16:45,1.335,0.000156627
12/7/2022 17:00,1.365,0.000160147
12/7/2022 17:15,1.37,0.000160733
12/7/2022 17:30,1.34,0.000157214
12/7/2022 17:45,1.38,0.000161907
12/7/2022 18:00,1.3,0.000152521
12/7/2022 18:15,1.335,0.000156627
12/7/2022 18:30,1.405,0.00016484
12/7/2022 18:45,1.44,0.000168946
12/7/2022 19:00,1.56,0.000183025
12/7/2022 19:15,1.715,0.00020121
12/7/2022 19:30,1.855,0.000217635
12/7/2022 19:45,1.76,0.00020649
12/7/2022 20:00,1.585,0.000185958
12/7/2022 20:15,1.56,0.000183025
12/7/2022 20:30,1.585,0.000185958
12/7/2022 20:45,1.6,0.000187718
12/7/2022 21:00,1.675,0.000196517
12/7/2022 21:15,1.845,0.000216462
12/7/2022 21:30,1.86,0.000218222
12/7/2022 21:45,2.16,0.000253419
12/7/2022 22:00,1.765,0.000207076
12/7/2022 22:15,1.67,0.00019593
12/7/2022 22:30,1.48,0.000173639
12/7/2022 22:45,1.42,0.000166599
12/7/2022 23:00,1.42,0.000166599
12/7/2022 23:15,1.45,0.000170119
12/7/2022 23:30,1.36,0.00015956
12/7/2022 23:45,1.4,0.000164253
12/8/2022 0:00,1.435,0.000168359
12/8/2022 0:15,1.38,0.000161907
12/8/2022 0:30,1.39,0.00016308
12/8/2022 0:45,1.425,0.000167186
12/8/2022 1:00,1.48,0.000173639
12/8/2022 1:15,1.46,0.000171292
12/8/2022 1:30,1.445,0.000169533
12/8/2022 1:45,1.48,0.000173639
12/8/2022 2:00,1.365,0.000160147
12/8/2022 2:15,1.39,0.00016308
12/8/2022 2:30,1.38,0.000161907
12/8/2022 2:45,1.365,0.000160147
12/8/2022 3:00,1.315,0.000154281
12/8/2022 3:15,1.335,0.000156627
12/8/2022 3:30,1.355,0.000158973
12/8/2022 3:45,1.32,0.000154867
12/8/2022 4:00,1.29,0.000151347
12/8/2022 4:15,1.35,0.000158387
12/8/2022 4:30,1.42,0.000166599
12/8/2022 4:45,1.435,0.000168359
12/8/2022 5:00,1.46,0.000171292
12/8/2022 5:15,1.415,0.000166013
12/8/2022 5:30,1.46,0.000171292
12/8/2022 5:45,1.4,0.000164253
12/8/2022 6:00,1.35,0.000158387
12/8/2022 6:15,1.43,0.000167773
12/8/2022 6:30,1.485,0.000174226
12/8/2022 6:45,1.595,0.000187131
12/8/2022 7:00,1.625,0.000190651
12/8/2022 7:15,1.69,0.000198277
12/8/2022 7:30,1.63,0.000191237
12/8/2022 7:45,1.61,0.000188891
12/8/2022 8:00,1.62,0.000190064
12/8/2022 8:15,1.63,0.000191237
12/8/2022 8:30,1.625,0.000190651
12/8/2022 8:45,1.64,0.000192411
12/8/2022 9:00,1.65,0.000193584
12/8/2022 9:15,1.69,0.000198277
12/8/2022 9:30,1.66,0.000194757
12/8/2022 9:45,1.715,0.00020121
12/8/2022 10:00,1.905,0.000223501
12/8/2022 10:15,1.59,0.000186545
12/8/2022 10:30,1.535,0.000180092
12/8/2022 10:45,2.02,0.000236994
12/8/2022 11:00,39.49,0.004633109
12/8/2022 11:15,39.635,0.004650121
12/8/2022 11:30,10.655,0.001250083
12/8/2022 11:45,4.29,0.000503318
12/8/2022 12:00,2.705,0.00031736
12/8/2022 12:15,3.455,0.000405353
12/8/2022 12:30,3.43,0.00040242
12/8/2022 12:45,2.125,0.000249313
12/8/2022 13:00,1.87,0.000219395
12/8/2022 13:15,1.78,0.000208836
12/8/2022 13:30,1.675,0.000196517
12/8/2022 13:45,1.62,0.000190064
12/8/2022 14:00,1.63,0.000191237
12/8/2022 14:15,1.66,0.000194757
12/8/2022 14:30,1.705,0.000200037
12/8/2022 14:45,1.65,0.000193584
12/8/2022 15:00,1.69,0.000198277
12/8/2022 15:15,1.64,0.000192411
12/8/2022 15:30,1.56,0.000183025
12/8/2022 15:45,1.595,0.000187131
12/8/2022 16:00,1.56,0.000183025
12/8/2022 16:15,1.49,0.000174812
12/8/2022 16:30,1.52,0.000178332
12/8/2022 16:45,1.43,0.000167773
12/8/2022 17:00,1.43,0.000167773
12/8/2022 17:15,1.465,0.000171879
12/8/2022 17:30,1.475,0.000173052
12/8/2022 17:45,1.43,0.000167773
12/8/2022 18:00,1.435,0.000168359
12/8/2022 18:15,1.415,0.000166013
12/8/2022 18:30,1.46,0.000171292
12/8/2022 18:45,1.385,0.000162493
12/8/2022 19:00,1.4,0.000164253
12/8/2022 19:15,1.415,0.000166013
12/8/2022 19:30,1.42,0.000166599
12/8/2022 19:45,1.405,0.00016484
12/8/2022 20:00,1.385,0.000162493
12/8/2022 20:15,1.41,0.000165426
12/8/2022 20:30,1.39,0.00016308
12/8/2022 20:45,1.35,0.000158387
12/8/2022 21:00,1.435,0.000168359
12/8/2022 21:15,1.485,0.000174226
12/8/2022 21:30,1.375,0.00016132
12/8/2022 21:45,1.32,0.000154867
12/8/2022 22:00,1.345,0.0001578
12/8/2022 22:15,1.34,0.000157214
12/8/2022 22:30,1.37,0.000160733
12/8/2022 22:45,1.34,0.000157214
12/8/2022 23:00,1.36,0.00015956
12/8/2022 23:15,1.305,0.000153107
12/8/2022 23:30,1.335,0.000156627
12/8/2022 23:45,1.345,0.0001578
12/9/2022 0:00,1.33,0.00015604
12/9/2022 0:15,1.325,0.000155454
12/9/2022 0:30,1.3,0.000152521
12/9/2022 0:45,1.31,0.000153694
12/9/2022 1:00,1.305,0.000153107
12/9/2022 1:15,1.34,0.000157214
12/9/2022 1:30,1.38,0.000161907
12/9/2022 1:45,1.45,0.000170119
12/9/2022 2:00,1.485,0.000174226
12/9/2022 2:15,6.37,0.000747351
12/9/2022 2:30,11.055,0.001297012
12/9/2022 2:45,1.945,0.000228194
12/9/2022 3:00,2.165,0.000254006
12/9/2022 3:15,22.055,0.002587572
12/9/2022 3:30,2.605,0.000305628
12/9/2022 3:45,80.55,0.009450415
12/9/2022 4:00,68.145,0.007995016
12/9/2022 4:30,51.205,0.006007554
12/9/2022 4:45,38.995,0.004575033
12/9/2022 5:00,31.385,0.003682201
12/9/2022 5:15,1.84,0.000215875
12/9/2022 5:30,1.685,0.00019769
12/9/2022 5:45,1.665,0.000195344
12/9/2022 6:00,1.83,0.000214702
12/9/2022 6:15,1.785,0.000209423
12/9/2022 6:30,3.1,0.000363703
12/9/2022 6:45,1.785,0.000209423
12/9/2022 7:00,1.79,0.000210009
12/9/2022 7:15,1.82,0.000213529
12/9/2022 7:30,1.575,0.000184785
12/9/2022 7:45,1.655,0.000194171
12/9/2022 8:00,1.635,0.000191824
12/9/2022 8:15,1.64,0.000192411
12/9/2022 8:30,1.64,0.000192411
12/9/2022 8:45,1.71,0.000200623
12/9/2022 9:00,1.75,0.000205316
12/9/2022 9:15,1.72,0.000201797
12/9/2022 9:30,1.765,0.000207076
12/9/2022 9:45,2.305,0.000270431
12/9/2022 10:00,2.38,0.00027923
12/9/2022 10:15,2.54,0.000298002
12/9/2022 10:30,2.52,0.000295655
12/9/2022 10:45,2.42,0.000283923
12/9/2022 11:00,2.215,0.000259872
12/9/2022 11:15,2.205,0.000258699
12/9/2022 11:30,2.34,0.000274537
12/9/2022 11:45,2.27,0.000266325
12/9/2022 12:00,2.38,0.00027923
12/9/2022 12:15,2.375,0.000278644
12/9/2022 12:30,2.3,0.000269844
12/9/2022 12:45,2.275,0.000266911
12/9/2022 13:00,2.295,0.000269258
12/9/2022 13:15,2.26,0.000265151
12/9/2022 13:30,2.285,0.000268084
12/9/2022 13:45,2.34,0.000274537
12/9/2022 14:00,2.345,0.000275124
12/9/2022 14:15,2.29,0.000268671
12/9/2022 14:30,2.255,0.000264565
12/9/2022 14:45,2.25,0.000263978
12/9/2022 15:00,2.2,0.000258112
12/9/2022 15:15,2.195,0.000257525
12/9/2022 15:30,2.235,0.000262218
12/9/2022 15:45,2.255,0.000264565
12/9/2022 16:00,2.33,0.000273364
12/9/2022 16:15,2.24,0.000262805
12/9/2022 16:30,2.16,0.000253419
12/9/2022 16:45,2.025,0.00023758
12/9/2022 17:00,1.99,0.000233474
12/9/2022 17:15,1.965,0.000230541
12/9/2022 17:30,2.035,0.000238754
12/9/2022 17:45,1.935,0.000227021
12/9/2022 18:00,1.88,0.000220568
12/9/2022 18:15,1.89,0.000221742
12/9/2022 18:30,1.865,0.000218808
12/9/2022 18:45,1.945,0.000228194
12/9/2022 19:00,2.125,0.000249313
12/9/2022 19:15,2.25,0.000263978
12/9/2022 19:30,2.425,0.00028451
12/9/2022 19:45,2.57,0.000301522
12/9/2022 20:00,2.575,0.000302108
12/9/2022 20:15,2.665,0.000312667
12/9/2022 20:30,2.65,0.000310908
12/9/2022 20:45,2.665,0.000312667
12/9/2022 21:00,2.61,0.000306215
12/9/2022 21:15,2.715,0.000318534
12/9/2022 21:30,2.61,0.000306215
12/9/2022 21:45,2.49,0.000292136
12/9/2022 22:00,2.435,0.000285683
12/9/2022 22:15,2.465,0.000289203
12/9/2022 22:30,2.795,0.000327919
12/9/2022 22:45,2.745,0.000322053
12/9/2022 23:00,2.955,0.000346691
12/9/2022 23:15,3.03,0.00035549
12/9/2022 23:30,3.03,0.00035549
12/9/2022 23:45,3.06,0.00035901
12/10/2022 0:00,3.005,0.000352557
12/10/2022 0:15,2.905,0.000340825
12/10/2022 0:30,2.735,0.00032088
12/10/2022 0:45,2.66,0.000312081
12/10/2022 1:00,2.69,0.0003156
12/10/2022 1:15,2.685,0.000315014
12/10/2022 1:30,2.75,0.00032264
12/10/2022 1:45,2.89,0.000339065
12/10/2022 2:00,2.84,0.000333199
12/10/2022 2:15,2.805,0.000329093
12/10/2022 2:30,3.56,0.000417672
12/10/2022 2:45,25.395,0.002979433
12/10/2022 3:00,2.895,0.000339652
12/10/2022 3:15,4.175,0.000489826
12/10/2022 3:30,5.93,0.000695729
12/10/2022 3:45,2.82,0.000330853
12/10/2022 4:00,9.53,0.001118094
12/10/2022 4:15,62.495,0.007332138
12/10/2022 5:15,47.38,0.005558792
12/10/2022 5:30,45.09,0.005290121
12/10/2022 5:45,41.59,0.004879488
12/10/2022 6:00,10.875,0.001275894
12/10/2022 6:15,11.605,0.00136154
12/10/2022 6:30,6.195,0.00072682
12/10/2022 6:45,5.395,0.000632961
12/10/2022 7:00,3.895,0.000456975
12/10/2022 7:15,3.81,0.000447003
12/10/2022 7:30,4.95,0.000580752
12/10/2022 7:45,4.22,0.000495106
12/10/2022 8:00,4.19,0.000491586
12/10/2022 8:15,4.28,0.000502145
12/10/2022 8:30,5.19,0.000608909
12/10/2022 8:45,5.26,0.000617122
12/10/2022 9:00,5.275,0.000618882
12/10/2022 9:15,5.48,0.000642933
12/10/2022 9:30,5.505,0.000645866
12/10/2022 9:45,5.535,0.000649386
12/10/2022 10:00,5.495,0.000644693
12/10/2022 10:15,6,0.000703942
12/10/2022 10:30,6.675,0.000783135
12/10/2022 10:45,6.185,0.000725646
12/10/2022 11:00,9.03,0.001059432
12/10/2022 11:15,9.17,0.001075857
12/10/2022 11:30,7.01,0.000822438
12/10/2022 11:45,6.7,0.000786068
12/10/2022 12:00,80.445,0.009438096
12/10/2022 12:15,195.86,0.022978998
12/10/2022 12:30,285.045,0.033442503
12/10/2022 12:45,6.795,0.000797214
12/10/2022 13:00,7.005,0.000821852
12/10/2022 13:15,10.345,0.001213713
12/10/2022 13:30,2.21,0.000259285
12/10/2022 13:45,2.185,0.000256352
12/10/2022 14:00,2.125,0.000249313
12/10/2022 14:15,2.18,0.000255765
12/10/2022 14:30,2.325,0.000272777
12/10/2022 14:45,2.405,0.000282163
12/10/2022 15:00,2.57,0.000301522
12/10/2022 15:15,2.61,0.000306215
12/10/2022 15:30,2.575,0.000302108
12/10/2022 15:45,2.85,0.000334372
12/10/2022 16:00,2.49,0.000292136
12/10/2022 16:15,2.59,0.000303868
12/10/2022 16:30,2.66,0.000312081
12/10/2022 16:45,2.465,0.000289203
12/10/2022 17:00,2.455,0.000288029
12/10/2022 17:15,2.435,0.000285683
12/10/2022 17:30,2.23,0.000261632
12/10/2022 17:45,2.13,0.000249899
12/10/2022 18:00,2.11,0.000247553
12/10/2022 18:15,2.12,0.000248726
12/10/2022 18:30,2.16,0.000253419
12/10/2022 18:45,2.27,0.000266325
12/10/2022 19:00,2.575,0.000302108
12/10/2022 19:15,2.34,0.000274537
12/10/2022 19:30,2.435,0.000285683
12/10/2022 19:45,2.355,0.000276297
12/10/2022 20:00,2.31,0.000271017
12/10/2022 20:15,2.315,0.000271604
12/10/2022 20:30,2.43,0.000285096
12/10/2022 20:45,2.365,0.00027747
12/10/2022 21:00,2.215,0.000259872
12/10/2022 21:15,2.135,0.000250486
12/10/2022 21:30,2.085,0.00024462
12/10/2022 21:45,2.01,0.00023582
12/10/2022 22:00,1.965,0.000230541
12/10/2022 22:15,2.03,0.000238167
12/10/2022 22:30,2.14,0.000251072
12/10/2022 22:45,2.055,0.0002411
12/10/2022 23:00,1.99,0.000233474
12/10/2022 23:15,2.04,0.00023934
12/10/2022 23:30,2.03,0.000238167
12/10/2022 23:45,2.04,0.00023934
12/11/2022 0:00,1.94,0.000227608
12/11/2022 0:15,1.985,0.000232887
12/11/2022 0:30,12.97,0.001521687
12/11/2022 0:45,2.66,0.000312081
12/11/2022 1:00,36.285,0.004257086
12/11/2022 1:15,42.325,0.004965721
12/11/2022 1:30,2.105,0.000246966
12/11/2022 1:45,2.17,0.000254592
12/11/2022 2:00,4.76,0.00055846
12/11/2022 2:15,9.995,0.001172649
12/11/2022 2:30,15.225,0.001786252
12/11/2022 2:45,16.77,0.001967517
12/11/2022 3:00,14.67,0.001721137
12/11/2022 3:15,12.395,0.001454226
12/11/2022 3:30,11.61,0.001362127
12/11/2022 4:00,12.125,0.001422549
12/11/2022 4:15,18.705,0.002194538
12/11/2022 4:30,18.16,0.002130596
12/11/2022 4:45,18.99,0.002227975
12/11/2022 5:00,18.57,0.002178699
12/11/2022 5:15,18.985,0.002227388
12/11/2022 5:30,18.7,0.002193951
12/11/2022 5:45,17.71,0.002077801
12/11/2022 6:00,17.65,0.002070761
12/11/2022 6:15,17.635,0.002069002
12/11/2022 6:30,17.175,0.002015033
12/11/2022 6:45,17.11,0.002007407
12/11/2022 7:00,17.69,0.002075454
12/11/2022 7:15,17.47,0.002049643
12/11/2022 7:30,18.265,0.002142915
12/11/2022 7:45,9.775,0.001146838
12/11/2022 8:00,8.825,0.001035381
12/11/2022 8:15,8.945,0.00104946
12/11/2022 8:30,7.66,0.000898699
12/11/2022 8:45,7.25,0.000850596
12/11/2022 9:00,7.085,0.000831238
12/11/2022 9:15,7.43,0.000871714
12/11/2022 9:30,7.21,0.000845903
12/11/2022 9:45,7.11,0.000834171
12/11/2022 10:00,8.01,0.000939762
12/11/2022 10:15,7.86,0.000922163
12/11/2022 10:30,8,0.000938589
12/11/2022 10:45,7.495,0.00087934
12/11/2022 11:00,7.56,0.000886966
12/11/2022 11:15,7.63,0.000895179
12/11/2022 11:30,4.695,0.000550834
12/11/2022 11:45,5.64,0.000661705
12/11/2022 12:00,5.025,0.000589551
12/11/2022 12:15,3.84,0.000450523
12/11/2022 12:30,5.71,0.000669918
12/11/2022 12:45,11.65,0.00136682
12/11/2022 13:00,2.555,0.000299762
12/11/2022 13:15,2.32,0.000272191
12/11/2022 13:30,2.425,0.00028451
12/11/2022 13:45,2.34,0.000274537
12/11/2022 14:00,2.335,0.000273951
12/11/2022 14:15,2.34,0.000274537
12/11/2022 14:30,2.275,0.000266911
12/11/2022 14:45,2.265,0.000265738
12/11/2022 15:00,2.275,0.000266911
12/11/2022 15:15,2.24,0.000262805
12/11/2022 15:30,2.185,0.000256352
12/11/2022 15:45,2.21,0.000259285
12/11/2022 16:00,2.2,0.000258112
12/11/2022 16:15,2.225,0.000261045
12/11/2022 16:30,2.18,0.000255765
12/11/2022 16:45,2.2,0.000258112
12/11/2022 17:00,2.085,0.00024462
12/11/2022 17:15,2.175,0.000255179
12/11/2022 17:30,2.01,0.00023582
12/11/2022 17:45,1.93,0.000226435
12/11/2022 18:00,1.93,0.000226435
12/11/2022 18:15,1.905,0.000223501
12/11/2022 18:30,1.89,0.000221742
12/11/2022 18:45,1.995,0.000234061
12/11/2022 19:00,2.095,0.000245793
12/11/2022 19:15,2.095,0.000245793
12/11/2022 19:30,2.12,0.000248726
12/11/2022 19:45,2.08,0.000244033
12/11/2022 20:00,2.17,0.000254592
12/11/2022 20:15,2.2,0.000258112
12/11/2022 20:30,2.095,0.000245793
12/11/2022 20:45,2.34,0.000274537
12/11/2022 21:00,2.02,0.000236994
12/11/2022 21:15,2.145,0.000251659
12/11/2022 21:30,1.925,0.000225848
12/11/2022 21:45,1.97,0.000231127
12/11/2022 22:00,2.025,0.00023758
12/11/2022 22:15,2.02,0.000236994
12/11/2022 22:30,2.05,0.000240513
12/11/2022 22:45,2.12,0.000248726
12/11/2022 23:00,2.225,0.000261045
12/11/2022 23:15,2.235,0.000262218
12/11/2022 23:30,2.17,0.000254592
12/11/2022 23:45,2.175,0.000255179
12/12/2022 0:00,2.16,0.000253419
12/12/2022 0:15,2.195,0.000257525
12/12/2022 0:30,2.225,0.000261045
12/12/2022 0:45,2.16,0.000253419
12/12/2022 1:00,2.32,0.000272191
12/12/2022 1:15,2.44,0.00028627
12/12/2022 1:30,2.45,0.000287443
12/12/2022 1:45,2.46,0.000288616
12/12/2022 2:00,2.465,0.000289203
12/12/2022 2:15,2.34,0.000274537
12/12/2022 2:30,2.27,0.000266325
12/12/2022 2:45,2.25,0.000263978
12/12/2022 3:00,2.12,0.000248726
12/12/2022 3:15,2.125,0.000249313
12/12/2022 3:30,2.09,0.000245206
12/12/2022 3:45,2.03,0.000238167
12/12/2022 4:00,1.97,0.000231127
12/12/2022 4:15,2,0.000234647
12/12/2022 4:30,2.04,0.00023934
12/12/2022 4:45,2.02,0.000236994
12/12/2022 5:00,1.94,0.000227608
12/12/2022 5:15,1.93,0.000226435
12/12/2022 5:30,1.93,0.000226435
12/12/2022 5:45,1.885,0.000221155
12/12/2022 6:00,1.94,0.000227608
12/12/2022 6:15,1.94,0.000227608
12/12/2022 6:30,1.855,0.000217635
12/12/2022 6:45,1.845,0.000216462
12/12/2022 7:00,1.87,0.000219395
12/12/2022 7:15,1.86,0.000218222
12/12/2022 7:30,1.805,0.000211769
12/12/2022 7:45,1.885,0.000221155
12/12/2022 8:00,1.905,0.000223501
12/12/2022 8:15,1.9,0.000222915
12/12/2022 8:30,1.93,0.000226435
12/12/2022 8:45,1.93,0.000226435
12/12/2022 9:00,1.85,0.000217049
12/12/2022 9:15,1.87,0.000219395
12/12/2022 9:30,1.895,0.000222328
12/12/2022 9:45,1.845,0.000216462
12/12/2022 10:00,1.805,0.000211769
12/12/2022 10:15,1.84,0.000215875
12/12/2022 10:30,1.775,0.000208249
12/12/2022 10:45,1.8,0.000211182
12/12/2022 11:00,1.8,0.000211182
12/12/2022 11:15,1.855,0.000217635
12/12/2022 11:30,1.855,0.000217635
12/12/2022 11:45,1.815,0.000212942
12/12/2022 12:00,1.84,0.000215875
12/12/2022 12:15,1.81,0.000212356
12/12/2022 12:30,1.745,0.00020473
12/12/2022 12:45,1.71,0.000200623
12/12/2022 13:00,1.755,0.000205903
12/12/2022 13:15,1.78,0.000208836
12/12/2022 13:30,1.735,0.000203556
12/12/2022 13:45,1.68,0.000197104
12/12/2022 14:00,1.695,0.000198863
12/12/2022 14:15,1.8,0.000211182
12/12/2022 14:30,1.79,0.000210009
12/12/2022 14:45,1.74,0.000204143
12/12/2022 15:00,1.81,0.000212356
12/12/2022 15:15,1.715,0.00020121
12/12/2022 15:30,1.86,0.000218222
12/12/2022 15:45,1.71,0.000200623
12/12/2022 16:00,1.7,0.00019945
12/12/2022 16:15,1.79,0.000210009
12/12/2022 16:30,1.715,0.00020121
12/12/2022 16:45,2.03,0.000238167
12/12/2022 17:00,1.805,0.000211769
12/12/2022 17:15,1.89,0.000221742
12/12/2022 17:30,1.84,0.000215875
12/12/2022 17:45,1.975,0.000231714
12/12/2022 18:00,1.845,0.000216462
12/12/2022 18:15,2.15,0.000252246
12/12/2022 18:30,1.89,0.000221742
12/12/2022 18:45,2.075,0.000243446
12/12/2022 19:00,1.82,0.000213529
12/12/2022 19:15,1.875,0.000219982
12/12/2022 19:30,1.795,0.000210596
12/12/2022 19:45,1.72,0.000201797
12/12/2022 20:00,1.655,0.000194171
12/12/2022 20:15,1.55,0.000181852
12/12/2022 20:30,1.835,0.000215289
12/12/2022 20:45,1.7,0.00019945
12/12/2022 21:00,1.695,0.000198863
12/12/2022 21:15,1.715,0.00020121
12/12/2022 21:30,1.655,0.000194171
12/12/2022 21:45,1.695,0.000198863
12/12/2022 22:00,1.605,0.000188304
12/12/2022 22:15,1.66,0.000194757
12/12/2022 22:30,1.59,0.000186545
12/12/2022 22:45,1.625,0.000190651
12/12/2022 23:00,1.595,0.000187131
12/12/2022 23:15,1.53,0.000179505
12/12/2022 23:30,1.55,0.000181852
12/12/2022 23:45,1.62,0.000190064
12/13/2022 0:00,1.765,0.000207076
12/13/2022 0:15,1.57,0.000184198
12/13/2022 0:30,145.9,0.017117512
12/13/2022 0:45,145.18,0.017033039
12/13/2022 1:00,1.78,0.000208836
12/13/2022 1:15,1.87,0.000219395
12/13/2022 1:30,6.68,0.000783722
12/13/2022 1:45,14.5,0.001701192
12/13/2022 2:00,17.035,0.001998607
12/13/2022 2:15,16.57,0.001944052
12/13/2022 2:30,15.085,0.001769826
12/13/2022 2:45,12.43,0.001458332
12/13/2022 3:00,11.945,0.00140143
12/13/2022 3:15,9.515,0.001116334
12/13/2022 3:30,7.515,0.000881687
12/13/2022 3:45,5.81,0.00068165
12/13/2022 4:00,5.175,0.00060715
12/13/2022 4:15,4.75,0.000557287
12/13/2022 4:30,4.68,0.000549074
12/13/2022 4:45,4.26,0.000499798
12/13/2022 5:00,4.405,0.00051681
12/13/2022 5:15,4.13,0.000484546
12/13/2022 5:30,4.15,0.000486893
12/13/2022 5:45,4.14,0.00048572
12/13/2022 6:00,4.09,0.000479853
12/13/2022 6:15,4.15,0.000486893
12/13/2022 6:30,4.18,0.000490413
12/13/2022 6:45,4.195,0.000492172
12/13/2022 7:00,4.31,0.000505665
12/13/2022 7:15,4.685,0.000549661
12/13/2022 7:30,4.42,0.00051857
12/13/2022 7:45,4.41,0.000517397
12/13/2022 8:00,4.375,0.000513291
12/13/2022 8:15,4.39,0.000515051
12/13/2022 8:30,5.695,0.000668158
12/13/2022 8:45,5.76,0.000675784
12/13/2022 9:00,5.565,0.000652906
12/13/2022 9:15,5.595,0.000656425
12/13/2022 9:30,5.845,0.000685756
12/13/2022 9:45,5.925,0.000695142
12/13/2022 10:00,6.035,0.000708048
12/13/2022 10:15,5.91,0.000693382
12/13/2022 10:30,5.675,0.000665811
12/13/2022 10:45,5.615,0.000658772
12/13/2022 11:00,5.66,0.000664052
12/13/2022 11:15,5.65,0.000662878
12/13/2022 11:30,5.785,0.000678717
12/13/2022 11:45,5.865,0.000688103
12/13/2022 12:00,5.87,0.000688689
12/13/2022 12:15,6.05,0.000709808
12/13/2022 12:30,7.705,0.000903978
12/13/2022 12:45,6.09,0.000714501
12/13/2022 13:00,6.23,0.000730926
12/13/2022 13:15,6.3,0.000739139
12/13/2022 13:30,6.43,0.000754391
12/13/2022 13:45,6.605,0.000774922
12/13/2022 14:00,6.63,0.000777855
12/13/2022 14:15,6.52,0.00076495
12/13/2022 14:30,6.51,0.000763777
12/13/2022 14:45,6.53,0.000766123
12/13/2022 15:00,6.64,0.000779029
12/13/2022 15:15,6.88,0.000807186
12/13/2022 15:30,6.74,0.000790761
12/13/2022 15:45,6.79,0.000796627
12/13/2022 16:00,6.82,0.000800147
12/13/2022 16:15,6.88,0.000807186
12/13/2022 16:30,7.015,0.000823025
12/13/2022 16:45,7.275,0.000853529
12/13/2022 17:00,7.24,0.000849423
12/13/2022 17:15,7.745,0.000908671
12/13/2022 17:30,8.23,0.000965573
12/13/2022 17:45,8.46,0.000992558
12/13/2022 18:00,9.435,0.001106948
12/13/2022 18:15,9.655,0.001132759
12/13/2022 18:30,9.795,0.001149185
12/13/2022 18:45,9.905,0.00116209
12/13/2022 19:00,10.12,0.001187315
12/13/2022 19:15,10.14,0.001189661
12/13/2022 19:30,10.12,0.001187315
12/13/2022 19:45,9.98,0.001170889
12/13/2022 20:00,9.79,0.001148598
12/13/2022 20:15,10.09,0.001183795
12/13/2022 20:30,10.36,0.001215472
12/13/2022 20:45,9.67,0.001134519
12/13/2022 21:00,9.71,0.001139212
12/13/2022 21:15,9.58,0.00112396
12/13/2022 21:30,9.415,0.001104602
12/13/2022 21:45,9.405,0.001103428
12/13/2022 22:00,9.475,0.001111641
12/13/2022 22:15,9.665,0.001133933
12/13/2022 22:30,9.69,0.001136866
12/13/2022 22:45,9.78,0.001147425
12/13/2022 23:00,9.965,0.00116913
12/13/2022 23:15,9.47,0.001111054
12/13/2022 23:30,9.48,0.001112228
12/13/2022 23:45,9.92,0.00116385
12/14/2022 0:00,9.7,0.001138039
12/14/2022 0:15,9.8,0.001149771
12/14/2022 0:30,9.9,0.001161504
12/14/2022 0:45,9.935,0.00116561
12/14/2022 1:00,10.26,0.00120374
12/14/2022 1:15,10.435,0.001224272
12/14/2022 1:30,10.98,0.001288213
12/14/2022 1:45,12.145,0.001424895
12/14/2022 2:00,12.05,0.001413749
12/14/2022 2:15,12.625,0.00148121
12/14/2022 2:30,13.11,0.001538112
12/14/2022 2:45,13.45,0.001578002
12/14/2022 3:00,13.615,0.001597361
12/14/2022 3:15,13.695,0.001606747
12/14/2022 3:30,13.93,0.001634318
12/14/2022 3:45,14.165,0.001661889
12/14/2022 4:00,14.52,0.001703539
12/14/2022 4:15,14.55,0.001707058
12/14/2022 4:30,15.335,0.001799157
12/14/2022 4:45,14.42,0.001691806
12/14/2022 5:00,14.405,0.001690046
12/14/2022 5:15,14.63,0.001716444
12/14/2022 5:30,14.885,0.001746362
12/14/2022 5:45,14.78,0.001734043
12/14/2022 6:00,14.77,0.001732869
12/14/2022 6:15,14.77,0.001732869
12/14/2022 6:30,14.595,0.001712338
12/14/2022 6:45,14.87,0.001744602
12/14/2022 7:00,14.8,0.001736389
12/14/2022 7:15,14.935,0.001752228
12/14/2022 7:30,14.93,0.001751641
12/14/2022 7:45,15.04,0.001764547
12/14/2022 8:00,15.09,0.001770413
12/14/2022 8:15,15.535,0.001822622
12/14/2022 8:30,15.94,0.001870138
12/14/2022 8:45,16.39,0.001922934
12/14/2022 9:00,16.58,0.001945225
12/14/2022 9:15,16.88,0.001980422
12/14/2022 9:30,17.01,0.001995674
12/14/2022 9:45,17.875,0.002097159
12/14/2022 10:00,17.825,0.002091293
12/14/2022 10:15,17.76,0.002083667
12/14/2022 10:30,18.415,0.002160514
12/14/2022 10:45,18.63,0.002185738
12/14/2022 11:00,18.97,0.002225629
12/14/2022 11:15,17.67,0.002073108
12/14/2022 11:30,17.93,0.002103612
12/14/2022 11:45,17.62,0.002067242
12/14/2022 12:00,17.805,0.002088947
12/14/2022 12:15,18.13,0.002127077
12/14/2022 12:30,18.43,0.002162274
12/14/2022 12:45,19.19,0.00225144
12/14/2022 13:00,20.05,0.002352338
12/14/2022 13:15,25.31,0.00296946
12/14/2022 13:30,21.41,0.002511898
12/14/2022 13:45,21.855,0.002564107
12/14/2022 14:00,21.62,0.002536536
12/14/2022 14:15,22.065,0.002588745
12/14/2022 14:30,22.66,0.002658553
12/14/2022 14:45,22.25,0.00261045
12/14/2022 15:00,22.99,0.002697269
12/14/2022 15:15,23.36,0.002740679
12/14/2022 15:30,23.63,0.002772356
12/14/2022 15:45,23.865,0.002799927
12/14/2022 16:00,26.19,0.003072705
12/14/2022 16:15,28.81,0.003380093
12/14/2022 16:30,28.6,0.003355455
12/14/2022 16:45,28.915,0.003392412
12/14/2022 17:00,31.99,0.003753182
12/14/2022 17:15,31.875,0.003739689
12/14/2022 17:30,33.25,0.003901009
12/14/2022 17:45,33.625,0.003945006
12/14/2022 18:00,33.725,0.003956738
12/14/2022 18:15,37.71,0.004424273
12/14/2022 18:30,35.96,0.004218956
12/14/2022 18:45,35.705,0.004189039
12/14/2022 19:00,36.565,0.004289937
12/14/2022 19:15,36.16,0.004242421
12/14/2022 19:30,37.05,0.004346839
12/14/2022 19:45,39.03,0.00457914
12/14/2022 20:00,38,0.004458296
12/14/2022 20:15,38.99,0.004574447
12/14/2022 20:30,41.385,0.004855437
12/14/2022 20:45,39.865,0.004677105
12/14/2022 21:00,43.995,0.005161651
12/14/2022 21:15,44.88,0.005265483
12/14/2022 21:30,44.455,0.00521562
12/14/2022 21:45,44.81,0.00525727
12/14/2022 22:00,46.37,0.005440295
12/14/2022 22:15,46.67,0.005475492
12/14/2022 22:30,41.99,0.004926418
12/14/2022 22:45,41.98,0.004925244
12/14/2022 23:00,42.93,0.005036702
12/14/2022 23:15,43.82,0.00514112
12/14/2022 23:30,44.05,0.005168104
12/14/2022 23:45,45.385,0.005324731
12/15/2022 0:00,44.96,0.005274869
12/15/2022 0:15,41.14,0.004826693
12/15/2022 0:30,43.065,0.00505254
12/15/2022 0:45,43.17,0.005064859
12/15/2022 1:00,43.845,0.005144053
12/15/2022 1:15,43.79,0.0051376
12/15/2022 1:30,42.7,0.005009717
12/15/2022 1:45,41.625,0.004883594
12/15/2022 2:00,37.93,0.004450084
12/15/2022 2:15,37.63,0.004414887
12/15/2022 2:30,37.77,0.004431312
12/15/2022 2:45,37.725,0.004426032
12/15/2022 3:00,37.95,0.00445243
12/15/2022 3:15,38.405,0.004505813
12/15/2022 3:30,38.27,0.004489974
12/15/2022 3:45,38.665,0.004536317
12/15/2022 4:00,38.63,0.00453221
12/15/2022 4:15,38.775,0.004549222
12/15/2022 4:30,40.77,0.004783283
12/15/2022 4:45,41.035,0.004814374
12/15/2022 5:00,40.31,0.004729314
12/15/2022 5:15,40.32,0.004730487
12/15/2022 5:30,40.575,0.004760405
12/15/2022 5:45,40.65,0.004769204
12/15/2022 6:00,40.58,0.004760991
12/15/2022 6:15,40.55,0.004757472
12/15/2022 6:30,40.47,0.004748086
12/15/2022 6:45,40.885,0.004796775
12/15/2022 7:00,41.34,0.004850157
12/15/2022 7:15,42.1,0.004939323
12/15/2022 7:30,41.79,0.004902953
12/15/2022 7:45,41.86,0.004911166
12/15/2022 8:00,42.115,0.004941083
12/15/2022 8:15,42.435,0.004978627
12/15/2022 8:30,42.78,0.005019103
12/15/2022 8:45,43.125,0.00505958
12/15/2022 9:00,43.445,0.005097123
12/15/2022 9:15,42.69,0.005008544
12/15/2022 9:30,42.07,0.004935803
12/15/2022 9:45,43.175,0.005065446
12/15/2022 10:00,43.745,0.00513232
12/15/2022 10:15,43.495,0.00510299
12/15/2022 10:30,42.37,0.004971001
12/15/2022 10:45,40.88,0.004796188
12/15/2022 11:00,40.84,0.004791495
12/15/2022 11:15,40.76,0.00478211
12/15/2022 11:30,41.225,0.004836665
12/15/2022 11:45,64.74,0.007595529
12/15/2022 12:00,58.445,0.006856977
12/15/2022 12:15,60.74,0.007126235
12/15/2022 12:30,60.52,0.007100424
12/15/2022 12:45,52.66,0.00617826
12/15/2022 13:00,62.385,0.007319232
12/15/2022 13:15,54.45,0.00638827
12/15/2022 13:30,56.235,0.006597692
12/15/2022 13:45,56.015,0.006571881
12/15/2022 14:00,58.875,0.006907426
12/15/2022 14:15,62.465,0.007328618
12/15/2022 14:30,63.555,0.007456501
12/15/2022 14:45,68.025,0.007980937
12/15/2022 15:00,67.73,0.007946327
12/15/2022 15:15,69.33,0.008134045
12/15/2022 15:30,76.655,0.00899344
12/15/2022 15:45,76.78,0.009008105
12/15/2022 16:00,69.91,0.008202092
12/15/2022 16:15,69.045,0.008100607
12/15/2022 16:30,69.435,0.008146364
12/15/2022 16:45,95.15,0.01116334
12/15/2022 17:00,72.69,0.008528252
12/15/2022 17:15,73.605,0.008635603
12/15/2022 17:30,80.475,0.009441616
12/15/2022 17:45,74,0.008681946
12/15/2022 18:00,75.03,0.008802789
12/15/2022 18:15,75.7,0.008881396
12/15/2022 18:30,76.01,0.008917766
12/15/2022 18:45,99.915,0.011722387
12/15/2022 19:00,99.77,0.011705375
12/15/2022 19:15,101.42,0.011898959
12/15/2022 19:30,102.375,0.012011003
12/15/2022 19:45,103.145,0.012101342
12/15/2022 20:00,104.74,0.012288473
12/15/2022 20:15,106.67,0.012514907
12/15/2022 20:30,108.385,0.012716117
12/15/2022 20:45,109.78,0.012879784
12/15/2022 21:00,110.78,0.012997107
12/15/2022 21:15,109.71,0.012871571
12/15/2022 21:30,110.985,0.013021159
12/15/2022 21:45,113.825,0.013354358
12/15/2022 22:00,114.635,0.01344939
12/15/2022 22:15,138.305,0.016226439
12/15/2022 22:30,134.135,0.0157372
12/15/2022 22:45,121.19,0.014218446
12/15/2022 23:00,119.74,0.014048327
12/15/2022 23:15,122.11,0.014326384
12/15/2022 23:30,121.78,0.014287667
12/15/2022 23:45,122.565,0.014379766
12/16/2022 0:00,121.87,0.014298226
12/16/2022 0:15,120.19,0.014101122
12/16/2022 0:30,120.54,0.014142186
12/16/2022 0:45,120.79,0.014171517
12/16/2022 1:00,120.98,0.014193808
12/16/2022 1:15,120.78,0.014170343
12/16/2022 1:30,121.18,0.014217273
12/16/2022 1:45,120.325,0.014116961
12/16/2022 2:00,120.535,0.014141599
12/16/2022 2:15,120.05,0.014084697
12/16/2022 2:30,121.065,0.014203781
12/16/2022 2:45,122.52,0.014374486
12/16/2022 3:00,87.465,0.010261708
12/16/2022 3:15,91.215,0.010701671
12/16/2022 3:30,91.75,0.010764439
12/16/2022 3:45,91.565,0.010742735
12/16/2022 4:00,90.74,0.010645943
12/16/2022 4:15,90.105,0.010571442
12/16/2022 4:30,89.79,0.010534485
12/16/2022 4:45,89.68,0.01052158
12/16/2022 5:00,87.075,0.010215952
12/16/2022 5:15,86.635,0.010164329
12/16/2022 5:30,85.16,0.009991277
12/16/2022 5:45,84.845,0.00995432
12/16/2022 6:00,84.745,0.009942588
12/16/2022 6:15,85.12,0.009986584
12/16/2022 6:30,85.125,0.009987171
12/16/2022 6:45,85.64,0.010047592
12/16/2022 7:00,84.48,0.009911497
12/16/2022 7:15,84.26,0.009885686
12/16/2022 7:30,84.26,0.009885686
12/16/2022 7:45,84.705,0.009937895
12/16/2022 8:00,84.34,0.009895072
12/16/2022 8:15,83.2,0.009761323
12/16/2022 8:30,87.21,0.01023179
12/16/2022 8:45,86.76,0.010178995
12/16/2022 9:00,87.51,0.010266987
12/16/2022 9:15,86.475,0.010145558
12/16/2022 9:30,85.565,0.010038793
12/16/2022 9:45,85.305,0.010008289
12/16/2022 10:00,86.4,0.010136758
12/16/2022 10:15,86.145,0.010106841
12/16/2022 10:30,86.495,0.010147904
12/16/2022 10:45,87.62,0.010279893
12/16/2022 11:00,87.65,0.010283413
12/16/2022 11:15,87.045,0.010212432
12/16/2022 11:30,88.37,0.010367886
12/16/2022 11:45,88.705,0.010407189
12/16/2022 12:00,87.505,0.010266401
12/16/2022 12:15,87.94,0.010317437
12/16/2022 12:30,90.535,0.010621891
12/16/2022 12:45,90.295,0.010593734
12/16/2022 13:00,95.11,0.011158647
12/16/2022 13:15,96.32,0.011300608
12/16/2022 13:30,97.07,0.011388601
12/16/2022 13:45,97.395,0.011426731
12/16/2022 14:00,98.945,0.011608583
12/16/2022 14:15,100.095,0.011743505
12/16/2022 14:30,98.55,0.01156224
12/16/2022 14:45,99.15,0.011632634
12/16/2022 15:00,97.66,0.011457822
12/16/2022 15:15,97.49,0.011437877
12/16/2022 15:30,98.075,0.011506511
12/16/2022 15:45,99.92,0.011722973
12/16/2022 16:00,100.735,0.011818592
12/16/2022 16:15,88.32,0.01036202
12/16/2022 16:30,85.64,0.010047592
12/16/2022 16:45,86.59,0.01015905
12/16/2022 17:00,89.875,0.010544458
12/16/2022 17:15,91.51,0.010736282
12/16/2022 17:30,91.41,0.010724549
12/16/2022 17:45,92.03,0.01079729
12/16/2022 18:00,92.585,0.010862405
12/16/2022 18:15,92.915,0.010901121
12/16/2022 18:30,80.825,0.009482679
12/16/2022 18:45,81.465,0.009557766
12/16/2022 19:00,83.25,0.009767189
12/16/2022 19:15,83.475,0.009793587
12/16/2022 19:30,84.11,0.009868087
12/16/2022 19:45,83.095,0.009749004
12/16/2022 20:00,83.385,0.009783028
12/16/2022 20:15,84.355,0.009896832
12/16/2022 20:30,84.57,0.009922056
12/16/2022 20:45,84.165,0.00987454
12/16/2022 21:00,84.465,0.009909737
12/16/2022 21:15,83.8,0.009831717
12/16/2022 21:30,83.185,0.009759563
12/16/2022 21:45,83.325,0.009775988
12/16/2022 22:00,82.575,0.009687996
12/16/2022 22:15,82.17,0.009640479
12/16/2022 22:30,82.185,0.009642239
12/16/2022 22:45,82.73,0.009706181
12/16/2022 23:00,83.33,0.009776575
12/16/2022 23:15,83.49,0.009795347
12/16/2022 23:30,84.02,0.009857528
12/16/2022 23:45,84,0.009855182
12/17/2022 0:00,83.115,0.00975135
12/17/2022 0:15,80.01,0.00938706
12/17/2022 0:30,80.12,0.009399966
12/17/2022 0:45,79.885,0.009372395
12/17/2022 1:00,81.26,0.009533715
12/17/2022 1:15,79.94,0.009378848
12/17/2022 1:30,79.88,0.009371808
12/17/2022 1:45,79.445,0.009320773
12/17/2022 2:00,79.145,0.009285576
12/17/2022 2:15,78.865,0.009252725
12/17/2022 2:30,80.74,0.009472707
12/17/2022 2:45,82.01,0.009621708
12/17/2022 3:00,81.77,0.00959355
12/17/2022 3:15,80.285,0.009419324
12/17/2022 3:30,79.045,0.009273843
12/17/2022 3:45,79.04,0.009273257
12/17/2022 4:00,78.505,0.009210488
12/17/2022 4:15,78.125,0.009165906
12/17/2022 4:30,78.725,0.0092363
12/17/2022 4:45,78.32,0.009188784
12/17/2022 5:00,77.93,0.009143027
12/17/2022 5:15,77.83,0.009131295
12/17/2022 5:30,76.645,0.008992267
12/17/2022 5:45,76.685,0.00899696
12/17/2022 6:00,76.92,0.009024531
12/17/2022 6:15,77.395,0.009080259
12/17/2022 6:30,77.05,0.009039783
12/17/2022 6:45,76.645,0.008992267
12/17/2022 7:00,76.015,0.008918353
12/17/2022 7:15,78.275,0.009183504
12/17/2022 7:30,78.215,0.009176465
12/17/2022 7:45,77.765,0.009123669
12/17/2022 8:00,77.925,0.009142441
12/17/2022 8:15,78.59,0.009220461
12/17/2022 8:30,77.985,0.00914948
12/17/2022 8:45,77.35,0.00907498
12/17/2022 9:00,77.33,0.009072633
12/17/2022 9:15,78.09,0.009161799
12/17/2022 9:30,78.55,0.009215768
12/17/2022 9:45,78.59,0.009220461
12/17/2022 10:00,78.915,0.009258591
12/17/2022 10:15,79.33,0.00930728
12/17/2022 10:30,79.54,0.009331918
12/17/2022 10:45,79.86,0.009369462
12/17/2022 11:00,80.955,0.009497931
12/17/2022 11:15,84.475,0.00991091
12/17/2022 11:30,84.295,0.009889792
12/17/2022 11:45,85.72,0.010056978
12/17/2022 12:00,86.15,0.010107427
12/17/2022 12:15,82.395,0.009666877
12/17/2022 12:30,82.91,0.009727299
12/17/2022 12:45,84.175,0.009875713
12/17/2022 13:00,83.465,0.009792414
12/17/2022 13:15,81.85,0.009602936
12/17/2022 13:30,81.51,0.009563046
12/17/2022 13:45,81.32,0.009540754
12/17/2022 14:00,79.86,0.009369462
12/17/2022 14:15,82.015,0.009622294
12/17/2022 14:30,81.435,0.009554247
12/17/2022 14:45,83.16,0.00975663
12/17/2022 15:00,84.805,0.009949627
12/17/2022 15:15,84.76,0.009944348
12/17/2022 15:30,86.395,0.010136172
12/17/2022 15:45,86.135,0.010105667
12/17/2022 16:00,85.985,0.010088069
12/17/2022 16:15,85.39,0.010018261
12/17/2022 16:30,86.1,0.010101561
12/17/2022 16:45,86.205,0.01011388
12/17/2022 17:00,86.585,0.010158463
12/17/2022 17:15,87.245,0.010235897
12/17/2022 17:30,87.38,0.010251735
12/17/2022 17:45,85.86,0.010073404
12/17/2022 18:00,87.065,0.010214778
12/17/2022 18:15,87.38,0.010251735
12/17/2022 18:30,87.905,0.01031333
12/17/2022 18:45,88.53,0.010386657
12/17/2022 19:00,88.93,0.010433587
12/17/2022 19:15,91.17,0.010696392
12/17/2022 19:30,91.77,0.010766786
12/17/2022 19:45,91.97,0.010790251
12/17/2022 20:00,94.34,0.011068308
12/17/2022 20:15,95.785,0.01123784
12/17/2022 20:30,95.935,0.011255439
12/17/2022 20:45,96.4,0.011309994
12/17/2022 21:00,96.65,0.011339325
12/17/2022 21:15,97.425,0.011430251
12/17/2022 21:30,96.335,0.011302368
12/17/2022 21:45,97.215,0.011405613
12/17/2022 22:00,97.665,0.011458408
12/17/2022 22:15,99.875,0.011717694
12/17/2022 22:30,100.05,0.011738225
12/17/2022 22:45,98.76,0.011586878
12/17/2022 23:00,99.245,0.01164378
12/17/2022 23:15,98.545,0.011561653
12/17/2022 23:30,99.395,0.011661378
12/17/2022 23:45,99.56,0.011680737
12/18/2022 0:00,100.76,0.011821525
12/18/2022 0:15,100.77,0.011822698
12/18/2022 0:30,101.255,0.0118796
12/18/2022 0:45,101.69,0.011930636
12/18/2022 1:00,102.27,0.011998684
12/18/2022 1:15,102.51,0.012026841
12/18/2022 1:30,102.755,0.012055586
12/18/2022 1:45,102.52,0.012028015
12/18/2022 2:00,103.03,0.01208785
12/18/2022 2:15,104.31,0.012238024
12/18/2022 2:30,103.955,0.012196374
12/18/2022 2:45,104.29,0.012235677
12/18/2022 3:00,105.095,0.012330123
12/18/2022 3:15,104.84,0.012300205
12/18/2022 3:30,105.605,0.012389958
12/18/2022 3:45,106.065,0.012443927
12/18/2022 4:00,105.305,0.012354761
12/18/2022 4:15,106.84,0.012534852
12/18/2022 4:30,107.48,0.01260994
12/18/2022 4:45,107.64,0.012628711
12/18/2022 5:00,107.705,0.012636337
12/18/2022 5:15,107.885,0.012657456
12/18/2022 5:30,107.12,0.012567703
12/18/2022 5:45,106.59,0.012505522
12/18/2022 6:00,106.785,0.0125284
12/18/2022 6:15,107.49,0.012611113
12/18/2022 6:30,108.345,0.012711424
12/18/2022 6:45,108.485,0.01272785
12/18/2022 7:00,108.105,0.012683267
12/18/2022 7:15,108.285,0.012704385
12/18/2022 7:30,109.975,0.012902662
12/18/2022 7:45,109.33,0.012826988
12/18/2022 8:00,109.99,0.012904422
12/18/2022 8:15,110.285,0.012939032
12/18/2022 8:30,109.75,0.012876264
12/18/2022 8:45,110.405,0.012953111
12/18/2022 9:00,110.42,0.012954871
12/18/2022 9:15,111.19,0.01304521
12/18/2022 9:30,111.71,0.013106218
12/18/2022 9:45,112.64,0.013215329
12/18/2022 10:00,113.395,0.013303909
12/18/2022 10:15,113.72,0.013342039
12/18/2022 10:30,115.8,0.013586072
12/18/2022 10:45,114.875,0.013477547
12/18/2022 11:00,113.03,0.013261085
12/18/2022 11:15,112.74,0.013227062
12/18/2022 11:30,111.27,0.013054596
12/18/2022 11:45,112.285,0.013173679
12/18/2022 12:00,112.94,0.013250526
12/18/2022 12:15,113.11,0.013270471
12/18/2022 12:30,114.005,0.013375476
12/18/2022 12:45,109.18,0.01280939
12/18/2022 13:00,109.27,0.012819949
12/18/2022 13:15,109.795,0.012881544
12/18/2022 13:30,109.645,0.012863945
12/18/2022 13:45,109.585,0.012856906
12/18/2022 14:00,110.05,0.012911461
12/18/2022 14:15,111,0.013022919
12/18/2022 14:30,110.68,0.012985375
12/18/2022 14:45,107.92,0.012661562
12/18/2022 15:00,108.26,0.012701452
12/18/2022 15:15,101.305,0.011885466
12/18/2022 15:30,101.22,0.011875494
12/18/2022 15:45,101.89,0.011954101
12/18/2022 16:00,102.86,0.012067905
12/18/2022 16:15,102.58,0.012035054
12/18/2022 16:30,102.565,0.012033294
12/18/2022 16:45,103.38,0.012128913
12/18/2022 17:00,103.48,0.012140645
12/18/2022 17:15,102.97,0.01208081
12/18/2022 17:30,103.41,0.012132433
12/18/2022 17:45,103.58,0.012152378
12/18/2022 18:00,103.66,0.012161763
12/18/2022 18:15,103.965,0.012197547
12/18/2022 18:30,104.365,0.012244477
12/18/2022 18:45,104.535,0.012264422
12/18/2022 19:00,105.27,0.012350654
12/18/2022 19:15,105.295,0.012353587
12/18/2022 19:30,105.44,0.012370599
12/18/2022 19:45,105.495,0.012377052
12/18/2022 20:00,106.875,0.012538959
12/18/2022 20:15,106.635,0.012510801
12/18/2022 20:30,105.845,0.012418115
12/18/2022 20:45,106.705,0.012519014
12/18/2022 21:00,106.52,0.012497309
12/18/2022 21:15,105.91,0.012425741
12/18/2022 21:30,106.48,0.012492616
12/18/2022 21:45,106.555,0.012501415
12/18/2022 22:00,106.265,0.012467391
12/18/2022 22:15,106.065,0.012443927
12/18/2022 22:30,106.89,0.012540719
12/18/2022 22:45,105.92,0.012426915
12/18/2022 23:00,106.18,0.012457419
12/18/2022 23:15,106.875,0.012538959
12/18/2022 23:30,107.08,0.01256301
12/18/2022 23:45,107.04,0.012558317
12/19/2022 0:00,107.13,0.012568876
12/19/2022 0:15,108.21,0.012695586
12/19/2022 0:30,107.845,0.012652763
12/19/2022 0:45,107.91,0.012660389
12/19/2022 1:00,108.69,0.012751901
12/19/2022 1:15,108.835,0.012768913
12/19/2022 1:30,109.11,0.012801177
12/19/2022 1:45,109.305,0.012824055
12/19/2022 2:00,109.655,0.012865118
12/19/2022 2:15,108.685,0.012751314
12/19/2022 2:30,108.865,0.012772433
12/19/2022 2:45,110,0.012905595
12/19/2022 3:00,108.57,0.012737822
12/19/2022 3:15,109.57,0.012855146
12/19/2022 3:30,110.31,0.012941965
12/19/2022 3:45,110.05,0.012911461
12/19/2022 4:00,109.475,0.012844
12/19/2022 4:15,109.19,0.012810563
12/19/2022 4:30,109.355,0.012829921
12/19/2022 4:45,109.385,0.012833441
12/19/2022 5:00,109.13,0.012803523
12/19/2022 5:15,109.125,0.012802937
12/19/2022 5:30,109.645,0.012863945
12/19/2022 5:45,109.5,0.012846933
12/19/2022 6:00,109.505,0.01284752
12/19/2022 6:15,111.79,0.013115604
12/19/2022 6:30,111.8,0.013116777
12/19/2022 6:45,112.22,0.013166053
12/19/2022 7:00,113.155,0.013275751
12/19/2022 7:15,113.275,0.01328983
12/19/2022 7:30,113.585,0.0133262
12/19/2022 7:45,113.845,0.013356704
12/19/2022 8:00,114.35,0.013415953
12/19/2022 8:15,114.68,0.013454669
12/19/2022 8:30,115.02,0.013494559
12/19/2022 8:45,115.175,0.013512745
12/19/2022 9:00,115.57,0.013559087
12/19/2022 9:15,115.91,0.013598977
12/19/2022 9:30,116.06,0.013616576
12/19/2022 9:45,117.595,0.013796668
12/19/2022 10:00,117.72,0.013811333
12/19/2022 10:15,117.415,0.013775549
12/19/2022 10:30,117.22,0.013752671
12/19/2022 10:45,117.56,0.013792561
12/19/2022 11:00,117.685,0.013807227
12/19/2022 11:15,118,0.013844184
12/19/2022 11:30,118.18,0.013865302
12/19/2022 11:45,118.69,0.013925137
12/19/2022 12:00,118.675,0.013923377
12/19/2022 12:15,119.025,0.01396444
12/19/2022 12:30,119.335,0.014000811
12/19/2022 12:45,119.91,0.014068272
12/19/2022 13:00,121.075,0.014204954
12/19/2022 13:15,120.52,0.014139839
12/19/2022 13:30,120.915,0.014186182
12/19/2022 13:45,121.31,0.014232525
12/19/2022 14:00,122.045,0.014318758
12/19/2022 14:15,123.52,0.01449181
12/19/2022 14:30,123.65,0.014507062
12/19/2022 14:45,123.94,0.014541086
12/19/2022 15:00,125.575,0.01473291
12/19/2022 15:15,125.89,0.014769867
12/19/2022 15:30,125.58,0.014733497
12/19/2022 15:45,126.41,0.014830875
12/19/2022 16:00,127.58,0.014968144
12/19/2022 16:15,128.085,0.015027392
12/19/2022 16:30,129.74,0.015221563
12/19/2022 16:45,131.265,0.015400481
12/19/2022 17:00,132.385,0.015531884
12/19/2022 17:15,133.5,0.015662699
12/19/2022 17:30,135.8,0.015932544
12/19/2022 17:45,137.565,0.01613962
12/19/2022 18:00,141.395,0.016588969
12/19/2022 18:15,143.885,0.016881105
12/19/2022 18:30,147.52,0.017307576
12/19/2022 18:45,148.61,0.017435459
12/19/2022 19:00,148.08,0.017373277
12/19/2022 19:15,148.62,0.017436632
12/19/2022 19:30,149.175,0.017501747
12/19/2022 19:45,150.14,0.017614964
12/19/2022 20:00,150.995,0.017715276
12/19/2022 20:15,152.21,0.017857824
12/19/2022 20:30,151.32,0.017753406
12/19/2022 20:45,151.2,0.017739327
12/19/2022 21:00,151.985,0.017831426
12/19/2022 21:15,154.43,0.018118282
12/19/2022 21:30,155.08,0.018194542
12/19/2022 21:45,155.59,0.018254377
12/19/2022 22:00,157.06,0.018426843
12/19/2022 22:15,157.47,0.018474946
12/19/2022 22:30,157.38,0.018464387
12/19/2022 22:45,160,0.018771775
12/19/2022 23:00,161.19,0.01891139
12/19/2022 23:15,160.14,0.0187882
12/19/2022 23:30,163.745,0.019211151
12/19/2022 23:45,165.3,0.01939359
12/20/2022 0:00,164.175,0.019261601
12/20/2022 0:15,167.155,0.019611225
12/20/2022 0:30,168.5,0.019769025
12/20/2022 0:45,169.965,0.019940904
12/20/2022 1:00,171.775,0.02015326
12/20/2022 1:15,171.44,0.020113956
12/20/2022 1:30,171.98,0.020177311
12/20/2022 1:45,173.705,0.020379694
12/20/2022 2:00,173.945,0.020407852
12/20/2022 2:15,173.17,0.020316926
12/20/2022 2:30,175.69,0.020612582
12/20/2022 2:45,176.775,0.020739878
12/20/2022 3:00,178.5,0.020942261
12/20/2022 3:15,178.195,0.020906477
12/20/2022 3:30,179.275,0.021033187
12/20/2022 3:45,179.21,0.021025561
12/20/2022 4:00,181.25,0.021264901
12/20/2022 4:15,181.65,0.02131183
12/20/2022 4:30,182.125,0.021367559
12/20/2022 4:45,183.8,0.021564076
12/20/2022 5:00,183.78,0.02156173
12/20/2022 5:15,184.535,0.021650309
12/20/2022 5:30,185.575,0.021772325
12/20/2022 5:45,185.915,0.021812215
12/20/2022 6:00,186.685,0.021902555
12/20/2022 6:15,187.94,0.022049796
12/20/2022 6:30,189.085,0.022184131
12/20/2022 6:45,188.61,0.022128402
12/20/2022 7:00,190.295,0.022326093
12/20/2022 7:15,189.79,0.022266844
12/20/2022 7:30,191.215,0.02243403
12/20/2022 7:45,191.79,0.022501491
12/20/2022 8:00,192.915,0.022633481
12/20/2022 8:15,192.01,0.022527303
12/20/2022 8:30,194.395,0.022807119
12/20/2022 8:45,193.94,0.022753737
12/20/2022 9:00,193.74,0.022730272
12/20/2022 9:15,195.135,0.022893939
12/20/2022 9:30,195.34,0.02291799
12/20/2022 9:45,194.855,0.022861088
12/20/2022 10:00,197.185,0.023134452
12/20/2022 10:15,197.67,0.023191354
12/20/2022 10:30,197.895,0.023217752
12/20/2022 10:45,199.38,0.023391978
12/20/2022 11:00,200.42,0.023513994
12/20/2022 11:15,200.72,0.023549191
12/20/2022 11:30,202.145,0.023716377
12/20/2022 11:45,203.435,0.023867725
12/20/2022 12:00,204.915,0.024041364
12/20/2022 12:15,206.39,0.024214416
12/20/2022 12:30,206.78,0.024260172
12/20/2022 12:45,207.14,0.024302409
12/20/2022 13:00,208.81,0.024498339
12/20/2022 13:15,209.485,0.024577532
12/20/2022 13:30,211.16,0.024774049
12/20/2022 13:45,218.27,0.02560822
12/20/2022 14:00,219.47,0.025749008
12/20/2022 14:15,223.375,0.026207157
12/20/2022 14:30,221.215,0.025953738
12/20/2022 14:45,222.61,0.026117405
12/20/2022 15:00,219.69,0.02577482
12/20/2022 15:15,222.75,0.02613383
12/20/2022 15:30,225.74,0.026484627
12/20/2022 15:45,230.17,0.027004371
12/20/2022 16:00,234.165,0.027473079
12/20/2022 16:15,236.885,0.027792199
12/20/2022 16:30,238.875,0.028025673
12/20/2022 16:45,241.3,0.028310182
12/20/2022 17:00,243.075,0.028518432
12/20/2022 17:15,242.765,0.028482062
12/20/2022 17:30,243.265,0.028540723
12/20/2022 17:45,243.94,0.028619917
12/20/2022 18:00,245.135,0.028760118
12/20/2022 18:15,248.99,0.029212401
12/20/2022 18:30,246.465,0.028916159
12/20/2022 18:45,247.91,0.029085691
12/20/2022 19:00,249.98,0.029328551
12/20/2022 19:15,250.505,0.029390146
12/20/2022 19:30,251.59,0.029517442
12/20/2022 19:45,251.71,0.029531521
12/20/2022 20:00,252.17,0.02958549
12/20/2022 20:15,254.06,0.029807231
12/20/2022 20:30,255.44,0.029969138
12/20/2022 20:45,258.3,0.030304683
12/20/2022 21:00,263.25,0.030885435
12/20/2022 21:15,264.045,0.030978708
12/20/2022 21:30,266.045,0.031213355
12/20/2022 21:45,268.005,0.031443309
12/20/2022 22:00,265.975,0.031205142
12/20/2022 22:15,268.445,0.031494931
12/20/2022 22:30,272.05,0.031917883
12/20/2022 22:45,269.015,0.031561806
12/20/2022 23:00,272.705,0.03199473
12/20/2022 23:15,276.12,0.03239539
12/20/2022 23:30,310.535,0.036433081
12/20/2022 23:45,316.5,0.037132916
12/21/2022 0:00,481.575,0.056500108
12/21/2022 0:15,469.725,0.055109824
12/21/2022 0:30,477.385,0.056008522
12/21/2022 0:45,479.895,0.056303005
12/21/2022 1:00,476.82,0.055942235
12/21/2022 1:15,488.46,0.057307881
12/21/2022 1:30,495.8,0.058169036
12/21/2022 1:45,410.665,0.048180692
12/21/2022 2:00,410.93,0.048211783
12/21/2022 2:15,415.71,0.04877259
12/21/2022 2:30,10.88,0.001276481
12/21/2022 2:45,4.98,0.000584271
12/21/2022 3:00,4.925,0.000577819
12/21/2022 3:15,5.895,0.000691623
12/21/2022 3:30,5.055,0.000593071
12/21/2022 3:45,5.02,0.000588964
12/21/2022 4:00,5.21,0.000611256
12/21/2022 4:15,4.84,0.000567846
12/21/2022 4:30,4.61,0.000540862
12/21/2022 4:45,5.175,0.00060715
12/21/2022 5:00,4.86,0.000570193
12/21/2022 5:15,4.805,0.00056374
12/21/2022 5:30,5.125,0.000601283
12/21/2022 5:45,5.065,0.000594244
12/21/2022 6:00,4.955,0.000581338
12/21/2022 6:15,5.185,0.000608323
12/21/2022 6:30,4.87,0.000571366
12/21/2022 6:45,4.805,0.00056374
12/21/2022 7:00,4.94,0.000579579
12/21/2022 7:15,4.8,0.000563153
12/21/2022 7:30,4.83,0.000566673
12/21/2022 7:45,4.87,0.000571366
12/21/2022 8:00,4.69,0.000550248
12/21/2022 8:15,4.68,0.000549074
12/21/2022 8:30,4.815,0.000564913
12/21/2022 8:45,4.72,0.000553767
12/21/2022 9:00,4.725,0.000554354
12/21/2022 9:15,4.875,0.000571953
12/21/2022 9:30,4.545,0.000533236
12/21/2022 9:45,4.565,0.000535582
12/21/2022 10:00,4.9,0.000574886
12/21/2022 10:15,4.595,0.000539102
12/21/2022 10:30,4.56,0.000534996
12/21/2022 10:45,5.02,0.000588964
12/21/2022 11:00,4.56,0.000534996
12/21/2022 11:15,4.635,0.000543795
12/21/2022 11:30,4.805,0.00056374
12/21/2022 11:45,4.62,0.000542035
12/21/2022 12:00,4.65,0.000545555
12/21/2022 12:15,4.89,0.000573712
12/21/2022 12:30,4.8,0.000563153
12/21/2022 12:45,4.78,0.000560807
12/21/2022 13:00,5.235,0.000614189
12/21/2022 13:15,5.64,0.000661705
12/21/2022 13:30,5.835,0.000684583
12/21/2022 13:45,5.65,0.000662878
12/21/2022 14:00,5.41,0.000634721
12/21/2022 14:15,5.23,0.000613602
12/21/2022 14:30,5.23,0.000613602
12/21/2022 14:45,5.105,0.000598937
12/21/2022 15:00,5.135,0.000602457
12/21/2022 15:15,6.025,0.000706875
12/21/2022 15:30,5.47,0.00064176
12/21/2022 15:45,5.305,0.000622402
12/21/2022 16:00,5.245,0.000615362
12/21/2022 16:15,5.165,0.000605976
12/21/2022 16:30,5.15,0.000604216
12/21/2022 16:45,5.24,0.000614776
12/21/2022 17:00,4.97,0.000583098
12/21/2022 17:15,4.96,0.000581925
12/21/2022 17:30,4.915,0.000576645
12/21/2022 17:45,4.85,0.000569019
12/21/2022 18:00,4.805,0.00056374
12/21/2022 18:15,4.83,0.000566673
12/21/2022 18:30,4.805,0.00056374
12/21/2022 18:45,4.8,0.000563153
12/21/2022 19:00,4.965,0.000582512
12/21/2022 19:15,4.715,0.000553181
12/21/2022 19:30,4.72,0.000553767
12/21/2022 19:45,4.775,0.00056022
12/21/2022 20:00,4.72,0.000553767
12/21/2022 20:15,4.73,0.000554941
12/21/2022 20:30,4.68,0.000549074
12/21/2022 20:45,4.66,0.000546728
12/21/2022 21:00,4.58,0.000537342
12/21/2022 21:15,4.65,0.000545555
12/21/2022 21:30,4.495,0.00052737
12/21/2022 21:45,4.52,0.000530303
12/21/2022 22:00,4.44,0.000520917
12/21/2022 22:15,4.49,0.000526783
12/21/2022 22:30,4.34,0.000509184
12/21/2022 22:45,4.395,0.000515637
12/21/2022 23:00,4.365,0.000512117
12/21/2022 23:15,4.42,0.00051857
12/21/2022 23:30,4.49,0.000526783
12/21/2022 23:45,4.33,0.000508011
12/22/2022 0:00,4.23,0.000496279
12/22/2022 0:15,4.27,0.000500972
12/22/2022 0:30,4.475,0.000525023
12/22/2022 0:45,4.37,0.000512704
12/22/2022 1:00,4.405,0.00051681
12/22/2022 1:15,4.34,0.000509184
12/22/2022 1:30,4.435,0.00052033
12/22/2022 1:45,4.385,0.000514464
12/22/2022 2:00,4.44,0.000520917
12/22/2022 2:15,4.69,0.000550248
12/22/2022 2:30,4.665,0.000547315
12/22/2022 2:45,4.52,0.000530303
12/22/2022 3:00,4.59,0.000538515
12/22/2022 3:15,4.45,0.00052209
12/22/2022 3:30,4.435,0.00052033
12/22/2022 3:45,4.4,0.000516224
12/22/2022 4:00,4.5,0.000527956
12/22/2022 4:15,4.42,0.00051857
12/22/2022 4:30,4.43,0.000519744
12/22/2022 4:45,4.525,0.000530889
12/22/2022 5:00,4.56,0.000534996
12/22/2022 5:15,4.425,0.000519157
12/22/2022 5:30,4.575,0.000536755
12/22/2022 5:45,4.45,0.00052209
12/22/2022 6:00,4.46,0.000523263
12/22/2022 6:15,4.46,0.000523263
12/22/2022 6:30,4.525,0.000530889
12/22/2022 6:45,4.5,0.000527956
12/22/2022 7:00,4.49,0.000526783
12/22/2022 7:15,4.395,0.000515637
12/22/2022 7:30,4.39,0.000515051
12/22/2022 7:45,4.4,0.000516224
12/22/2022 8:00,4.32,0.000506838
12/22/2022 8:15,4.215,0.000494519
12/22/2022 8:30,4.155,0.00048748
12/22/2022 8:45,4.15,0.000486893
12/22/2022 9:00,4.09,0.000479853
12/22/2022 9:15,4.135,0.000485133
12/22/2022 9:30,4.135,0.000485133
12/22/2022 9:45,4.04,0.000473987
12/22/2022 10:00,4.025,0.000472227
12/22/2022 10:15,4.04,0.000473987
12/22/2022 10:30,4.035,0.000473401
12/22/2022 10:45,4.065,0.00047692
12/22/2022 11:00,4.09,0.000479853
12/22/2022 11:15,4.13,0.000484546
12/22/2022 11:30,4.11,0.0004822
12/22/2022 11:45,4.04,0.000473987
12/22/2022 12:00,4.06,0.000476334
12/22/2022 12:15,4.105,0.000481613
12/22/2022 12:30,4.125,0.00048396
12/22/2022 12:45,4.25,0.000498625
12/22/2022 13:00,4.32,0.000506838
12/22/2022 13:15,4.4,0.000516224
12/22/2022 13:30,4.43,0.000519744
12/22/2022 13:45,4.32,0.000506838
12/22/2022 14:00,4.395,0.000515637
12/22/2022 14:15,4.225,0.000495692
12/22/2022 14:30,4.21,0.000493932
12/22/2022 14:45,4.095,0.00048044
12/22/2022 15:00,4.08,0.00047868
12/22/2022 15:15,4.12,0.000483373
12/22/2022 15:30,4.03,0.000472814
12/22/2022 15:45,3.915,0.000459322
12/22/2022 16:00,3.96,0.000464601
12/22/2022 16:15,4.04,0.000473987
12/22/2022 16:30,4.015,0.000471054
12/22/2022 16:45,4.07,0.000477507
12/22/2022 17:00,4.09,0.000479853
12/22/2022 17:15,4.08,0.00047868
12/22/2022 17:30,3.975,0.000466361
12/22/2022 17:45,3.89,0.000456389
12/22/2022 18:00,3.93,0.000461082
12/22/2022 18:15,3.95,0.000463428
12/22/2022 18:30,3.985,0.000467535
12/22/2022 18:45,3.905,0.000458149
12/22/2022 19:00,3.96,0.000464601
12/22/2022 19:15,3.86,0.000452869
12/22/2022 19:30,3.81,0.000447003
12/22/2022 19:45,3.825,0.000448763
12/22/2022 20:00,3.81,0.000447003
12/22/2022 20:15,3.775,0.000442897
12/22/2022 20:30,3.795,0.000445243
12/22/2022 20:45,3.775,0.000442897
12/22/2022 21:00,3.69,0.000432924
12/22/2022 21:15,3.73,0.000437617
12/22/2022 21:30,3.675,0.000431164
12/22/2022 21:45,3.88,0.000455216
12/22/2022 22:00,3.955,0.000464015
12/22/2022 22:15,3.99,0.000468121
12/22/2022 22:30,3.91,0.000458735
12/22/2022 22:45,3.79,0.000444656
12/22/2022 23:00,3.67,0.000430578
12/22/2022 23:15,3.645,0.000427644
12/22/2022 23:30,3.66,0.000429404
12/22/2022 23:45,3.655,0.000428818
12/23/2022 0:00,3.63,0.000425885
12/23/2022 0:15,3.65,0.000428231
12/23/2022 0:30,3.57,0.000418845
12/23/2022 0:45,3.55,0.000416499
12/23/2022 1:00,3.55,0.000416499
12/23/2022 1:15,3.535,0.000414739
12/23/2022 1:30,3.53,0.000414152
12/23/2022 1:45,3.55,0.000416499
12/23/2022 2:00,3.54,0.000415326
12/23/2022 2:15,3.52,0.000412979
12/23/2022 2:30,3.555,0.000417085
12/23/2022 2:45,3.525,0.000413566
12/23/2022 3:00,3.535,0.000414739
12/23/2022 3:15,3.52,0.000412979
12/23/2022 3:30,3.505,0.000411219
12/23/2022 3:45,3.475,0.000407699
12/23/2022 4:00,3.49,0.000409459
12/23/2022 4:15,3.48,0.000408286
12/23/2022 4:30,3.49,0.000409459
12/23/2022 4:45,3.48,0.000408286
12/23/2022 5:00,3.49,0.000409459
12/23/2022 5:15,3.48,0.000408286
12/23/2022 5:30,3.69,0.000432924
12/23/2022 5:45,3.5,0.000410633
12/23/2022 6:00,3.51,0.000411806
12/23/2022 6:15,3.595,0.000421778
12/23/2022 6:30,3.55,0.000416499
12/23/2022 6:45,3.62,0.000424711
12/23/2022 7:00,3.65,0.000428231
12/23/2022 7:15,3.8,0.00044583
12/23/2022 7:30,3.72,0.000436444
12/23/2022 7:45,3.71,0.000435271
12/23/2022 8:00,3.79,0.000444656
12/23/2022 8:15,3.835,0.000449936
12/23/2022 8:30,3.86,0.000452869
12/23/2022 8:45,3.885,0.000455802
12/23/2022 9:00,3.91,0.000458735
12/23/2022 9:15,3.965,0.000465188
12/23/2022 9:30,3.98,0.000466948
12/23/2022 9:45,4.005,0.000469881
12/23/2022 10:00,4.055,0.000475747
12/23/2022 10:15,4.14,0.00048572
12/23/2022 10:30,4.11,0.0004822
12/23/2022 10:45,4.135,0.000485133
12/23/2022 11:00,4.175,0.000489826
12/23/2022 11:15,4.235,0.000496865
12/23/2022 11:30,4.255,0.000499212
12/23/2022 11:45,4.3,0.000504491
12/23/2022 12:00,4.325,0.000507425
12/23/2022 12:15,4.37,0.000512704
12/23/2022 12:30,4.36,0.000511531
12/23/2022 12:45,4.355,0.000510944
12/23/2022 13:00,4.38,0.000513877
12/23/2022 13:15,4.41,0.000517397
12/23/2022 13:30,4.45,0.00052209
12/23/2022 13:45,4.47,0.000524436
12/23/2022 14:00,4.535,0.000532062
12/23/2022 14:15,4.54,0.000532649
12/23/2022 14:30,4.455,0.000522677
12/23/2022 14:45,4.575,0.000536755
12/23/2022 15:00,4.425,0.000519157
12/23/2022 15:15,4.505,0.000528543
12/23/2022 15:30,4.39,0.000515051
12/23/2022 15:45,4.45,0.00052209
12/23/2022 16:00,4.5,0.000527956
12/23/2022 16:15,4.43,0.000519744
12/23/2022 16:30,4.41,0.000517397
12/23/2022 16:45,4.33,0.000508011
12/23/2022 17:00,4.31,0.000505665
12/23/2022 17:15,4.175,0.000489826
12/23/2022 17:30,4.24,0.000497452
12/23/2022 17:45,4.12,0.000483373
12/23/2022 18:00,4.145,0.000486306
12/23/2022 18:15,4.1,0.000481027
12/23/2022 18:30,4.01,0.000470468
12/23/2022 18:45,3.96,0.000464601
12/23/2022 19:00,3.95,0.000463428
12/23/2022 19:15,3.94,0.000462255
12/23/2022 19:30,3.91,0.000458735
12/23/2022 19:45,3.945,0.000462842
12/23/2022 20:00,3.88,0.000455216
12/23/2022 20:15,3.88,0.000455216
12/23/2022 20:30,3.96,0.000464601
12/23/2022 20:45,3.84,0.000450523
12/23/2022 21:00,3.865,0.000453456
12/23/2022 21:15,3.875,0.000454629
12/23/2022 21:30,3.835,0.000449936
12/23/2022 21:45,3.83,0.000449349
12/23/2022 22:00,3.855,0.000452282
12/23/2022 22:15,3.83,0.000449349
12/23/2022 22:30,3.79,0.000444656
12/23/2022 22:45,3.79,0.000444656
12/23/2022 23:00,3.805,0.000446416
12/23/2022 23:15,3.77,0.00044231
12/23/2022 23:30,3.77,0.00044231
12/23/2022 23:45,3.73,0.000437617
12/24/2022 0:00,3.755,0.00044055
12/24/2022 0:15,3.73,0.000437617
12/24/2022 0:30,3.72,0.000436444
12/24/2022 0:45,3.71,0.000435271
12/24/2022 1:00,3.79,0.000444656
12/24/2022 1:15,3.69,0.000432924
12/24/2022 1:30,3.65,0.000428231
12/24/2022 1:45,3.73,0.000437617
12/24/2022 2:00,3.62,0.000424711
12/24/2022 2:15,3.655,0.000428818
12/24/2022 2:30,3.855,0.000452282
12/24/2022 2:45,3.7,0.000434097
12/24/2022 3:00,3.71,0.000435271
12/24/2022 3:15,4.04,0.000473987
12/24/2022 3:30,3.685,0.000432337
12/24/2022 3:45,3.68,0.000431751
12/24/2022 4:00,3.75,0.000439963
12/24/2022 4:15,3.655,0.000428818
12/24/2022 4:30,3.66,0.000429404
12/24/2022 4:45,3.73,0.000437617
12/24/2022 5:00,3.635,0.000426471
12/24/2022 5:15,3.62,0.000424711
12/24/2022 5:30,3.63,0.000425885
12/24/2022 5:45,3.63,0.000425885
12/24/2022 6:00,3.645,0.000427644
12/24/2022 6:15,3.83,0.000449349
12/24/2022 6:30,3.65,0.000428231
12/24/2022 6:45,3.595,0.000421778
12/24/2022 7:00,3.77,0.00044231
12/24/2022 7:15,3.62,0.000424711
12/24/2022 7:30,3.62,0.000424711
12/24/2022 7:45,3.775,0.000442897
12/24/2022 8:00,3.63,0.000425885
12/24/2022 8:15,3.62,0.000424711
12/24/2022 8:30,3.68,0.000431751
12/24/2022 8:45,3.605,0.000422952
12/24/2022 9:00,3.635,0.000426471
12/24/2022 9:15,3.745,0.000439377
12/24/2022 9:30,3.62,0.000424711
12/24/2022 9:45,3.62,0.000424711
12/24/2022 10:00,3.685,0.000432337
12/24/2022 10:15,3.63,0.000425885
12/24/2022 10:30,3.745,0.000439377
12/24/2022 10:45,3.72,0.000436444
12/24/2022 11:00,3.745,0.000439377
12/24/2022 11:15,3.785,0.00044407
12/24/2022 11:30,3.79,0.000444656
12/24/2022 11:45,3.83,0.000449349
12/24/2022 12:00,3.9,0.000457562
12/24/2022 12:15,3.87,0.000454042
12/24/2022 12:30,3.925,0.000460495
12/24/2022 12:45,3.95,0.000463428
12/24/2022 13:00,3.93,0.000461082
12/24/2022 13:15,3.985,0.000467535
12/24/2022 13:30,3.99,0.000468121
12/24/2022 13:45,4.03,0.000472814
12/24/2022 14:00,4.035,0.000473401
12/24/2022 14:15,4.095,0.00048044
12/24/2022 14:30,4.11,0.0004822
12/24/2022 14:45,4.12,0.000483373
12/24/2022 15:00,4.09,0.000479853
12/24/2022 15:15,4.12,0.000483373
12/24/2022 15:30,4.14,0.00048572
12/24/2022 15:45,4.14,0.00048572
12/24/2022 16:00,4.1,0.000481027
12/24/2022 16:15,4.1,0.000481027
12/24/2022 16:30,4.09,0.000479853
12/24/2022 16:45,4.05,0.000475161
12/24/2022 17:00,4.015,0.000471054
12/24/2022 17:15,3.98,0.000466948
12/24/2022 17:30,3.9,0.000457562
12/24/2022 17:45,3.905,0.000458149
12/24/2022 18:00,3.88,0.000455216
12/24/2022 18:15,3.89,0.000456389
12/24/2022 18:30,3.84,0.000450523
12/24/2022 18:45,3.84,0.000450523
12/24/2022 19:00,3.855,0.000452282
12/24/2022 19:15,3.825,0.000448763
12/24/2022 19:30,3.83,0.000449349
12/24/2022 19:45,3.855,0.000452282
12/24/2022 20:00,3.85,0.000451696
12/24/2022 20:15,3.87,0.000454042
12/24/2022 20:30,3.9,0.000457562
12/24/2022 20:45,3.87,0.000454042
12/24/2022 21:00,3.88,0.000455216
12/24/2022 21:15,3.895,0.000456975
12/24/2022 21:30,3.91,0.000458735
12/24/2022 21:45,3.855,0.000452282
12/24/2022 22:00,3.84,0.000450523
12/24/2022 22:15,3.865,0.000453456
12/24/2022 22:30,3.85,0.000451696
12/24/2022 22:45,3.82,0.000448176
12/24/2022 23:00,3.865,0.000453456
12/24/2022 23:15,3.83,0.000449349
12/24/2022 23:30,3.79,0.000444656
12/24/2022 23:45,3.83,0.000449349
12/25/2022 0:00,3.79,0.000444656
12/25/2022 0:15,3.75,0.000439963
12/25/2022 0:30,3.76,0.000441137
12/25/2022 0:45,3.75,0.000439963
12/25/2022 1:00,3.705,0.000434684
12/25/2022 1:15,3.695,0.000433511
12/25/2022 1:30,3.72,0.000436444
12/25/2022 1:45,3.725,0.00043703
12/25/2022 2:00,3.715,0.000435857
12/25/2022 2:15,3.685,0.000432337
12/25/2022 2:30,3.68,0.000431751
12/25/2022 2:45,3.67,0.000430578
12/25/2022 3:00,3.665,0.000429991
12/25/2022 3:15,3.62,0.000424711
12/25/2022 3:30,3.61,0.000423538
12/25/2022 3:45,3.605,0.000422952
12/25/2022 4:00,3.57,0.000418845
12/25/2022 4:15,3.575,0.000419432
12/25/2022 4:30,3.57,0.000418845
12/25/2022 4:45,3.605,0.000422952
12/25/2022 5:00,3.88,0.000455216
12/25/2022 5:15,3.625,0.000425298
12/25/2022 5:30,3.625,0.000425298
12/25/2022 5:45,3.67,0.000430578
12/25/2022 6:00,3.67,0.000430578
12/25/2022 6:15,3.66,0.000429404
12/25/2022 6:30,3.75,0.000439963
12/25/2022 6:45,3.745,0.000439377
12/25/2022 7:00,3.79,0.000444656
12/25/2022 7:15,3.72,0.000436444
12/25/2022 7:30,3.7,0.000434097
12/25/2022 7:45,3.69,0.000432924
12/25/2022 8:00,3.67,0.000430578
12/25/2022 8:15,3.72,0.000436444
12/25/2022 8:30,3.64,0.000427058
12/25/2022 8:45,3.625,0.000425298
12/25/2022 9:00,3.64,0.000427058
12/25/2022 9:15,3.64,0.000427058
12/25/2022 9:30,3.65,0.000428231
12/25/2022 9:45,3.715,0.000435857
12/25/2022 10:00,3.68,0.000431751
12/25/2022 10:15,3.67,0.000430578
12/25/2022 10:30,3.67,0.000430578
12/25/2022 10:45,3.69,0.000432924
12/25/2022 11:00,3.72,0.000436444
12/25/2022 11:15,3.725,0.00043703
12/25/2022 11:30,3.77,0.00044231
12/25/2022 11:45,3.755,0.00044055
12/25/2022 12:00,3.785,0.00044407
12/25/2022 12:15,3.805,0.000446416
12/25/2022 12:30,3.77,0.00044231
12/25/2022 12:45,3.815,0.000447589
12/25/2022 13:00,3.91,0.000458735
12/25/2022 13:15,3.865,0.000453456
12/25/2022 13:30,3.93,0.000461082
12/25/2022 13:45,3.93,0.000461082
12/25/2022 14:00,3.96,0.000464601
12/25/2022 14:15,4.03,0.000472814
12/25/2022 14:30,4,0.000469294
12/25/2022 14:45,4,0.000469294
12/25/2022 15:00,4.28,0.000502145
12/25/2022 15:15,4.075,0.000478094
12/25/2022 15:30,3.985,0.000467535
12/25/2022 15:45,3.99,0.000468121
12/25/2022 16:00,3.96,0.000464601
12/25/2022 16:15,3.965,0.000465188
12/25/2022 16:30,3.915,0.000459322
12/25/2022 16:45,3.93,0.000461082
12/25/2022 17:00,3.97,0.000465775
12/25/2022 17:15,4.505,0.000528543
12/25/2022 17:30,4.12,0.000483373
12/25/2022 17:45,4.08,0.00047868
12/25/2022 18:00,3.98,0.000466948
12/25/2022 18:15,4.025,0.000472227
12/25/2022 18:30,3.995,0.000468708
12/25/2022 18:45,3.86,0.000452869
12/25/2022 19:00,3.87,0.000454042
12/25/2022 19:15,3.805,0.000446416
12/25/2022 19:30,3.805,0.000446416
12/25/2022 19:45,3.785,0.00044407
12/25/2022 20:00,3.76,0.000441137
12/25/2022 20:15,3.885,0.000455802
12/25/2022 20:30,3.88,0.000455216
12/25/2022 20:45,3.84,0.000450523
12/25/2022 21:00,3.835,0.000449936
12/25/2022 21:15,3.905,0.000458149
12/25/2022 21:30,3.845,0.000451109
12/25/2022 21:45,3.855,0.000452282
12/25/2022 22:00,3.82,0.000448176
12/25/2022 22:15,3.785,0.00044407
12/25/2022 22:30,3.745,0.000439377
12/25/2022 22:45,3.81,0.000447003
12/25/2022 23:00,3.76,0.000441137
12/25/2022 23:15,3.67,0.000430578
12/25/2022 23:30,3.65,0.000428231
12/25/2022 23:45,3.66,0.000429404
12/26/2022 0:00,3.63,0.000425885
12/26/2022 0:15,3.64,0.000427058
12/26/2022 0:30,3.61,0.000423538
12/26/2022 0:45,3.61,0.000423538
12/26/2022 1:00,3.62,0.000424711
12/26/2022 1:15,3.57,0.000418845
12/26/2022 1:30,3.54,0.000415326
12/26/2022 1:45,3.57,0.000418845
12/26/2022 2:00,3.515,0.000412392
12/26/2022 2:15,3.54,0.000415326
12/26/2022 2:30,3.52,0.000412979
12/26/2022 2:45,3.525,0.000413566
12/26/2022 3:00,3.54,0.000415326
12/26/2022 3:15,3.595,0.000421778
12/26/2022 3:30,3.585,0.000420605
12/26/2022 3:45,3.63,0.000425885
12/26/2022 4:00,3.62,0.000424711
12/26/2022 4:15,3.62,0.000424711
12/26/2022 4:30,3.62,0.000424711
12/26/2022 4:45,3.665,0.000429991
12/26/2022 5:00,3.68,0.000431751
12/26/2022 5:15,3.62,0.000424711
12/26/2022 5:30,3.715,0.000435857
12/26/2022 5:45,3.64,0.000427058
12/26/2022 6:00,3.72,0.000436444
12/26/2022 6:15,3.64,0.000427058
12/26/2022 6:30,3.675,0.000431164
12/26/2022 6:45,3.7,0.000434097
12/26/2022 7:00,3.755,0.00044055
12/26/2022 7:15,3.865,0.000453456
12/26/2022 7:30,3.83,0.000449349
12/26/2022 7:45,3.78,0.000443483
12/26/2022 8:00,3.99,0.000468121
12/26/2022 8:15,4.035,0.000473401
12/26/2022 8:30,3.95,0.000463428
12/26/2022 8:45,3.83,0.000449349
12/26/2022 9:00,3.775,0.000442897
12/26/2022 9:15,3.765,0.000441723
12/26/2022 9:30,3.795,0.000445243
12/26/2022 9:45,3.795,0.000445243
12/26/2022 10:00,3.79,0.000444656
12/26/2022 10:15,3.75,0.000439963
12/26/2022 10:30,3.73,0.000437617
12/26/2022 10:45,3.71,0.000435271
12/26/2022 11:00,3.695,0.000433511
12/26/2022 11:15,3.65,0.000428231
12/26/2022 11:30,3.66,0.000429404
12/26/2022 11:45,3.635,0.000426471
12/26/2022 12:00,3.64,0.000427058
12/26/2022 12:15,3.73,0.000437617
12/26/2022 12:30,3.88,0.000455216
12/26/2022 12:45,3.84,0.000450523
12/26/2022 13:00,3.93,0.000461082
12/26/2022 13:15,3.95,0.000463428
12/26/2022 13:30,3.98,0.000466948
12/26/2022 13:45,4.01,0.000470468
12/26/2022 14:00,3.995,0.000468708
12/26/2022 14:15,4.11,0.0004822
12/26/2022 14:30,4.255,0.000499212
12/26/2022 14:45,4.21,0.000493932
12/26/2022 15:00,3.995,0.000468708
12/26/2022 15:15,3.94,0.000462255
12/26/2022 15:30,3.895,0.000456975
12/26/2022 15:45,3.91,0.000458735
12/26/2022 16:00,3.97,0.000465775
12/26/2022 16:15,4.15,0.000486893
12/26/2022 16:30,4.325,0.000507425
12/26/2022 16:45,4.325,0.000507425
12/26/2022 17:00,4.22,0.000495106
12/26/2022 17:15,4.06,0.000476334
12/26/2022 17:30,4.005,0.000469881
12/26/2022 17:45,4.01,0.000470468
12/26/2022 18:00,3.935,0.000461668
12/26/2022 18:15,3.93,0.000461082
12/26/2022 18:30,3.98,0.000466948
12/26/2022 18:45,3.99,0.000468121
12/26/2022 19:00,3.98,0.000466948
12/26/2022 19:15,4.035,0.000473401
12/26/2022 19:30,4.2,0.000492759
12/26/2022 19:45,4.16,0.000488066
12/26/2022 20:00,4.125,0.00048396
12/26/2022 20:15,4.13,0.000484546
12/26/2022 20:30,4.14,0.00048572
12/26/2022 20:45,4.145,0.000486306
12/26/2022 21:00,4.21,0.000493932
12/26/2022 21:15,4.065,0.00047692
12/26/2022 21:30,3.97,0.000465775
12/26/2022 21:45,3.92,0.000459908
12/26/2022 22:00,3.91,0.000458735
12/26/2022 22:15,3.93,0.000461082
12/26/2022 22:30,3.99,0.000468121
12/26/2022 22:45,3.985,0.000467535
12/26/2022 23:00,3.98,0.000466948
12/26/2022 23:15,3.905,0.000458149
12/26/2022 23:30,3.94,0.000462255
12/26/2022 23:45,4.085,0.000479267
12/27/2022 0:00,4,0.000469294
12/27/2022 0:15,4.015,0.000471054
12/27/2022 0:30,3.98,0.000466948
12/27/2022 0:45,4.05,0.000475161
12/27/2022 1:00,4.05,0.000475161
12/27/2022 1:15,3.96,0.000464601
12/27/2022 1:30,4.185,0.000490999
12/27/2022 1:45,4.145,0.000486306
12/27/2022 2:00,4.08,0.00047868
12/27/2022 2:15,3.985,0.000467535
12/27/2022 2:30,4.15,0.000486893
12/27/2022 2:45,3.92,0.000459908
12/27/2022 3:00,3.825,0.000448763
12/27/2022 3:15,3.9,0.000457562
12/27/2022 3:30,3.67,0.000430578
12/27/2022 3:45,3.52,0.000412979
12/27/2022 4:00,3.445,0.00040418
12/27/2022 4:15,3.54,0.000415326
12/27/2022 4:30,3.4,0.0003989
12/27/2022 4:45,3.31,0.000388341
12/27/2022 5:00,3.415,0.00040066
12/27/2022 5:15,3.515,0.000412392
12/27/2022 5:30,3.34,0.000391861
12/27/2022 5:45,3.42,0.000401247
12/27/2022 6:00,3.415,0.00040066
12/27/2022 6:15,3.815,0.000447589
12/27/2022 6:30,3.475,0.000407699
12/27/2022 6:45,3.35,0.000393034
12/27/2022 7:00,3.335,0.000391274
12/27/2022 7:15,3.37,0.000395381
12/27/2022 7:30,3.405,0.000399487
12/27/2022 7:45,3.37,0.000395381
12/27/2022 8:00,3.315,0.000388928
12/27/2022 8:15,3.375,0.000395967
12/27/2022 8:30,3.355,0.000393621
12/27/2022 8:45,3.375,0.000395967
12/27/2022 9:00,3.37,0.000395381
12/27/2022 9:15,3.7,0.000434097
12/27/2022 9:30,3.41,0.000400073
12/27/2022 9:45,3.325,0.000390101
12/27/2022 10:00,4.04,0.000473987
12/27/2022 10:15,3.33,0.000390688
12/27/2022 10:30,3.36,0.000394207
12/27/2022 10:45,3.1,0.000363703
12/27/2022 11:00,3.375,0.000395967
12/27/2022 11:15,3.415,0.00040066
12/27/2022 11:30,3.5,0.000410633
12/27/2022 11:45,2.83,0.000332026
12/27/2022 12:00,5.4,0.000633547
12/27/2022 12:15,2.655,0.000311494
12/27/2022 12:30,2.585,0.000303281
12/27/2022 12:45,2.64,0.000309734
12/27/2022 13:00,2.49,0.000292136
12/27/2022 13:15,3.345,0.000392447
12/27/2022 13:30,2.28,0.000267498
12/27/2022 13:45,2.44,0.00028627
12/27/2022 14:00,2.27,0.000266325
12/27/2022 14:15,2.325,0.000272777
12/27/2022 14:30,2.28,0.000267498
12/27/2022 14:45,2.22,0.000260458
12/27/2022 15:00,2.21,0.000259285
12/27/2022 15:15,2.14,0.000251072
12/27/2022 15:30,2.195,0.000257525
12/27/2022 15:45,2.23,0.000261632
12/27/2022 16:00,2.325,0.000272777
12/27/2022 16:15,2.33,0.000273364
12/27/2022 16:30,2.27,0.000266325
12/27/2022 16:45,2.245,0.000263391
12/27/2022 17:00,2.31,0.000271017
12/27/2022 17:15,2.29,0.000268671
12/27/2022 17:30,2.285,0.000268084
12/27/2022 17:45,2.3,0.000269844
12/27/2022 18:00,2.355,0.000276297
12/27/2022 18:15,2.38,0.00027923
12/27/2022 18:30,2.32,0.000272191
12/27/2022 18:45,2.45,0.000287443
12/27/2022 19:00,2.45,0.000287443
12/27/2022 19:15,2.59,0.000303868
12/27/2022 19:30,2.44,0.00028627
12/27/2022 19:45,2.375,0.000278644
12/27/2022 20:00,2.405,0.000282163
12/27/2022 20:15,2.43,0.000285096
12/27/2022 20:30,2.42,0.000283923
12/27/2022 20:45,2.375,0.000278644
12/27/2022 21:00,2.395,0.00028099
12/27/2022 21:15,2.445,0.000286856
12/27/2022 21:30,2.37,0.000278057
12/27/2022 21:45,2.55,0.000299175
12/27/2022 22:00,2.33,0.000273364
12/27/2022 22:15,2.62,0.000307388
12/27/2022 22:30,2.67,0.000313254
12/27/2022 22:45,2.42,0.000283923
12/27/2022 23:00,2.235,0.000262218
12/27/2022 23:15,2.29,0.000268671
12/27/2022 23:30,2.445,0.000286856
12/27/2022 23:45,3.115,0.000365463
12/28/2022 0:00,2.365,0.00027747
12/28/2022 0:15,2.345,0.000275124
12/28/2022 0:30,2.305,0.000270431
12/28/2022 0:45,2.29,0.000268671
12/28/2022 1:00,2.37,0.000278057
12/28/2022 1:15,2.355,0.000276297
12/28/2022 1:30,2.245,0.000263391
12/28/2022 1:45,2.29,0.000268671
12/28/2022 2:00,2.26,0.000265151
12/28/2022 2:15,2.305,0.000270431
12/28/2022 2:30,2.36,0.000276884
12/28/2022 2:45,2.325,0.000272777
12/28/2022 3:00,2.36,0.000276884
12/28/2022 3:15,2.38,0.00027923
12/28/2022 3:30,2.39,0.000280403
12/28/2022 3:45,2.42,0.000283923
12/28/2022 4:00,2.405,0.000282163
12/28/2022 4:15,2.46,0.000288616
12/28/2022 4:30,2.475,0.000290376
12/28/2022 4:45,2.485,0.000291549
12/28/2022 5:00,2.74,0.000321467
12/28/2022 5:15,2.55,0.000299175
12/28/2022 5:30,2.69,0.0003156
12/28/2022 5:45,2.72,0.00031912
12/28/2022 6:00,2.645,0.000310321
12/28/2022 6:15,2.69,0.0003156
12/28/2022 6:30,2.71,0.000317947
12/28/2022 6:45,2.84,0.000333199
12/28/2022 7:00,2.75,0.00032264
12/28/2022 7:15,2.93,0.000343758
12/28/2022 7:30,2.945,0.000345518
12/28/2022 7:45,2.915,0.000341998
12/28/2022 8:00,3.08,0.000361357
12/28/2022 8:15,3.02,0.000354317
12/28/2022 8:30,3.105,0.00036429
12/28/2022 8:45,3.165,0.000371329
12/28/2022 9:00,3.155,0.000370156
12/28/2022 9:15,3.19,0.000374262
12/28/2022 9:30,3.31,0.000388341
12/28/2022 9:45,3.4,0.0003989
12/28/2022 10:00,3.7,0.000434097
12/28/2022 10:15,3.59,0.000421192
12/28/2022 10:30,3.56,0.000417672
12/28/2022 10:45,3.835,0.000449936
12/28/2022 11:00,3.915,0.000459322
12/28/2022 11:15,3.925,0.000460495
12/28/2022 11:30,4.055,0.000475747
12/28/2022 11:45,4.51,0.000529129
12/28/2022 12:00,4.635,0.000543795
12/28/2022 12:15,4.48,0.00052561
12/28/2022 12:30,4.49,0.000526783
12/28/2022 12:45,4.81,0.000564326
12/28/2022 13:00,4.96,0.000581925
12/28/2022 13:15,5.275,0.000618882
12/28/2022 13:30,5.265,0.000617709
12/28/2022 13:45,5.3,0.000621815
12/28/2022 14:00,5.77,0.000676957
12/28/2022 14:15,5.845,0.000685756
12/28/2022 14:30,6.23,0.000730926
12/28/2022 14:45,6.67,0.000782548
12/28/2022 15:00,6.525,0.000765536
12/28/2022 15:15,6.595,0.000773749
12/28/2022 15:30,6.55,0.00076847
12/28/2022 15:45,6.7,0.000786068
12/28/2022 16:00,6.825,0.000800734
12/28/2022 16:15,7.18,0.000842383
12/28/2022 16:30,8.65,0.001014849
12/28/2022 16:45,7.66,0.000898699
12/28/2022 17:00,7.305,0.000857049
12/28/2022 17:15,7.925,0.000929789
12/28/2022 17:30,8.2,0.000962053
12/28/2022 17:45,9.2,0.001079377
12/28/2022 18:00,9.58,0.00112396
12/28/2022 18:15,11.07,0.001298772
12/28/2022 18:30,11.62,0.0013633
12/28/2022 18:45,12.385,0.001453053
12/28/2022 19:00,13.66,0.00160264
12/28/2022 19:15,12.36,0.00145012
12/28/2022 19:30,12.675,0.001487077
12/28/2022 19:45,11.74,0.001377379
12/28/2022 20:00,11.485,0.001347461
12/28/2022 20:15,12.675,0.001487077
12/28/2022 20:30,12.27,0.00143956
12/28/2022 20:45,13.05,0.001531073
12/28/2022 21:00,13.13,0.001540459
12/28/2022 21:15,13.185,0.001546912
12/28/2022 21:30,14.655,0.001719377
12/28/2022 21:45,13.045,0.001530486
12/28/2022 22:00,13.42,0.001574483
12/28/2022 22:15,15.13,0.001775106
12/28/2022 22:30,13.365,0.00156803
12/28/2022 22:45,14.35,0.001683594
12/28/2022 23:00,14.995,0.001759267
12/28/2022 23:15,15.47,0.001814996
12/28/2022 23:30,16.87,0.001979249
12/28/2022 23:45,15.495,0.001817929
12/29/2022 0:00,14.5,0.001701192
12/29/2022 0:15,14.52,0.001703539
12/29/2022 0:30,15.505,0.001819102
12/29/2022 0:45,15.225,0.001786252
12/29/2022 1:00,15.295,0.001794464
12/29/2022 1:15,14.7,0.001724657
12/29/2022 1:30,16.095,0.001888323
12/29/2022 1:45,17.725,0.002079561
12/29/2022 2:00,14.485,0.001699432
12/29/2022 2:15,13.86,0.001626105
12/29/2022 2:30,12.435,0.001458919
12/29/2022 2:45,12.44,0.001459505
12/29/2022 3:00,10.7,0.001255362
12/29/2022 3:15,10.915,0.001280587
12/29/2022 3:30,10.445,0.001225445
12/29/2022 3:45,9.495,0.001113987
12/29/2022 4:00,8.06,0.000945628
12/29/2022 4:15,8.195,0.000961467
12/29/2022 4:30,9.45,0.001108708
12/29/2022 4:45,6.81,0.000798974
12/29/2022 5:00,7.585,0.000889899
12/29/2022 5:15,6.24,0.000732099
12/29/2022 5:30,7.765,0.000911018
12/29/2022 5:45,5.36,0.000628854
12/29/2022 6:00,4.96,0.000581925
12/29/2022 6:15,4.635,0.000543795
12/29/2022 6:30,4.21,0.000493932
12/29/2022 6:45,3.64,0.000427058
12/29/2022 7:00,3.61,0.000423538
12/29/2022 7:15,3.2,0.000375435
12/29/2022 7:30,3.2,0.000375435
12/29/2022 7:45,3.16,0.000370743
12/29/2022 8:00,2.96,0.000347278
12/29/2022 8:15,2.96,0.000347278
12/29/2022 8:30,2.89,0.000339065
12/29/2022 8:45,3,0.000351971
12/29/2022 9:00,3.435,0.000403007
12/29/2022 9:15,3.13,0.000367223
12/29/2022 9:30,3.255,0.000381888
12/29/2022 9:45,2.925,0.000343172
12/29/2022 10:00,2.89,0.000339065
12/29/2022 10:15,2.695,0.000316187
12/29/2022 10:30,2.63,0.000308561
12/29/2022 10:45,2.575,0.000302108
12/29/2022 11:00,2.53,0.000296829
12/29/2022 11:15,2.405,0.000282163
12/29/2022 11:30,2.59,0.000303868
12/29/2022 11:45,2.695,0.000316187
12/29/2022 12:00,2.61,0.000306215
12/29/2022 12:15,2.915,0.000341998
12/29/2022 12:30,2.67,0.000313254
12/29/2022 12:45,2.725,0.000319707
12/29/2022 13:00,2.835,0.000332612
12/29/2022 13:15,3.2,0.000375435
12/29/2022 13:30,3.785,0.00044407
12/29/2022 13:45,5.015,0.000588378
12/29/2022 14:00,6.865,0.000805426
12/29/2022 14:15,5.57,0.000653492
12/29/2022 14:30,5.32,0.000624162
12/29/2022 14:45,5.215,0.000611843
12/29/2022 15:00,4.91,0.000576059
12/29/2022 15:15,4.885,0.000573126
12/29/2022 15:30,4.94,0.000579579
12/29/2022 15:45,5.115,0.00060011
12/29/2022 16:00,5.515,0.00064704
12/29/2022 16:15,5.985,0.000702182
12/29/2022 16:30,5.735,0.000672851
12/29/2022 16:45,5.41,0.000634721
12/29/2022 17:00,4.835,0.00056726
12/29/2022 17:15,4.685,0.000549661
12/29/2022 17:30,5.69,0.000667571
12/29/2022 17:45,4.605,0.000540275
12/29/2022 18:00,4.775,0.00056022
12/29/2022 18:15,3.685,0.000432337
12/29/2022 18:30,3.6,0.000422365
12/29/2022 18:45,3.5,0.000410633
12/29/2022 19:00,3.465,0.000406526
12/29/2022 19:15,3.32,0.000389514
12/29/2022 19:30,3.165,0.000371329
12/29/2022 19:45,3.365,0.000394794
12/29/2022 20:00,2.955,0.000346691
12/29/2022 20:15,3.395,0.000398314
12/29/2022 20:30,2.86,0.000335545
12/29/2022 20:45,2.7,0.000316774
12/29/2022 21:00,2.54,0.000298002
12/29/2022 21:15,2.44,0.00028627
12/29/2022 21:30,2.23,0.000261632
12/29/2022 21:45,10.51,0.001233071
12/29/2022 22:00,2.96,0.000347278
12/29/2022 22:15,2.34,0.000274537
12/29/2022 22:30,2.315,0.000271604
12/29/2022 22:45,2.12,0.000248726
12/29/2022 23:00,2.22,0.000260458
12/29/2022 23:15,1.94,0.000227608
12/29/2022 23:30,1.895,0.000222328
12/29/2022 23:45,1.775,0.000208249
12/30/2022 0:00,1.86,0.000218222
12/30/2022 0:15,1.94,0.000227608
12/30/2022 0:30,1.83,0.000214702
12/30/2022 0:45,1.785,0.000209423
12/30/2022 1:00,1.835,0.000215289
12/30/2022 1:15,1.89,0.000221742
12/30/2022 1:30,1.88,0.000220568
12/30/2022 1:45,1.905,0.000223501
12/30/2022 2:00,1.98,0.000232301
12/30/2022 2:15,1.96,0.000229954
12/30/2022 2:30,1.965,0.000230541
12/30/2022 2:45,1.95,0.000228781
12/30/2022 3:00,1.975,0.000231714
12/30/2022 3:15,1.985,0.000232887
12/30/2022 3:30,1.945,0.000228194
12/30/2022 3:45,2.08,0.000244033
12/30/2022 4:00,2.15,0.000252246
12/30/2022 4:15,2.12,0.000248726
12/30/2022 4:30,1.95,0.000228781
12/30/2022 4:45,1.915,0.000224675
12/30/2022 5:00,1.97,0.000231127
12/30/2022 5:15,1.975,0.000231714
12/30/2022 5:30,1.945,0.000228194
12/30/2022 5:45,1.93,0.000226435
12/30/2022 6:00,1.935,0.000227021
12/30/2022 6:15,1.975,0.000231714
12/30/2022 6:30,1.93,0.000226435
12/30/2022 6:45,1.905,0.000223501
12/30/2022 7:00,1.935,0.000227021
12/30/2022 7:15,1.965,0.000230541
12/30/2022 7:30,2.01,0.00023582
12/30/2022 7:45,2.11,0.000247553
12/30/2022 8:00,2.33,0.000273364
12/30/2022 8:15,2.42,0.000283923
12/30/2022 8:30,2.935,0.000344345
12/30/2022 8:45,3.46,0.00040594
12/30/2022 9:00,2.47,0.000289789
12/30/2022 9:15,2.49,0.000292136
12/30/2022 9:30,2.465,0.000289203
12/30/2022 9:45,2.51,0.000294482
12/30/2022 10:00,2.495,0.000292722
12/30/2022 10:15,2.44,0.00028627
12/30/2022 10:30,2.42,0.000283923
12/30/2022 10:45,2.34,0.000274537
12/30/2022 11:00,2.265,0.000265738
12/30/2022 11:15,2.255,0.000264565
12/30/2022 11:30,2.355,0.000276297
12/30/2022 11:45,2.395,0.00028099
12/30/2022 12:00,2.545,0.000298589
12/30/2022 12:15,2.895,0.000339652
12/30/2022 12:30,3.24,0.000380128
12/30/2022 12:45,3.53,0.000414152
12/30/2022 13:00,3.76,0.000441137
12/30/2022 13:15,4.825,0.000566086
12/30/2022 13:30,4.315,0.000506251
12/30/2022 13:45,4.07,0.000477507
12/30/2022 14:00,4.02,0.000471641
12/30/2022 14:15,5.315,0.000623575
12/30/2022 14:30,4.145,0.000486306
12/30/2022 14:45,4.245,0.000498039
12/30/2022 15:00,3.845,0.000451109
12/30/2022 15:15,3.555,0.000417085
12/30/2022 15:30,3.21,0.000376609
12/30/2022 15:45,3.08,0.000361357
12/30/2022 16:00,2.8,0.000328506
12/30/2022 16:15,2.66,0.000312081
12/30/2022 16:30,2.585,0.000303281
12/30/2022 16:45,2.48,0.000290963
12/30/2022 17:00,2.255,0.000264565
12/30/2022 17:15,2.31,0.000271017
12/30/2022 17:30,2.15,0.000252246
12/30/2022 17:45,1.935,0.000227021
12/30/2022 18:00,2.06,0.000241687
12/30/2022 18:15,2.11,0.000247553
12/30/2022 18:30,1.985,0.000232887
12/30/2022 18:45,1.975,0.000231714
12/30/2022 19:00,1.89,0.000221742
12/30/2022 19:15,1.9,0.000222915
12/30/2022 19:30,1.79,0.000210009
12/30/2022 19:45,1.805,0.000211769
12/30/2022 20:00,1.755,0.000205903
12/30/2022 20:15,1.815,0.000212942
12/30/2022 20:30,1.72,0.000201797
12/30/2022 20:45,1.77,0.000207663
12/30/2022 21:00,1.725,0.000202383
12/30/2022 21:15,1.735,0.000203556
12/30/2022 21:30,1.765,0.000207076
12/30/2022 21:45,1.705,0.000200037
12/30/2022 22:00,1.665,0.000195344
12/30/2022 22:15,1.645,0.000192997
12/30/2022 22:30,1.565,0.000183611
12/30/2022 22:45,1.575,0.000184785
12/30/2022 23:00,1.62,0.000190064
12/30/2022 23:15,1.48,0.000173639
12/30/2022 23:30,1.52,0.000178332
12/30/2022 23:45,1.46,0.000171292
12/31/2022 0:00,1.51,0.000177159
12/31/2022 0:15,1.54,0.000180678
12/31/2022 0:30,1.455,0.000170706
12/31/2022 0:45,1.445,0.000169533
12/31/2022 1:00,1.505,0.000176572
12/31/2022 1:15,1.42,0.000166599
12/31/2022 1:30,1.495,0.000175399
12/31/2022 1:45,1.45,0.000170119
12/31/2022 2:00,1.44,0.000168946
12/31/2022 2:15,1.48,0.000173639
12/31/2022 2:30,1.48,0.000173639
12/31/2022 2:45,1.46,0.000171292
12/31/2022 3:00,1.535,0.000180092
12/31/2022 3:15,1.56,0.000183025
12/31/2022 3:30,1.665,0.000195344
12/31/2022 3:45,1.74,0.000204143
12/31/2022 4:00,1.755,0.000205903
12/31/2022 4:15,1.88,0.000220568
12/31/2022 4:30,2.315,0.000271604
12/31/2022 4:45,2.025,0.00023758
12/31/2022 5:00,2.055,0.0002411
12/31/2022 5:15,1.88,0.000220568
12/31/2022 5:30,1.965,0.000230541
12/31/2022 5:45,2.02,0.000236994
12/31/2022 6:00,1.9,0.000222915
12/31/2022 6:15,1.895,0.000222328
12/31/2022 6:30,2.15,0.000252246
12/31/2022 6:45,2.425,0.00028451
12/31/2022 7:00,2.79,0.000327333
12/31/2022 7:15,2.94,0.000344931
12/31/2022 7:30,3.05,0.000357837
12/31/2022 7:45,3.05,0.000357837
12/31/2022 8:00,2.795,0.000327919
12/31/2022 8:15,3.145,0.000368983
12/31/2022 8:30,3.01,0.000353144
12/31/2022 8:45,2.745,0.000322053
12/31/2022 9:00,2.585,0.000303281
12/31/2022 9:15,2.6,0.000305041
12/31/2022 9:30,2.64,0.000309734
12/31/2022 9:45,2.51,0.000294482
12/31/2022 10:00,2.545,0.000298589
12/31/2022 10:15,2.515,0.000295069
12/31/2022 10:30,2.49,0.000292136
12/31/2022 10:45,2.495,0.000292722
12/31/2022 11:00,2.44,0.00028627
12/31/2022 11:15,2.43,0.000285096
12/31/2022 11:30,2.34,0.000274537
12/31/2022 11:45,2.25,0.000263978
12/31/2022 12:00,2.235,0.000262218
12/31/2022 12:15,2.185,0.000256352
12/31/2022 12:30,2.25,0.000263978
12/31/2022 12:45,2.275,0.000266911
12/31/2022 13:00,2.24,0.000262805
12/31/2022 13:15,2.315,0.000271604
12/31/2022 13:30,2.265,0.000265738
12/31/2022 13:45,2.245,0.000263391
12/31/2022 14:00,2.295,0.000269258
12/31/2022 14:15,2.215,0.000259872
12/31/2022 14:30,2.28,0.000267498
12/31/2022 14:45,2.215,0.000259872
12/31/2022 15:00,2.245,0.000263391
12/31/2022 15:15,2.125,0.000249313
12/31/2022 15:30,2.06,0.000241687
12/31/2022 15:45,1.935,0.000227021
12/31/2022 16:00,1.83,0.000214702
12/31/2022 16:15,1.825,0.000214116
12/31/2022 16:30,1.745,0.00020473
12/31/2022 16:45,1.695,0.000198863
12/31/2022 17:00,1.675,0.000196517
12/31/2022 17:15,1.61,0.000188891
12/31/2022 17:30,1.645,0.000192997
12/31/2022 17:45,1.665,0.000195344
12/31/2022 18:00,1.7,0.00019945
12/31/2022 18:15,1.66,0.000194757
12/31/2022 18:30,1.73,0.00020297
12/31/2022 18:45,1.695,0.000198863
12/31/2022 19:00,1.67,0.00019593
12/31/2022 19:15,1.81,0.000212356
12/31/2022 19:30,1.8,0.000211182
12/31/2022 19:45,1.86,0.000218222
12/31/2022 20:00,1.84,0.000215875
12/31/2022 20:15,1.895,0.000222328
12/31/2022 20:30,2.055,0.0002411
12/31/2022 20:45,2.05,0.000240513
12/31/2022 21:00,2.105,0.000246966
12/31/2022 21:15,2.135,0.000250486
12/31/2022 21:30,2.12,0.000248726
12/31/2022 21:45,2.11,0.000247553
12/31/2022 22:00,2.46,0.000288616
12/31/2022 22:15,2.47,0.000289789
12/31/2022 22:30,2.29,0.000268671
12/31/2022 22:45,2.18,0.000255765
12/31/2022 23:00,2.2,0.000258112
12/31/2022 23:15,2.145,0.000251659
12/31/2022 23:30,2.015,0.000236407
12/31/2022 23:45,1.985,0.000232887
1/1/2023 0:00,1.92,0.000225261
1/1/2023 0:15,1.88,0.000220568
1/1/2023 0:30,1.845,0.000216462
1/1/2023 0:45,1.805,0.000211769
1/1/2023 1:00,1.775,0.000208249
1/1/2023 1:15,1.73,0.00020297
1/1/2023 1:30,1.715,0.00020121
1/1/2023 1:45,1.7,0.00019945
1/1/2023 2:00,1.77,0.000207663
1/1/2023 2:15,1.715,0.00020121
1/1/2023 2:30,1.72,0.000201797
1/1/2023 2:45,1.73,0.00020297
1/1/2023 3:00,1.82,0.000213529
1/1/2023 3:15,1.9,0.000222915
1/1/2023 3:30,1.775,0.000208249
1/1/2023 3:45,1.81,0.000212356
1/1/2023 4:00,1.88,0.000220568
1/1/2023 4:15,1.97,0.000231127
1/1/2023 4:30,2.035,0.000238754
1/1/2023 4:45,1.905,0.000223501
1/1/2023 5:00,2.025,0.00023758
1/1/2023 5:15,2.115,0.000248139
1/1/2023 5:30,1.82,0.000213529
1/1/2023 5:45,1.8,0.000211182
1/1/2023 6:00,1.775,0.000208249
1/1/2023 6:15,1.71,0.000200623
1/1/2023 6:30,1.775,0.000208249
1/1/2023 6:45,1.755,0.000205903
1/1/2023 7:00,1.76,0.00020649
1/1/2023 7:15,1.765,0.000207076
1/1/2023 7:30,1.865,0.000218808
1/1/2023 7:45,1.8,0.000211182
1/1/2023 8:00,1.865,0.000218808
1/1/2023 8:15,1.81,0.000212356
1/1/2023 8:30,1.87,0.000219395
1/1/2023 8:45,1.825,0.000214116
1/1/2023 9:00,2.415,0.000283336
1/1/2023 9:15,2.24,0.000262805
1/1/2023 9:30,3.06,0.00035901
1/1/2023 9:45,2.225,0.000261045
1/1/2023 10:00,2.09,0.000245206
1/1/2023 10:15,1.96,0.000229954
1/1/2023 10:30,2.035,0.000238754
1/1/2023 10:45,2.025,0.00023758
1/1/2023 11:00,2.045,0.000239927
1/1/2023 11:15,3.005,0.000352557
1/1/2023 11:30,2.45,0.000287443
1/1/2023 11:45,2.28,0.000267498
1/1/2023 12:00,2.415,0.000283336
1/1/2023 12:15,2.225,0.000261045
1/1/2023 12:30,2.19,0.000256939
1/1/2023 12:45,2.16,0.000253419
1/1/2023 13:00,2.27,0.000266325
1/1/2023 13:15,2.12,0.000248726
1/1/2023 13:30,2.07,0.00024286
1/1/2023 13:45,2.005,0.000235234
1/1/2023 14:00,1.98,0.000232301
1/1/2023 14:15,1.97,0.000231127
1/1/2023 14:30,1.895,0.000222328
1/1/2023 14:45,1.94,0.000227608
1/1/2023 15:00,1.93,0.000226435
1/1/2023 15:15,1.955,0.000229368
1/1/2023 15:30,1.97,0.000231127
1/1/2023 15:45,1.89,0.000221742
1/1/2023 16:00,1.88,0.000220568
1/1/2023 16:15,1.83,0.000214702
1/1/2023 16:30,1.805,0.000211769
1/1/2023 16:45,1.79,0.000210009
1/1/2023 17:00,1.73,0.00020297
1/1/2023 17:15,1.75,0.000205316
1/1/2023 17:30,1.75,0.000205316
1/1/2023 17:45,1.755,0.000205903
1/1/2023 18:00,1.72,0.000201797
1/1/2023 18:15,1.68,0.000197104
1/1/2023 18:30,1.73,0.00020297
1/1/2023 18:45,1.715,0.00020121
1/1/2023 19:00,1.785,0.000209423
1/1/2023 19:15,1.71,0.000200623
1/1/2023 19:30,1.75,0.000205316
1/1/2023 19:45,1.765,0.000207076
1/1/2023 20:00,1.76,0.00020649
1/1/2023 20:15,1.84,0.000215875
1/1/2023 20:30,1.75,0.000205316
1/1/2023 20:45,1.825,0.000214116
1/1/2023 21:00,1.7,0.00019945
1/1/2023 21:15,1.735,0.000203556
1/1/2023 21:30,1.735,0.000203556
1/1/2023 21:45,1.73,0.00020297
1/1/2023 22:00,1.795,0.000210596
1/1/2023 22:15,1.83,0.000214702
1/1/2023 22:30,1.765,0.000207076
1/1/2023 22:45,2.05,0.000240513
1/1/2023 23:00,2.12,0.000248726
1/1/2023 23:15,2.15,0.000252246
1/1/2023 23:30,2.02,0.000236994
1/1/2023 23:45,2.365,0.00027747
1/2/2023 0:00,2.19,0.000256939
1/2/2023 0:15,2.23,0.000261632
1/2/2023 0:30,2.155,0.000252832
1/2/2023 0:45,2.1,0.00024638
1/2/2023 1:00,1.99,0.000233474
1/2/2023 1:15,2.005,0.000235234
1/2/2023 1:30,2.08,0.000244033
1/2/2023 1:45,2.07,0.00024286
1/2/2023 2:00,1.985,0.000232887
1/2/2023 2:15,1.93,0.000226435
1/2/2023 2:30,1.925,0.000225848
1/2/2023 2:45,1.86,0.000218222
1/2/2023 3:00,1.865,0.000218808
1/2/2023 3:15,1.795,0.000210596
1/2/2023 3:30,1.765,0.000207076
1/2/2023 3:45,1.75,0.000205316
1/2/2023 4:00,1.73,0.00020297
1/2/2023 4:15,1.735,0.000203556
1/2/2023 4:30,1.79,0.000210009
1/2/2023 4:45,1.755,0.000205903
1/2/2023 5:00,1.71,0.000200623
1/2/2023 5:15,1.71,0.000200623
1/2/2023 5:30,1.68,0.000197104
1/2/2023 5:45,1.675,0.000196517
1/2/2023 6:00,1.7,0.00019945
1/2/2023 6:15,1.69,0.000198277
1/2/2023 6:30,1.635,0.000191824
1/2/2023 6:45,1.71,0.000200623
1/2/2023 7:00,1.84,0.000215875
1/2/2023 7:15,1.97,0.000231127
1/2/2023 7:30,2.085,0.00024462
1/2/2023 7:45,2.05,0.000240513
1/2/2023 8:00,2.055,0.0002411
1/2/2023 8:15,2.11,0.000247553
1/2/2023 8:30,2.155,0.000252832
1/2/2023 8:45,2.24,0.000262805
1/2/2023 9:00,2.335,0.000273951
1/2/2023 9:15,2.29,0.000268671
1/2/2023 9:30,2.3,0.000269844
1/2/2023 9:45,2.175,0.000255179
1/2/2023 10:00,2.1,0.00024638
1/2/2023 10:15,2.1,0.00024638
1/2/2023 10:30,2.195,0.000257525
1/2/2023 10:45,2.025,0.00023758
1/2/2023 11:00,1.99,0.000233474
1/2/2023 11:15,2.08,0.000244033
1/2/2023 11:30,2.09,0.000245206
1/2/2023 11:45,2.12,0.000248726
1/2/2023 12:00,2.1,0.00024638
1/2/2023 12:15,2.035,0.000238754
1/2/2023 12:30,2.065,0.000242273
1/2/2023 12:45,1.915,0.000224675
1/2/2023 13:00,1.87,0.000219395
1/2/2023 13:15,1.835,0.000215289
1/2/2023 13:30,1.82,0.000213529
1/2/2023 13:45,1.815,0.000212942
1/2/2023 14:00,1.81,0.000212356
1/2/2023 14:15,1.795,0.000210596
1/2/2023 14:30,1.81,0.000212356
1/2/2023 14:45,1.82,0.000213529
1/2/2023 15:00,1.77,0.000207663
1/2/2023 15:15,1.775,0.000208249
1/2/2023 15:30,1.865,0.000218808
1/2/2023 15:45,1.75,0.000205316
1/2/2023 16:00,1.725,0.000202383
1/2/2023 16:15,1.67,0.00019593
1/2/2023 16:30,1.615,0.000189478
1/2/2023 16:45,1.535,0.000180092
1/2/2023 17:00,1.58,0.000185371
1/2/2023 17:15,1.555,0.000182438
1/2/2023 17:30,1.475,0.000173052
1/2/2023 17:45,2.295,0.000269258
1/2/2023 18:00,1.47,0.000172466
1/2/2023 18:15,1.475,0.000173052
1/2/2023 18:30,1.49,0.000174812
1/2/2023 18:45,1.495,0.000175399
1/2/2023 19:00,1.45,0.000170119
1/2/2023 19:15,1.46,0.000171292
1/2/2023 19:30,1.42,0.000166599
1/2/2023 19:45,1.41,0.000165426
1/2/2023 20:00,1.54,0.000180678
1/2/2023 20:15,1.49,0.000174812
1/2/2023 20:30,1.44,0.000168946
1/2/2023 20:45,1.465,0.000171879
1/2/2023 21:00,1.44,0.000168946
1/2/2023 21:15,1.45,0.000170119
1/2/2023 21:30,1.415,0.000166013
1/2/2023 21:45,1.48,0.000173639
1/2/2023 22:00,1.46,0.000171292
1/2/2023 22:15,1.49,0.000174812
1/2/2023 22:30,1.49,0.000174812
1/2/2023 22:45,1.49,0.000174812
1/2/2023 23:00,1.475,0.000173052
1/2/2023 23:15,1.5,0.000175985
1/2/2023 23:30,1.5,0.000175985
1/2/2023 23:45,1.495,0.000175399
1/3/2023 0:00,1.54,0.000180678
1/3/2023 0:15,1.53,0.000179505
1/3/2023 0:30,1.58,0.000185371
1/3/2023 0:45,1.55,0.000181852
1/3/2023 1:00,1.56,0.000183025
1/3/2023 1:15,1.58,0.000185371
1/3/2023 1:30,1.495,0.000175399
1/3/2023 1:45,1.44,0.000168946
1/3/2023 2:00,1.47,0.000172466
1/3/2023 2:15,1.43,0.000167773
1/3/2023 2:30,1.41,0.000165426
1/3/2023 2:45,1.4,0.000164253
1/3/2023 3:00,1.38,0.000161907
1/3/2023 3:15,1.36,0.00015956
1/3/2023 3:30,1.38,0.000161907
1/3/2023 3:45,1.395,0.000163666
1/3/2023 4:00,1.325,0.000155454
1/3/2023 4:15,1.34,0.000157214
1/3/2023 4:30,1.365,0.000160147
1/3/2023 4:45,1.375,0.00016132
1/3/2023 5:00,1.315,0.000154281
1/3/2023 5:15,1.425,0.000167186
1/3/2023 5:30,1.39,0.00016308
1/3/2023 5:45,1.405,0.00016484
1/3/2023 6:00,1.395,0.000163666
1/3/2023 6:15,1.405,0.00016484
1/3/2023 6:30,1.485,0.000174226
1/3/2023 6:45,1.51,0.000177159
1/3/2023 7:00,1.54,0.000180678
1/3/2023 7:15,1.57,0.000184198
1/3/2023 7:30,1.56,0.000183025
1/3/2023 7:45,1.625,0.000190651
1/3/2023 8:00,1.595,0.000187131
1/3/2023 8:15,1.57,0.000184198
1/3/2023 8:30,1.64,0.000192411
1/3/2023 8:45,1.635,0.000191824
1/3/2023 9:00,1.6,0.000187718
1/3/2023 9:15,1.59,0.000186545
1/3/2023 9:30,1.585,0.000185958
1/3/2023 9:45,1.545,0.000181265
1/3/2023 10:00,1.605,0.000188304
1/3/2023 10:15,1.615,0.000189478
1/3/2023 10:30,1.595,0.000187131
1/3/2023 10:45,1.64,0.000192411
1/3/2023 11:00,1.61,0.000188891
1/3/2023 11:15,1.685,0.00019769
1/3/2023 11:30,1.65,0.000193584
1/3/2023 11:45,1.69,0.000198277
1/3/2023 12:00,1.68,0.000197104
1/3/2023 12:15,1.755,0.000205903
1/3/2023 12:30,1.735,0.000203556
1/3/2023 12:45,1.775,0.000208249
1/3/2023 13:00,1.775,0.000208249
1/3/2023 13:15,1.82,0.000213529
1/3/2023 13:30,1.845,0.000216462
1/3/2023 13:45,1.82,0.000213529
1/3/2023 14:00,1.77,0.000207663
1/3/2023 14:15,1.85,0.000217049
1/3/2023 14:30,1.93,0.000226435
1/3/2023 14:45,2.04,0.00023934
1/3/2023 15:00,2.015,0.000236407
1/3/2023 15:15,2.015,0.000236407
1/3/2023 15:30,1.96,0.000229954
1/3/2023 15:45,1.8,0.000211182
1/3/2023 16:00,1.785,0.000209423
1/3/2023 16:15,1.79,0.000210009
1/3/2023 16:30,1.76,0.00020649
1/3/2023 16:45,1.785,0.000209423
1/3/2023 17:00,1.81,0.000212356
1/3/2023 17:15,1.895,0.000222328
1/3/2023 17:30,1.935,0.000227021
1/3/2023 17:45,1.955,0.000229368
1/3/2023 18:00,1.97,0.000231127
1/3/2023 18:15,1.96,0.000229954
1/3/2023 18:30,1.94,0.000227608
1/3/2023 18:45,1.85,0.000217049
1/3/2023 19:00,1.895,0.000222328
1/3/2023 19:15,1.885,0.000221155
1/3/2023 19:30,1.89,0.000221742
1/3/2023 19:45,1.805,0.000211769
1/3/2023 20:00,1.9,0.000222915
1/3/2023 20:15,1.9,0.000222915
1/3/2023 20:30,2.12,0.000248726
1/3/2023 20:45,1.98,0.000232301
1/3/2023 21:00,2.015,0.000236407
1/3/2023 21:15,1.87,0.000219395
1/3/2023 21:30,1.85,0.000217049
1/3/2023 21:45,1.835,0.000215289
1/3/2023 22:00,1.84,0.000215875
1/3/2023 22:15,1.74,0.000204143
1/3/2023 22:30,1.75,0.000205316
1/3/2023 22:45,1.685,0.00019769
1/3/2023 23:00,1.65,0.000193584
1/3/2023 23:15,1.65,0.000193584
1/3/2023 23:30,1.605,0.000188304
1/3/2023 23:45,1.635,0.000191824
1/4/2023 0:00,1.66,0.000194757
1/4/2023 0:15,1.685,0.00019769
1/4/2023 0:30,1.71,0.000200623
1/4/2023 0:45,1.94,0.000227608
1/4/2023 1:00,1.81,0.000212356
1/4/2023 1:15,1.775,0.000208249
1/4/2023 1:30,1.775,0.000208249
1/4/2023 1:45,1.705,0.000200037
1/4/2023 2:00,1.685,0.00019769
1/4/2023 2:15,1.59,0.000186545
1/4/2023 2:30,1.55,0.000181852
1/4/2023 2:45,1.525,0.000178918
1/4/2023 3:00,1.505,0.000176572
1/4/2023 3:15,1.445,0.000169533
1/4/2023 3:30,1.46,0.000171292
1/4/2023 3:45,1.425,0.000167186
1/4/2023 4:00,1.62,0.000190064
1/4/2023 4:15,1.795,0.000210596
1/4/2023 4:30,1.88,0.000220568
1/4/2023 4:45,3.575,0.000419432
1/4/2023 5:00,5.59,0.000655839
1/4/2023 5:15,27.505,0.003226985
1/4/2023 5:30,32.47,0.003809497
1/4/2023 5:45,39.555,0.004640735
1/4/2023 6:00,39.01,0.004576793
1/4/2023 6:15,32.905,0.003860533
1/4/2023 6:30,31.435,0.003688067
1/4/2023 6:45,32.53,0.003816536
1/4/2023 7:00,36.565,0.004289937
1/4/2023 7:15,37.04,0.004345666
1/4/2023 7:30,36.19,0.004245941
1/4/2023 7:45,35.24,0.004134483
1/4/2023 8:00,33.3,0.003906876
1/4/2023 8:15,31.71,0.003720331
1/4/2023 8:30,44.93,0.005271349
1/4/2023 8:45,45.115,0.005293054
1/4/2023 9:00,46.67,0.005475492
1/4/2023 9:15,28.03,0.00328858
1/4/2023 9:30,26.955,0.003162457
1/4/2023 9:45,25.65,0.00300935
1/4/2023 10:00,24.77,0.002906105
1/4/2023 10:15,23.785,0.002790542
1/4/2023 10:30,22.925,0.002689643
1/4/2023 10:45,29.14,0.003418809
1/4/2023 11:00,25.855,0.003033401
1/4/2023 11:15,23.01,0.002699616
1/4/2023 11:30,19.94,0.002339432
1/4/2023 11:45,19.265,0.002260239
1/4/2023 12:00,17.4,0.00204143
1/4/2023 12:15,17.515,0.002054923
1/4/2023 12:30,16.08,0.001886563
1/4/2023 12:45,16.88,0.001980422
1/4/2023 13:00,21.5,0.002522457
1/4/2023 13:15,7.315,0.000858222
1/4/2023 13:30,1.675,0.000196517
1/4/2023 13:45,1.655,0.000194171
1/4/2023 14:00,1.715,0.00020121
1/4/2023 14:15,1.74,0.000204143
1/4/2023 14:30,2.02,0.000236994
1/4/2023 14:45,2.335,0.000273951
1/4/2023 15:00,2.28,0.000267498
1/4/2023 15:15,2.335,0.000273951
1/4/2023 15:30,2.485,0.000291549
1/4/2023 15:45,2.495,0.000292722
1/4/2023 16:00,2.445,0.000286856
1/4/2023 16:15,2.48,0.000290963
1/4/2023 16:30,2.49,0.000292136
1/4/2023 16:45,2.455,0.000288029
1/4/2023 17:00,2.475,0.000290376
1/4/2023 17:15,2.47,0.000289789
1/4/2023 17:30,2.395,0.00028099
1/4/2023 17:45,2.25,0.000263978
1/4/2023 18:00,2.195,0.000257525
1/4/2023 18:15,2.29,0.000268671
1/4/2023 18:30,2.225,0.000261045
1/4/2023 18:45,2.01,0.00023582
1/4/2023 19:00,1.99,0.000233474
1/4/2023 19:15,1.955,0.000229368
1/4/2023 19:30,1.89,0.000221742
1/4/2023 19:45,1.96,0.000229954
1/4/2023 20:00,1.705,0.000200037
1/4/2023 20:15,1.705,0.000200037
1/4/2023 20:30,1.755,0.000205903
1/4/2023 20:45,1.645,0.000192997
1/4/2023 21:00,1.705,0.000200037
1/4/2023 21:15,1.675,0.000196517
1/4/2023 21:30,1.62,0.000190064
1/4/2023 21:45,1.635,0.000191824
1/4/2023 22:00,1.65,0.000193584
1/4/2023 22:15,1.595,0.000187131
1/4/2023 22:30,3.855,0.000452282
1/4/2023 22:45,1.705,0.000200037
1/4/2023 23:00,1.85,0.000217049
1/4/2023 23:15,2.165,0.000254006
1/4/2023 23:30,17.21,0.002019139
1/4/2023 23:45,30.75,0.0036077
1/5/2023 0:00,89.81,0.010536832
1/5/2023 0:15,80.125,0.009400553
1/5/2023 0:30,55.96,0.006565428
1/5/2023 0:45,54.21,0.006360112
1/5/2023 1:00,54.14,0.006351899
1/5/2023 1:15,50.87,0.005968251
1/5/2023 1:30,52.665,0.006178847
1/5/2023 1:45,50.37,0.005909589
1/5/2023 2:00,49.985,0.00586442
1/5/2023 2:15,48.355,0.005673182
1/5/2023 2:30,47.3,0.005549406
1/5/2023 2:45,49.32,0.005786399
1/5/2023 3:00,47.185,0.005535914
1/5/2023 3:15,45.835,0.005377527
1/5/2023 3:30,45.45,0.005332357
1/5/2023 3:45,45.165,0.00529892
1/5/2023 4:00,45.4,0.005326491
1/5/2023 4:15,44.47,0.00521738
1/5/2023 4:30,43.41,0.005093017
1/5/2023 4:45,41.55,0.004874795
1/5/2023 5:00,40.97,0.004806748
1/5/2023 5:15,40.13,0.004708196
1/5/2023 5:30,39.555,0.004640735
1/5/2023 5:45,39.15,0.004593219
1/5/2023 6:00,38.445,0.004510505
1/5/2023 6:15,37.205,0.004365024
1/5/2023 6:30,36.815,0.004319268
1/5/2023 6:45,37.135,0.004356812
1/5/2023 7:00,36.8,0.004317508
1/5/2023 7:15,35.925,0.00421485
1/5/2023 7:30,35.99,0.004222476
1/5/2023 7:45,35.38,0.004150909
1/5/2023 8:00,35.16,0.004125097
1/5/2023 8:15,34.375,0.004032998
1/5/2023 8:30,33.725,0.003956738
1/5/2023 8:45,34.69,0.004069955
1/5/2023 9:00,34.33,0.004027719
1/5/2023 9:15,33.05,0.003877545
1/5/2023 9:30,25.01,0.002934263
1/5/2023 9:45,25,0.00293309
1/5/2023 10:00,24.43,0.002866215
1/5/2023 10:15,23.655,0.00277529
1/5/2023 10:30,22.17,0.002601064
1/5/2023 10:45,18.215,0.002137049
1/5/2023 11:00,15.39,0.00180561
1/5/2023 11:15,15.22,0.001785665
1/5/2023 11:30,15.26,0.001790358
1/5/2023 11:45,16.78,0.00196869
1/5/2023 12:00,18.365,0.002154648
1/5/2023 12:15,19.21,0.002253786
1/5/2023 12:30,19.735,0.002315381
1/5/2023 12:45,20.325,0.002384602
1/5/2023 13:00,20.095,0.002357618
1/5/2023 13:15,21.26,0.0024943
1/5/2023 13:30,20.45,0.002399267
1/5/2023 13:45,21.195,0.002486674
1/5/2023 14:00,24.925,0.002924291
1/5/2023 14:15,25.96,0.00304572
1/5/2023 14:30,71.025,0.008332908
1/5/2023 14:45,354.3,0.041567748
1/5/2023 15:00,4.33,0.000508011
1/5/2023 15:15,3.485,0.000408873
1/5/2023 15:30,3.3,0.000387168
1/5/2023 15:45,2.96,0.000347278
1/5/2023 16:00,3.04,0.000356664
1/5/2023 16:15,2.88,0.000337892
1/5/2023 16:30,2.755,0.000323226
1/5/2023 16:45,2.685,0.000315014
1/5/2023 17:00,2.48,0.000290963
1/5/2023 17:15,2.36,0.000276884
1/5/2023 17:30,2.28,0.000267498
1/5/2023 17:45,2.295,0.000269258
1/5/2023 18:00,2.76,0.000323813
1/5/2023 18:15,2.905,0.000340825
1/5/2023 18:30,3,0.000351971
1/5/2023 18:45,3.1,0.000363703
1/5/2023 19:00,3.4,0.0003989
1/5/2023 19:15,3.5,0.000410633
1/5/2023 19:30,3.52,0.000412979
1/5/2023 19:45,3.565,0.000418259
1/5/2023 20:00,3.6,0.000422365
1/5/2023 20:15,3.615,0.000424125
1/5/2023 20:30,3.46,0.00040594
1/5/2023 20:45,3.34,0.000391861
1/5/2023 21:00,3.12,0.00036605
1/5/2023 21:15,4.31,0.000505665
1/5/2023 21:30,2.8,0.000328506
1/5/2023 21:45,2.73,0.000320293
1/5/2023 22:00,2.555,0.000299762
1/5/2023 22:15,2.445,0.000286856
1/5/2023 22:30,2.38,0.00027923
1/5/2023 22:45,2.27,0.000266325
1/5/2023 23:00,2.195,0.000257525
1/5/2023 23:15,2.08,0.000244033
1/5/2023 23:30,2.095,0.000245793
1/5/2023 23:45,2.045,0.000239927
1/6/2023 0:00,1.9,0.000222915
1/6/2023 0:15,1.905,0.000223501
1/6/2023 0:30,1.865,0.000218808
1/6/2023 0:45,1.74,0.000204143
1/6/2023 1:00,1.685,0.00019769
1/6/2023 1:15,1.72,0.000201797
1/6/2023 1:30,1.64,0.000192411
1/6/2023 1:45,1.635,0.000191824
1/6/2023 2:00,1.59,0.000186545
1/6/2023 2:15,1.53,0.000179505
1/6/2023 2:30,1.55,0.000181852
1/6/2023 2:45,1.54,0.000180678
1/6/2023 3:00,1.515,0.000177745
1/6/2023 3:15,1.505,0.000176572
1/6/2023 3:30,1.505,0.000176572
1/6/2023 3:45,1.52,0.000178332
1/6/2023 4:00,1.505,0.000176572
1/6/2023 4:15,1.495,0.000175399
1/6/2023 4:30,1.575,0.000184785
1/6/2023 4:45,1.565,0.000183611
1/6/2023 5:00,1.52,0.000178332
1/6/2023 5:15,1.57,0.000184198
1/6/2023 5:30,1.635,0.000191824
1/6/2023 5:45,1.58,0.000185371
1/6/2023 6:00,1.705,0.000200037
1/6/2023 6:15,1.625,0.000190651
1/6/2023 6:30,1.59,0.000186545
1/6/2023 6:45,1.695,0.000198863
1/6/2023 7:00,1.64,0.000192411
1/6/2023 7:15,1.65,0.000193584
1/6/2023 7:30,1.63,0.000191237
1/6/2023 7:45,1.65,0.000193584
1/6/2023 8:00,1.63,0.000191237
1/6/2023 8:15,1.63,0.000191237
1/6/2023 8:30,1.635,0.000191824
1/6/2023 8:45,1.63,0.000191237
1/6/2023 9:00,1.69,0.000198277
1/6/2023 9:15,1.57,0.000184198
1/6/2023 9:30,1.67,0.00019593
1/6/2023 9:45,1.65,0.000193584
1/6/2023 10:00,1.565,0.000183611
1/6/2023 10:15,1.61,0.000188891
1/6/2023 10:30,1.64,0.000192411
1/6/2023 10:45,1.63,0.000191237
1/6/2023 11:00,1.655,0.000194171
1/6/2023 11:15,1.675,0.000196517
1/6/2023 11:30,1.64,0.000192411
1/6/2023 11:45,1.7,0.00019945
1/6/2023 12:00,1.68,0.000197104
1/6/2023 12:15,1.685,0.00019769
1/6/2023 12:30,1.645,0.000192997
1/6/2023 12:45,1.64,0.000192411
1/6/2023 13:00,1.605,0.000188304
1/6/2023 13:15,1.67,0.00019593
1/6/2023 13:30,1.625,0.000190651
1/6/2023 13:45,1.53,0.000179505
1/6/2023 14:00,1.54,0.000180678
1/6/2023 14:15,1.58,0.000185371
1/6/2023 14:30,1.58,0.000185371
1/6/2023 14:45,1.6,0.000187718
1/6/2023 15:00,1.565,0.000183611
1/6/2023 15:15,1.645,0.000192997
1/6/2023 15:30,1.545,0.000181265
1/6/2023 15:45,1.53,0.000179505
1/6/2023 16:00,1.63,0.000191237
1/6/2023 16:15,1.59,0.000186545
1/6/2023 16:30,1.655,0.000194171
1/6/2023 16:45,1.58,0.000185371
1/6/2023 17:00,1.925,0.000225848
1/6/2023 17:15,1.59,0.000186545
1/6/2023 17:30,1.59,0.000186545
1/6/2023 17:45,1.605,0.000188304
1/6/2023 18:00,1.56,0.000183025
1/6/2023 18:15,1.545,0.000181265
1/6/2023 18:30,1.505,0.000176572
1/6/2023 18:45,1.47,0.000172466
1/6/2023 19:00,1.425,0.000167186
1/6/2023 19:15,1.415,0.000166013
1/6/2023 19:30,1.38,0.000161907
1/6/2023 19:45,1.385,0.000162493
1/6/2023 20:00,1.425,0.000167186
1/6/2023 20:15,1.395,0.000163666
1/6/2023 20:30,1.435,0.000168359
1/6/2023 20:45,1.455,0.000170706
1/6/2023 21:00,1.48,0.000173639
1/6/2023 21:15,1.515,0.000177745
1/6/2023 21:30,1.6,0.000187718
1/6/2023 21:45,1.56,0.000183025
1/6/2023 22:00,1.605,0.000188304
1/6/2023 22:15,1.66,0.000194757
1/6/2023 22:30,1.6,0.000187718
1/6/2023 22:45,1.655,0.000194171
1/6/2023 23:00,1.615,0.000189478
1/6/2023 23:15,1.68,0.000197104
1/6/2023 23:30,1.695,0.000198863
1/6/2023 23:45,1.69,0.000198277
1/7/2023 0:00,1.66,0.000194757
1/7/2023 0:15,1.665,0.000195344
1/7/2023 0:30,1.62,0.000190064
1/7/2023 0:45,1.66,0.000194757
1/7/2023 1:00,1.59,0.000186545
1/7/2023 1:15,1.56,0.000183025
1/7/2023 1:30,1.49,0.000174812
1/7/2023 1:45,1.47,0.000172466
1/7/2023 2:00,1.5,0.000175985
1/7/2023 2:15,1.42,0.000166599
1/7/2023 2:30,1.435,0.000168359
1/7/2023 2:45,1.375,0.00016132
1/7/2023 3:00,1.44,0.000168946
1/7/2023 3:15,1.37,0.000160733
1/7/2023 3:30,1.34,0.000157214
1/7/2023 3:45,1.375,0.00016132
1/7/2023 4:00,1.375,0.00016132
1/7/2023 4:15,5.655,0.000663465
1/7/2023 4:30,19.755,0.002317728
1/7/2023 4:45,11.205,0.001314611
1/7/2023 5:00,11.7,0.001372686
1/7/2023 5:15,13.305,0.00156099
1/7/2023 5:30,12.43,0.001458332
1/7/2023 5:45,12.15,0.001425482
1/7/2023 6:00,11.1,0.001302292
1/7/2023 6:15,9.69,0.001136866
1/7/2023 6:30,9.185,0.001077617
1/7/2023 6:45,9.4,0.001102842
1/7/2023 7:00,8.3,0.000973786
1/7/2023 7:15,8.05,0.000944455
1/7/2023 7:30,8.07,0.000946801
1/7/2023 7:45,8.03,0.000942108
1/7/2023 8:00,7.71,0.000904565
1/7/2023 8:15,7.5,0.000879927
1/7/2023 8:30,7.73,0.000906911
1/7/2023 8:45,7.255,0.000851183
1/7/2023 9:00,7.265,0.000852356
1/7/2023 9:15,6.78,0.000795454
1/7/2023 9:30,6.43,0.000754391
1/7/2023 9:45,6.36,0.000746178
1/7/2023 10:00,7.055,0.000827718
1/7/2023 10:15,7.215,0.00084649
1/7/2023 10:30,7.51,0.0008811
1/7/2023 10:45,8.445,0.000990798
1/7/2023 11:00,8.35,0.000979652
1/7/2023 11:15,8.41,0.000986691
1/7/2023 11:30,8.04,0.000943282
1/7/2023 11:45,5.24,0.000614776
1/7/2023 12:00,5.55,0.000651146
1/7/2023 12:15,4.325,0.000507425
1/7/2023 12:30,4.375,0.000513291
1/7/2023 12:45,4.335,0.000508598
1/7/2023 13:00,4.765,0.000559047
1/7/2023 13:15,1.425,0.000167186
1/7/2023 13:30,1.485,0.000174226
1/7/2023 13:45,1.46,0.000171292
1/7/2023 14:00,1.455,0.000170706
1/7/2023 14:15,1.505,0.000176572
1/7/2023 14:30,1.495,0.000175399
1/7/2023 14:45,1.735,0.000203556
1/7/2023 15:00,1.96,0.000229954
1/7/2023 15:15,2.18,0.000255765
1/7/2023 15:30,2.275,0.000266911
1/7/2023 15:45,2.17,0.000254592
1/7/2023 16:00,2.085,0.00024462
1/7/2023 16:15,2.225,0.000261045
1/7/2023 16:30,2.265,0.000265738
1/7/2023 16:45,2.335,0.000273951
1/7/2023 17:00,2.4,0.000281577
1/7/2023 17:15,2.22,0.000260458
1/7/2023 17:30,2.2,0.000258112
1/7/2023 17:45,2.235,0.000262218
1/7/2023 18:00,1.92,0.000225261
1/7/2023 18:15,1.845,0.000216462
1/7/2023 18:30,1.84,0.000215875
1/7/2023 18:45,1.74,0.000204143
1/7/2023 19:00,1.76,0.00020649
1/7/2023 19:15,1.68,0.000197104
1/7/2023 19:30,1.81,0.000212356
1/7/2023 19:45,1.945,0.000228194
1/7/2023 20:00,2.015,0.000236407
1/7/2023 20:15,2.035,0.000238754
1/7/2023 20:30,2.185,0.000256352
1/7/2023 20:45,2.275,0.000266911
1/7/2023 21:00,2.295,0.000269258
1/7/2023 21:15,2.315,0.000271604
1/7/2023 21:30,2.21,0.000259285
1/7/2023 21:45,2.11,0.000247553
1/7/2023 22:00,2.04,0.00023934
1/7/2023 22:15,1.94,0.000227608
1/7/2023 22:30,1.91,0.000224088
1/7/2023 22:45,1.86,0.000218222
1/7/2023 23:00,1.87,0.000219395
1/7/2023 23:15,1.775,0.000208249
1/7/2023 23:30,1.775,0.000208249
1/7/2023 23:45,1.905,0.000223501
1/8/2023 0:00,3.99,0.000468121
1/8/2023 0:15,4.685,0.000549661
1/8/2023 0:30,7.575,0.000888726
1/8/2023 0:45,13.805,0.001619652
1/8/2023 1:00,29.235,0.003429955
1/8/2023 1:15,26.105,0.003062732
1/8/2023 1:30,23.93,0.002807554
1/8/2023 1:45,23.85,0.002798168
1/8/2023 2:00,22.58,0.002649167
1/8/2023 2:15,21.77,0.002554135
1/8/2023 2:30,20.835,0.002444437
1/8/2023 2:45,20.3,0.002381669
1/8/2023 3:00,20.11,0.002359377
1/8/2023 3:15,20.58,0.002414519
1/8/2023 3:30,20.33,0.002385189
1/8/2023 3:45,20.475,0.002402201
1/8/2023 4:00,20.1,0.002358204
1/8/2023 4:15,19.23,0.002256133
1/8/2023 4:30,18.8,0.002205684
1/8/2023 4:45,19.275,0.002261412
1/8/2023 5:00,19.04,0.002233841
1/8/2023 5:15,18.9,0.002217416
1/8/2023 5:30,19.285,0.002262585
1/8/2023 5:45,19.13,0.0022444
1/8/2023 6:00,19.105,0.002241467
1/8/2023 6:15,19.93,0.002338259
1/8/2023 6:30,19.93,0.002338259
1/8/2023 6:45,19.89,0.002333566
1/8/2023 7:00,19.39,0.002274904
1/8/2023 7:15,19.2,0.002252613
1/8/2023 7:30,19.05,0.002235014
1/8/2023 7:45,19.03,0.002232668
1/8/2023 8:00,18.93,0.002220936
1/8/2023 8:15,18.82,0.00220803
1/8/2023 8:30,18.64,0.002186912
1/8/2023 8:45,18.425,0.002161687
1/8/2023 9:00,18.28,0.002144675
1/8/2023 9:15,18.2,0.002135289
1/8/2023 9:30,18.02,0.002114171
1/8/2023 9:45,18.21,0.002136463
1/8/2023 10:00,18.26,0.002142329
1/8/2023 10:15,18.28,0.002144675
1/8/2023 10:30,18.4,0.002158754
1/8/2023 10:45,18.66,0.002189258
1/8/2023 11:00,18.995,0.002228562
1/8/2023 11:15,19.555,0.002294263
1/8/2023 11:30,19.65,0.002305409
1/8/2023 11:45,20.66,0.002423905
1/8/2023 12:00,22.12,0.002595198
1/8/2023 12:15,32.955,0.003866399
1/8/2023 12:30,40.235,0.004720515
1/8/2023 12:45,45.735,0.005365794
1/8/2023 13:00,47.96,0.005626839
1/8/2023 13:15,51.535,0.006046271
1/8/2023 13:30,55.395,0.00649914
1/8/2023 13:45,57.32,0.006724988
1/8/2023 14:00,59.04,0.006926785
1/8/2023 14:15,58.29,0.006838792
1/8/2023 14:30,60.19,0.007061707
1/8/2023 14:45,63.855,0.007491698
1/8/2023 15:00,68.375,0.008022001
1/8/2023 15:15,55.62,0.006525538
1/8/2023 15:30,45.21,0.0053042
1/8/2023 15:45,117.065,0.013734486
1/8/2023 16:15,2.325,0.000272777
1/8/2023 16:30,2.23,0.000261632
1/8/2023 16:45,2.245,0.000263391
1/8/2023 17:00,2.205,0.000258699
1/8/2023 17:15,2.12,0.000248726
1/8/2023 17:30,2.04,0.00023934
1/8/2023 17:45,1.92,0.000225261
1/8/2023 18:00,1.875,0.000219982
1/8/2023 18:15,1.905,0.000223501
1/8/2023 18:30,1.88,0.000220568
1/8/2023 18:45,1.89,0.000221742
1/8/2023 19:00,1.96,0.000229954
1/8/2023 19:15,1.98,0.000232301
1/8/2023 19:30,2.035,0.000238754
1/8/2023 19:45,2.23,0.000261632
1/8/2023 20:00,2.635,0.000309148
1/8/2023 20:15,3.015,0.000353731
1/8/2023 20:30,3.315,0.000388928
1/8/2023 20:45,3.155,0.000370156
1/8/2023 21:00,2.92,0.000342585
1/8/2023 21:15,2.81,0.000329679
1/8/2023 21:30,2.8,0.000328506
1/8/2023 21:45,2.72,0.00031912
1/8/2023 22:00,2.6,0.000305041
1/8/2023 22:15,2.485,0.000291549
1/8/2023 22:30,2.39,0.000280403
1/8/2023 22:45,2.28,0.000267498
1/8/2023 23:00,2.185,0.000256352
1/8/2023 23:15,2.15,0.000252246
1/8/2023 23:30,2.09,0.000245206
1/8/2023 23:45,2.125,0.000249313
1/9/2023 0:00,2.13,0.000249899
1/9/2023 0:15,2.115,0.000248139
1/9/2023 0:30,2.025,0.00023758
1/9/2023 0:45,1.985,0.000232887
1/9/2023 1:00,1.96,0.000229954
1/9/2023 1:15,1.9,0.000222915
1/9/2023 1:30,1.835,0.000215289
1/9/2023 1:45,1.82,0.000213529
1/9/2023 2:00,1.79,0.000210009
1/9/2023 2:15,1.755,0.000205903
1/9/2023 2:30,1.72,0.000201797
1/9/2023 2:45,1.77,0.000207663
1/9/2023 3:00,1.72,0.000201797
1/9/2023 3:15,1.695,0.000198863
1/9/2023 3:30,1.67,0.00019593
1/9/2023 3:45,1.725,0.000202383
1/9/2023 4:00,1.655,0.000194171
1/9/2023 4:15,1.66,0.000194757
1/9/2023 4:30,1.725,0.000202383
1/9/2023 4:45,1.83,0.000214702
1/9/2023 5:00,1.845,0.000216462
1/9/2023 5:15,1.735,0.000203556
1/9/2023 5:30,1.76,0.00020649
1/9/2023 5:45,1.725,0.000202383
1/9/2023 6:00,1.69,0.000198277
1/9/2023 6:15,1.775,0.000208249
1/9/2023 6:30,1.645,0.000192997
1/9/2023 6:45,1.625,0.000190651
1/9/2023 7:00,1.62,0.000190064
1/9/2023 7:15,1.67,0.00019593
1/9/2023 7:30,1.71,0.000200623
1/9/2023 7:45,1.69,0.000198277
1/9/2023 8:00,1.675,0.000196517
1/9/2023 8:15,1.62,0.000190064
1/9/2023 8:30,1.67,0.00019593
1/9/2023 8:45,1.69,0.000198277
1/9/2023 9:00,1.695,0.000198863
1/9/2023 9:15,1.705,0.000200037
1/9/2023 9:30,1.76,0.00020649
1/9/2023 9:45,1.86,0.000218222
1/9/2023 10:00,1.81,0.000212356
1/9/2023 10:15,1.83,0.000214702
1/9/2023 10:30,1.88,0.000220568
1/9/2023 10:45,1.93,0.000226435
1/9/2023 11:00,1.905,0.000223501
1/9/2023 11:15,2.34,0.000274537
1/9/2023 11:30,2.07,0.00024286
1/9/2023 11:45,2.31,0.000271017
1/9/2023 12:00,2.485,0.000291549
1/9/2023 12:15,2.8,0.000328506
1/9/2023 12:30,2.57,0.000301522
1/9/2023 12:45,2.535,0.000297415
1/9/2023 13:00,2.445,0.000286856
1/9/2023 13:15,2.385,0.000279817
1/9/2023 13:30,2.405,0.000282163
1/9/2023 13:45,2.295,0.000269258
1/9/2023 14:00,2.385,0.000279817
1/9/2023 14:15,2.575,0.000302108
1/9/2023 14:30,2.85,0.000334372
1/9/2023 14:45,3.73,0.000437617
1/9/2023 15:00,4.255,0.000499212
1/9/2023 15:15,4.28,0.000502145
1/9/2023 15:30,3.985,0.000467535
1/9/2023 15:45,3.885,0.000455802
1/9/2023 16:00,3.58,0.000420018
1/9/2023 16:15,3.435,0.000403007
1/9/2023 16:30,3.43,0.00040242
1/9/2023 16:45,3.55,0.000416499
1/9/2023 17:00,3.6,0.000422365
1/9/2023 17:15,3.62,0.000424711
1/9/2023 17:30,3.915,0.000459322
1/9/2023 17:45,4.36,0.000511531
1/9/2023 18:00,4.84,0.000567846
1/9/2023 18:15,5.09,0.000597177
1/9/2023 18:30,5.215,0.000611843
1/9/2023 18:45,5.495,0.000644693
1/9/2023 19:00,5.56,0.000652319
1/9/2023 19:15,5.775,0.000677544
1/9/2023 19:30,6.1,0.000715674
1/9/2023 19:45,6.54,0.000767296
1/9/2023 20:00,6.695,0.000785481
1/9/2023 20:15,6.875,0.0008066
1/9/2023 20:30,5.925,0.000695142
1/9/2023 20:45,5.59,0.000655839
1/9/2023 21:00,4.425,0.000519157
1/9/2023 21:15,3.67,0.000430578
1/9/2023 21:30,3.325,0.000390101
1/9/2023 21:45,3.215,0.000377195
1/9/2023 22:00,2.93,0.000343758
1/9/2023 22:15,3.05,0.000357837
1/9/2023 22:30,2.835,0.000332612
1/9/2023 22:45,2.665,0.000312667
1/9/2023 23:00,2.565,0.000300935
1/9/2023 23:15,2.475,0.000290376
1/9/2023 23:30,2.37,0.000278057
1/9/2023 23:45,2.29,0.000268671
1/10/2023 0:00,2.25,0.000263978
1/10/2023 0:15,2.155,0.000252832
1/10/2023 0:30,2.15,0.000252246
1/10/2023 0:45,2.045,0.000239927
1/10/2023 1:00,1.98,0.000232301
1/10/2023 1:15,1.985,0.000232887
1/10/2023 1:30,1.96,0.000229954
1/10/2023 1:45,1.92,0.000225261
1/10/2023 2:00,1.915,0.000224675
1/10/2023 2:15,1.965,0.000230541
1/10/2023 2:30,1.91,0.000224088
1/10/2023 2:45,1.96,0.000229954
1/10/2023 3:00,1.92,0.000225261
1/10/2023 3:15,1.91,0.000224088
1/10/2023 3:30,1.83,0.000214702
1/10/2023 3:45,1.8,0.000211182
1/10/2023 4:00,1.79,0.000210009
1/10/2023 4:15,1.82,0.000213529
1/10/2023 4:30,1.77,0.000207663
1/10/2023 4:45,1.77,0.000207663
1/10/2023 5:00,1.73,0.00020297
1/10/2023 5:15,1.73,0.00020297
1/10/2023 5:30,1.76,0.00020649
1/10/2023 5:45,1.815,0.000212942
1/10/2023 6:00,1.795,0.000210596
1/10/2023 6:15,1.735,0.000203556
1/10/2023 6:30,1.76,0.00020649
1/10/2023 6:45,1.76,0.00020649
1/10/2023 7:00,1.745,0.00020473
1/10/2023 7:15,1.72,0.000201797
1/10/2023 7:30,1.695,0.000198863
1/10/2023 7:45,1.66,0.000194757
1/10/2023 8:00,1.655,0.000194171
1/10/2023 8:15,1.67,0.00019593
1/10/2023 8:30,1.67,0.00019593
1/10/2023 8:45,1.68,0.000197104
1/10/2023 9:00,1.725,0.000202383
1/10/2023 9:15,1.765,0.000207076
1/10/2023 9:30,1.775,0.000208249
1/10/2023 9:45,1.86,0.000218222
1/10/2023 10:00,1.895,0.000222328
1/10/2023 10:15,2.115,0.000248139
1/10/2023 10:30,2.245,0.000263391
1/10/2023 10:45,2.19,0.000256939
1/10/2023 11:00,2.175,0.000255179
1/10/2023 11:15,2.195,0.000257525
1/10/2023 11:30,2.27,0.000266325
1/10/2023 11:45,2.24,0.000262805
1/10/2023 12:00,2.225,0.000261045
1/10/2023 12:15,2.185,0.000256352
1/10/2023 12:30,2.225,0.000261045
1/10/2023 12:45,2.155,0.000252832
1/10/2023 13:00,2.19,0.000256939
1/10/2023 13:15,2.115,0.000248139
1/10/2023 13:30,2.11,0.000247553
1/10/2023 13:45,2.1,0.00024638
1/10/2023 14:00,2.01,0.00023582
1/10/2023 14:15,1.975,0.000231714
1/10/2023 14:30,2.12,0.000248726
1/10/2023 14:45,2.08,0.000244033
1/10/2023 15:00,2.05,0.000240513
1/10/2023 15:15,2.125,0.000249313
1/10/2023 15:30,2.09,0.000245206
1/10/2023 15:45,2.11,0.000247553
1/10/2023 16:00,2.015,0.000236407
1/10/2023 16:15,2.035,0.000238754
1/10/2023 16:30,2.07,0.00024286
1/10/2023 16:45,1.975,0.000231714
1/10/2023 17:00,1.955,0.000229368
1/10/2023 17:15,1.985,0.000232887
1/10/2023 17:30,1.95,0.000228781
1/10/2023 17:45,1.915,0.000224675
1/10/2023 18:00,1.935,0.000227021
1/10/2023 18:15,1.89,0.000221742
1/10/2023 18:30,1.905,0.000223501
1/10/2023 18:45,1.835,0.000215289
1/10/2023 19:00,1.84,0.000215875
1/10/2023 19:15,1.79,0.000210009
1/10/2023 19:30,1.81,0.000212356
1/10/2023 19:45,1.835,0.000215289
1/10/2023 20:00,1.78,0.000208836
1/10/2023 20:15,1.835,0.000215289
1/10/2023 20:30,1.79,0.000210009
1/10/2023 20:45,1.8,0.000211182
1/10/2023 21:00,1.865,0.000218808
1/10/2023 21:15,1.82,0.000213529
1/10/2023 21:30,1.865,0.000218808
1/10/2023 21:45,1.835,0.000215289
1/10/2023 22:00,1.88,0.000220568
1/10/2023 22:15,1.805,0.000211769
1/10/2023 22:30,1.79,0.000210009
1/10/2023 22:45,1.86,0.000218222
1/10/2023 23:00,1.765,0.000207076
1/10/2023 23:15,1.72,0.000201797
1/10/2023 23:30,1.69,0.000198277
1/10/2023 23:45,1.7,0.00019945
1/11/2023 0:00,1.74,0.000204143
1/11/2023 0:15,1.66,0.000194757
1/11/2023 0:30,1.66,0.000194757
1/11/2023 0:45,1.675,0.000196517
1/11/2023 1:00,1.7,0.00019945
1/11/2023 1:15,1.65,0.000193584
1/11/2023 1:30,1.63,0.000191237
1/11/2023 1:45,1.67,0.00019593
1/11/2023 2:00,1.71,0.000200623
1/11/2023 2:15,1.685,0.00019769
1/11/2023 2:30,1.695,0.000198863
1/11/2023 2:45,1.72,0.000201797
1/11/2023 3:00,1.73,0.00020297
1/11/2023 3:15,1.825,0.000214116
1/11/2023 3:30,1.835,0.000215289
1/11/2023 3:45,1.945,0.000228194
1/11/2023 4:00,1.955,0.000229368
1/11/2023 4:15,2.02,0.000236994
1/11/2023 4:30,2.025,0.00023758
1/11/2023 4:45,1.955,0.000229368
1/11/2023 5:00,1.89,0.000221742
1/11/2023 5:15,1.82,0.000213529
1/11/2023 5:30,1.83,0.000214702
1/11/2023 5:45,1.81,0.000212356
1/11/2023 6:00,1.775,0.000208249
1/11/2023 6:15,1.82,0.000213529
1/11/2023 6:30,1.88,0.000220568
1/11/2023 6:45,1.865,0.000218808
1/11/2023 7:00,1.82,0.000213529
1/11/2023 7:15,1.915,0.000224675
1/11/2023 7:30,1.98,0.000232301
1/11/2023 7:45,1.91,0.000224088
1/11/2023 8:00,1.86,0.000218222
1/11/2023 8:15,1.86,0.000218222
1/11/2023 8:30,1.86,0.000218222
1/11/2023 8:45,1.855,0.000217635
1/11/2023 9:00,1.885,0.000221155
1/11/2023 9:15,1.86,0.000218222
1/11/2023 9:30,1.855,0.000217635
1/11/2023 9:45,1.86,0.000218222
1/11/2023 10:00,1.855,0.000217635
1/11/2023 10:15,1.82,0.000213529
1/11/2023 10:30,1.79,0.000210009
1/11/2023 10:45,1.795,0.000210596
1/11/2023 11:00,1.82,0.000213529
1/11/2023 11:15,1.835,0.000215289
1/11/2023 11:30,1.855,0.000217635
1/11/2023 11:45,1.85,0.000217049
1/11/2023 12:00,1.83,0.000214702
1/11/2023 12:15,1.795,0.000210596
1/11/2023 12:30,1.75,0.000205316
1/11/2023 12:45,1.735,0.000203556
1/11/2023 13:00,1.9,0.000222915
1/11/2023 13:15,1.73,0.00020297
1/11/2023 13:30,1.74,0.000204143
1/11/2023 13:45,1.775,0.000208249
1/11/2023 14:00,1.82,0.000213529
1/11/2023 14:15,1.79,0.000210009
1/11/2023 14:30,1.81,0.000212356
1/11/2023 14:45,1.75,0.000205316
1/11/2023 15:00,1.715,0.00020121
1/11/2023 15:15,1.68,0.000197104
1/11/2023 15:30,1.71,0.000200623
1/11/2023 15:45,1.635,0.000191824
1/11/2023 16:00,1.63,0.000191237
1/11/2023 16:15,1.63,0.000191237
1/11/2023 16:30,1.64,0.000192411
1/11/2023 16:45,1.635,0.000191824
1/11/2023 17:00,1.57,0.000184198
1/11/2023 17:15,1.575,0.000184785
1/11/2023 17:30,1.57,0.000184198
1/11/2023 17:45,1.565,0.000183611
1/11/2023 18:00,1.585,0.000185958
1/11/2023 18:15,1.58,0.000185371
1/11/2023 18:30,1.52,0.000178332
1/11/2023 18:45,1.51,0.000177159
1/11/2023 19:00,1.575,0.000184785
1/11/2023 19:15,1.56,0.000183025
1/11/2023 19:30,1.52,0.000178332
1/11/2023 19:45,1.545,0.000181265
1/11/2023 20:00,1.475,0.000173052
1/11/2023 20:15,1.58,0.000185371
1/11/2023 20:30,1.54,0.000180678
1/11/2023 20:45,1.585,0.000185958
1/11/2023 21:00,1.65,0.000193584
1/11/2023 21:15,1.58,0.000185371
1/11/2023 21:30,1.59,0.000186545
1/11/2023 21:45,1.57,0.000184198
1/11/2023 22:00,1.485,0.000174226
1/11/2023 22:15,1.495,0.000175399
1/11/2023 22:30,1.53,0.000179505
1/11/2023 22:45,1.51,0.000177159
1/11/2023 23:00,1.54,0.000180678
1/11/2023 23:15,1.67,0.00019593
1/11/2023 23:30,1.895,0.000222328
1/11/2023 23:45,2.05,0.000240513
1/12/2023 0:00,2.05,0.000240513
1/12/2023 0:15,2.04,0.00023934
1/12/2023 0:30,1.9,0.000222915
1/12/2023 0:45,1.765,0.000207076
1/12/2023 1:00,1.705,0.000200037
1/12/2023 1:15,1.665,0.000195344
1/12/2023 1:30,1.65,0.000193584
1/12/2023 1:45,1.62,0.000190064
1/12/2023 2:00,1.63,0.000191237
1/12/2023 2:15,1.55,0.000181852
1/12/2023 2:30,1.49,0.000174812
1/12/2023 2:45,1.47,0.000172466
1/12/2023 3:00,1.47,0.000172466
1/12/2023 3:15,6.06,0.000710981
1/12/2023 3:30,4.605,0.000540275
1/12/2023 3:45,4.31,0.000505665
1/12/2023 4:00,4.04,0.000473987
1/12/2023 4:15,1.505,0.000176572
1/12/2023 4:30,1.5,0.000175985
1/12/2023 4:45,1.435,0.000168359
1/12/2023 5:00,1.525,0.000178918
1/12/2023 5:15,1.435,0.000168359
1/12/2023 5:30,1.445,0.000169533
1/12/2023 5:45,1.5,0.000175985
1/12/2023 6:00,1.42,0.000166599
1/12/2023 6:15,1.43,0.000167773
1/12/2023 6:30,1.575,0.000184785
1/12/2023 6:45,1.47,0.000172466
1/12/2023 7:00,1.4,0.000164253
1/12/2023 7:15,1.505,0.000176572
1/12/2023 7:30,1.59,0.000186545
1/12/2023 7:45,1.52,0.000178332
1/12/2023 8:00,1.56,0.000183025
1/12/2023 8:15,1.54,0.000180678
1/12/2023 8:30,1.52,0.000178332
1/12/2023 8:45,1.7,0.00019945
1/12/2023 9:00,1.62,0.000190064
1/12/2023 9:15,1.63,0.000191237
1/12/2023 9:30,1.715,0.00020121
1/12/2023 9:45,1.69,0.000198277
1/12/2023 10:00,1.715,0.00020121
1/12/2023 10:15,1.8,0.000211182
1/12/2023 10:30,1.84,0.000215875
1/12/2023 10:45,1.835,0.000215289
1/12/2023 11:00,1.825,0.000214116
1/12/2023 11:15,1.88,0.000220568
1/12/2023 11:30,2.155,0.000252832
1/12/2023 11:45,1.965,0.000230541
1/12/2023 12:00,1.995,0.000234061
1/12/2023 12:15,1.985,0.000232887
1/12/2023 12:30,1.93,0.000226435
1/12/2023 12:45,1.985,0.000232887
1/12/2023 13:00,2,0.000234647
1/12/2023 13:15,1.955,0.000229368
1/12/2023 13:30,2.06,0.000241687
1/12/2023 13:45,2.055,0.0002411
1/12/2023 14:00,2.015,0.000236407
1/12/2023 14:15,2.11,0.000247553
1/12/2023 14:30,2.175,0.000255179
1/12/2023 14:45,2.11,0.000247553
1/12/2023 15:00,2.015,0.000236407
1/12/2023 15:15,1.965,0.000230541
1/12/2023 15:30,1.95,0.000228781
1/12/2023 15:45,1.84,0.000215875
1/12/2023 16:00,1.83,0.000214702
1/12/2023 16:15,1.815,0.000212942
1/12/2023 16:30,1.88,0.000220568
1/12/2023 16:45,1.82,0.000213529
1/12/2023 17:00,1.77,0.000207663
1/12/2023 17:15,1.765,0.000207076
1/12/2023 17:30,1.8,0.000211182
1/12/2023 17:45,1.78,0.000208836
1/12/2023 18:00,1.77,0.000207663
1/12/2023 18:15,1.785,0.000209423
1/12/2023 18:30,2.12,0.000248726
1/12/2023 18:45,4.46,0.000523263
1/12/2023 19:00,3.415,0.00040066
1/12/2023 19:15,5.315,0.000623575
1/12/2023 19:30,7.3,0.000856462
1/12/2023 19:45,7.6,0.000891659
1/12/2023 20:00,4.08,0.00047868
1/12/2023 20:15,2.135,0.000250486
1/12/2023 20:30,2.35,0.00027571
1/12/2023 20:45,2.34,0.000274537
1/12/2023 21:00,2.305,0.000270431
1/12/2023 21:15,2.15,0.000252246
1/12/2023 21:30,2.095,0.000245793
1/12/2023 21:45,2.275,0.000266911
1/12/2023 22:00,2.44,0.00028627
1/12/2023 22:15,2.325,0.000272777
1/12/2023 22:30,2.125,0.000249313
1/12/2023 22:45,2.01,0.00023582
1/12/2023 23:00,1.99,0.000233474
1/12/2023 23:15,2.015,0.000236407
1/12/2023 23:30,2.09,0.000245206
1/12/2023 23:45,2.225,0.000261045
1/13/2023 0:00,2.21,0.000259285
1/13/2023 0:15,2.34,0.000274537
1/13/2023 0:30,2.4,0.000281577
1/13/2023 0:45,2.505,0.000293896
1/13/2023 1:00,2.635,0.000309148
1/13/2023 1:15,2.68,0.000314427
1/13/2023 1:30,2.705,0.00031736
1/13/2023 1:45,2.59,0.000303868
1/13/2023 2:00,2.455,0.000288029
1/13/2023 2:15,2.33,0.000273364
1/13/2023 2:30,2.2,0.000258112
1/13/2023 2:45,2.15,0.000252246
1/13/2023 3:00,2.055,0.0002411
1/13/2023 3:15,1.97,0.000231127
1/13/2023 3:30,1.94,0.000227608
1/13/2023 3:45,1.885,0.000221155
1/13/2023 4:00,3.12,0.00036605
1/13/2023 4:15,2.31,0.000271017
1/13/2023 4:30,2.555,0.000299762
1/13/2023 4:45,2.48,0.000290963
1/13/2023 5:00,1.85,0.000217049
1/13/2023 5:15,1.76,0.00020649
1/13/2023 5:30,1.735,0.000203556
1/13/2023 5:45,1.79,0.000210009
1/13/2023 6:00,1.785,0.000209423
1/13/2023 6:15,1.78,0.000208836
1/13/2023 6:30,1.76,0.00020649
1/13/2023 6:45,1.785,0.000209423
1/13/2023 7:00,1.805,0.000211769
1/13/2023 7:15,1.73,0.00020297
1/13/2023 7:30,1.72,0.000201797
1/13/2023 7:45,1.72,0.000201797
1/13/2023 8:00,1.73,0.00020297
1/13/2023 8:15,1.725,0.000202383
1/13/2023 8:30,1.72,0.000201797
1/13/2023 8:45,1.8,0.000211182
1/13/2023 9:00,1.74,0.000204143
1/13/2023 9:15,1.77,0.000207663
1/13/2023 9:30,1.81,0.000212356
1/13/2023 9:45,1.83,0.000214702
1/13/2023 10:00,1.915,0.000224675
1/13/2023 10:15,1.835,0.000215289
1/13/2023 10:30,1.9,0.000222915
1/13/2023 10:45,1.805,0.000211769
1/13/2023 11:00,1.955,0.000229368
1/13/2023 11:15,2.005,0.000235234
1/13/2023 11:30,2.07,0.00024286
1/13/2023 11:45,2.015,0.000236407
1/13/2023 12:00,2.015,0.000236407
1/13/2023 12:15,2.025,0.00023758
1/13/2023 12:30,2.05,0.000240513
1/13/2023 12:45,2.095,0.000245793
1/13/2023 13:00,1.905,0.000223501
1/13/2023 13:15,1.98,0.000232301
1/13/2023 13:30,1.98,0.000232301
1/13/2023 13:45,1.99,0.000233474
1/13/2023 14:00,1.99,0.000233474
1/13/2023 14:15,2.115,0.000248139
1/13/2023 14:30,2.32,0.000272191
1/13/2023 14:45,2.755,0.000323226
1/13/2023 15:00,2.81,0.000329679
1/13/2023 15:15,2.825,0.000331439
1/13/2023 15:30,2.785,0.000326746
1/13/2023 15:45,2.68,0.000314427
1/13/2023 16:00,2.67,0.000313254
1/13/2023 16:15,2.515,0.000295069
1/13/2023 16:30,2.435,0.000285683
1/13/2023 16:45,2.275,0.000266911
1/13/2023 17:00,2.24,0.000262805
1/13/2023 17:15,2.13,0.000249899
1/13/2023 17:30,2.135,0.000250486
1/13/2023 17:45,2.15,0.000252246
1/13/2023 18:00,2.18,0.000255765
1/13/2023 18:15,2.13,0.000249899
1/13/2023 18:30,2.12,0.000248726
1/13/2023 18:45,2.345,0.000275124
1/13/2023 19:00,2.74,0.000321467
1/13/2023 19:15,2.295,0.000269258
1/13/2023 19:30,2.33,0.000273364
1/13/2023 19:45,2.135,0.000250486
1/13/2023 20:00,2.14,0.000251072
1/13/2023 20:15,2.19,0.000256939
1/13/2023 20:30,2.225,0.000261045
1/13/2023 20:45,2.33,0.000273364
1/13/2023 21:00,2.45,0.000287443
1/13/2023 21:15,2.525,0.000296242
1/13/2023 21:30,2.53,0.000296829
1/13/2023 21:45,2.51,0.000294482
1/13/2023 22:00,2.5,0.000293309
1/13/2023 22:15,2.36,0.000276884
1/13/2023 22:30,2.34,0.000274537
1/13/2023 22:45,2.185,0.000256352
1/13/2023 23:00,2.14,0.000251072
1/13/2023 23:15,2.08,0.000244033
1/13/2023 23:30,2.02,0.000236994
1/13/2023 23:45,1.93,0.000226435
1/14/2023 0:00,1.93,0.000226435
1/14/2023 0:15,1.89,0.000221742
1/14/2023 0:30,1.885,0.000221155
1/14/2023 0:45,1.77,0.000207663
1/14/2023 1:00,1.765,0.000207076
1/14/2023 1:15,1.76,0.00020649
1/14/2023 1:30,1.725,0.000202383
1/14/2023 1:45,1.68,0.000197104
1/14/2023 2:00,1.7,0.00019945
1/14/2023 2:15,1.665,0.000195344
1/14/2023 2:30,1.71,0.000200623
1/14/2023 2:45,1.65,0.000193584
1/14/2023 3:00,1.715,0.00020121
1/14/2023 3:15,1.685,0.00019769
1/14/2023 3:30,1.7,0.00019945
1/14/2023 3:45,1.69,0.000198277
1/14/2023 4:00,1.665,0.000195344
1/14/2023 4:15,1.635,0.000191824
1/14/2023 4:30,1.615,0.000189478
1/14/2023 4:45,1.81,0.000212356
1/14/2023 5:00,2.07,0.00024286
1/14/2023 5:15,11.98,0.001405537
1/14/2023 5:30,12.71,0.001491183
1/14/2023 5:45,1.775,0.000208249
1/14/2023 6:00,1.76,0.00020649
1/14/2023 6:15,1.735,0.000203556
1/14/2023 6:30,1.62,0.000190064
1/14/2023 6:45,1.62,0.000190064
1/14/2023 7:00,3.26,0.000382475
1/14/2023 7:15,1.625,0.000190651
1/14/2023 7:30,1.645,0.000192997
1/14/2023 7:45,1.635,0.000191824
1/14/2023 8:00,1.825,0.000214116
1/14/2023 8:15,1.77,0.000207663
1/14/2023 8:30,1.73,0.00020297
1/14/2023 8:45,1.78,0.000208836
1/14/2023 9:00,1.705,0.000200037
1/14/2023 9:15,1.705,0.000200037
1/14/2023 9:30,1.72,0.000201797
1/14/2023 9:45,2.13,0.000249899
1/14/2023 10:00,1.7,0.00019945
1/14/2023 10:15,1.69,0.000198277
1/14/2023 10:30,1.745,0.00020473
1/14/2023 10:45,1.755,0.000205903
1/14/2023 11:00,1.78,0.000208836
1/14/2023 11:15,1.78,0.000208836
1/14/2023 11:30,1.92,0.000225261
1/14/2023 11:45,1.935,0.000227021
1/14/2023 12:00,1.94,0.000227608
1/14/2023 12:15,1.925,0.000225848
1/14/2023 12:30,1.95,0.000228781
1/14/2023 12:45,1.905,0.000223501
1/14/2023 13:00,1.965,0.000230541
1/14/2023 13:15,1.95,0.000228781
1/14/2023 13:30,2.18,0.000255765
1/14/2023 13:45,2.385,0.000279817
1/14/2023 14:00,2.73,0.000320293
1/14/2023 14:15,2.74,0.000321467
1/14/2023 14:30,2.67,0.000313254
1/14/2023 14:45,2.515,0.000295069
1/14/2023 15:00,2.29,0.000268671
1/14/2023 15:15,2.175,0.000255179
1/14/2023 15:30,2.36,0.000276884
1/14/2023 15:45,2.645,0.000310321
1/14/2023 16:00,2.835,0.000332612
1/14/2023 16:15,2.725,0.000319707
1/14/2023 16:30,2.49,0.000292136
1/14/2023 16:45,2.385,0.000279817
1/14/2023 17:00,2.375,0.000278644
1/14/2023 17:15,2.375,0.000278644
1/14/2023 17:30,2.42,0.000283923
1/14/2023 17:45,2.485,0.000291549
1/14/2023 18:00,2.54,0.000298002
1/14/2023 18:15,2.395,0.00028099
1/14/2023 18:30,2.27,0.000266325
1/14/2023 18:45,2.24,0.000262805
1/14/2023 19:00,2.225,0.000261045
1/14/2023 19:15,2.17,0.000254592
1/14/2023 19:30,2.235,0.000262218
1/14/2023 19:45,2.21,0.000259285
1/14/2023 20:00,2.37,0.000278057
1/14/2023 20:15,2.185,0.000256352
1/14/2023 20:30,2.16,0.000253419
1/14/2023 20:45,2.07,0.00024286
1/14/2023 21:00,2.05,0.000240513
1/14/2023 21:15,2.03,0.000238167
1/14/2023 21:30,2.025,0.00023758
1/14/2023 21:45,1.945,0.000228194
1/14/2023 22:00,1.975,0.000231714
1/14/2023 22:15,1.92,0.000225261
1/14/2023 22:30,1.865,0.000218808
1/14/2023 22:45,1.91,0.000224088
1/14/2023 23:00,1.8,0.000211182
1/14/2023 23:15,1.835,0.000215289
1/14/2023 23:30,1.74,0.000204143
1/14/2023 23:45,1.73,0.00020297
1/15/2023 0:00,1.83,0.000214702
1/15/2023 0:15,1.86,0.000218222
1/15/2023 0:30,1.83,0.000214702
1/15/2023 0:45,1.96,0.000229954
1/15/2023 1:00,2.03,0.000238167
1/15/2023 1:15,1.955,0.000229368
1/15/2023 1:30,1.87,0.000219395
1/15/2023 1:45,1.82,0.000213529
1/15/2023 2:00,1.78,0.000208836
1/15/2023 2:15,1.77,0.000207663
1/15/2023 2:30,1.72,0.000201797
1/15/2023 2:45,1.825,0.000214116
1/15/2023 3:00,1.745,0.00020473
1/15/2023 3:15,1.75,0.000205316
1/15/2023 3:30,1.81,0.000212356
1/15/2023 3:45,1.795,0.000210596
1/15/2023 4:00,1.765,0.000207076
1/15/2023 4:15,1.745,0.00020473
1/15/2023 4:30,1.63,0.000191237
1/15/2023 4:45,1.65,0.000193584
1/15/2023 5:00,1.62,0.000190064
1/15/2023 5:15,1.635,0.000191824
1/15/2023 5:30,1.65,0.000193584
1/15/2023 5:45,1.61,0.000188891
1/15/2023 6:00,1.625,0.000190651
1/15/2023 6:15,1.585,0.000185958
1/15/2023 6:30,1.585,0.000185958
1/15/2023 6:45,1.645,0.000192997
1/15/2023 7:00,1.655,0.000194171
1/15/2023 7:15,1.73,0.00020297
1/15/2023 7:30,1.785,0.000209423
1/15/2023 7:45,1.79,0.000210009
1/15/2023 8:00,1.8,0.000211182
1/15/2023 8:15,1.76,0.00020649
1/15/2023 8:30,1.77,0.000207663
1/15/2023 8:45,1.73,0.00020297
1/15/2023 9:00,1.755,0.000205903
1/15/2023 9:15,1.65,0.000193584
1/15/2023 9:30,1.625,0.000190651
1/15/2023 9:45,1.63,0.000191237
1/15/2023 10:00,1.65,0.000193584
1/15/2023 10:15,1.67,0.00019593
1/15/2023 10:30,1.7,0.00019945
1/15/2023 10:45,1.72,0.000201797
1/15/2023 11:00,1.765,0.000207076
1/15/2023 11:15,1.78,0.000208836
1/15/2023 11:30,1.735,0.000203556
1/15/2023 11:45,1.74,0.000204143
1/15/2023 12:00,1.755,0.000205903
1/15/2023 12:15,1.675,0.000196517
1/15/2023 12:30,1.6,0.000187718
1/15/2023 12:45,1.595,0.000187131
1/15/2023 13:00,1.62,0.000190064
1/15/2023 13:15,1.63,0.000191237
1/15/2023 13:30,1.695,0.000198863
1/15/2023 13:45,1.63,0.000191237
1/15/2023 14:00,1.56,0.000183025
1/15/2023 14:15,1.58,0.000185371
1/15/2023 14:30,1.555,0.000182438
1/15/2023 14:45,1.55,0.000181852
1/15/2023 15:00,1.635,0.000191824
1/15/2023 15:15,1.64,0.000192411
1/15/2023 15:30,1.56,0.000183025
1/15/2023 15:45,1.61,0.000188891
1/15/2023 16:00,1.53,0.000179505
1/15/2023 16:15,1.515,0.000177745
1/15/2023 16:30,1.51,0.000177159
1/15/2023 16:45,1.59,0.000186545
1/15/2023 17:00,1.445,0.000169533
1/15/2023 17:15,1.54,0.000180678
1/15/2023 17:30,1.51,0.000177159
1/15/2023 17:45,1.49,0.000174812
1/15/2023 18:00,1.49,0.000174812
1/15/2023 18:15,1.41,0.000165426
1/15/2023 18:30,1.435,0.000168359
1/15/2023 18:45,1.47,0.000172466
1/15/2023 19:00,1.39,0.00016308
1/15/2023 19:15,1.375,0.00016132
1/15/2023 19:30,1.365,0.000160147
1/15/2023 19:45,1.385,0.000162493
1/15/2023 20:00,1.375,0.00016132
1/15/2023 20:15,1.4,0.000164253
1/15/2023 20:30,1.355,0.000158973
1/15/2023 20:45,1.33,0.00015604
1/15/2023 21:00,1.38,0.000161907
1/15/2023 21:15,1.325,0.000155454
1/15/2023 21:30,1.4,0.000164253
1/15/2023 21:45,1.49,0.000174812
1/15/2023 22:00,1.385,0.000162493
1/15/2023 22:15,1.325,0.000155454
1/15/2023 22:30,1.325,0.000155454
1/15/2023 22:45,1.395,0.000163666
1/15/2023 23:00,1.4,0.000164253
1/15/2023 23:15,1.335,0.000156627
1/15/2023 23:30,1.37,0.000160733
1/15/2023 23:45,1.365,0.000160147
1/16/2023 0:00,1.365,0.000160147
1/16/2023 0:15,1.405,0.00016484
1/16/2023 0:30,1.41,0.000165426
1/16/2023 0:45,1.405,0.00016484
1/16/2023 1:00,1.37,0.000160733
1/16/2023 1:15,1.36,0.00015956
1/16/2023 1:30,1.355,0.000158973
1/16/2023 1:45,1.375,0.00016132
1/16/2023 2:00,1.35,0.000158387
1/16/2023 2:15,1.36,0.00015956
1/16/2023 2:30,1.38,0.000161907
1/16/2023 2:45,1.34,0.000157214
1/16/2023 3:00,1.35,0.000158387
1/16/2023 3:15,1.305,0.000153107
1/16/2023 3:30,1.31,0.000153694
1/16/2023 3:45,1.32,0.000154867
1/16/2023 4:00,1.36,0.00015956
1/16/2023 4:15,1.31,0.000153694
1/16/2023 4:30,1.3,0.000152521
1/16/2023 4:45,1.29,0.000151347
1/16/2023 5:00,1.295,0.000151934
1/16/2023 5:15,1.335,0.000156627
1/16/2023 5:30,1.33,0.00015604
1/16/2023 5:45,1.335,0.000156627
1/16/2023 6:00,1.33,0.00015604
1/16/2023 6:15,1.34,0.000157214
1/16/2023 6:30,1.37,0.000160733
1/16/2023 6:45,1.32,0.000154867
1/16/2023 7:00,1.35,0.000158387
1/16/2023 7:15,1.41,0.000165426
1/16/2023 7:30,1.45,0.000170119
1/16/2023 7:45,1.455,0.000170706
1/16/2023 8:00,1.47,0.000172466
1/16/2023 8:15,1.51,0.000177159
1/16/2023 8:30,1.51,0.000177159
1/16/2023 8:45,1.485,0.000174226
1/16/2023 9:00,1.46,0.000171292
1/16/2023 9:15,1.48,0.000173639
1/16/2023 9:30,1.48,0.000173639
1/16/2023 9:45,1.47,0.000172466
1/16/2023 10:00,1.53,0.000179505
1/16/2023 10:15,1.42,0.000166599
1/16/2023 10:30,1.435,0.000168359
1/16/2023 10:45,1.47,0.000172466
1/16/2023 11:00,1.55,0.000181852
1/16/2023 11:15,1.545,0.000181265
1/16/2023 11:30,1.585,0.000185958
1/16/2023 11:45,1.53,0.000179505
1/16/2023 12:00,1.69,0.000198277
1/16/2023 12:15,1.685,0.00019769
1/16/2023 12:30,1.69,0.000198277
1/16/2023 12:45,1.73,0.00020297
1/16/2023 13:00,1.67,0.00019593
1/16/2023 13:15,1.64,0.000192411
1/16/2023 13:30,1.625,0.000190651
1/16/2023 13:45,1.65,0.000193584
1/16/2023 14:00,1.615,0.000189478
1/16/2023 14:15,1.685,0.00019769
1/16/2023 14:30,1.685,0.00019769
1/16/2023 14:45,1.68,0.000197104
1/16/2023 15:00,1.655,0.000194171
1/16/2023 15:15,1.715,0.00020121
1/16/2023 15:30,1.63,0.000191237
1/16/2023 15:45,1.64,0.000192411
1/16/2023 16:00,1.665,0.000195344
1/16/2023 16:15,1.505,0.000176572
1/16/2023 16:30,1.575,0.000184785
1/16/2023 16:45,1.48,0.000173639
1/16/2023 17:00,1.625,0.000190651
1/16/2023 17:15,1.67,0.00019593
1/16/2023 17:30,1.695,0.000198863
1/16/2023 17:45,1.73,0.00020297
1/16/2023 18:00,1.745,0.00020473
1/16/2023 18:15,1.895,0.000222328
1/16/2023 18:30,2.01,0.00023582
1/16/2023 18:45,2.205,0.000258699
1/16/2023 19:00,2.045,0.000239927
1/16/2023 19:15,1.92,0.000225261
1/16/2023 19:30,1.91,0.000224088
1/16/2023 19:45,1.875,0.000219982
1/16/2023 20:00,1.86,0.000218222
1/16/2023 20:15,1.925,0.000225848
1/16/2023 20:30,1.875,0.000219982
1/16/2023 20:45,1.72,0.000201797
1/16/2023 21:00,1.76,0.00020649
1/16/2023 21:15,1.725,0.000202383
1/16/2023 21:30,1.71,0.000200623
1/16/2023 21:45,1.76,0.00020649
1/16/2023 22:00,1.65,0.000193584
1/16/2023 22:15,1.635,0.000191824
1/16/2023 22:30,1.61,0.000188891
1/16/2023 22:45,1.56,0.000183025
1/16/2023 23:00,1.59,0.000186545
1/16/2023 23:15,1.57,0.000184198
1/16/2023 23:30,1.575,0.000184785
1/16/2023 23:45,1.56,0.000183025
1/17/2023 0:00,1.52,0.000178332
1/17/2023 0:15,1.575,0.000184785
1/17/2023 0:30,1.49,0.000174812
1/17/2023 0:45,1.565,0.000183611
1/17/2023 1:00,1.52,0.000178332
1/17/2023 1:15,1.53,0.000179505
1/17/2023 1:30,1.535,0.000180092
1/17/2023 1:45,1.51,0.000177159
1/17/2023 2:00,1.495,0.000175399
1/17/2023 2:15,1.46,0.000171292
1/17/2023 2:30,1.505,0.000176572
1/17/2023 2:45,1.465,0.000171879
1/17/2023 3:00,1.47,0.000172466
1/17/2023 3:15,1.44,0.000168946
1/17/2023 3:30,1.45,0.000170119
1/17/2023 3:45,1.43,0.000167773
1/17/2023 4:00,1.41,0.000165426
1/17/2023 4:15,1.385,0.000162493
1/17/2023 4:30,1.415,0.000166013
1/17/2023 4:45,1.38,0.000161907
1/17/2023 5:00,1.4,0.000164253
1/17/2023 5:15,1.415,0.000166013
1/17/2023 5:30,1.52,0.000178332
1/17/2023 5:45,1.485,0.000174226
1/17/2023 6:00,1.505,0.000176572
1/17/2023 6:15,1.55,0.000181852
1/17/2023 6:30,1.645,0.000192997
1/17/2023 6:45,1.665,0.000195344
1/17/2023 7:00,1.65,0.000193584
1/17/2023 7:15,1.69,0.000198277
1/17/2023 7:30,1.645,0.000192997
1/17/2023 7:45,1.615,0.000189478
1/17/2023 8:00,1.605,0.000188304
1/17/2023 8:15,1.54,0.000180678
1/17/2023 8:30,1.565,0.000183611
1/17/2023 8:45,1.52,0.000178332
1/17/2023 9:00,1.48,0.000173639
1/17/2023 9:15,1.55,0.000181852
1/17/2023 9:30,1.555,0.000182438
1/17/2023 9:45,1.535,0.000180092
1/17/2023 10:00,1.585,0.000185958
1/17/2023 10:15,1.565,0.000183611
1/17/2023 10:30,1.57,0.000184198
1/17/2023 10:45,1.565,0.000183611
1/17/2023 11:00,1.63,0.000191237
1/17/2023 11:15,1.63,0.000191237
1/17/2023 11:30,1.595,0.000187131
1/17/2023 11:45,1.625,0.000190651
1/17/2023 12:00,1.61,0.000188891
1/17/2023 12:15,1.65,0.000193584
1/17/2023 12:30,1.67,0.00019593
1/17/2023 12:45,1.615,0.000189478
1/17/2023 13:00,1.59,0.000186545
1/17/2023 13:15,1.68,0.000197104
1/17/2023 13:30,1.645,0.000192997
1/17/2023 13:45,1.755,0.000205903
1/17/2023 14:00,1.655,0.000194171
1/17/2023 14:15,1.82,0.000213529
1/17/2023 14:30,1.79,0.000210009
1/17/2023 14:45,1.68,0.000197104
1/17/2023 15:00,2.085,0.00024462
1/17/2023 15:15,1.93,0.000226435
1/17/2023 15:30,1.795,0.000210596
1/17/2023 15:45,1.845,0.000216462
1/17/2023 16:00,1.73,0.00020297
1/17/2023 16:15,1.71,0.000200623
1/17/2023 16:30,1.74,0.000204143
1/17/2023 16:45,1.775,0.000208249
1/17/2023 17:00,1.66,0.000194757
1/17/2023 17:15,1.64,0.000192411
1/17/2023 17:30,1.57,0.000184198
1/17/2023 17:45,1.69,0.000198277
1/17/2023 18:00,1.525,0.000178918
1/17/2023 18:15,1.505,0.000176572
1/17/2023 18:30,1.52,0.000178332
1/17/2023 18:45,1.385,0.000162493
1/17/2023 19:00,1.41,0.000165426
1/17/2023 19:15,1.42,0.000166599
1/17/2023 19:30,1.43,0.000167773
1/17/2023 19:45,1.365,0.000160147
1/17/2023 20:00,1.375,0.00016132
1/17/2023 20:15,1.47,0.000172466
1/17/2023 20:30,1.415,0.000166013
1/17/2023 20:45,1.43,0.000167773
1/17/2023 21:00,1.45,0.000170119
1/17/2023 21:15,1.47,0.000172466
1/17/2023 21:30,1.47,0.000172466
1/17/2023 21:45,1.48,0.000173639
1/17/2023 22:00,1.495,0.000175399
1/17/2023 22:15,1.49,0.000174812
1/17/2023 22:30,1.48,0.000173639
1/17/2023 22:45,1.485,0.000174226
1/17/2023 23:00,1.475,0.000173052
1/17/2023 23:15,1.485,0.000174226
1/17/2023 23:30,1.48,0.000173639
1/17/2023 23:45,1.42,0.000166599
1/18/2023 0:00,1.48,0.000173639
1/18/2023 0:15,1.395,0.000163666
1/18/2023 0:30,1.38,0.000161907
1/18/2023 0:45,1.355,0.000158973
1/18/2023 1:00,1.375,0.00016132
1/18/2023 1:15,1.36,0.00015956
1/18/2023 1:30,1.3,0.000152521
1/18/2023 1:45,1.31,0.000153694
1/18/2023 2:00,1.285,0.000150761
1/18/2023 2:15,1.335,0.000156627
1/18/2023 2:30,1.3,0.000152521
1/18/2023 2:45,1.33,0.00015604
1/18/2023 3:00,1.37,0.000160733
1/18/2023 3:15,8.29,0.000972613
1/18/2023 3:30,2.35,0.00027571
1/18/2023 3:45,4.035,0.000473401
1/18/2023 4:00,4.69,0.000550248
1/18/2023 4:15,8.36,0.000980825
1/18/2023 4:30,7.965,0.000934482
1/18/2023 4:45,7.935,0.000930963
1/18/2023 5:00,1.75,0.000205316
1/18/2023 5:15,1.62,0.000190064
1/18/2023 5:30,1.625,0.000190651
1/18/2023 5:45,1.6,0.000187718
1/18/2023 6:00,1.63,0.000191237
1/18/2023 6:15,1.63,0.000191237
1/18/2023 6:30,1.66,0.000194757
1/18/2023 6:45,1.63,0.000191237
1/18/2023 7:00,1.585,0.000185958
1/18/2023 7:15,1.59,0.000186545
1/18/2023 7:30,1.6,0.000187718
1/18/2023 7:45,1.61,0.000188891
1/18/2023 8:00,1.62,0.000190064
1/18/2023 8:15,1.65,0.000193584
1/18/2023 8:30,1.62,0.000190064
1/18/2023 8:45,1.67,0.00019593
1/18/2023 9:00,1.735,0.000203556
1/18/2023 9:15,1.715,0.00020121
1/18/2023 9:30,1.67,0.00019593
1/18/2023 9:45,1.75,0.000205316
1/18/2023 10:00,1.77,0.000207663
1/18/2023 10:15,1.905,0.000223501
1/18/2023 10:30,1.94,0.000227608
1/18/2023 10:45,1.94,0.000227608
1/18/2023 11:00,1.93,0.000226435
1/18/2023 11:15,2.01,0.00023582
1/18/2023 11:30,2.08,0.000244033
1/18/2023 11:45,2.065,0.000242273
1/18/2023 12:00,2.17,0.000254592
1/18/2023 12:15,2.165,0.000254006
1/18/2023 12:30,2.19,0.000256939
1/18/2023 12:45,2.34,0.000274537
1/18/2023 13:00,2.39,0.000280403
1/18/2023 13:15,2.44,0.00028627
1/18/2023 13:30,2.315,0.000271604
1/18/2023 13:45,1.88,0.000220568
1/18/2023 14:00,1.76,0.00020649
1/18/2023 14:15,1.79,0.000210009
1/18/2023 14:30,1.71,0.000200623
1/18/2023 14:45,1.995,0.000234061
1/18/2023 15:00,2.41,0.00028275
1/18/2023 15:15,1.78,0.000208836
1/18/2023 15:30,1.77,0.000207663
1/18/2023 15:45,1.77,0.000207663
1/18/2023 16:00,1.72,0.000201797
1/18/2023 16:15,1.66,0.000194757
1/18/2023 16:30,1.675,0.000196517
1/18/2023 16:45,1.58,0.000185371
1/18/2023 17:00,1.61,0.000188891
1/18/2023 17:15,1.57,0.000184198
1/18/2023 17:30,1.46,0.000171292
1/18/2023 17:45,1.435,0.000168359
1/18/2023 18:00,1.48,0.000173639
1/18/2023 18:15,1.45,0.000170119
1/18/2023 18:30,1.485,0.000174226
1/18/2023 18:45,1.525,0.000178918
1/18/2023 19:00,1.575,0.000184785
1/18/2023 19:15,1.615,0.000189478
1/18/2023 19:30,1.665,0.000195344
1/18/2023 19:45,1.69,0.000198277
1/18/2023 20:00,1.72,0.000201797
1/18/2023 20:15,1.81,0.000212356
1/18/2023 20:30,1.73,0.00020297
1/18/2023 20:45,1.7,0.00019945
1/18/2023 21:00,1.63,0.000191237
1/18/2023 21:15,1.61,0.000188891
1/18/2023 21:30,1.57,0.000184198
1/18/2023 21:45,1.53,0.000179505
1/18/2023 22:00,1.525,0.000178918
1/18/2023 22:15,1.49,0.000174812
1/18/2023 22:30,1.45,0.000170119
1/18/2023 22:45,1.45,0.000170119
1/18/2023 23:00,1.445,0.000169533
1/18/2023 23:15,1.47,0.000172466
1/18/2023 23:30,1.45,0.000170119
1/18/2023 23:45,1.505,0.000176572
1/19/2023 0:00,4.155,0.00048748
1/19/2023 0:15,3.935,0.000461668
1/19/2023 0:30,47.915,0.00562156
1/19/2023 0:45,45.005,0.005280148
1/19/2023 1:00,56.54,0.006633476
1/19/2023 1:15,98.5,0.011556374
1/19/2023 1:30,73.33,0.008603339
1/19/2023 2:15,10.615,0.00124539
1/19/2023 2:30,8.09,0.000949148
1/19/2023 2:45,6.935,0.000813639
1/19/2023 3:00,34.89,0.00409342
1/19/2023 3:15,15.75,0.001847847
1/19/2023 3:30,13,0.001525207
1/19/2023 3:45,6.655,0.000780788
1/19/2023 4:00,5.73,0.000672264
1/19/2023 4:15,5.88,0.000689863
1/19/2023 4:30,1.83,0.000214702
1/19/2023 4:45,2.06,0.000241687
1/19/2023 5:00,2.79,0.000327333
1/19/2023 5:15,1.86,0.000218222
1/19/2023 5:30,1.305,0.000153107
1/19/2023 5:45,1.315,0.000154281
1/19/2023 6:00,1.705,0.000200037
1/19/2023 6:15,1.37,0.000160733
1/19/2023 6:30,1.42,0.000166599
1/19/2023 6:45,1.565,0.000183611
1/19/2023 7:00,1.33,0.00015604
1/19/2023 7:15,1.305,0.000153107
1/19/2023 7:30,2.6,0.000305041
1/19/2023 7:45,1.49,0.000174812
1/19/2023 8:00,1.5,0.000175985
1/19/2023 8:15,1.45,0.000170119
1/19/2023 8:30,1.25,0.000146654
1/19/2023 8:45,1.26,0.000147828
1/19/2023 9:00,1.455,0.000170706
1/19/2023 9:15,1.155,0.000135509
1/19/2023 9:30,1.17,0.000137269
1/19/2023 9:45,1.535,0.000180092
1/19/2023 10:00,1.565,0.000183611
1/19/2023 10:15,1.53,0.000179505
1/19/2023 10:30,13.58,0.001593254
1/19/2023 10:45,45.845,0.0053787
1/19/2023 11:00,45.6,0.005349956
1/19/2023 11:15,17.715,0.002078387
1/19/2023 11:30,12.61,0.00147945
1/19/2023 11:45,12.26,0.001438387
1/19/2023 12:00,13.88,0.001628451
1/19/2023 12:15,10.59,0.001242457
1/19/2023 12:30,10.31,0.001209606
1/19/2023 12:45,8.675,0.001017782
1/19/2023 13:00,6.93,0.000813052
1/19/2023 13:15,6.355,0.000745591
1/19/2023 13:30,16.25,0.001906508
1/19/2023 13:45,7.455,0.000874647
1/19/2023 14:00,7.04,0.000825958
1/19/2023 14:15,5.92,0.000694556
1/19/2023 14:30,4.38,0.000513877
1/19/2023 14:45,4.255,0.000499212
1/19/2023 15:00,5.59,0.000655839
1/19/2023 15:15,5.32,0.000624162
1/19/2023 15:30,3.9,0.000457562
1/19/2023 15:45,3.77,0.00044231
1/19/2023 16:00,4.585,0.000537929
1/19/2023 16:15,3.17,0.000371916
1/19/2023 16:30,3.14,0.000368396
1/19/2023 16:45,4.335,0.000508598
1/19/2023 17:00,3.305,0.000387754
1/19/2023 17:15,3.3,0.000387168
1/19/2023 17:30,3.655,0.000428818
1/19/2023 17:45,2.935,0.000344345
1/19/2023 18:00,2.98,0.000349624
1/19/2023 18:15,4.16,0.000488066
1/19/2023 18:30,2.895,0.000339652
1/19/2023 18:45,2.69,0.0003156
1/19/2023 19:00,2.27,0.000266325
1/19/2023 19:15,2.185,0.000256352
1/19/2023 19:30,2.185,0.000256352
1/19/2023 19:45,2.29,0.000268671
1/19/2023 20:00,2.195,0.000257525
1/19/2023 20:15,2.27,0.000266325
1/19/2023 20:30,2.26,0.000265151
1/19/2023 20:45,2.37,0.000278057
1/19/2023 21:00,2.28,0.000267498
1/19/2023 21:15,2.39,0.000280403
1/19/2023 21:30,2.3,0.000269844
1/19/2023 21:45,2.305,0.000270431
1/19/2023 22:00,2.31,0.000271017
1/19/2023 22:15,2.295,0.000269258
1/19/2023 22:30,2.3,0.000269844
1/19/2023 22:45,2.18,0.000255765
1/19/2023 23:00,2.115,0.000248139
1/19/2023 23:15,2.11,0.000247553
1/19/2023 23:30,2.11,0.000247553
1/19/2023 23:45,2.24,0.000262805
1/20/2023 0:00,2.105,0.000246966
1/20/2023 0:15,2.08,0.000244033
1/20/2023 0:30,2.04,0.00023934
1/20/2023 0:45,2.015,0.000236407
1/20/2023 1:00,1.995,0.000234061
1/20/2023 1:15,1.98,0.000232301
1/20/2023 1:30,1.965,0.000230541
1/20/2023 1:45,1.905,0.000223501
1/20/2023 2:00,1.955,0.000229368
1/20/2023 2:15,1.92,0.000225261
1/20/2023 2:30,1.88,0.000220568
1/20/2023 2:45,1.85,0.000217049
1/20/2023 3:00,1.805,0.000211769
1/20/2023 3:15,1.805,0.000211769
1/20/2023 3:30,1.82,0.000213529
1/20/2023 3:45,1.82,0.000213529
1/20/2023 4:00,1.78,0.000208836
1/20/2023 4:15,1.78,0.000208836
1/20/2023 4:30,1.86,0.000218222
1/20/2023 4:45,1.75,0.000205316
1/20/2023 5:00,1.75,0.000205316
1/20/2023 5:15,1.77,0.000207663
1/20/2023 5:30,1.67,0.00019593
1/20/2023 5:45,1.685,0.00019769
1/20/2023 6:00,1.74,0.000204143
1/20/2023 6:15,1.71,0.000200623
1/20/2023 6:30,1.73,0.00020297
1/20/2023 6:45,1.64,0.000192411
1/20/2023 7:00,1.75,0.000205316
1/20/2023 7:15,1.775,0.000208249
1/20/2023 7:30,1.66,0.000194757
1/20/2023 7:45,1.65,0.000193584
1/20/2023 8:00,1.785,0.000209423
1/20/2023 8:15,1.67,0.00019593
1/20/2023 8:30,1.705,0.000200037
1/20/2023 8:45,1.795,0.000210596
1/20/2023 9:00,1.69,0.000198277
1/20/2023 9:15,1.755,0.000205903
1/20/2023 9:30,1.855,0.000217635
1/20/2023 9:45,1.84,0.000215875
1/20/2023 10:00,2.16,0.000253419
1/20/2023 10:15,2.68,0.000314427
1/20/2023 10:30,2.555,0.000299762
1/20/2023 10:45,2.525,0.000296242
1/20/2023 11:00,3.065,0.000359597
1/20/2023 11:15,2.365,0.00027747
1/20/2023 11:30,2.41,0.00028275
1/20/2023 11:45,2.875,0.000337305
1/20/2023 12:00,2.89,0.000339065
1/20/2023 12:15,3.26,0.000382475
1/20/2023 12:30,3.73,0.000437617
1/20/2023 12:45,3.82,0.000448176
1/20/2023 13:00,3.85,0.000451696
1/20/2023 13:15,4.155,0.00048748
1/20/2023 13:30,3.835,0.000449936
1/20/2023 13:45,3.53,0.000414152
1/20/2023 14:00,3.025,0.000354904
1/20/2023 14:15,3.24,0.000380128
1/20/2023 14:30,2.98,0.000349624
1/20/2023 14:45,3,0.000351971
1/20/2023 15:00,3.055,0.000358424
1/20/2023 15:15,2.85,0.000334372
1/20/2023 15:30,3.18,0.000373089
1/20/2023 15:45,3.4,0.0003989
1/20/2023 16:00,3.57,0.000418845
1/20/2023 16:15,3.425,0.000401833
1/20/2023 16:30,3.3,0.000387168
1/20/2023 16:45,3.685,0.000432337
1/20/2023 17:00,3.56,0.000417672
1/20/2023 17:15,3.675,0.000431164
1/20/2023 17:30,3.85,0.000451696
1/20/2023 17:45,3.64,0.000427058
1/20/2023 18:00,3.86,0.000452869
1/20/2023 18:15,3.84,0.000450523
1/20/2023 18:30,3.77,0.00044231
1/20/2023 18:45,3.855,0.000452282
1/20/2023 19:00,3.87,0.000454042
1/20/2023 19:15,3.92,0.000459908
1/20/2023 19:30,3.8,0.00044583
1/20/2023 19:45,3.895,0.000456975
1/20/2023 20:00,3.895,0.000456975
1/20/2023 20:15,4.06,0.000476334
1/20/2023 20:30,3.915,0.000459322
1/20/2023 20:45,4.16,0.000488066
1/20/2023 21:00,4.115,0.000482787
1/20/2023 21:15,4.1,0.000481027
1/20/2023 21:30,4.115,0.000482787
1/20/2023 21:45,4.25,0.000498625
1/20/2023 22:00,4.22,0.000495106
1/20/2023 22:15,4.11,0.0004822
1/20/2023 22:30,4.17,0.000489239
1/20/2023 22:45,4.185,0.000490999
1/20/2023 23:00,3.995,0.000468708
1/20/2023 23:15,3.835,0.000449936
1/20/2023 23:30,3.995,0.000468708
1/20/2023 23:45,3.935,0.000461668
1/21/2023 0:00,4.035,0.000473401
1/21/2023 0:15,4.17,0.000489239
1/21/2023 0:30,3.93,0.000461082
1/21/2023 0:45,3.85,0.000451696
1/21/2023 1:00,4.135,0.000485133
1/21/2023 1:15,3.765,0.000441723
1/21/2023 1:30,3.715,0.000435857
1/21/2023 1:45,3.925,0.000460495
1/21/2023 2:00,3.69,0.000432924
1/21/2023 2:15,3.755,0.00044055
1/21/2023 2:30,3.835,0.000449936
1/21/2023 2:45,3.575,0.000419432
1/21/2023 3:00,3.68,0.000431751
1/21/2023 3:15,3.805,0.000446416
1/21/2023 3:30,3.57,0.000418845
1/21/2023 3:45,3.545,0.000415912
1/21/2023 4:00,3.725,0.00043703
1/21/2023 4:15,3.51,0.000411806
1/21/2023 4:30,3.47,0.000407113
1/21/2023 4:45,3.75,0.000439963
1/21/2023 5:00,3.615,0.000424125
1/21/2023 5:15,3.49,0.000409459
1/21/2023 5:30,3.52,0.000412979
1/21/2023 5:45,3.635,0.000426471
1/21/2023 6:00,3.46,0.00040594
1/21/2023 6:15,3.425,0.000401833
1/21/2023 6:30,3.54,0.000415326
1/21/2023 6:45,3.42,0.000401247
1/21/2023 7:00,3.405,0.000399487
1/21/2023 7:15,3.58,0.000420018
1/21/2023 7:30,3.48,0.000408286
1/21/2023 7:45,3.37,0.000395381
1/21/2023 8:00,3.37,0.000395381
1/21/2023 8:15,3.585,0.000420605
1/21/2023 8:30,3.42,0.000401247
1/21/2023 8:45,3.49,0.000409459
1/21/2023 9:00,3.68,0.000431751
1/21/2023 9:15,3.515,0.000412392
1/21/2023 9:30,3.545,0.000415912
1/21/2023 9:45,3.585,0.000420605
1/21/2023 10:00,3.595,0.000421778
1/21/2023 10:15,3.58,0.000420018
1/21/2023 10:30,3.745,0.000439377
1/21/2023 10:45,3.705,0.000434684
1/21/2023 11:00,3.77,0.00044231
1/21/2023 11:15,5.61,0.000658185
1/21/2023 11:30,4.58,0.000537342
1/21/2023 11:45,4.43,0.000519744
1/21/2023 12:00,5.545,0.000650559
1/21/2023 12:15,5.13,0.00060187
1/21/2023 12:30,5.375,0.000630614
1/21/2023 12:45,5.595,0.000656425
1/21/2023 13:00,5.15,0.000604216
1/21/2023 13:15,4.765,0.000559047
1/21/2023 13:30,4.845,0.000568433
1/21/2023 13:45,4.625,0.000542622
1/21/2023 14:00,4.81,0.000564326
1/21/2023 14:15,4.47,0.000524436
1/21/2023 14:30,4.435,0.00052033
1/21/2023 14:45,4.42,0.00051857
1/21/2023 15:00,4.635,0.000543795
1/21/2023 15:15,4.505,0.000528543
1/21/2023 15:30,4.27,0.000500972
1/21/2023 15:45,4.44,0.000520917
1/21/2023 16:00,4.68,0.000549074
1/21/2023 16:15,4.53,0.000531476
1/21/2023 16:30,4.54,0.000532649
1/21/2023 16:45,4.515,0.000529716
1/21/2023 17:00,4.53,0.000531476
1/21/2023 17:15,4.49,0.000526783
1/21/2023 17:30,4.62,0.000542035
1/21/2023 17:45,4.515,0.000529716
1/21/2023 18:00,4.34,0.000509184
1/21/2023 18:15,4.49,0.000526783
1/21/2023 18:30,4.415,0.000517984
1/21/2023 18:45,4.33,0.000508011
1/21/2023 19:00,4.565,0.000535582
1/21/2023 19:15,4.43,0.000519744
1/21/2023 19:30,4.395,0.000515637
1/21/2023 19:45,4.525,0.000530889
1/21/2023 20:00,4.355,0.000510944
1/21/2023 20:15,4.42,0.00051857
1/21/2023 20:30,4.345,0.000509771
1/21/2023 20:45,4.2,0.000492759
1/21/2023 21:00,4.26,0.000499798
1/21/2023 21:15,4.18,0.000490413
1/21/2023 21:30,4.11,0.0004822
1/21/2023 21:45,4.145,0.000486306
1/21/2023 22:00,4.19,0.000491586
1/21/2023 22:15,4.18,0.000490413
1/21/2023 22:30,4.11,0.0004822
1/21/2023 22:45,4.18,0.000490413
1/21/2023 23:00,4.165,0.000488653
1/21/2023 23:15,4.07,0.000477507
1/21/2023 23:30,4.09,0.000479853
1/21/2023 23:45,4.1,0.000481027
1/22/2023 0:00,4.04,0.000473987
1/22/2023 0:15,4.05,0.000475161
1/22/2023 0:30,4.165,0.000488653
1/22/2023 0:45,4.09,0.000479853
1/22/2023 1:00,4.035,0.000473401
1/22/2023 1:15,3.885,0.000455802
1/22/2023 1:30,3.955,0.000464015
1/22/2023 1:45,3.905,0.000458149
1/22/2023 2:00,3.895,0.000456975
1/22/2023 2:15,3.83,0.000449349
1/22/2023 2:30,3.87,0.000454042
1/22/2023 2:45,3.86,0.000452869
1/22/2023 3:00,3.845,0.000451109
1/22/2023 3:15,3.905,0.000458149
1/22/2023 3:30,3.895,0.000456975
1/22/2023 3:45,3.91,0.000458735
1/22/2023 4:00,3.895,0.000456975
1/22/2023 4:15,3.93,0.000461082
1/22/2023 4:30,3.915,0.000459322
1/22/2023 4:45,3.86,0.000452869
1/22/2023 5:00,3.87,0.000454042
1/22/2023 5:15,3.83,0.000449349
1/22/2023 5:30,3.84,0.000450523
1/22/2023 5:45,3.925,0.000460495
1/22/2023 6:00,3.885,0.000455802
1/22/2023 6:15,3.93,0.000461082
1/22/2023 6:30,3.96,0.000464601
1/22/2023 6:45,3.94,0.000462255
1/22/2023 7:00,4.005,0.000469881
1/22/2023 7:15,4.19,0.000491586
1/22/2023 7:30,3.91,0.000458735
1/22/2023 7:45,3.94,0.000462255
1/22/2023 8:00,4.035,0.000473401
1/22/2023 8:15,3.895,0.000456975
1/22/2023 8:30,3.87,0.000454042
1/22/2023 8:45,3.96,0.000464601
1/22/2023 9:00,3.895,0.000456975
1/22/2023 9:15,3.845,0.000451109
1/22/2023 9:30,4.035,0.000473401
1/22/2023 9:45,3.89,0.000456389
1/22/2023 10:00,3.925,0.000460495
1/22/2023 10:15,4.015,0.000471054
1/22/2023 10:30,4.13,0.000484546
1/22/2023 10:45,4.435,0.00052033
1/22/2023 11:00,4.55,0.000533822
1/22/2023 11:15,4.43,0.000519744
1/22/2023 11:30,4.435,0.00052033
1/22/2023 11:45,4.32,0.000506838
1/22/2023 12:00,4.395,0.000515637
1/22/2023 12:15,4.72,0.000553767
1/22/2023 12:30,4.73,0.000554941
1/22/2023 12:45,4.85,0.000569019
1/22/2023 13:00,4.815,0.000564913
1/22/2023 13:15,4.61,0.000540862
1/22/2023 13:30,4.765,0.000559047
1/22/2023 13:45,4.695,0.000550834
1/22/2023 14:00,4.56,0.000534996
1/22/2023 14:15,4.59,0.000538515
1/22/2023 14:30,4.68,0.000549074
1/22/2023 14:45,4.69,0.000550248
1/22/2023 15:00,4.58,0.000537342
1/22/2023 15:15,4.67,0.000547901
1/22/2023 15:30,4.56,0.000534996
1/22/2023 15:45,4.54,0.000532649
1/22/2023 16:00,4.63,0.000543208
1/22/2023 16:15,4.855,0.000569606
1/22/2023 16:30,4.76,0.00055846
1/22/2023 16:45,4.6,0.000539689
1/22/2023 17:00,4.43,0.000519744
1/22/2023 17:15,4.42,0.00051857
1/22/2023 17:30,4.415,0.000517984
1/22/2023 17:45,4.355,0.000510944
1/22/2023 18:00,4.36,0.000511531
1/22/2023 18:15,4.31,0.000505665
1/22/2023 18:30,4.43,0.000519744
1/22/2023 18:45,4.31,0.000505665
1/22/2023 19:00,4.31,0.000505665
1/22/2023 19:15,4.34,0.000509184
1/22/2023 19:30,4.21,0.000493932
1/22/2023 19:45,4.27,0.000500972
1/22/2023 20:00,4.21,0.000493932
1/22/2023 20:15,4.2,0.000492759
1/22/2023 20:30,4.26,0.000499798
1/22/2023 20:45,4.195,0.000492172
1/22/2023 21:00,4.225,0.000495692
1/22/2023 21:15,4.365,0.000512117
1/22/2023 21:30,4.18,0.000490413
1/22/2023 21:45,4.22,0.000495106
1/22/2023 22:00,4.29,0.000503318
1/22/2023 22:15,4.29,0.000503318
1/22/2023 22:30,4.305,0.000505078
1/22/2023 22:45,4.29,0.000503318
1/22/2023 23:00,4.31,0.000505665
1/22/2023 23:15,4.26,0.000499798
1/22/2023 23:30,4.34,0.000509184
1/22/2023 23:45,4.25,0.000498625
1/23/2023 0:00,4.275,0.000501558
1/23/2023 0:15,4.275,0.000501558
1/23/2023 0:30,4.325,0.000507425
1/23/2023 0:45,4.305,0.000505078
1/23/2023 1:00,4.275,0.000501558
1/23/2023 1:15,4.195,0.000492172
1/23/2023 1:30,4.17,0.000489239
1/23/2023 1:45,4.235,0.000496865
1/23/2023 2:00,4.14,0.00048572
1/23/2023 2:15,4.115,0.000482787
1/23/2023 2:30,4.1,0.000481027
1/23/2023 2:45,4.02,0.000471641
1/23/2023 3:00,4.03,0.000472814
1/23/2023 3:15,4.12,0.000483373
1/23/2023 3:30,3.995,0.000468708
1/23/2023 3:45,4.01,0.000470468
1/23/2023 4:00,4.03,0.000472814
1/23/2023 4:15,4.005,0.000469881
1/23/2023 4:30,4.025,0.000472227
1/23/2023 4:45,4.055,0.000475747
1/23/2023 5:00,4.015,0.000471054
1/23/2023 5:15,4.02,0.000471641
1/23/2023 5:30,4.135,0.000485133
1/23/2023 5:45,4.025,0.000472227
1/23/2023 6:00,3.99,0.000468121
1/23/2023 6:15,4.075,0.000478094
1/23/2023 6:30,4.045,0.000474574
1/23/2023 6:45,4.03,0.000472814
1/23/2023 7:00,4.11,0.0004822
1/23/2023 7:15,4.05,0.000475161
1/23/2023 7:30,4.05,0.000475161
1/23/2023 7:45,4.07,0.000477507
1/23/2023 8:00,4.01,0.000470468
1/23/2023 8:15,4.065,0.00047692
1/23/2023 8:30,4.19,0.000491586
1/23/2023 8:45,4.1,0.000481027
1/23/2023 9:00,4.105,0.000481613
1/23/2023 9:15,4.14,0.00048572
1/23/2023 9:30,4.11,0.0004822
1/23/2023 9:45,4.11,0.0004822
1/23/2023 10:00,4.225,0.000495692
1/23/2023 10:15,4.27,0.000500972
1/23/2023 10:30,4.13,0.000484546
1/23/2023 10:45,4.28,0.000502145
1/23/2023 11:00,4.23,0.000496279
1/23/2023 11:15,4.215,0.000494519
1/23/2023 11:30,4.265,0.000500385
1/23/2023 11:45,4.325,0.000507425
1/23/2023 12:00,4.305,0.000505078
1/23/2023 12:15,4.31,0.000505665
1/23/2023 12:30,4.3,0.000504491
1/23/2023 12:45,4.3,0.000504491
1/23/2023 13:00,4.295,0.000503905
1/23/2023 13:15,4.49,0.000526783
1/23/2023 13:30,4.35,0.000510358
1/23/2023 13:45,4.35,0.000510358
1/23/2023 14:00,4.425,0.000519157
1/23/2023 14:15,4.285,0.000502732
1/23/2023 14:30,4.35,0.000510358
1/23/2023 14:45,4.37,0.000512704
1/23/2023 15:00,4.36,0.000511531
1/23/2023 15:15,4.37,0.000512704
1/23/2023 15:30,4.345,0.000509771
1/23/2023 15:45,4.385,0.000514464
1/23/2023 16:00,4.425,0.000519157
1/23/2023 16:15,4.46,0.000523263
1/23/2023 16:30,4.575,0.000536755
1/23/2023 16:45,4.67,0.000547901
1/23/2023 17:00,4.61,0.000540862
1/23/2023 17:15,4.77,0.000559634
1/23/2023 17:30,4.905,0.000575472
1/23/2023 17:45,4.53,0.000531476
1/23/2023 18:00,4.555,0.000534409
1/23/2023 18:15,4.5,0.000527956
1/23/2023 18:30,4.5,0.000527956
1/23/2023 18:45,4.455,0.000522677
1/23/2023 19:00,4.48,0.00052561
1/23/2023 19:15,4.42,0.00051857
1/23/2023 19:30,4.4,0.000516224
1/23/2023 19:45,4.47,0.000524436
1/23/2023 20:00,4.375,0.000513291
1/23/2023 20:15,4.36,0.000511531
1/23/2023 20:30,4.31,0.000505665
1/23/2023 20:45,4.325,0.000507425
1/23/2023 21:00,4.36,0.000511531
1/23/2023 21:15,4.445,0.000521503
1/23/2023 21:30,4.39,0.000515051
1/23/2023 21:45,4.36,0.000511531
1/23/2023 22:00,4.31,0.000505665
1/23/2023 22:15,4.3,0.000504491
1/23/2023 22:30,4.33,0.000508011
1/23/2023 22:45,4.35,0.000510358
1/23/2023 23:00,4.28,0.000502145
1/23/2023 23:15,4.42,0.00051857
1/23/2023 23:30,4.34,0.000509184
1/23/2023 23:45,4.33,0.000508011
1/24/2023 0:00,4.29,0.000503318
1/24/2023 0:15,4.525,0.000530889
1/24/2023 0:30,4.285,0.000502732
1/24/2023 0:45,4.285,0.000502732
1/24/2023 1:00,4.32,0.000506838
1/24/2023 1:15,4.295,0.000503905
1/24/2023 1:30,4.31,0.000505665
1/24/2023 1:45,4.35,0.000510358
1/24/2023 2:00,4.33,0.000508011
1/24/2023 2:15,4.36,0.000511531
1/24/2023 2:30,4.48,0.00052561
1/24/2023 2:45,4.415,0.000517984
1/24/2023 3:00,4.41,0.000517397
1/24/2023 3:15,4.485,0.000526196
1/24/2023 3:30,4.49,0.000526783
1/24/2023 3:45,4.55,0.000533822
1/24/2023 4:00,4.52,0.000530303
1/24/2023 4:15,4.59,0.000538515
1/24/2023 4:30,4.715,0.000553181
1/24/2023 4:45,4.705,0.000552007
1/24/2023 5:00,4.645,0.000544968
1/24/2023 5:15,4.69,0.000550248
1/24/2023 5:30,4.64,0.000544381
1/24/2023 5:45,4.815,0.000564913
1/24/2023 6:00,4.735,0.000555527
1/24/2023 6:15,4.75,0.000557287
1/24/2023 6:30,4.785,0.000561393
1/24/2023 6:45,4.755,0.000557874
1/24/2023 7:00,4.76,0.00055846
1/24/2023 7:15,4.835,0.00056726
1/24/2023 7:30,4.73,0.000554941
1/24/2023 7:45,4.725,0.000554354
1/24/2023 8:00,4.68,0.000549074
1/24/2023 8:15,4.66,0.000546728
1/24/2023 8:30,4.695,0.000550834
1/24/2023 8:45,4.65,0.000545555
1/24/2023 9:00,4.62,0.000542035
1/24/2023 9:15,4.84,0.000567846
1/24/2023 9:30,4.61,0.000540862
1/24/2023 9:45,4.58,0.000537342
1/24/2023 10:00,4.6,0.000539689
1/24/2023 10:15,4.63,0.000543208
1/24/2023 10:30,4.64,0.000544381
1/24/2023 10:45,4.64,0.000544381
1/24/2023 11:00,4.715,0.000553181
1/24/2023 11:15,4.715,0.000553181
1/24/2023 11:30,4.935,0.000578992
1/24/2023 11:45,5.01,0.000587791
1/24/2023 12:00,5.205,0.000610669
1/24/2023 12:15,5.485,0.00064352
1/24/2023 12:30,5.66,0.000664052
1/24/2023 12:45,5.76,0.000675784
1/24/2023 13:00,5.58,0.000654666
1/24/2023 13:15,5.515,0.00064704
1/24/2023 13:30,5.33,0.000625335
1/24/2023 13:45,5.27,0.000618295
1/24/2023 14:00,5.11,0.000599524
1/24/2023 14:15,5.22,0.000612429
1/24/2023 14:30,5.275,0.000618882
1/24/2023 14:45,5.49,0.000644107
1/24/2023 15:00,5.28,0.000619469
1/24/2023 15:15,5.94,0.000696902
1/24/2023 15:30,5.395,0.000632961
1/24/2023 15:45,5.67,0.000665225
1/24/2023 16:00,5.825,0.00068341
1/24/2023 16:15,6.425,0.000753804
1/24/2023 16:30,6.35,0.000745005
1/24/2023 16:45,6.215,0.000729166
1/24/2023 17:00,6.285,0.000737379
1/24/2023 17:15,6.125,0.000718607
1/24/2023 17:30,5.89,0.000691036
1/24/2023 17:45,5.805,0.000681063
1/24/2023 18:00,6.255,0.000733859
1/24/2023 18:15,6.115,0.000717434
1/24/2023 18:30,5.8,0.000680477
1/24/2023 18:45,5.82,0.000682823
1/24/2023 19:00,6.755,0.000792521
1/24/2023 19:15,5.625,0.000659945
1/24/2023 19:30,5.49,0.000644107
1/24/2023 19:45,5.53,0.000648799
1/24/2023 20:00,5.52,0.000647626
1/24/2023 20:15,5.545,0.000650559
1/24/2023 20:30,5.465,0.000641173
1/24/2023 20:45,5.595,0.000656425
1/24/2023 21:00,5.275,0.000618882
1/24/2023 21:15,5.415,0.000635307
1/24/2023 21:30,5.205,0.000610669
1/24/2023 21:45,5.445,0.000638827
1/24/2023 22:00,5.245,0.000615362
1/24/2023 22:15,5.32,0.000624162
1/24/2023 22:30,5.285,0.000620055
1/24/2023 22:45,5.265,0.000617709
1/24/2023 23:00,5.24,0.000614776
1/24/2023 23:15,5.275,0.000618882
1/24/2023 23:30,5.26,0.000617122
1/24/2023 23:45,5.19,0.000608909
1/25/2023 0:00,5.2,0.000610083
1/25/2023 0:15,5.33,0.000625335
1/25/2023 0:30,5.36,0.000628854
1/25/2023 0:45,5.16,0.00060539
1/25/2023 1:00,5.11,0.000599524
1/25/2023 1:15,5.17,0.000606563
1/25/2023 1:30,5.115,0.00060011
1/25/2023 1:45,5.025,0.000589551
1/25/2023 2:00,5.16,0.00060539
1/25/2023 2:15,5.02,0.000588964
1/25/2023 2:30,5.02,0.000588964
1/25/2023 2:45,4.965,0.000582512
1/25/2023 3:00,5.025,0.000589551
1/25/2023 3:15,5.03,0.000590138
1/25/2023 3:30,4.99,0.000585445
1/25/2023 3:45,5.035,0.000590724
1/25/2023 4:00,5.05,0.000592484
1/25/2023 4:15,5.1,0.00059835
1/25/2023 4:30,5.125,0.000601283
1/25/2023 4:45,5.035,0.000590724
1/25/2023 5:00,5.08,0.000596004
1/25/2023 5:15,5.14,0.000603043
1/25/2023 5:30,5.13,0.00060187
1/25/2023 5:45,5.265,0.000617709
1/25/2023 6:00,5.13,0.00060187
1/25/2023 6:15,5.18,0.000607736
1/25/2023 6:30,5.59,0.000655839
1/25/2023 6:45,5.23,0.000613602
1/25/2023 7:00,5.22,0.000612429
1/25/2023 7:15,5.13,0.00060187
1/25/2023 7:30,5.135,0.000602457
1/25/2023 7:45,5.155,0.000604803
1/25/2023 8:00,5.33,0.000625335
1/25/2023 8:15,5.125,0.000601283
1/25/2023 8:30,5.13,0.00060187
1/25/2023 8:45,5.17,0.000606563
1/25/2023 9:00,5.245,0.000615362
1/25/2023 9:15,5.085,0.00059659
1/25/2023 9:30,5.13,0.00060187
1/25/2023 9:45,5.135,0.000602457
1/25/2023 10:00,5.215,0.000611843
1/25/2023 10:15,5.165,0.000605976
1/25/2023 10:30,5.38,0.000631201
1/25/2023 10:45,5.39,0.000632374
1/25/2023 11:00,6.37,0.000747351
1/25/2023 11:15,6.49,0.00076143
1/25/2023 11:30,7.18,0.000842383
1/25/2023 11:45,7.08,0.000830651
1/25/2023 12:00,6.975,0.000818332
1/25/2023 12:15,7.755,0.000909844
1/25/2023 12:30,8.87,0.00104066
1/25/2023 12:45,7.16,0.000840037
1/25/2023 13:00,6.79,0.000796627
1/25/2023 13:15,7.53,0.000883447
1/25/2023 13:30,6.975,0.000818332
1/25/2023 13:45,7.35,0.000862328
1/25/2023 14:00,6.23,0.000730926
1/25/2023 14:15,6.13,0.000719194
1/25/2023 14:30,6.165,0.0007233
1/25/2023 14:45,6.245,0.000732686
1/25/2023 15:00,6.44,0.000755564
1/25/2023 15:15,6.08,0.000713327
1/25/2023 15:30,6.725,0.000789001
1/25/2023 15:45,7.085,0.000831238
1/25/2023 16:00,7.26,0.000851769
1/25/2023 16:15,6.92,0.000811879
1/25/2023 16:30,6.48,0.000760257
1/25/2023 16:45,6.13,0.000719194
1/25/2023 17:00,6.415,0.000752631
1/25/2023 17:15,6.37,0.000747351
1/25/2023 17:30,5.915,0.000693969
1/25/2023 17:45,6.065,0.000711568
1/25/2023 18:00,5.745,0.000674024
1/25/2023 18:15,5.63,0.000660532
1/25/2023 18:30,5.625,0.000659945
1/25/2023 18:45,5.515,0.00064704
1/25/2023 19:00,5.59,0.000655839
1/25/2023 19:15,5.735,0.000672851
1/25/2023 19:30,5.62,0.000659359
1/25/2023 19:45,5.56,0.000652319
1/25/2023 20:00,5.495,0.000644693
1/25/2023 20:15,5.475,0.000642347
1/25/2023 20:30,5.23,0.000613602
1/25/2023 20:45,5.195,0.000609496
1/25/2023 21:00,5.105,0.000598937
1/25/2023 21:15,5.08,0.000596004
1/25/2023 21:30,5.115,0.00060011
1/25/2023 21:45,5.04,0.000591311
1/25/2023 22:00,5.105,0.000598937
1/25/2023 22:15,5.145,0.00060363
1/25/2023 22:30,5.1,0.00059835
1/25/2023 22:45,5.01,0.000587791
1/25/2023 23:00,5.06,0.000593657
1/25/2023 23:15,5.05,0.000592484
1/25/2023 23:30,5.065,0.000594244
1/25/2023 23:45,5.19,0.000608909
1/26/2023 0:00,5.035,0.000590724
1/26/2023 0:15,5.06,0.000593657
1/26/2023 0:30,5.13,0.00060187
1/26/2023 0:45,5.04,0.000591311
1/26/2023 1:00,5.02,0.000588964
1/26/2023 1:15,5.16,0.00060539
1/26/2023 1:30,5.04,0.000591311
1/26/2023 1:45,5.01,0.000587791
1/26/2023 2:00,5.225,0.000613016
1/26/2023 2:15,5.01,0.000587791
1/26/2023 2:30,4.99,0.000585445
1/26/2023 2:45,5.335,0.000625921
1/26/2023 3:00,4.98,0.000584271
1/26/2023 3:15,4.93,0.000578405
1/26/2023 3:30,5.425,0.00063648
1/26/2023 3:45,5.07,0.000594831
1/26/2023 4:00,5,0.000586618
1/26/2023 4:15,5.385,0.000631788
1/26/2023 4:30,4.96,0.000581925
1/26/2023 4:45,4.96,0.000581925
1/26/2023 5:00,5.32,0.000624162
1/26/2023 5:15,4.98,0.000584271
1/26/2023 5:30,4.975,0.000583685
1/26/2023 5:45,5.735,0.000672851
1/26/2023 6:00,4.94,0.000579579
1/26/2023 6:15,4.93,0.000578405
1/26/2023 6:30,5.645,0.000662292
1/26/2023 6:45,4.935,0.000578992
1/26/2023 7:00,4.945,0.000580165
1/26/2023 7:15,5.565,0.000652906
1/26/2023 7:30,4.925,0.000577819
1/26/2023 7:45,4.92,0.000577232
1/26/2023 8:00,5.68,0.000666398
1/26/2023 8:15,4.935,0.000578992
1/26/2023 8:30,4.92,0.000577232
1/26/2023 8:45,5.73,0.000672264
1/26/2023 9:00,4.935,0.000578992
1/26/2023 9:15,4.94,0.000579579
1/26/2023 9:30,5.745,0.000674024
1/26/2023 9:45,4.93,0.000578405
1/26/2023 10:00,5.07,0.000594831
1/26/2023 10:15,5.74,0.000673437
1/26/2023 10:30,5.17,0.000606563
1/26/2023 10:45,5.105,0.000598937
1/26/2023 11:00,5.61,0.000658185
1/26/2023 11:15,5.23,0.000613602
1/26/2023 11:30,5.295,0.000621228
1/26/2023 11:45,5.66,0.000664052
1/26/2023 12:00,5.585,0.000655252
1/26/2023 12:15,5.565,0.000652906
1/26/2023 12:30,5.94,0.000696902
1/26/2023 12:45,5.875,0.000689276
1/26/2023 13:00,5.92,0.000694556
1/26/2023 13:15,6.225,0.000730339
1/26/2023 13:30,5.88,0.000689863
1/26/2023 13:45,5.915,0.000693969
1/26/2023 14:00,5.895,0.000691623
1/26/2023 14:15,5.68,0.000666398
1/26/2023 14:30,5.77,0.000676957
1/26/2023 14:45,5.785,0.000678717
1/26/2023 15:00,5.725,0.000671678
1/26/2023 15:15,5.73,0.000672264
1/26/2023 15:30,5.685,0.000666985
1/26/2023 15:45,5.59,0.000655839
1/26/2023 16:00,5.57,0.000653492
1/26/2023 16:15,5.61,0.000658185
1/26/2023 16:30,5.49,0.000644107
1/26/2023 16:45,5.415,0.000635307
1/26/2023 17:00,5.545,0.000650559
1/26/2023 17:15,5.415,0.000635307
1/26/2023 17:30,5.35,0.000627681
1/26/2023 17:45,5.48,0.000642933
1/26/2023 18:00,5.475,0.000642347
1/26/2023 18:15,5.535,0.000649386
1/26/2023 18:30,5.655,0.000663465
1/26/2023 18:45,5.64,0.000661705
1/26/2023 19:00,5.635,0.000661118
1/26/2023 19:15,5.68,0.000666398
1/26/2023 19:30,5.63,0.000660532
1/26/2023 19:45,5.61,0.000658185
1/26/2023 20:00,5.645,0.000662292
1/26/2023 20:15,5.57,0.000653492
1/26/2023 20:30,5.49,0.000644107
1/26/2023 20:45,5.53,0.000648799
1/26/2023 21:00,5.495,0.000644693
1/26/2023 21:15,5.45,0.000639414
1/26/2023 21:30,5.52,0.000647626
1/26/2023 21:45,5.395,0.000632961
1/26/2023 22:00,5.385,0.000631788
1/26/2023 22:15,5.395,0.000632961
1/26/2023 22:30,5.32,0.000624162
1/26/2023 22:45,5.3,0.000621815
1/26/2023 23:00,5.39,0.000632374
1/26/2023 23:15,5.325,0.000624748
1/26/2023 23:30,5.305,0.000622402
1/26/2023 23:45,5.425,0.00063648
1/27/2023 0:00,5.37,0.000630028
1/27/2023 0:15,5.395,0.000632961
1/27/2023 0:30,5.505,0.000645866
1/27/2023 0:45,5.48,0.000642933
1/27/2023 1:00,5.435,0.000637654
1/27/2023 1:15,5.57,0.000653492
1/27/2023 1:30,5.475,0.000642347
1/27/2023 1:45,5.44,0.00063824
1/27/2023 2:00,5.545,0.000650559
1/27/2023 2:15,5.4,0.000633547
1/27/2023 2:30,5.34,0.000626508
1/27/2023 2:45,5.495,0.000644693
1/27/2023 3:00,5.31,0.000622988
1/27/2023 3:15,5.3,0.000621815
1/27/2023 3:30,5.345,0.000627095
1/27/2023 3:45,5.225,0.000613016
1/27/2023 4:00,5.22,0.000612429
1/27/2023 4:15,5.39,0.000632374
1/27/2023 4:30,5.2,0.000610083
1/27/2023 4:45,5.185,0.000608323
1/27/2023 5:00,5.4,0.000633547
1/27/2023 5:15,5.19,0.000608909
1/27/2023 5:30,5.2,0.000610083
1/27/2023 5:45,5.355,0.000628268
1/27/2023 6:00,5.18,0.000607736
1/27/2023 6:15,5.13,0.00060187
1/27/2023 6:30,5.325,0.000624748
1/27/2023 6:45,5.14,0.000603043
1/27/2023 7:00,5.11,0.000599524
1/27/2023 7:15,5.49,0.000644107
1/27/2023 7:30,5.095,0.000597764
1/27/2023 7:45,5.075,0.000595417
1/27/2023 8:00,5.38,0.000631201
1/27/2023 8:15,5.12,0.000600697
1/27/2023 8:30,5.135,0.000602457
1/27/2023 8:45,5.4,0.000633547
1/27/2023 9:00,5.14,0.000603043
1/27/2023 9:15,5.24,0.000614776
1/27/2023 9:30,5.445,0.000638827
1/27/2023 9:45,5.165,0.000605976
1/27/2023 10:00,5.15,0.000604216
1/27/2023 10:15,5.325,0.000624748
1/27/2023 10:30,5.15,0.000604216
1/27/2023 10:45,5.175,0.00060715
1/27/2023 11:00,5.33,0.000625335
1/27/2023 11:15,5.23,0.000613602
1/27/2023 11:30,5.26,0.000617122
1/27/2023 11:45,5.425,0.00063648
1/27/2023 12:00,5.325,0.000624748
1/27/2023 12:15,5.36,0.000628854
1/27/2023 12:30,5.535,0.000649386
1/27/2023 12:45,5.43,0.000637067
1/27/2023 13:00,5.505,0.000645866
1/27/2023 13:15,5.82,0.000682823
1/27/2023 13:30,5.885,0.000690449
1/27/2023 13:45,5.915,0.000693969
1/27/2023 14:00,5.935,0.000696316
1/27/2023 14:15,5.845,0.000685756
1/27/2023 14:30,5.91,0.000693382
1/27/2023 14:45,5.93,0.000695729
1/27/2023 15:00,5.84,0.00068517
1/27/2023 15:15,5.83,0.000683997
1/27/2023 15:30,5.775,0.000677544
1/27/2023 15:45,5.78,0.00067813
1/27/2023 16:00,5.72,0.000671091
1/27/2023 16:15,5.79,0.000679304
1/27/2023 16:30,5.745,0.000674024
1/27/2023 16:45,5.83,0.000683997
1/27/2023 17:00,6.11,0.000716847
1/27/2023 17:15,6.05,0.000709808
1/27/2023 17:30,6.24,0.000732099
1/27/2023 17:45,6.2,0.000727406
1/27/2023 18:00,6.135,0.00071978
1/27/2023 18:15,6.15,0.00072154
1/27/2023 18:30,6.13,0.000719194
1/27/2023 18:45,6.085,0.000713914
1/27/2023 19:00,6.01,0.000705115
1/27/2023 19:15,6.065,0.000711568
1/27/2023 19:30,5.92,0.000694556
1/27/2023 19:45,5.89,0.000691036
1/27/2023 20:00,5.89,0.000691036
1/27/2023 20:15,5.9,0.000692209
1/27/2023 20:30,5.855,0.00068693
1/27/2023 20:45,5.945,0.000697489
1/27/2023 21:00,5.825,0.00068341
1/27/2023 21:15,5.83,0.000683997
1/27/2023 21:30,5.92,0.000694556
1/27/2023 21:45,5.89,0.000691036
1/27/2023 22:00,5.94,0.000696902
1/27/2023 22:15,6.085,0.000713914
1/27/2023 22:30,6.055,0.000710394
1/27/2023 22:45,6.035,0.000708048
1/27/2023 23:00,6.205,0.000727993
1/27/2023 23:15,6.03,0.000707461
1/27/2023 23:30,6.04,0.000708634
1/27/2023 23:45,6.045,0.000709221
1/28/2023 0:00,5.985,0.000702182
1/28/2023 0:15,5.945,0.000697489
1/28/2023 0:30,5.9,0.000692209
1/28/2023 0:45,5.805,0.000681063
1/28/2023 1:00,5.745,0.000674024
1/28/2023 1:15,5.785,0.000678717
1/28/2023 1:30,5.74,0.000673437
1/28/2023 1:45,5.675,0.000665811
1/28/2023 2:00,5.72,0.000671091
1/28/2023 2:15,5.67,0.000665225
1/28/2023 2:30,5.635,0.000661118
1/28/2023 2:45,5.67,0.000665225
1/28/2023 3:00,5.595,0.000656425
1/28/2023 3:15,5.55,0.000651146
1/28/2023 3:30,5.695,0.000668158
1/28/2023 3:45,5.58,0.000654666
1/28/2023 4:00,5.61,0.000658185
1/28/2023 4:15,5.705,0.000669331
1/28/2023 4:30,5.58,0.000654666
1/28/2023 4:45,5.61,0.000658185
1/28/2023 5:00,5.625,0.000659945
1/28/2023 5:15,5.58,0.000654666
1/28/2023 5:30,5.55,0.000651146
1/28/2023 5:45,5.665,0.000664638
1/28/2023 6:00,5.59,0.000655839
1/28/2023 6:15,5.56,0.000652319
1/28/2023 6:30,5.605,0.000657599
1/28/2023 6:45,5.57,0.000653492
1/28/2023 7:00,5.555,0.000651733
1/28/2023 7:15,5.545,0.000650559
1/28/2023 7:30,5.53,0.000648799
1/28/2023 7:45,5.55,0.000651146
1/28/2023 8:00,5.73,0.000672264
1/28/2023 8:15,5.6,0.000657012
1/28/2023 8:30,5.55,0.000651146
1/28/2023 8:45,5.68,0.000666398
1/28/2023 9:00,5.56,0.000652319
1/28/2023 9:15,5.58,0.000654666
1/28/2023 9:30,5.645,0.000662292
1/28/2023 9:45,5.57,0.000653492
1/28/2023 10:00,5.57,0.000653492
1/28/2023 10:15,5.67,0.000665225
1/28/2023 10:30,5.53,0.000648799
1/28/2023 10:45,5.57,0.000653492
1/28/2023 11:00,5.61,0.000658185
1/28/2023 11:15,5.57,0.000653492
1/28/2023 11:30,5.71,0.000669918
1/28/2023 11:45,5.675,0.000665811
1/28/2023 12:00,5.71,0.000669918
1/28/2023 12:15,5.79,0.000679304
1/28/2023 12:30,6.03,0.000707461
1/28/2023 12:45,6.15,0.00072154
1/28/2023 13:00,6.205,0.000727993
1/28/2023 13:15,6.675,0.000783135
1/28/2023 13:30,6.33,0.000742658
1/28/2023 13:45,6.29,0.000737965
1/28/2023 14:00,6.26,0.000734446
1/28/2023 14:15,6.17,0.000723887
1/28/2023 14:30,6.44,0.000755564
1/28/2023 14:45,6.3,0.000739139
1/28/2023 15:00,6.235,0.000731513
1/28/2023 15:15,6.29,0.000737965
1/28/2023 15:30,6.555,0.000769056
1/28/2023 15:45,6.72,0.000788415
1/28/2023 16:00,6.45,0.000756737
1/28/2023 16:15,6.53,0.000766123
1/28/2023 16:30,6.39,0.000749698
1/28/2023 16:45,6.48,0.000760257
1/28/2023 17:00,6.46,0.00075791
1/28/2023 17:15,6.38,0.000748525
1/28/2023 17:30,6.41,0.000752044
1/28/2023 17:45,6.425,0.000753804
1/28/2023 18:00,6.295,0.000738552
1/28/2023 18:15,6.35,0.000745005
1/28/2023 18:30,6.465,0.000758497
1/28/2023 18:45,6.445,0.000756151
1/28/2023 19:00,6.58,0.000771989
1/28/2023 19:15,6.555,0.000769056
1/28/2023 19:30,6.675,0.000783135
1/28/2023 19:45,6.6,0.000774336
1/28/2023 20:00,6.91,0.000810706
1/28/2023 20:15,6.795,0.000797214
1/28/2023 20:30,6.89,0.00080836
1/28/2023 20:45,6.935,0.000813639
1/28/2023 21:00,6.83,0.00080132
1/28/2023 21:15,6.785,0.000796041
1/28/2023 21:30,6.82,0.000800147
1/28/2023 21:45,6.84,0.000802493
1/28/2023 22:00,6.615,0.000776096
1/28/2023 22:15,6.72,0.000788415
1/28/2023 22:30,6.58,0.000771989
1/28/2023 22:45,6.53,0.000766123
1/28/2023 23:00,6.78,0.000795454
1/28/2023 23:15,6.455,0.000757324
1/28/2023 23:30,6.475,0.00075967
1/28/2023 23:45,6.34,0.000743832
1/29/2023 0:00,6.25,0.000733272
1/29/2023 0:15,6.235,0.000731513
1/29/2023 0:30,6.395,0.000750284
1/29/2023 0:45,6.215,0.000729166
1/29/2023 1:00,6.15,0.00072154
1/29/2023 1:15,6.17,0.000723887
1/29/2023 1:30,6.155,0.000722127
1/29/2023 1:45,6.17,0.000723887
1/29/2023 2:00,6.125,0.000718607
1/29/2023 2:15,6.09,0.000714501
1/29/2023 2:30,6.025,0.000706875
1/29/2023 2:45,6.05,0.000709808
1/29/2023 3:00,6.06,0.000710981
1/29/2023 3:15,5.985,0.000702182
1/29/2023 3:30,6.17,0.000723887
1/29/2023 3:45,6.12,0.00071802
1/29/2023 4:00,6.12,0.00071802
1/29/2023 4:15,6.255,0.000733859
1/29/2023 4:30,6.125,0.000718607
1/29/2023 4:45,6.12,0.00071802
1/29/2023 5:00,6.225,0.000730339
1/29/2023 5:15,6.02,0.000706288
1/29/2023 5:30,5.935,0.000696316
1/29/2023 5:45,6,0.000703942
1/29/2023 6:00,5.95,0.000698075
1/29/2023 6:15,6.04,0.000708634
1/29/2023 6:30,6.08,0.000713327
1/29/2023 6:45,6.14,0.000720367
1/29/2023 7:00,5.985,0.000702182
1/29/2023 7:15,5.985,0.000702182
1/29/2023 7:30,5.93,0.000695729
1/29/2023 7:45,5.98,0.000701595
1/29/2023 8:00,5.98,0.000701595
1/29/2023 8:15,5.94,0.000696902
1/29/2023 8:30,5.905,0.000692796
1/29/2023 8:45,6.01,0.000705115
1/29/2023 9:00,5.965,0.000699835
1/29/2023 9:15,6.125,0.000718607
1/29/2023 9:30,6.24,0.000732099
1/29/2023 9:45,6.09,0.000714501
1/29/2023 10:00,6.11,0.000716847
1/29/2023 10:15,6.355,0.000745591
1/29/2023 10:30,6.455,0.000757324
1/29/2023 10:45,6.71,0.000787241
1/29/2023 11:00,6.805,0.000798387
1/29/2023 11:15,6.95,0.000815399
1/29/2023 11:30,7.2,0.00084473
1/29/2023 11:45,7.325,0.000859395
1/29/2023 12:00,7.94,0.000931549
1/29/2023 12:15,8.265,0.000969679
1/29/2023 12:30,8.3,0.000973786
1/29/2023 12:45,7.62,0.000894006
1/29/2023 13:00,7.45,0.000874061
1/29/2023 13:15,7.59,0.000890486
1/29/2023 13:30,7.795,0.000914537
1/29/2023 13:45,7.475,0.000876994
1/29/2023 14:00,7.395,0.000867608
1/29/2023 14:15,7.34,0.000861155
1/29/2023 14:30,7.33,0.000859982
1/29/2023 14:45,7.405,0.000868781
1/29/2023 15:00,7.615,0.000893419
1/29/2023 15:15,7.3,0.000856462
1/29/2023 15:30,7.205,0.000845316
1/29/2023 15:45,7.02,0.000823612
1/29/2023 16:00,7.08,0.000830651
1/29/2023 16:15,7.04,0.000825958
1/29/2023 16:30,7.67,0.000899872
1/29/2023 16:45,7.265,0.000852356
1/29/2023 17:00,7.2,0.00084473
1/29/2023 17:15,7.135,0.000837104
1/29/2023 17:30,6.465,0.000758497
1/29/2023 17:45,4.61,0.000540862
1/29/2023 18:00,3.49,0.000409459
1/29/2023 18:15,3.575,0.000419432
1/29/2023 18:30,3.49,0.000409459
1/29/2023 18:45,3.24,0.000380128
1/29/2023 19:00,3.205,0.000376022
1/29/2023 19:15,3.3,0.000387168
1/29/2023 19:30,3.18,0.000373089
1/29/2023 19:45,3.32,0.000389514
1/29/2023 20:00,3.065,0.000359597
1/29/2023 20:15,3.015,0.000353731
1/29/2023 20:30,3.105,0.00036429
1/29/2023 20:45,2.955,0.000346691
1/29/2023 21:00,2.965,0.000347864
1/29/2023 21:15,3.065,0.000359597
1/29/2023 21:30,2.77,0.000324986
1/29/2023 21:45,2.69,0.0003156
1/29/2023 22:00,2.615,0.000306801
1/29/2023 22:15,2.61,0.000306215
1/29/2023 22:30,2.45,0.000287443
1/29/2023 22:45,2.555,0.000299762
1/29/2023 23:00,2.38,0.00027923
1/29/2023 23:15,2.4,0.000281577
1/29/2023 23:30,2.225,0.000261045
1/29/2023 23:45,2.175,0.000255179
1/30/2023 0:00,2.21,0.000259285
1/30/2023 0:15,2.285,0.000268084
1/30/2023 0:30,2.12,0.000248726
1/30/2023 0:45,2.09,0.000245206
1/30/2023 1:00,2.175,0.000255179
1/30/2023 1:15,2.005,0.000235234
1/30/2023 1:30,2.125,0.000249313
1/30/2023 1:45,2.29,0.000268671
1/30/2023 2:00,2.105,0.000246966
1/30/2023 2:15,2.065,0.000242273
1/30/2023 2:30,2.14,0.000251072
1/30/2023 2:45,2.01,0.00023582
1/30/2023 3:00,2.86,0.000335545
1/30/2023 3:15,2.185,0.000256352
1/30/2023 3:30,1.925,0.000225848
1/30/2023 3:45,2.215,0.000259872
1/30/2023 4:00,1.905,0.000223501
1/30/2023 4:15,2.02,0.000236994
1/30/2023 4:30,2.885,0.000338479
1/30/2023 4:45,1.94,0.000227608
1/30/2023 5:00,1.71,0.000200623
1/30/2023 5:15,1.565,0.000183611
1/30/2023 5:30,1.47,0.000172466
1/30/2023 5:45,1.42,0.000166599
1/30/2023 6:00,1.435,0.000168359
1/30/2023 6:15,1.385,0.000162493
1/30/2023 6:30,1.445,0.000169533
1/30/2023 6:45,1.37,0.000160733
1/30/2023 7:00,1.355,0.000158973
1/30/2023 7:15,1.34,0.000157214
1/30/2023 7:30,1.295,0.000151934
1/30/2023 7:45,1.38,0.000161907
1/30/2023 8:00,1.365,0.000160147
1/30/2023 8:15,1.36,0.00015956
1/30/2023 8:30,1.42,0.000166599
1/30/2023 8:45,1.37,0.000160733
1/30/2023 9:00,1.345,0.0001578
1/30/2023 9:15,1.37,0.000160733
1/30/2023 9:30,1.415,0.000166013
1/30/2023 9:45,1.535,0.000180092
1/30/2023 10:00,1.53,0.000179505
1/30/2023 10:15,1.695,0.000198863
1/30/2023 10:30,1.705,0.000200037
1/30/2023 10:45,2.08,0.000244033
1/30/2023 11:00,2.035,0.000238754
1/30/2023 11:15,2.105,0.000246966
1/30/2023 11:30,2.69,0.0003156
1/30/2023 11:45,2.145,0.000251659
1/30/2023 12:00,2.255,0.000264565
1/30/2023 12:15,2.685,0.000315014
1/30/2023 12:30,4.85,0.000569019
1/30/2023 12:45,2.985,0.000350211
1/30/2023 13:00,2.415,0.000283336
1/30/2023 13:15,2.34,0.000274537
1/30/2023 13:30,2.46,0.000288616
1/30/2023 13:45,2.5,0.000293309
1/30/2023 14:00,2.63,0.000308561
1/30/2023 14:15,3.225,0.000378369
1/30/2023 14:30,3.61,0.000423538
1/30/2023 14:45,3.26,0.000382475
1/30/2023 15:00,2.99,0.000350798
1/30/2023 15:15,3.04,0.000356664
1/30/2023 15:30,3.135,0.000367809
1/30/2023 15:45,3.235,0.000379542
1/30/2023 16:00,3.24,0.000380128
1/30/2023 16:15,3.125,0.000366636
1/30/2023 16:30,3.165,0.000371329
1/30/2023 16:45,3.09,0.00036253
1/30/2023 17:00,2.89,0.000339065
1/30/2023 17:15,2.83,0.000332026
1/30/2023 17:30,3.06,0.00035901
1/30/2023 17:45,3.115,0.000365463
1/30/2023 18:00,3.38,0.000396554
1/30/2023 18:15,4.04,0.000473987
1/30/2023 18:30,3.735,0.000438204
1/30/2023 18:45,3.91,0.000458735
1/30/2023 19:00,3.94,0.000462255
1/30/2023 19:15,3.875,0.000454629
1/30/2023 19:30,3.83,0.000449349
1/30/2023 19:45,3.815,0.000447589
1/30/2023 20:00,3.855,0.000452282
1/30/2023 20:15,3.85,0.000451696
1/30/2023 20:30,3.85,0.000451696
1/30/2023 20:45,3.82,0.000448176
1/30/2023 21:00,3.86,0.000452869
1/30/2023 21:15,3.7,0.000434097
1/30/2023 21:30,3.44,0.000403593
1/30/2023 21:45,3.335,0.000391274
1/30/2023 22:00,3.14,0.000368396
1/30/2023 22:15,3.015,0.000353731
1/30/2023 22:30,2.94,0.000344931
1/30/2023 22:45,2.775,0.000325573
1/30/2023 23:00,2.68,0.000314427
1/30/2023 23:15,2.6,0.000305041
1/30/2023 23:30,2.48,0.000290963
1/30/2023 23:45,2.32,0.000272191
1/31/2023 0:00,2.34,0.000274537
1/31/2023 0:15,2.35,0.00027571
1/31/2023 0:30,2.23,0.000261632
1/31/2023 0:45,2.21,0.000259285
1/31/2023 1:00,2.165,0.000254006
1/31/2023 1:15,2.24,0.000262805
1/31/2023 1:30,2.09,0.000245206
1/31/2023 1:45,2.005,0.000235234
1/31/2023 2:00,1.97,0.000231127
1/31/2023 2:15,1.855,0.000217635
1/31/2023 2:30,1.83,0.000214702
1/31/2023 2:45,1.945,0.000228194
1/31/2023 3:00,1.795,0.000210596
1/31/2023 3:15,1.805,0.000211769
1/31/2023 3:30,1.78,0.000208836
1/31/2023 3:45,1.7,0.00019945
1/31/2023 4:00,1.69,0.000198277
1/31/2023 4:15,1.715,0.00020121
1/31/2023 4:30,1.75,0.000205316
1/31/2023 4:45,1.895,0.000222328
1/31/2023 5:00,1.65,0.000193584
1/31/2023 5:15,1.71,0.000200623
1/31/2023 5:30,1.635,0.000191824
1/31/2023 5:45,1.575,0.000184785
1/31/2023 6:00,1.565,0.000183611
1/31/2023 6:15,1.58,0.000185371
1/31/2023 6:30,1.58,0.000185371
1/31/2023 6:45,1.56,0.000183025
1/31/2023 7:00,1.58,0.000185371
1/31/2023 7:15,1.68,0.000197104
1/31/2023 7:30,1.755,0.000205903
1/31/2023 7:45,1.645,0.000192997
1/31/2023 8:00,1.585,0.000185958
1/31/2023 8:15,1.62,0.000190064
1/31/2023 8:30,1.5,0.000175985
1/31/2023 8:45,1.6,0.000187718
1/31/2023 9:00,1.51,0.000177159
1/31/2023 9:15,1.475,0.000173052
1/31/2023 9:30,1.55,0.000181852
1/31/2023 9:45,1.725,0.000202383
1/31/2023 10:00,1.73,0.00020297
1/31/2023 10:15,1.745,0.00020473
1/31/2023 10:30,1.86,0.000218222
1/31/2023 10:45,1.95,0.000228781
1/31/2023 11:00,2,0.000234647
1/31/2023 11:15,2.02,0.000236994
1/31/2023 11:30,2.17,0.000254592
1/31/2023 11:45,2.3,0.000269844
1/31/2023 12:00,2.35,0.00027571
1/31/2023 12:15,2.335,0.000273951
1/31/2023 12:30,2.34,0.000274537
1/31/2023 12:45,2.505,0.000293896
1/31/2023 13:00,2.6,0.000305041
1/31/2023 13:15,2.515,0.000295069
1/31/2023 13:30,2.69,0.0003156
1/31/2023 13:45,3.03,0.00035549
1/31/2023 14:00,3.5,0.000410633
1/31/2023 14:15,3.945,0.000462842
1/31/2023 14:30,4.345,0.000509771
1/31/2023 14:45,4.725,0.000554354
1/31/2023 15:00,4.385,0.000514464
1/31/2023 15:15,4.335,0.000508598
1/31/2023 15:30,4.35,0.000510358
1/31/2023 15:45,4.48,0.00052561
1/31/2023 16:00,4.7,0.000551421
1/31/2023 16:15,5.145,0.00060363
1/31/2023 16:30,5.23,0.000613602
1/31/2023 16:45,5.62,0.000659359
1/31/2023 17:00,5.92,0.000694556
1/31/2023 17:15,6.455,0.000757324
1/31/2023 17:30,6.685,0.000784308
1/31/2023 17:45,7.62,0.000894006
1/31/2023 18:00,8.62,0.001011329
1/31/2023 18:15,8.37,0.000981998
1/31/2023 18:30,8.22,0.0009644
1/31/2023 18:45,8.545,0.00100253
1/31/2023 19:00,7.325,0.000859395
1/31/2023 19:15,7.26,0.000851769
1/31/2023 19:30,7.28,0.000854116
1/31/2023 19:45,7.23,0.00084825
1/31/2023 20:00,7.725,0.000906325
1/31/2023 20:15,7.345,0.000861742
1/31/2023 20:30,7.83,0.000918644
1/31/2023 20:45,7.905,0.000927443
1/31/2023 21:00,8.005,0.000939175
1/31/2023 21:15,8.36,0.000980825
1/31/2023 21:30,9.325,0.001094042
1/31/2023 21:45,9.535,0.00111868
1/31/2023 22:00,9.755,0.001144492
1/31/2023 22:15,9.93,0.001165023
1/31/2023 22:30,11.075,0.001299359
1/31/2023 22:45,9.6,0.001126306
1/31/2023 23:00,9.87,0.001157984
1/31/2023 23:15,9.185,0.001077617
1/31/2023 23:30,7.92,0.000929203
1/31/2023 23:45,8.165,0.000957947
2/1/2023 0:00,7.415,0.000869954
2/1/2023 0:15,7.455,0.000874647
2/1/2023 0:30,7.275,0.000853529
2/1/2023 0:45,6.025,0.000706875
2/1/2023 1:00,5.045,0.000591898
2/1/2023 1:15,5.03,0.000590138
2/1/2023 1:30,4.14,0.00048572
2/1/2023 1:45,3.405,0.000399487
2/1/2023 2:00,3.655,0.000428818
2/1/2023 2:15,2.585,0.000303281
2/1/2023 2:30,2.365,0.00027747
2/1/2023 2:45,2.545,0.000298589
2/1/2023 3:00,2.195,0.000257525
2/1/2023 3:15,2.215,0.000259872
2/1/2023 3:30,1.99,0.000233474
2/1/2023 3:45,2.045,0.000239927
2/1/2023 4:00,2.235,0.000262218
2/1/2023 4:15,3.435,0.000403007
2/1/2023 4:30,3.265,0.000383062
2/1/2023 4:45,1.71,0.000200623
2/1/2023 5:00,1.66,0.000194757
2/1/2023 5:15,1.56,0.000183025
2/1/2023 5:30,1.5,0.000175985
2/1/2023 5:45,1.495,0.000175399
2/1/2023 6:00,1.455,0.000170706
2/1/2023 6:15,1.465,0.000171879
2/1/2023 6:30,1.405,0.00016484
2/1/2023 6:45,1.41,0.000165426
2/1/2023 7:00,1.415,0.000166013
2/1/2023 7:15,1.425,0.000167186
2/1/2023 7:30,1.37,0.000160733
2/1/2023 7:45,1.4,0.000164253
2/1/2023 8:00,1.45,0.000170119
2/1/2023 8:15,1.395,0.000163666
2/1/2023 8:30,1.31,0.000153694
2/1/2023 8:45,1.38,0.000161907
2/1/2023 9:00,1.43,0.000167773
2/1/2023 9:15,1.535,0.000180092
2/1/2023 9:30,1.615,0.000189478
2/1/2023 9:45,1.9,0.000222915
2/1/2023 10:00,1.82,0.000213529
2/1/2023 10:15,1.885,0.000221155
2/1/2023 10:30,2.28,0.000267498
2/1/2023 10:45,2.37,0.000278057
2/1/2023 11:00,2.58,0.000302695
2/1/2023 11:15,2.515,0.000295069
2/1/2023 11:30,3.135,0.000367809
2/1/2023 11:45,3.475,0.000407699
2/1/2023 12:00,5.23,0.000613602
2/1/2023 12:15,4.3,0.000504491
2/1/2023 12:30,3.32,0.000389514
2/1/2023 12:45,3.23,0.000378955
2/1/2023 13:00,3.31,0.000388341
2/1/2023 13:15,3.21,0.000376609
2/1/2023 13:30,3.975,0.000466361
2/1/2023 13:45,4.545,0.000533236
2/1/2023 14:00,6.47,0.000759084
2/1/2023 14:15,6.9,0.000809533
2/1/2023 14:30,7.525,0.00088286
2/1/2023 14:45,6.99,0.000820092
2/1/2023 15:00,6.165,0.0007233
2/1/2023 15:15,5.555,0.000651733
2/1/2023 15:30,5.76,0.000675784
2/1/2023 15:45,5.24,0.000614776
2/1/2023 16:00,5.275,0.000618882
2/1/2023 16:15,5.54,0.000649973
2/1/2023 16:30,6.465,0.000758497
2/1/2023 16:45,7.24,0.000849423
2/1/2023 17:00,8.66,0.001016022
2/1/2023 17:15,10.305,0.00120902
2/1/2023 17:30,12.915,0.001515234
2/1/2023 17:45,13.18,0.001546325
2/1/2023 18:00,14.91,0.001749295
2/1/2023 18:30,14.47,0.001697672
2/1/2023 18:45,11.625,0.001363887
2/1/2023 19:00,13.445,0.001577416
2/1/2023 19:15,9.295,0.001090523
2/1/2023 19:30,8.38,0.000983172
2/1/2023 19:45,6.975,0.000818332
2/1/2023 20:00,9.585,0.001124547
2/1/2023 20:15,5.375,0.000630614
2/1/2023 20:30,4.905,0.000575472
2/1/2023 20:45,4.39,0.000515051
2/1/2023 21:00,4.51,0.000529129
2/1/2023 21:15,4.045,0.000474574
2/1/2023 21:30,3.465,0.000406526
2/1/2023 21:45,3.115,0.000365463
2/1/2023 22:00,2.835,0.000332612
2/1/2023 22:15,2.68,0.000314427
2/1/2023 22:30,2.545,0.000298589
2/1/2023 22:45,2.465,0.000289203
2/1/2023 23:00,2.415,0.000283336
2/1/2023 23:15,2.245,0.000263391
2/1/2023 23:30,2.22,0.000260458
2/1/2023 23:45,2.17,0.000254592
2/2/2023 0:00,2.11,0.000247553
2/2/2023 0:15,1.995,0.000234061
2/2/2023 0:30,1.915,0.000224675
2/2/2023 0:45,1.925,0.000225848
2/2/2023 1:00,1.82,0.000213529
2/2/2023 1:15,1.81,0.000212356
2/2/2023 1:30,1.735,0.000203556
2/2/2023 1:45,1.705,0.000200037
2/2/2023 2:00,1.755,0.000205903
2/2/2023 2:15,1.915,0.000224675
2/2/2023 2:30,1.945,0.000228194
2/2/2023 2:45,2,0.000234647
2/2/2023 3:00,1.96,0.000229954
2/2/2023 3:15,2.41,0.00028275
2/2/2023 3:30,3.09,0.00036253
2/2/2023 3:45,28.215,0.003310285
2/2/2023 4:00,46.95,0.005508343
2/2/2023 4:15,61.555,0.007221854
2/2/2023 4:30,95.305,0.011181525
2/2/2023 4:45,134.725,0.015806421
2/2/2023 5:00,132.295,0.015521324
2/2/2023 5:15,127.435,0.014951132
2/2/2023 5:30,121.395,0.014242497
2/2/2023 5:45,120.62,0.014151572
2/2/2023 6:00,115.15,0.013509811
2/2/2023 6:15,112.57,0.013207117
2/2/2023 6:30,105.26,0.012349481
2/2/2023 6:45,103.74,0.012171149
2/2/2023 7:00,107.195,0.012576502
2/2/2023 7:15,102.885,0.012070838
2/2/2023 7:30,102.38,0.012011589
2/2/2023 7:45,101.76,0.011938849
2/2/2023 8:00,101.44,0.011901305
2/2/2023 8:15,94.245,0.011057162
2/2/2023 8:30,92.18,0.010814889
2/2/2023 8:45,91.785,0.010768546
2/2/2023 9:00,91.335,0.01071575
2/2/2023 9:15,91.53,0.010738628
2/2/2023 9:30,90.465,0.010613679
2/2/2023 9:45,92.065,0.010801396
2/2/2023 10:00,89.49,0.010499288
2/2/2023 10:15,84.525,0.009916777
2/2/2023 10:30,84.015,0.009856941
2/2/2023 10:45,79.13,0.009283816
2/2/2023 11:00,77.085,0.009043889
2/2/2023 11:15,74.26,0.00871245
2/2/2023 11:30,73.655,0.008641469
2/2/2023 11:45,73.715,0.008648508
2/2/2023 12:00,77.08,0.009043302
2/2/2023 12:15,79.82,0.009364769
2/2/2023 12:30,81.52,0.009564219
2/2/2023 12:45,78.675,0.009230434
2/2/2023 13:00,89.31,0.01047817
2/2/2023 13:15,168.87,0.019812435
2/2/2023 13:30,5.385,0.000631788
2/2/2023 13:45,3.15,0.000369569
2/2/2023 14:00,3.885,0.000455802
2/2/2023 14:15,5.515,0.00064704
2/2/2023 14:30,5.525,0.000648213
2/2/2023 14:45,5.42,0.000635894
2/2/2023 15:00,4.975,0.000583685
2/2/2023 15:15,4.89,0.000573712
2/2/2023 15:30,4.56,0.000534996
2/2/2023 15:45,4.36,0.000511531
2/2/2023 16:00,4.265,0.000500385
2/2/2023 16:15,4.56,0.000534996
2/2/2023 16:30,4.21,0.000493932
2/2/2023 16:45,5.645,0.000662292
2/2/2023 17:00,4.67,0.000547901
2/2/2023 17:15,3.975,0.000466361
2/2/2023 17:30,4.035,0.000473401
2/2/2023 17:45,4.02,0.000471641
2/2/2023 18:00,3.94,0.000462255
2/2/2023 18:15,3.39,0.000397727
2/2/2023 18:30,3.32,0.000389514
2/2/2023 18:45,2.925,0.000343172
2/2/2023 19:00,3.175,0.000372502
2/2/2023 19:15,2.77,0.000324986
2/2/2023 19:30,2.69,0.0003156
2/2/2023 19:45,2.555,0.000299762
2/2/2023 20:00,2.505,0.000293896
2/2/2023 20:15,2.46,0.000288616
2/2/2023 20:30,2.265,0.000265738
2/2/2023 20:45,2.245,0.000263391
2/2/2023 21:00,2.145,0.000251659
2/2/2023 21:15,2.045,0.000239927
2/2/2023 21:30,1.97,0.000231127
2/2/2023 21:45,1.935,0.000227021
2/2/2023 22:00,1.99,0.000233474
2/2/2023 22:15,1.84,0.000215875
2/2/2023 22:30,1.885,0.000221155
2/2/2023 22:45,1.93,0.000226435
2/2/2023 23:00,1.815,0.000212942
2/2/2023 23:15,1.77,0.000207663
2/2/2023 23:30,1.73,0.00020297
2/2/2023 23:45,1.72,0.000201797
2/3/2023 0:00,1.67,0.00019593
2/3/2023 0:15,1.62,0.000190064
2/3/2023 0:30,1.59,0.000186545
2/3/2023 0:45,1.575,0.000184785
2/3/2023 1:00,1.57,0.000184198
2/3/2023 1:15,1.6,0.000187718
2/3/2023 1:30,1.62,0.000190064
2/3/2023 1:45,1.58,0.000185371
2/3/2023 2:00,1.675,0.000196517
2/3/2023 2:15,2,0.000234647
2/3/2023 2:30,2.585,0.000303281
2/3/2023 2:45,23.13,0.002713695
2/3/2023 3:00,30.275,0.003551972
2/3/2023 3:15,29.12,0.003416463
2/3/2023 3:30,28.565,0.003351348
2/3/2023 3:45,26.845,0.003149552
2/3/2023 4:00,25.085,0.002943062
2/3/2023 4:15,23.055,0.002704895
2/3/2023 4:30,22.17,0.002601064
2/3/2023 4:45,20.545,0.002410413
2/3/2023 5:00,19.57,0.002296023
2/3/2023 5:15,20.79,0.002439157
2/3/2023 5:30,19.305,0.002264932
2/3/2023 5:45,18.1,0.002123557
2/3/2023 6:00,17.51,0.002054336
2/3/2023 6:15,16.945,0.001988048
2/3/2023 6:30,16.725,0.001962237
2/3/2023 6:45,15.17,0.001779799
2/3/2023 7:00,14.665,0.00172055
2/3/2023 7:15,14.29,0.001676554
2/3/2023 7:30,13.27,0.001556884
2/3/2023 7:45,12.645,0.001483557
2/3/2023 8:00,10.89,0.001277654
2/3/2023 8:15,10.875,0.001275894
2/3/2023 8:30,10.41,0.001221339
2/3/2023 8:45,10.27,0.001204913
2/3/2023 9:00,10.405,0.001220752
2/3/2023 9:15,10.11,0.001186142
2/3/2023 9:30,9.87,0.001157984
2/3/2023 9:45,9.64,0.001130999
2/3/2023 10:00,9.545,0.001119854
2/3/2023 10:15,9.46,0.001109881
2/3/2023 10:30,11.485,0.001347461
2/3/2023 10:45,11.255,0.001320477
2/3/2023 11:00,11.39,0.001336316
2/3/2023 11:15,11.81,0.001385592
2/3/2023 11:30,13.125,0.001539872
2/3/2023 11:45,12.235,0.001435454
2/3/2023 12:00,17.935,0.002104199
2/3/2023 12:15,21.75,0.002551788
2/3/2023 12:30,22.93,0.00269023
2/3/2023 12:45,55.625,0.006526125
2/3/2023 13:00,2.36,0.000276884
2/3/2023 13:15,2.34,0.000274537
2/3/2023 13:45,2.74,0.000321467
2/3/2023 14:00,3.44,0.000403593
2/3/2023 14:15,3.955,0.000464015
2/3/2023 14:30,4.47,0.000524436
2/3/2023 14:45,3.925,0.000460495
2/3/2023 15:00,3.83,0.000449349
2/3/2023 15:15,3.76,0.000441137
2/3/2023 15:30,3.675,0.000431164
2/3/2023 15:45,3.525,0.000413566
2/3/2023 16:00,3.33,0.000390688
2/3/2023 16:15,3.25,0.000381302
2/3/2023 16:30,3.13,0.000367223
2/3/2023 16:45,3.005,0.000352557
2/3/2023 17:00,4.365,0.000512117
2/3/2023 17:15,3.015,0.000353731
2/3/2023 17:30,2.915,0.000341998
2/3/2023 17:45,2.775,0.000325573
2/3/2023 18:00,2.745,0.000322053
2/3/2023 18:15,2.685,0.000315014
2/3/2023 18:30,2.7,0.000316774
2/3/2023 18:45,2.58,0.000302695
2/3/2023 19:00,2.49,0.000292136
2/3/2023 19:15,2.47,0.000289789
2/3/2023 19:30,2.405,0.000282163
2/3/2023 19:45,2.3,0.000269844
2/3/2023 20:00,2.31,0.000271017
2/3/2023 20:15,2.45,0.000287443
2/3/2023 20:30,2.4,0.000281577
2/3/2023 20:45,2.295,0.000269258
2/3/2023 21:00,2.43,0.000285096
2/3/2023 21:15,2.165,0.000254006
2/3/2023 21:30,2.155,0.000252832
2/3/2023 21:45,2.135,0.000250486
2/3/2023 22:00,2.05,0.000240513
2/3/2023 22:15,2.05,0.000240513
2/3/2023 22:30,2.05,0.000240513
2/3/2023 22:45,1.97,0.000231127
2/3/2023 23:00,1.92,0.000225261
2/3/2023 23:15,1.895,0.000222328
2/3/2023 23:30,1.8,0.000211182
2/3/2023 23:45,1.815,0.000212942
2/4/2023 0:00,1.83,0.000214702
2/4/2023 0:15,1.775,0.000208249
2/4/2023 0:30,1.69,0.000198277
2/4/2023 0:45,1.695,0.000198863
2/4/2023 1:00,1.675,0.000196517
2/4/2023 1:15,1.68,0.000197104
2/4/2023 1:30,1.65,0.000193584
2/4/2023 1:45,1.625,0.000190651
2/4/2023 2:00,1.65,0.000193584
2/4/2023 2:15,1.62,0.000190064
2/4/2023 2:30,1.645,0.000192997
2/4/2023 2:45,1.525,0.000178918
2/4/2023 3:00,1.485,0.000174226
2/4/2023 3:15,1.5,0.000175985
2/4/2023 3:30,1.57,0.000184198
2/4/2023 3:45,1.515,0.000177745
2/4/2023 4:00,1.465,0.000171879
2/4/2023 4:15,1.47,0.000172466
2/4/2023 4:30,1.49,0.000174812
2/4/2023 4:45,1.54,0.000180678
2/4/2023 5:00,1.57,0.000184198
2/4/2023 5:15,1.635,0.000191824
2/4/2023 5:30,1.785,0.000209423
2/4/2023 5:45,19.115,0.00224264
2/4/2023 6:00,3.695,0.000433511
2/4/2023 6:15,2.245,0.000263391
2/4/2023 6:30,3.59,0.000421192
2/4/2023 6:45,7.51,0.0008811
2/4/2023 7:00,3.405,0.000399487
2/4/2023 7:15,4.825,0.000566086
2/4/2023 7:30,7.075,0.000830064
2/4/2023 7:45,6.78,0.000795454
2/4/2023 8:00,6.42,0.000753217
2/4/2023 8:15,6.54,0.000767296
2/4/2023 8:45,7.57,0.00088814
2/4/2023 9:00,6.88,0.000807186
2/4/2023 9:15,9.035,0.001060019
2/4/2023 9:30,10.705,0.001255949
2/4/2023 9:45,6.32,0.000741485
2/4/2023 10:00,3.36,0.000394207
2/4/2023 10:15,2.435,0.000285683
2/4/2023 10:30,1.59,0.000186545
2/4/2023 10:45,1.495,0.000175399
2/4/2023 11:00,1.49,0.000174812
2/4/2023 11:30,1.485,0.000174226
2/4/2023 11:45,1.565,0.000183611
2/4/2023 12:00,1.66,0.000194757
2/4/2023 12:15,1.655,0.000194171
2/4/2023 12:30,1.685,0.00019769
2/4/2023 12:45,1.61,0.000188891
2/4/2023 13:00,1.6,0.000187718
2/4/2023 13:15,1.615,0.000189478
2/4/2023 13:30,1.755,0.000205903
2/4/2023 13:45,2.31,0.000271017
2/4/2023 14:00,2.975,0.000349038
2/4/2023 14:15,3.515,0.000412392
2/4/2023 14:30,3.445,0.00040418
2/4/2023 14:45,3.265,0.000383062
2/4/2023 15:00,3.15,0.000369569
2/4/2023 15:15,3.11,0.000364876
2/4/2023 15:30,2.895,0.000339652
2/4/2023 15:45,2.71,0.000317947
2/4/2023 16:00,2.71,0.000317947
2/4/2023 16:15,2.325,0.000272777
2/4/2023 16:30,2.155,0.000252832
2/4/2023 16:45,2.195,0.000257525
2/4/2023 17:00,2.085,0.00024462
2/4/2023 17:15,2.1,0.00024638
2/4/2023 17:30,2.11,0.000247553
2/4/2023 17:45,2.165,0.000254006
2/4/2023 18:00,2.055,0.0002411
2/4/2023 18:15,2.02,0.000236994
2/4/2023 18:30,1.98,0.000232301
2/4/2023 18:45,1.94,0.000227608
2/4/2023 19:00,1.975,0.000231714
2/4/2023 19:15,1.93,0.000226435
2/4/2023 19:30,1.92,0.000225261
2/4/2023 19:45,1.85,0.000217049
2/4/2023 20:00,1.88,0.000220568
2/4/2023 20:15,1.865,0.000218808
2/4/2023 20:30,1.845,0.000216462
2/4/2023 20:45,1.785,0.000209423
2/4/2023 21:00,1.81,0.000212356
2/4/2023 21:15,1.725,0.000202383
2/4/2023 21:30,1.675,0.000196517
2/4/2023 21:45,1.65,0.000193584
2/4/2023 22:00,1.695,0.000198863
2/4/2023 22:15,1.61,0.000188891
2/4/2023 22:30,1.6,0.000187718
2/4/2023 22:45,1.58,0.000185371
2/4/2023 23:00,1.58,0.000185371
2/4/2023 23:15,1.57,0.000184198
2/4/2023 23:30,1.525,0.000178918
2/4/2023 23:45,1.51,0.000177159
2/5/2023 0:00,1.475,0.000173052
2/5/2023 0:15,1.505,0.000176572
2/5/2023 0:30,1.51,0.000177159
2/5/2023 0:45,1.47,0.000172466
2/5/2023 1:00,1.435,0.000168359
2/5/2023 1:15,1.46,0.000171292
2/5/2023 1:30,1.41,0.000165426
2/5/2023 1:45,1.4,0.000164253
2/5/2023 2:00,1.385,0.000162493
2/5/2023 2:15,1.405,0.00016484
2/5/2023 2:30,1.44,0.000168946
2/5/2023 2:45,1.37,0.000160733
2/5/2023 3:00,1.39,0.00016308
2/5/2023 3:15,1.39,0.00016308
2/5/2023 3:30,1.395,0.000163666
2/5/2023 3:45,1.42,0.000166599
2/5/2023 4:00,1.44,0.000168946
2/5/2023 4:15,1.42,0.000166599
2/5/2023 4:30,1.415,0.000166013
2/5/2023 4:45,1.46,0.000171292
2/5/2023 5:00,1.575,0.000184785
2/5/2023 5:15,1.61,0.000188891
2/5/2023 5:30,1.655,0.000194171
2/5/2023 5:45,1.66,0.000194757
2/5/2023 6:00,1.78,0.000208836
2/5/2023 6:15,1.7,0.00019945
2/5/2023 6:30,2.735,0.00032088
2/5/2023 6:45,45.595,0.005349369
2/5/2023 7:00,36.465,0.004278205
2/5/2023 7:15,36.1,0.004235382
2/5/2023 7:30,31.67,0.003715638
2/5/2023 7:45,31.1,0.003648764
2/5/2023 8:00,2.185,0.000256352
2/5/2023 8:15,1.46,0.000171292
2/5/2023 8:30,1.41,0.000165426
2/5/2023 8:45,1.535,0.000180092
2/5/2023 9:00,1.36,0.00015956
2/5/2023 9:15,1.38,0.000161907
2/5/2023 9:30,1.49,0.000174812
2/5/2023 9:45,1.425,0.000167186
2/5/2023 10:00,1.575,0.000184785
2/5/2023 10:15,1.85,0.000217049
2/5/2023 10:30,1.865,0.000218808
2/5/2023 10:45,1.905,0.000223501
2/5/2023 11:00,1.735,0.000203556
2/5/2023 11:15,1.64,0.000192411
2/5/2023 11:30,1.635,0.000191824
2/5/2023 11:45,1.585,0.000185958
2/5/2023 12:00,1.62,0.000190064
2/5/2023 12:15,1.62,0.000190064
2/5/2023 12:30,1.67,0.00019593
2/5/2023 12:45,1.735,0.000203556
2/5/2023 13:00,1.69,0.000198277
2/5/2023 13:15,1.675,0.000196517
2/5/2023 13:30,1.695,0.000198863
2/5/2023 13:45,1.915,0.000224675
2/5/2023 14:00,3.205,0.000376022
2/5/2023 14:15,4.28,0.000502145
2/5/2023 14:30,4.18,0.000490413
2/5/2023 14:45,4.01,0.000470468
2/5/2023 15:00,5.615,0.000658772
2/5/2023 15:15,6.095,0.000715087
2/5/2023 15:30,4.79,0.00056198
2/5/2023 15:45,4.265,0.000500385
2/5/2023 16:00,3.76,0.000441137
2/5/2023 16:15,3.61,0.000423538
2/5/2023 16:30,3.6,0.000422365
2/5/2023 16:45,3.445,0.00040418
2/5/2023 17:00,3.385,0.00039714
2/5/2023 17:15,3.375,0.000395967
2/5/2023 17:30,3.19,0.000374262
2/5/2023 17:45,3.1,0.000363703
2/5/2023 18:00,3.08,0.000361357
2/5/2023 18:15,3.065,0.000359597
2/5/2023 18:30,3.08,0.000361357
2/5/2023 18:45,2.97,0.000348451
2/5/2023 19:00,2.855,0.000334959
2/5/2023 19:15,2.715,0.000318534
2/5/2023 19:30,2.615,0.000306801
2/5/2023 19:45,2.52,0.000295655
2/5/2023 20:00,2.54,0.000298002
2/5/2023 20:15,2.415,0.000283336
2/5/2023 20:30,2.29,0.000268671
2/5/2023 20:45,2.255,0.000264565
2/5/2023 21:00,2.12,0.000248726
2/5/2023 21:15,2.11,0.000247553
2/5/2023 21:30,2.025,0.00023758
2/5/2023 21:45,1.94,0.000227608
2/5/2023 22:00,2.03,0.000238167
2/5/2023 22:15,1.92,0.000225261
2/5/2023 22:30,1.905,0.000223501
2/5/2023 22:45,1.91,0.000224088
2/5/2023 23:00,1.845,0.000216462
2/5/2023 23:15,1.83,0.000214702
2/5/2023 23:30,1.825,0.000214116
2/5/2023 23:45,2.03,0.000238167
2/6/2023 0:00,1.785,0.000209423
2/6/2023 0:15,1.86,0.000218222
2/6/2023 0:30,1.865,0.000218808
2/6/2023 0:45,1.845,0.000216462
2/6/2023 1:00,1.83,0.000214702
2/6/2023 1:15,1.86,0.000218222
2/6/2023 1:30,1.89,0.000221742
2/6/2023 1:45,1.935,0.000227021
2/6/2023 2:00,1.935,0.000227021
2/6/2023 2:15,1.955,0.000229368
2/6/2023 2:30,1.945,0.000228194
2/6/2023 2:45,1.96,0.000229954
2/6/2023 3:00,2.02,0.000236994
2/6/2023 3:15,2.055,0.0002411
2/6/2023 3:30,1.955,0.000229368
2/6/2023 3:45,1.975,0.000231714
2/6/2023 4:00,1.98,0.000232301
2/6/2023 4:15,1.98,0.000232301
2/6/2023 4:30,1.955,0.000229368
2/6/2023 4:45,1.935,0.000227021
2/6/2023 5:00,1.97,0.000231127
2/6/2023 5:15,1.91,0.000224088
2/6/2023 5:30,1.91,0.000224088
2/6/2023 5:45,1.935,0.000227021
2/6/2023 6:00,2.04,0.00023934
2/6/2023 6:15,2.155,0.000252832
2/6/2023 6:30,2.265,0.000265738
2/6/2023 6:45,2.26,0.000265151
2/6/2023 7:00,2.245,0.000263391
2/6/2023 7:15,2.085,0.00024462
2/6/2023 7:30,2.025,0.00023758
2/6/2023 7:45,1.93,0.000226435
2/6/2023 8:00,1.96,0.000229954
2/6/2023 8:15,1.82,0.000213529
2/6/2023 8:30,1.81,0.000212356
2/6/2023 8:45,1.8,0.000211182
2/6/2023 9:00,1.775,0.000208249
2/6/2023 9:15,1.725,0.000202383
2/6/2023 9:30,1.765,0.000207076
2/6/2023 9:45,1.765,0.000207076
2/6/2023 10:00,1.685,0.00019769
2/6/2023 10:15,1.695,0.000198863
2/6/2023 10:30,1.69,0.000198277
2/6/2023 10:45,1.61,0.000188891
2/6/2023 11:00,1.62,0.000190064
2/6/2023 11:15,1.575,0.000184785
2/6/2023 11:30,1.53,0.000179505
2/6/2023 11:45,1.6,0.000187718
2/6/2023 12:00,1.55,0.000181852
2/6/2023 12:15,1.515,0.000177745
2/6/2023 12:30,1.525,0.000178918
2/6/2023 12:45,1.55,0.000181852
2/6/2023 13:00,1.59,0.000186545
2/6/2023 13:15,1.55,0.000181852
2/6/2023 13:30,1.645,0.000192997
2/6/2023 13:45,1.68,0.000197104
2/6/2023 14:00,1.77,0.000207663
2/6/2023 14:15,1.805,0.000211769
2/6/2023 14:30,1.78,0.000208836
2/6/2023 14:45,1.795,0.000210596
2/6/2023 15:00,1.81,0.000212356
2/6/2023 15:15,1.925,0.000225848
2/6/2023 15:30,1.88,0.000220568
2/6/2023 15:45,1.755,0.000205903
2/6/2023 16:00,1.775,0.000208249
2/6/2023 16:15,1.65,0.000193584
2/6/2023 16:30,1.58,0.000185371
2/6/2023 16:45,1.56,0.000183025
2/6/2023 17:00,1.595,0.000187131
2/6/2023 17:15,1.625,0.000190651
2/6/2023 17:30,1.64,0.000192411
2/6/2023 17:45,1.625,0.000190651
2/6/2023 18:00,1.61,0.000188891
2/6/2023 18:15,1.58,0.000185371
2/6/2023 18:30,1.595,0.000187131
2/6/2023 18:45,1.6,0.000187718
2/6/2023 19:00,1.62,0.000190064
2/6/2023 19:15,1.67,0.00019593
2/6/2023 19:30,1.705,0.000200037
2/6/2023 19:45,1.695,0.000198863
2/6/2023 20:00,1.75,0.000205316
2/6/2023 20:15,1.81,0.000212356
2/6/2023 20:30,1.785,0.000209423
2/6/2023 20:45,1.82,0.000213529
2/6/2023 21:00,1.845,0.000216462
2/6/2023 21:15,1.825,0.000214116
2/6/2023 21:30,1.82,0.000213529
2/6/2023 21:45,1.865,0.000218808
2/6/2023 22:00,1.83,0.000214702
2/6/2023 22:15,1.72,0.000201797
2/6/2023 22:30,1.71,0.000200623
2/6/2023 22:45,1.675,0.000196517
2/6/2023 23:00,1.75,0.000205316
2/6/2023 23:15,1.605,0.000188304
2/6/2023 23:30,1.64,0.000192411
2/6/2023 23:45,1.645,0.000192997
2/7/2023 0:00,1.57,0.000184198
2/7/2023 0:15,1.595,0.000187131
2/7/2023 0:30,1.6,0.000187718
2/7/2023 0:45,1.605,0.000188304
2/7/2023 1:00,1.545,0.000181265
2/7/2023 1:15,1.555,0.000182438
2/7/2023 1:30,1.545,0.000181265
2/7/2023 1:45,1.495,0.000175399
2/7/2023 2:00,1.575,0.000184785
2/7/2023 2:15,1.52,0.000178332
2/7/2023 2:30,1.52,0.000178332
2/7/2023 2:45,1.54,0.000180678
2/7/2023 3:00,1.575,0.000184785
2/7/2023 3:15,1.57,0.000184198
2/7/2023 3:30,1.565,0.000183611
2/7/2023 3:45,1.58,0.000185371
2/7/2023 4:00,1.59,0.000186545
2/7/2023 4:15,1.59,0.000186545
2/7/2023 4:30,1.57,0.000184198
2/7/2023 4:45,1.585,0.000185958
2/7/2023 5:00,1.575,0.000184785
2/7/2023 5:15,1.55,0.000181852
2/7/2023 5:30,1.575,0.000184785
2/7/2023 5:45,1.59,0.000186545
2/7/2023 6:00,1.605,0.000188304
2/7/2023 6:15,1.6,0.000187718
2/7/2023 6:30,1.605,0.000188304
2/7/2023 6:45,1.565,0.000183611
2/7/2023 7:00,1.56,0.000183025
2/7/2023 7:15,1.54,0.000180678
2/7/2023 7:30,1.585,0.000185958
2/7/2023 7:45,1.51,0.000177159
2/7/2023 8:00,1.515,0.000177745
2/7/2023 8:15,1.52,0.000178332
2/7/2023 8:30,1.51,0.000177159
2/7/2023 8:45,1.52,0.000178332
2/7/2023 9:00,1.5,0.000175985
2/7/2023 9:15,1.585,0.000185958
2/7/2023 9:30,1.49,0.000174812
2/7/2023 9:45,1.54,0.000180678
2/7/2023 10:00,1.535,0.000180092
2/7/2023 10:15,1.57,0.000184198
2/7/2023 10:30,1.57,0.000184198
2/7/2023 10:45,1.59,0.000186545
2/7/2023 11:00,1.64,0.000192411
2/7/2023 11:15,8.605,0.001009569
2/7/2023 11:30,6.695,0.000785481
2/7/2023 11:45,3.59,0.000421192
2/7/2023 12:00,2.255,0.000264565
2/7/2023 12:15,1.88,0.000220568
2/7/2023 12:30,1.755,0.000205903
2/7/2023 12:45,1.68,0.000197104
2/7/2023 13:00,1.665,0.000195344
2/7/2023 13:15,1.59,0.000186545
2/7/2023 13:30,1.55,0.000181852
2/7/2023 13:45,1.625,0.000190651
2/7/2023 14:00,1.63,0.000191237
2/7/2023 14:15,1.615,0.000189478
2/7/2023 14:30,1.73,0.00020297
2/7/2023 14:45,1.66,0.000194757
2/7/2023 15:00,1.65,0.000193584
2/7/2023 15:15,1.67,0.00019593
2/7/2023 15:30,1.67,0.00019593
2/7/2023 15:45,1.65,0.000193584
2/7/2023 16:00,1.66,0.000194757
2/7/2023 16:15,1.66,0.000194757
2/7/2023 16:30,1.595,0.000187131
2/7/2023 16:45,1.565,0.000183611
2/7/2023 17:00,1.55,0.000181852
2/7/2023 17:15,1.58,0.000185371
2/7/2023 17:30,1.565,0.000183611
2/7/2023 17:45,1.64,0.000192411
2/7/2023 18:00,1.61,0.000188891
2/7/2023 18:15,1.595,0.000187131
2/7/2023 18:30,1.62,0.000190064
2/7/2023 18:45,1.62,0.000190064
2/7/2023 19:00,1.6,0.000187718
2/7/2023 19:15,1.6,0.000187718
2/7/2023 19:30,1.59,0.000186545
2/7/2023 19:45,1.53,0.000179505
2/7/2023 20:00,1.55,0.000181852
2/7/2023 20:15,1.52,0.000178332
2/7/2023 20:30,1.505,0.000176572
2/7/2023 20:45,1.51,0.000177159
2/7/2023 21:00,1.49,0.000174812
2/7/2023 21:15,1.51,0.000177159
2/7/2023 21:30,1.48,0.000173639
2/7/2023 21:45,1.455,0.000170706
2/7/2023 22:00,1.45,0.000170119
2/7/2023 22:15,1.45,0.000170119
2/7/2023 22:30,1.51,0.000177159
2/7/2023 22:45,1.435,0.000168359
2/7/2023 23:00,1.445,0.000169533
2/7/2023 23:15,1.45,0.000170119
2/7/2023 23:30,1.43,0.000167773
2/7/2023 23:45,1.43,0.000167773
2/8/2023 0:00,1.425,0.000167186
2/8/2023 0:15,1.415,0.000166013
2/8/2023 0:30,1.42,0.000166599
2/8/2023 0:45,1.435,0.000168359
2/8/2023 1:00,1.415,0.000166013
2/8/2023 1:15,1.445,0.000169533
2/8/2023 1:30,1.45,0.000170119
2/8/2023 1:45,1.515,0.000177745
2/8/2023 2:00,1.52,0.000178332
2/8/2023 2:15,1.625,0.000190651
2/8/2023 2:30,2.2,0.000258112
2/8/2023 2:45,1.96,0.000229954
2/8/2023 3:00,2.12,0.000248726
2/8/2023 3:15,4.005,0.000469881
2/8/2023 3:30,2.485,0.000291549
2/8/2023 3:45,4.97,0.000583098
2/8/2023 4:00,6.065,0.000711568
2/8/2023 4:15,5.145,0.00060363
2/8/2023 4:30,4.65,0.000545555
2/8/2023 4:45,4.71,0.000552594
2/8/2023 5:00,4.315,0.000506251
2/8/2023 5:15,4.225,0.000495692
2/8/2023 5:30,4.225,0.000495692
2/8/2023 5:45,4.275,0.000501558
2/8/2023 6:00,4.36,0.000511531
2/8/2023 6:15,4.555,0.000534409
2/8/2023 6:30,4.57,0.000536169
2/8/2023 6:45,4.525,0.000530889
2/8/2023 7:00,4.485,0.000526196
2/8/2023 7:15,4.505,0.000528543
2/8/2023 7:30,4.34,0.000509184
2/8/2023 7:45,3.71,0.000435271
2/8/2023 8:00,3.785,0.00044407
2/8/2023 8:15,3.695,0.000433511
2/8/2023 8:30,3.68,0.000431751
2/8/2023 8:45,3.71,0.000435271
2/8/2023 9:00,3.7,0.000434097
2/8/2023 9:15,3.67,0.000430578
2/8/2023 9:30,3.68,0.000431751
2/8/2023 9:45,3.645,0.000427644
2/8/2023 10:00,3.665,0.000429991
2/8/2023 10:15,4.09,0.000479853
2/8/2023 10:30,4.06,0.000476334
2/8/2023 10:45,4.34,0.000509184
2/8/2023 11:15,2.43,0.000285096
2/8/2023 11:30,3.66,0.000429404
2/8/2023 11:45,3.93,0.000461082
2/8/2023 12:00,3.645,0.000427644
2/8/2023 12:15,4.3,0.000504491
2/8/2023 12:30,8.63,0.001012503
2/8/2023 12:45,3.145,0.000368983
2/8/2023 13:00,2.605,0.000305628
2/8/2023 13:15,2.55,0.000299175
2/8/2023 13:30,2.535,0.000297415
2/8/2023 13:45,2.48,0.000290963
2/8/2023 14:00,2.39,0.000280403
2/8/2023 14:15,2.43,0.000285096
2/8/2023 14:30,2.38,0.00027923
2/8/2023 14:45,2.495,0.000292722
2/8/2023 15:00,2.31,0.000271017
2/8/2023 15:15,2.315,0.000271604
2/8/2023 15:30,2.345,0.000275124
2/8/2023 15:45,2.17,0.000254592
2/8/2023 16:00,2.06,0.000241687
2/8/2023 16:15,2.14,0.000251072
2/8/2023 16:30,1.94,0.000227608
2/8/2023 16:45,1.93,0.000226435
2/8/2023 17:00,1.835,0.000215289
2/8/2023 17:15,2.11,0.000247553
2/8/2023 17:30,1.885,0.000221155
2/8/2023 17:45,2.1,0.00024638
2/8/2023 18:00,1.93,0.000226435
2/8/2023 18:15,1.95,0.000228781
2/8/2023 18:30,1.93,0.000226435
2/8/2023 18:45,1.95,0.000228781
2/8/2023 19:00,1.925,0.000225848
2/8/2023 19:15,1.845,0.000216462
2/8/2023 19:30,1.85,0.000217049
2/8/2023 19:45,1.81,0.000212356
2/8/2023 20:00,1.825,0.000214116
2/8/2023 20:15,1.765,0.000207076
2/8/2023 20:30,1.845,0.000216462
2/8/2023 20:45,1.84,0.000215875
2/8/2023 21:00,1.79,0.000210009
2/8/2023 21:15,1.84,0.000215875
2/8/2023 21:30,1.87,0.000219395
2/8/2023 21:45,1.925,0.000225848
2/8/2023 22:00,1.87,0.000219395
2/8/2023 22:15,1.945,0.000228194
2/8/2023 22:30,1.925,0.000225848
2/8/2023 22:45,1.865,0.000218808
2/8/2023 23:00,1.895,0.000222328
2/8/2023 23:15,1.835,0.000215289
2/8/2023 23:30,1.78,0.000208836
2/8/2023 23:45,1.755,0.000205903
2/9/2023 0:00,1.81,0.000212356
2/9/2023 0:15,1.755,0.000205903
2/9/2023 0:30,1.77,0.000207663
2/9/2023 0:45,1.765,0.000207076
2/9/2023 1:00,1.715,0.00020121
2/9/2023 1:15,1.665,0.000195344
2/9/2023 1:30,1.62,0.000190064
2/9/2023 1:45,1.745,0.00020473
2/9/2023 2:00,1.79,0.000210009
2/9/2023 2:15,1.82,0.000213529
2/9/2023 2:30,1.83,0.000214702
2/9/2023 2:45,2.2,0.000258112
2/9/2023 3:00,2.24,0.000262805
2/9/2023 3:15,32.56,0.003820056
2/9/2023 3:30,57.66,0.006764878
2/9/2023 3:45,23.65,0.002774703
2/9/2023 4:00,25.3,0.002968287
2/9/2023 4:15,22.5,0.002639781
2/9/2023 4:30,8.84,0.001037141
2/9/2023 4:45,7.79,0.000913951
2/9/2023 5:00,7.185,0.00084297
2/9/2023 5:15,6.135,0.00071978
2/9/2023 5:30,5.44,0.00063824
2/9/2023 5:45,5.385,0.000631788
2/9/2023 6:00,3.95,0.000463428
2/9/2023 6:15,3.61,0.000423538
2/9/2023 6:30,3.395,0.000398314
2/9/2023 6:45,3.4,0.0003989
2/9/2023 7:00,3.1,0.000363703
2/9/2023 7:15,3,0.000351971
2/9/2023 7:30,2.865,0.000336132
2/9/2023 7:45,2.675,0.000313841
2/9/2023 8:00,2.68,0.000314427
2/9/2023 8:15,2.59,0.000303868
2/9/2023 8:30,2.605,0.000305628
2/9/2023 8:45,2.595,0.000304455
2/9/2023 9:00,2.94,0.000344931
2/9/2023 9:15,2.99,0.000350798
2/9/2023 9:30,3.075,0.00036077
2/9/2023 9:45,2.64,0.000309734
2/9/2023 10:00,2.565,0.000300935
2/9/2023 10:15,2.645,0.000310321
2/9/2023 10:30,2.765,0.0003244
2/9/2023 10:45,2.65,0.000310908
2/9/2023 11:00,2.685,0.000315014
2/9/2023 11:15,2.84,0.000333199
2/9/2023 11:30,2.86,0.000335545
2/9/2023 11:45,3.42,0.000401247
2/9/2023 12:00,3.315,0.000388928
2/9/2023 12:15,3.46,0.00040594
2/9/2023 12:30,3.62,0.000424711
2/9/2023 12:45,3.795,0.000445243
2/9/2023 13:00,4.4,0.000516224
2/9/2023 13:15,15.595,0.001829661
2/9/2023 13:30,8.055,0.000945042
2/9/2023 13:45,5.15,0.000604216
2/9/2023 14:00,4.985,0.000584858
2/9/2023 14:15,5.205,0.000610669
2/9/2023 14:30,5.12,0.000600697
2/9/2023 14:45,6.25,0.000733272
2/9/2023 15:00,4.955,0.000581338
2/9/2023 15:15,4.32,0.000506838
2/9/2023 15:30,4.01,0.000470468
2/9/2023 15:45,3.69,0.000432924
2/9/2023 16:00,3.77,0.00044231
2/9/2023 16:15,3.57,0.000418845
2/9/2023 16:30,3.26,0.000382475
2/9/2023 16:45,3.05,0.000357837
2/9/2023 17:00,2.92,0.000342585
2/9/2023 17:15,2.905,0.000340825
2/9/2023 17:30,2.895,0.000339652
2/9/2023 17:45,2.82,0.000330853
2/9/2023 18:00,2.77,0.000324986
2/9/2023 18:15,2.75,0.00032264
2/9/2023 18:30,2.62,0.000307388
2/9/2023 18:45,2.565,0.000300935
2/9/2023 19:00,2.605,0.000305628
2/9/2023 19:15,2.595,0.000304455
2/9/2023 19:30,2.735,0.00032088
2/9/2023 19:45,2.805,0.000329093
2/9/2023 20:00,2.87,0.000336719
2/9/2023 20:15,2.79,0.000327333
2/9/2023 20:30,2.665,0.000312667
2/9/2023 20:45,2.57,0.000301522
2/9/2023 21:00,2.5,0.000293309
2/9/2023 21:15,2.415,0.000283336
2/9/2023 21:30,2.29,0.000268671
2/9/2023 21:45,2.23,0.000261632
2/9/2023 22:00,2.155,0.000252832
2/9/2023 22:15,2.055,0.0002411
2/9/2023 22:30,2.01,0.00023582
2/9/2023 22:45,1.99,0.000233474
2/9/2023 23:00,1.94,0.000227608
2/9/2023 23:15,1.945,0.000228194
2/9/2023 23:30,1.92,0.000225261
2/9/2023 23:45,1.855,0.000217635
2/10/2023 0:00,1.87,0.000219395
2/10/2023 0:15,1.83,0.000214702
2/10/2023 0:30,1.73,0.00020297
2/10/2023 0:45,1.7,0.00019945
2/10/2023 1:00,1.625,0.000190651
2/10/2023 1:15,1.635,0.000191824
2/10/2023 1:30,1.825,0.000214116
2/10/2023 1:45,2.56,0.000300348
2/10/2023 2:00,3.11,0.000364876
2/10/2023 2:15,8.66,0.001016022
2/10/2023 2:30,13.25,0.001554538
2/10/2023 2:45,44.935,0.005271936
2/10/2023 3:00,48.925,0.005740057
2/10/2023 3:15,89.895,0.010546804
2/10/2023 3:30,136.79,0.016048694
2/10/2023 3:45,223.81,0.026258193
2/10/2023 4:00,216.215,0.02536712
2/10/2023 4:15,211.955,0.024867322
2/10/2023 4:30,201.38,0.023626625
2/10/2023 4:45,215.57,0.025291446
2/10/2023 5:00,207.7,0.02436811
2/10/2023 5:15,199.08,0.02335678
2/10/2023 5:30,193.155,0.022661638
2/10/2023 5:45,192.73,0.022611776
2/10/2023 6:00,187.7,0.022021638
2/10/2023 6:15,182.13,0.021368146
2/10/2023 6:30,179.125,0.021015588
2/10/2023 6:45,176.65,0.020725212
2/10/2023 7:00,173.205,0.020321033
2/10/2023 7:15,169.56,0.019893388
2/10/2023 7:30,165.935,0.01946809
2/10/2023 7:45,162.49,0.01906391
2/10/2023 8:00,158.695,0.018618667
2/10/2023 8:15,154.51,0.018127668
2/10/2023 8:30,157.16,0.018438576
2/10/2023 8:45,153.73,0.018036156
2/10/2023 9:00,150.825,0.017695331
2/10/2023 9:15,148.815,0.01745951
2/10/2023 9:30,147.49,0.017304056
2/10/2023 9:45,152.23,0.01786017
2/10/2023 10:00,183.67,0.021548824
2/10/2023 10:15,180.415,0.021166936
2/10/2023 10:30,179.71,0.021084222
2/10/2023 10:45,177.86,0.020867174
2/10/2023 11:00,176.51,0.020708787
2/10/2023 11:15,170.3,0.019980208
2/10/2023 11:30,164.175,0.019261601
2/10/2023 11:45,153.77,0.018040849
2/10/2023 12:00,144.755,0.016983176
2/10/2023 12:15,143.12,0.016791352
2/10/2023 12:30,140.97,0.016539107
2/10/2023 12:45,137.54,0.016136687
2/10/2023 13:00,135.655,0.015915532
2/10/2023 13:15,135.605,0.015909666
2/10/2023 13:30,140.83,0.016522681
2/10/2023 13:45,139.865,0.016409464
2/10/2023 14:00,137.56,0.016139033
2/10/2023 14:15,138.005,0.016191242
2/10/2023 14:30,135.81,0.015933717
2/10/2023 14:45,133.525,0.015665632
2/10/2023 15:00,130.485,0.015308969
2/10/2023 15:15,126.06,0.014789812
2/10/2023 15:30,123.97,0.014544606
2/10/2023 15:45,120.01,0.014080004
2/10/2023 16:00,120.79,0.014171517
2/10/2023 16:15,118.43,0.013894633
2/10/2023 16:30,118.375,0.01388818
2/10/2023 16:45,114.405,0.013422405
2/10/2023 17:00,116.22,0.013635348
2/10/2023 17:15,114.105,0.013387208
2/10/2023 17:30,110.95,0.013017052
2/10/2023 17:45,109.42,0.012837547
2/10/2023 18:00,104.19,0.012223945
2/10/2023 18:15,97.915,0.011487739
2/10/2023 18:30,96.12,0.011277144
2/10/2023 18:45,112.755,0.013228821
2/10/2023 19:00,95.96,0.011258372
2/10/2023 19:15,99.05,0.011620902
2/10/2023 19:30,101.295,0.011884293
2/10/2023 19:45,103.71,0.01216763
2/10/2023 20:00,104.98,0.012316631
2/10/2023 20:15,108.925,0.012779472
2/10/2023 20:30,106.92,0.012544238
2/10/2023 20:45,108.155,0.012689133
2/10/2023 21:00,108.47,0.01272609
2/10/2023 21:15,107.55,0.012618152
2/10/2023 21:30,109.96,0.012900902
2/10/2023 21:45,111.75,0.013110911
2/10/2023 22:00,108.87,0.012773019
2/10/2023 22:15,109.985,0.012903835
2/10/2023 22:30,99.455,0.011668418
2/10/2023 22:45,97.11,0.011393294
2/10/2023 23:00,94.05,0.011034284
2/10/2023 23:15,93.675,0.010990287
2/10/2023 23:30,95.91,0.011252506
2/10/2023 23:45,95.9,0.011251332
2/11/2023 0:00,89.48,0.010498115
2/11/2023 0:15,89.275,0.010474064
2/11/2023 0:30,87.49,0.010264641
2/11/2023 0:45,83.645,0.009813532
2/11/2023 1:00,84.555,0.009920296
2/11/2023 1:15,85.93,0.010081616
2/11/2023 1:30,86.995,0.010206566
2/11/2023 1:45,87.15,0.010224751
2/11/2023 2:00,87.655,0.010283999
2/11/2023 2:15,86.75,0.010177822
2/11/2023 2:30,89,0.0104418
2/11/2023 2:45,88.195,0.010347354
2/11/2023 3:00,86.45,0.010142624
2/11/2023 3:15,85.54,0.01003586
2/11/2023 3:30,85.275,0.010004769
2/11/2023 3:45,85.4,0.010019435
2/11/2023 4:00,85.945,0.010083376
2/11/2023 4:15,85.855,0.010072817
2/11/2023 4:30,88.59,0.010393697
2/11/2023 4:45,87.06,0.010214192
2/11/2023 5:00,86.49,0.010147317
2/11/2023 5:15,86.95,0.010201286
2/11/2023 5:30,87.075,0.010215952
2/11/2023 5:45,89.04,0.010446493
2/11/2023 6:00,87.42,0.010256428
2/11/2023 6:15,88.98,0.010439453
2/11/2023 6:30,87.82,0.010303358
2/11/2023 6:45,86.495,0.010147904
2/11/2023 7:00,89.585,0.010510434
2/11/2023 7:15,85.415,0.010021195
2/11/2023 7:30,85.045,0.009977785
2/11/2023 7:45,84.99,0.009971332
2/11/2023 8:00,85.955,0.010084549
2/11/2023 8:15,85.82,0.010068711
2/11/2023 8:30,85.93,0.010081616
2/11/2023 8:45,84.92,0.009963119
2/11/2023 9:00,88.07,0.010332689
2/11/2023 9:15,88.14,0.010340901
2/11/2023 9:30,76.41,0.008964696
2/11/2023 9:45,77.35,0.00907498
2/11/2023 10:00,79.115,0.009282056
2/11/2023 10:15,81.705,0.009585924
2/11/2023 10:30,84.88,0.009958426
2/11/2023 10:45,87.16,0.010225924
2/11/2023 11:00,96.15,0.011280663
2/11/2023 11:15,98.205,0.011521763
2/11/2023 11:30,99.95,0.011726493
2/11/2023 11:45,103.44,0.012135952
2/11/2023 12:00,108.64,0.012746035
2/11/2023 12:15,116.685,0.013689903
2/11/2023 12:30,122.96,0.014426109
2/11/2023 12:45,123.035,0.014434908
2/11/2023 13:00,126.73,0.014868419
2/11/2023 13:15,130.495,0.015310142
2/11/2023 13:30,128.405,0.015064936
2/11/2023 13:45,129.49,0.015192232
2/11/2023 14:00,124.17,0.01456807
2/11/2023 14:15,133.18,0.015625156
2/11/2023 14:30,138.245,0.0162194
2/11/2023 14:45,127.26,0.0149306
2/11/2023 15:00,91.515,0.010736868
2/11/2023 15:15,64.765,0.007598462
2/11/2023 15:30,24.59,0.002884987
2/11/2023 15:45,31.845,0.00373617
2/11/2023 16:00,28.31,0.003321431
2/11/2023 16:15,8.035,0.000942695
2/11/2023 16:30,5.72,0.000671091
2/11/2023 16:45,5.485,0.00064352
2/11/2023 17:00,5.45,0.000639414
2/11/2023 17:15,5.74,0.000673437
2/11/2023 17:30,5.78,0.00067813
2/11/2023 17:45,8.185,0.000960294
2/11/2023 18:00,5.56,0.000652319
2/11/2023 18:15,5.23,0.000613602
2/11/2023 18:30,5.025,0.000589551
2/11/2023 18:45,5.155,0.000604803
2/11/2023 19:00,5.9,0.000692209
2/11/2023 19:15,5.1,0.00059835
2/11/2023 19:30,5.07,0.000594831
2/11/2023 19:45,5.16,0.00060539
2/11/2023 20:00,5.45,0.000639414
2/11/2023 20:15,5.29,0.000620642
2/11/2023 20:30,5.24,0.000614776
2/11/2023 20:45,5.13,0.00060187
2/11/2023 21:00,4.98,0.000584271
2/11/2023 21:15,4.83,0.000566673
2/11/2023 21:30,4.61,0.000540862
2/11/2023 21:45,4.59,0.000538515
2/11/2023 22:00,4.185,0.000490999
2/11/2023 22:15,4.03,0.000472814
2/11/2023 22:30,3.89,0.000456389
2/11/2023 22:45,3.85,0.000451696
2/11/2023 23:00,3.605,0.000422952
2/11/2023 23:15,3.495,0.000410046
2/11/2023 23:30,3.595,0.000421778
2/11/2023 23:45,4.045,0.000474574
2/12/2023 0:00,3.335,0.000391274
2/12/2023 0:15,3.32,0.000389514
2/12/2023 0:30,3.28,0.000384821
2/12/2023 0:45,3.35,0.000393034
2/12/2023 1:00,3.355,0.000393621
2/12/2023 1:15,6.085,0.000713914
2/12/2023 1:30,3.1,0.000363703
2/12/2023 1:45,3.035,0.000356077
2/12/2023 2:00,2.86,0.000335545
2/12/2023 2:15,2.975,0.000349038
2/12/2023 2:30,2.755,0.000323226
2/12/2023 2:45,2.77,0.000324986
2/12/2023 3:00,2.655,0.000311494
2/12/2023 3:15,2.605,0.000305628
2/12/2023 3:30,2.56,0.000300348
2/12/2023 3:45,2.525,0.000296242
2/12/2023 4:00,2.49,0.000292136
2/12/2023 4:15,2.335,0.000273951
2/12/2023 4:30,2.25,0.000263978
2/12/2023 4:45,2.25,0.000263978
2/12/2023 5:00,2.33,0.000273364
2/12/2023 5:15,2.28,0.000267498
2/12/2023 5:30,2.215,0.000259872
2/12/2023 5:45,2.18,0.000255765
2/12/2023 6:00,2.105,0.000246966
2/12/2023 6:15,2.035,0.000238754
2/12/2023 6:30,2.015,0.000236407
2/12/2023 6:45,1.94,0.000227608
2/12/2023 7:00,1.99,0.000233474
2/12/2023 7:15,1.96,0.000229954
2/12/2023 7:30,1.935,0.000227021
2/12/2023 7:45,1.98,0.000232301
2/12/2023 8:00,1.95,0.000228781
2/12/2023 8:15,2.03,0.000238167
2/12/2023 8:30,2.06,0.000241687
2/12/2023 8:45,2.025,0.00023758
2/12/2023 9:00,1.995,0.000234061
2/12/2023 9:15,1.94,0.000227608
2/12/2023 9:30,1.85,0.000217049
2/12/2023 9:45,1.83,0.000214702
2/12/2023 10:00,1.955,0.000229368
2/12/2023 10:15,1.9,0.000222915
2/12/2023 10:30,1.97,0.000231127
2/12/2023 10:45,2.02,0.000236994
2/12/2023 11:00,2.005,0.000235234
2/12/2023 11:15,2.235,0.000262218
2/12/2023 11:30,2.175,0.000255179
2/12/2023 11:45,2.23,0.000261632
2/12/2023 12:00,2.31,0.000271017
2/12/2023 12:15,2.6,0.000305041
2/12/2023 12:30,2.79,0.000327333
2/12/2023 12:45,3.08,0.000361357
2/12/2023 13:00,3.44,0.000403593
2/12/2023 13:15,2.655,0.000311494
2/12/2023 13:30,2.53,0.000296829
2/12/2023 13:45,2.87,0.000336719
2/12/2023 14:00,2.745,0.000322053
2/12/2023 14:15,3.025,0.000354904
2/12/2023 14:30,3.14,0.000368396
2/12/2023 14:45,2.545,0.000298589
2/12/2023 15:00,2.37,0.000278057
2/12/2023 15:15,2.305,0.000270431
2/12/2023 15:30,2.3,0.000269844
2/12/2023 15:45,2.1,0.00024638
2/12/2023 16:00,2.07,0.00024286
2/12/2023 16:15,2.04,0.00023934
2/12/2023 16:30,1.95,0.000228781
2/12/2023 16:45,1.87,0.000219395
2/12/2023 17:00,1.88,0.000220568
2/12/2023 17:15,1.775,0.000208249
2/12/2023 17:30,1.78,0.000208836
2/12/2023 17:45,1.825,0.000214116
2/12/2023 18:00,1.775,0.000208249
2/12/2023 18:15,1.845,0.000216462
2/12/2023 18:30,1.785,0.000209423
2/12/2023 18:45,1.805,0.000211769
2/12/2023 19:00,1.79,0.000210009
2/12/2023 19:15,1.83,0.000214702
2/12/2023 19:30,1.87,0.000219395
2/12/2023 19:45,1.805,0.000211769
2/12/2023 20:00,1.825,0.000214116
2/12/2023 20:15,1.83,0.000214702
2/12/2023 20:30,1.925,0.000225848
2/12/2023 20:45,1.81,0.000212356
2/12/2023 21:00,1.865,0.000218808
2/12/2023 21:15,1.825,0.000214116
2/12/2023 21:30,1.875,0.000219982
2/12/2023 21:45,1.95,0.000228781
2/12/2023 22:00,2,0.000234647
2/12/2023 22:15,1.82,0.000213529
2/12/2023 22:30,1.76,0.00020649
2/12/2023 22:45,1.76,0.00020649
2/12/2023 23:00,1.675,0.000196517
2/12/2023 23:15,1.77,0.000207663
2/12/2023 23:30,1.85,0.000217049
2/12/2023 23:45,1.825,0.000214116
2/13/2023 0:00,1.765,0.000207076
2/13/2023 0:15,1.91,0.000224088
2/13/2023 0:30,1.78,0.000208836
2/13/2023 0:45,1.63,0.000191237
2/13/2023 1:00,1.725,0.000202383
2/13/2023 1:15,1.65,0.000193584
2/13/2023 1:30,1.645,0.000192997
2/13/2023 1:45,1.595,0.000187131
2/13/2023 2:00,1.71,0.000200623
2/13/2023 2:15,1.72,0.000201797
2/13/2023 2:30,1.71,0.000200623
2/13/2023 2:45,2,0.000234647
2/13/2023 3:00,2.48,0.000290963
2/13/2023 3:15,2.33,0.000273364
2/13/2023 3:30,2.3,0.000269844
2/13/2023 3:45,2.47,0.000289789
2/13/2023 4:00,1.945,0.000228194
2/13/2023 4:15,1.795,0.000210596
2/13/2023 4:30,1.8,0.000211182
2/13/2023 4:45,1.785,0.000209423
2/13/2023 5:00,1.8,0.000211182
2/13/2023 5:15,1.78,0.000208836
2/13/2023 5:30,1.825,0.000214116
2/13/2023 5:45,1.815,0.000212942
2/13/2023 6:00,1.88,0.000220568
2/13/2023 6:15,1.77,0.000207663
2/13/2023 6:30,1.765,0.000207076
2/13/2023 6:45,1.76,0.00020649
2/13/2023 7:00,1.775,0.000208249
2/13/2023 7:15,1.835,0.000215289
2/13/2023 7:30,1.745,0.00020473
2/13/2023 7:45,1.73,0.00020297
2/13/2023 8:00,1.755,0.000205903
2/13/2023 8:15,1.74,0.000204143
2/13/2023 8:30,1.76,0.00020649
2/13/2023 8:45,1.79,0.000210009
2/13/2023 9:00,1.825,0.000214116
2/13/2023 9:15,1.835,0.000215289
2/13/2023 9:30,1.965,0.000230541
2/13/2023 9:45,2.085,0.00024462
2/13/2023 10:00,2.05,0.000240513
2/13/2023 10:15,2.09,0.000245206
2/13/2023 10:30,1.995,0.000234061
2/13/2023 10:45,2.01,0.00023582
2/13/2023 11:00,1.975,0.000231714
2/13/2023 11:15,2.09,0.000245206
2/13/2023 11:30,2.105,0.000246966
2/13/2023 11:45,2.3,0.000269844
2/13/2023 12:00,2.27,0.000266325
2/13/2023 12:15,2.18,0.000255765
2/13/2023 12:30,2.205,0.000258699
2/13/2023 12:45,2.05,0.000240513
2/13/2023 13:00,2.035,0.000238754
2/13/2023 13:15,2.135,0.000250486
2/13/2023 13:30,2.01,0.00023582
2/13/2023 13:45,2.075,0.000243446
2/13/2023 14:00,2.15,0.000252246
2/13/2023 14:15,2.075,0.000243446
2/13/2023 14:30,1.995,0.000234061
2/13/2023 14:45,1.995,0.000234061
2/13/2023 15:00,2.645,0.000310321
2/13/2023 15:15,2.285,0.000268084
2/13/2023 15:30,1.88,0.000220568
2/13/2023 15:45,1.83,0.000214702
2/13/2023 16:00,1.835,0.000215289
2/13/2023 16:15,1.785,0.000209423
2/13/2023 16:30,1.795,0.000210596
2/13/2023 16:45,1.83,0.000214702
2/13/2023 17:00,1.94,0.000227608
2/13/2023 17:15,1.94,0.000227608
2/13/2023 17:30,2.16,0.000253419
2/13/2023 17:45,1.99,0.000233474
2/13/2023 18:00,1.99,0.000233474
2/13/2023 18:15,2.08,0.000244033
2/13/2023 18:30,2.15,0.000252246
2/13/2023 18:45,2.08,0.000244033
2/13/2023 19:00,2.17,0.000254592
2/13/2023 19:15,2.15,0.000252246
2/13/2023 19:30,2.265,0.000265738
2/13/2023 19:45,2.285,0.000268084
2/13/2023 20:00,2.33,0.000273364
2/13/2023 20:15,3.325,0.000390101
2/13/2023 20:30,2.26,0.000265151
2/13/2023 20:45,2.29,0.000268671
2/13/2023 21:00,2.585,0.000303281
2/13/2023 21:15,2.47,0.000289789
2/13/2023 21:30,2.26,0.000265151
2/13/2023 21:45,2.185,0.000256352
2/13/2023 22:00,2.155,0.000252832
2/13/2023 22:15,2.1,0.00024638
2/13/2023 22:30,2.125,0.000249313
2/13/2023 22:45,2.31,0.000271017
2/13/2023 23:00,2.015,0.000236407
2/13/2023 23:15,1.98,0.000232301
2/13/2023 23:30,1.99,0.000233474
2/13/2023 23:45,2.11,0.000247553
2/14/2023 0:00,2.095,0.000245793
2/14/2023 0:15,2.13,0.000249899
2/14/2023 0:30,2.33,0.000273364
2/14/2023 0:45,2.05,0.000240513
2/14/2023 1:00,2.03,0.000238167
2/14/2023 1:15,2.08,0.000244033
2/14/2023 1:30,2.145,0.000251659
2/14/2023 1:45,2.015,0.000236407
2/14/2023 2:00,2.08,0.000244033
2/14/2023 2:15,2.005,0.000235234
2/14/2023 2:30,2,0.000234647
2/14/2023 2:45,1.98,0.000232301
2/14/2023 3:00,2.08,0.000244033
2/14/2023 3:15,2.135,0.000250486
2/14/2023 3:30,2.58,0.000302695
2/14/2023 3:45,2.225,0.000261045
2/14/2023 4:00,2.245,0.000263391
2/14/2023 4:15,2.25,0.000263978
2/14/2023 4:30,2.29,0.000268671
2/14/2023 4:45,2.345,0.000275124
2/14/2023 5:00,2.3,0.000269844
2/14/2023 5:15,2.15,0.000252246
2/14/2023 5:30,2.21,0.000259285
2/14/2023 5:45,2.29,0.000268671
2/14/2023 6:00,2.47,0.000289789
2/14/2023 6:15,2.585,0.000303281
2/14/2023 6:30,2.69,0.0003156
2/14/2023 6:45,2.615,0.000306801
2/14/2023 7:00,2.7,0.000316774
2/14/2023 7:15,2.66,0.000312081
2/14/2023 7:30,2.84,0.000333199
2/14/2023 7:45,2.88,0.000337892
2/14/2023 8:00,2.615,0.000306801
2/14/2023 8:15,2.55,0.000299175
2/14/2023 8:30,2.445,0.000286856
2/14/2023 8:45,2.41,0.00028275
2/14/2023 9:00,2.385,0.000279817
2/14/2023 9:15,2.285,0.000268084
2/14/2023 9:30,2.245,0.000263391
2/14/2023 9:45,2.2,0.000258112
2/14/2023 10:00,2.12,0.000248726
2/14/2023 10:15,2.175,0.000255179
2/14/2023 10:30,2.155,0.000252832
2/14/2023 10:45,2.11,0.000247553
2/14/2023 11:00,2.11,0.000247553
2/14/2023 11:15,2.02,0.000236994
2/14/2023 11:30,2.005,0.000235234
2/14/2023 11:45,2.035,0.000238754
2/14/2023 12:00,1.945,0.000228194
2/14/2023 12:15,1.965,0.000230541
2/14/2023 12:30,2.025,0.00023758
2/14/2023 12:45,2.03,0.000238167
2/14/2023 13:00,2.13,0.000249899
2/14/2023 13:15,2.175,0.000255179
2/14/2023 13:30,2.245,0.000263391
2/14/2023 13:45,2.315,0.000271604
2/14/2023 14:00,2.33,0.000273364
2/14/2023 14:15,2.21,0.000259285
2/14/2023 14:30,2.23,0.000261632
2/14/2023 14:45,2.19,0.000256939
2/14/2023 15:00,2.17,0.000254592
2/14/2023 15:15,2.125,0.000249313
2/14/2023 15:30,2.1,0.00024638
2/14/2023 15:45,2.335,0.000273951
2/14/2023 16:00,2.155,0.000252832
2/14/2023 16:15,2.085,0.00024462
2/14/2023 16:30,2.08,0.000244033
2/14/2023 16:45,2.135,0.000250486
2/14/2023 17:00,2.23,0.000261632
2/14/2023 17:15,2.305,0.000270431
2/14/2023 17:30,2.38,0.00027923
2/14/2023 17:45,3.095,0.000363117
2/14/2023 18:00,2.405,0.000282163
2/14/2023 18:15,2.37,0.000278057
2/14/2023 18:30,2.315,0.000271604
2/14/2023 18:45,2.54,0.000298002
2/14/2023 19:00,2.23,0.000261632
2/14/2023 19:15,2.305,0.000270431
2/14/2023 19:30,2.315,0.000271604
2/14/2023 19:45,2.59,0.000303868
2/14/2023 20:00,2.765,0.0003244
2/14/2023 20:15,2.855,0.000334959
2/14/2023 20:30,2.99,0.000350798
2/14/2023 20:45,3.125,0.000366636
2/14/2023 21:00,3.14,0.000368396
2/14/2023 21:15,3.1,0.000363703
2/14/2023 21:30,2.88,0.000337892
2/14/2023 21:45,2.925,0.000343172
2/14/2023 22:00,2.955,0.000346691
2/14/2023 22:15,2.93,0.000343758
2/14/2023 22:30,3.22,0.000377782
2/14/2023 22:45,3.21,0.000376609
2/14/2023 23:00,3.05,0.000357837
2/14/2023 23:15,2.885,0.000338479
2/14/2023 23:30,2.78,0.00032616
2/14/2023 23:45,2.83,0.000332026
2/15/2023 0:00,2.745,0.000322053
2/15/2023 0:15,2.67,0.000313254
2/15/2023 0:30,2.7,0.000316774
2/15/2023 0:45,2.59,0.000303868
2/15/2023 1:00,2.54,0.000298002
2/15/2023 1:15,2.565,0.000300935
2/15/2023 1:30,2.78,0.00032616
2/15/2023 1:45,2.585,0.000303281
2/15/2023 2:00,2.645,0.000310321
2/15/2023 2:15,2.52,0.000295655
2/15/2023 2:30,2.5,0.000293309
2/15/2023 2:45,2.365,0.00027747
2/15/2023 3:00,2.375,0.000278644
2/15/2023 3:15,2.29,0.000268671
2/15/2023 3:30,2.28,0.000267498
2/15/2023 3:45,2.28,0.000267498
2/15/2023 4:00,2.3,0.000269844
2/15/2023 4:15,2.23,0.000261632
2/15/2023 4:30,2.37,0.000278057
2/15/2023 4:45,2.405,0.000282163
2/15/2023 5:00,2.4,0.000281577
2/15/2023 5:15,2.545,0.000298589
2/15/2023 5:30,2.69,0.0003156
2/15/2023 5:45,2.78,0.00032616
2/15/2023 6:00,2.79,0.000327333
2/15/2023 6:15,2.745,0.000322053
2/15/2023 6:30,3.31,0.000388341
2/15/2023 6:45,2.79,0.000327333
2/15/2023 7:00,2.715,0.000318534
2/15/2023 7:15,2.67,0.000313254
2/15/2023 7:30,2.65,0.000310908
2/15/2023 7:45,2.745,0.000322053
2/15/2023 8:00,2.59,0.000303868
2/15/2023 8:15,2.63,0.000308561
2/15/2023 8:30,2.605,0.000305628
2/15/2023 8:45,2.74,0.000321467
2/15/2023 9:00,2.625,0.000307974
2/15/2023 9:15,2.55,0.000299175
2/15/2023 9:30,2.52,0.000295655
2/15/2023 9:45,2.365,0.00027747
2/15/2023 10:00,2.365,0.00027747
2/15/2023 10:15,2.38,0.00027923
2/15/2023 10:30,2.37,0.000278057
2/15/2023 10:45,2.27,0.000266325
2/15/2023 11:00,2.21,0.000259285
2/15/2023 11:15,2.27,0.000266325
2/15/2023 11:30,2.2,0.000258112
2/15/2023 11:45,2.725,0.000319707
2/15/2023 12:00,2.16,0.000253419
2/15/2023 12:15,2.075,0.000243446
2/15/2023 12:30,2.13,0.000249899
2/15/2023 12:45,2.15,0.000252246
2/15/2023 13:00,2.105,0.000246966
2/15/2023 13:15,2.08,0.000244033
2/15/2023 13:30,2.08,0.000244033
2/15/2023 13:45,2.025,0.00023758
2/15/2023 14:00,2.015,0.000236407
2/15/2023 14:15,1.97,0.000231127
2/15/2023 14:30,1.97,0.000231127
2/15/2023 14:45,1.925,0.000225848
2/15/2023 15:00,1.885,0.000221155
2/15/2023 15:15,1.88,0.000220568
2/15/2023 15:30,1.88,0.000220568
2/15/2023 15:45,1.86,0.000218222
2/15/2023 16:00,1.865,0.000218808
2/15/2023 16:15,1.835,0.000215289
2/15/2023 16:30,1.845,0.000216462
2/15/2023 16:45,1.82,0.000213529
2/15/2023 17:00,1.815,0.000212942
2/15/2023 17:15,1.79,0.000210009
2/15/2023 17:30,1.745,0.00020473
2/15/2023 17:45,1.8,0.000211182
2/15/2023 18:00,1.875,0.000219982
2/15/2023 18:15,1.905,0.000223501
2/15/2023 18:30,1.815,0.000212942
2/15/2023 18:45,1.89,0.000221742
2/15/2023 19:00,1.88,0.000220568
2/15/2023 19:15,1.9,0.000222915
2/15/2023 19:30,1.91,0.000224088
2/15/2023 19:45,1.885,0.000221155
2/15/2023 20:00,1.825,0.000214116
2/15/2023 20:15,1.85,0.000217049
2/15/2023 20:30,1.825,0.000214116
2/15/2023 20:45,1.865,0.000218808
2/15/2023 21:00,1.775,0.000208249
2/15/2023 21:15,1.83,0.000214702
2/15/2023 21:30,1.8,0.000211182
2/15/2023 21:45,1.88,0.000220568
2/15/2023 22:00,2.27,0.000266325
2/15/2023 22:15,2.305,0.000270431
2/15/2023 22:30,2.035,0.000238754
2/15/2023 22:45,2.02,0.000236994
2/15/2023 23:00,2.045,0.000239927
2/15/2023 23:15,2.075,0.000243446
2/15/2023 23:30,2.04,0.00023934
2/15/2023 23:45,2.28,0.000267498
2/16/2023 0:00,2.185,0.000256352
2/16/2023 0:15,4.83,0.000566673
2/16/2023 0:30,15.58,0.001827902
2/16/2023 0:45,23.135,0.002714281
2/16/2023 1:00,17.745,0.002081907
2/16/2023 1:15,14.95,0.001753988
2/16/2023 1:30,12.21,0.001432521
2/16/2023 1:45,12.045,0.001413163
2/16/2023 2:00,11.84,0.001389111
2/16/2023 2:15,11.09,0.001301119
2/16/2023 2:30,10.84,0.001271788
2/16/2023 2:45,10.135,0.001189075
2/16/2023 3:00,10.16,0.001192008
2/16/2023 3:15,10.21,0.001197874
2/16/2023 3:30,10.25,0.001202567
2/16/2023 3:45,10.985,0.0012888
2/16/2023 4:00,9.47,0.001111054
2/16/2023 4:15,8.605,0.001009569
2/16/2023 4:30,7.37,0.000864675
2/16/2023 4:45,6,0.000703942
2/16/2023 5:00,5.71,0.000669918
2/16/2023 5:15,5.1,0.00059835
2/16/2023 5:30,4.69,0.000550248
2/16/2023 5:45,4.495,0.00052737
2/16/2023 6:00,5.81,0.00068165
2/16/2023 6:15,5.545,0.000650559
2/16/2023 6:30,5.59,0.000655839
2/16/2023 6:45,4.435,0.00052033
2/16/2023 7:00,4.14,0.00048572
2/16/2023 7:15,4.065,0.00047692
2/16/2023 7:30,4.455,0.000522677
2/16/2023 7:45,4.275,0.000501558
2/16/2023 8:00,4.265,0.000500385
2/16/2023 8:15,4.12,0.000483373
2/16/2023 8:30,3.925,0.000460495
2/16/2023 8:45,3.87,0.000454042
2/16/2023 9:00,7.755,0.000909844
2/16/2023 9:15,7.5,0.000879927
2/16/2023 9:30,7.605,0.000892246
2/16/2023 9:45,15.075,0.001768653
2/16/2023 10:00,13.885,0.001629038
2/16/2023 10:15,13.01,0.00152638
2/16/2023 10:30,5.735,0.000672851
2/16/2023 10:45,5.36,0.000628854
2/16/2023 11:00,5.39,0.000632374
2/16/2023 11:15,4.325,0.000507425
2/16/2023 11:30,4.795,0.000562567
2/16/2023 11:45,5.635,0.000661118
2/16/2023 12:00,6.585,0.000772576
2/16/2023 12:15,7.01,0.000822438
2/16/2023 12:30,8.78,0.001030101
2/16/2023 12:45,7.275,0.000853529
2/16/2023 13:00,8.13,0.000953841
2/16/2023 13:15,8.5,0.000997251
2/16/2023 13:30,8.425,0.000988451
2/16/2023 13:45,10.815,0.001268855
2/16/2023 14:00,11.79,0.001383245
2/16/2023 14:15,9.27,0.00108759
2/16/2023 14:30,10.185,0.001194941
2/16/2023 14:45,11,0.001290559
2/16/2023 15:00,6.175,0.000724473
2/16/2023 15:15,6.1,0.000715674
2/16/2023 15:30,6.63,0.000777855
2/16/2023 15:45,6.475,0.00075967
2/16/2023 16:00,6.705,0.000786655
2/16/2023 16:15,7.045,0.000826545
2/16/2023 16:30,6.22,0.000729753
2/16/2023 16:45,7.375,0.000865261
2/16/2023 17:00,7.35,0.000862328
2/16/2023 17:15,6.365,0.000746765
2/16/2023 17:30,9.375,0.001099909
2/16/2023 17:45,51.76,0.006072669
2/16/2023 18:00,6.08,0.000713327
2/16/2023 18:15,5.61,0.000658185
2/16/2023 18:30,6.05,0.000709808
2/16/2023 18:45,6.205,0.000727993
2/16/2023 19:00,6.11,0.000716847
2/16/2023 19:15,5.84,0.00068517
2/16/2023 19:30,6.8,0.0007978
2/16/2023 19:45,9.215,0.001081137
2/16/2023 20:00,21.47,0.002518937
2/16/2023 20:15,8.32,0.000976132
2/16/2023 20:30,10.185,0.001194941
2/16/2023 20:45,15.66,0.001837287
2/16/2023 21:00,20.855,0.002446783
2/16/2023 21:15,20.555,0.002411586
2/16/2023 21:30,18.62,0.002184565
2/16/2023 21:45,10.44,0.001224858
2/16/2023 22:00,16.885,0.001981009
2/16/2023 22:15,16.025,0.001880111
2/16/2023 22:30,8,0.000938589
2/16/2023 22:45,10.84,0.001271788
2/16/2023 23:00,10.855,0.001273548
2/16/2023 23:15,13.175,0.001545738
2/16/2023 23:30,21.495,0.002521871
2/16/2023 23:45,20.84,0.002445024
2/17/2023 0:00,10.685,0.001253603
2/17/2023 0:15,11.165,0.001309918
2/17/2023 0:30,10.65,0.001249496
2/17/2023 0:45,15.27,0.001791531
2/17/2023 1:00,15.105,0.001772173
2/17/2023 1:15,16.085,0.00188715
2/17/2023 1:30,5.015,0.000588378
2/17/2023 1:45,4.825,0.000566086
2/17/2023 2:00,4.9,0.000574886
2/17/2023 2:15,4.89,0.000573712
2/17/2023 2:30,4.82,0.0005655
2/17/2023 2:45,4.845,0.000568433
2/17/2023 3:00,6.09,0.000714501
2/17/2023 3:15,5.94,0.000696902
2/17/2023 3:30,7.445,0.000873474
2/17/2023 3:45,4.955,0.000581338
2/17/2023 4:00,3.27,0.000383648
2/17/2023 4:15,3.22,0.000377782
2/17/2023 4:30,4.915,0.000576645
2/17/2023 4:45,4.905,0.000575472
2/17/2023 5:00,4.87,0.000571366
2/17/2023 5:15,5,0.000586618
2/17/2023 5:30,4.93,0.000578405
2/17/2023 5:45,5.03,0.000590138
2/17/2023 6:00,5.205,0.000610669
2/17/2023 6:15,5.085,0.00059659
2/17/2023 6:30,5.595,0.000656425
2/17/2023 6:45,5.39,0.000632374
2/17/2023 7:00,5.235,0.000614189
2/17/2023 7:15,5.33,0.000625335
2/17/2023 7:30,5.39,0.000632374
2/17/2023 7:45,5.12,0.000600697
2/17/2023 8:00,5.16,0.00060539
2/17/2023 8:15,5.47,0.00064176
2/17/2023 8:30,5.24,0.000614776
2/17/2023 8:45,5.44,0.00063824
2/17/2023 9:00,5.53,0.000648799
2/17/2023 9:15,5.39,0.000632374
2/17/2023 9:30,5.42,0.000635894
2/17/2023 9:45,5.735,0.000672851
2/17/2023 10:00,5.995,0.000703355
2/17/2023 10:15,6.245,0.000732686
2/17/2023 10:30,6.765,0.000793694
2/17/2023 10:45,6.79,0.000796627
2/17/2023 11:00,7.04,0.000825958
2/17/2023 11:15,8.075,0.000947388
2/17/2023 11:30,7.625,0.000894592
2/17/2023 11:45,8.16,0.000957361
2/17/2023 12:00,9.325,0.001094042
2/17/2023 12:15,8.625,0.001011916
2/17/2023 12:30,8.78,0.001030101
2/17/2023 12:45,9.715,0.001139799
2/17/2023 13:00,9.36,0.001098149
2/17/2023 13:15,9.27,0.00108759
2/17/2023 13:30,10.13,0.001188488
2/17/2023 13:45,9.81,0.001150944
2/17/2023 14:00,12.635,0.001482384
2/17/2023 14:15,11.635,0.00136506
2/17/2023 14:30,11.25,0.00131989
2/17/2023 14:45,11.48,0.001346875
2/17/2023 15:00,11.47,0.001345702
2/17/2023 15:15,11.605,0.00136154
2/17/2023 15:30,11.545,0.001354501
2/17/2023 15:45,11.595,0.001360367
2/17/2023 16:00,11.875,0.001393218
2/17/2023 16:15,12.205,0.001431934
2/17/2023 16:30,11.245,0.001319304
2/17/2023 16:45,10.885,0.001277067
2/17/2023 17:00,13.22,0.001551018
2/17/2023 17:15,10.65,0.001249496
2/17/2023 17:30,10.175,0.001193768
2/17/2023 17:45,11.775,0.001381485
2/17/2023 18:00,11.07,0.001298772
2/17/2023 18:15,15.27,0.001791531
2/17/2023 18:30,21.16,0.002482567
2/17/2023 18:45,10.95,0.001284693
2/17/2023 19:00,10.865,0.001274721
2/17/2023 19:15,19.055,0.002235601
2/17/2023 19:30,10.605,0.001244217
2/17/2023 19:45,10.845,0.001272374
2/17/2023 20:00,10.64,0.001248323
2/17/2023 20:15,10.18,0.001194354
2/17/2023 20:30,10.425,0.001223098
2/17/2023 20:45,10.57,0.00124011
2/17/2023 21:00,10.75,0.001261229
2/17/2023 21:15,11.02,0.001292906
2/17/2023 21:30,10.95,0.001284693
2/17/2023 21:45,10.625,0.001246563
2/17/2023 22:00,12.585,0.001476517
2/17/2023 22:15,12.01,0.001409056
2/17/2023 22:30,10.6,0.00124363
2/17/2023 22:45,11.19,0.001312851
2/17/2023 23:00,10.56,0.001238937
2/17/2023 23:15,10.095,0.001184382
2/17/2023 23:30,10.29,0.00120726
2/17/2023 23:45,9.755,0.001144492
2/18/2023 0:00,10.1,0.001184968
2/18/2023 0:15,10.1,0.001184968
2/18/2023 0:30,11.18,0.001311678
2/18/2023 0:45,9.25,0.001085243
2/18/2023 1:00,10.12,0.001187315
2/18/2023 1:15,9.74,0.001142732
2/18/2023 1:30,10.14,0.001189661
2/18/2023 1:45,10.765,0.001262988
2/18/2023 2:00,9.02,0.001058259
2/18/2023 2:15,9.91,0.001162677
2/18/2023 2:30,10.21,0.001197874
2/18/2023 2:45,9.76,0.001145078
2/18/2023 3:00,9.135,0.001071751
2/18/2023 3:15,10.02,0.001175582
2/18/2023 3:30,11.07,0.001298772
2/18/2023 3:45,9.85,0.001155637
2/18/2023 4:00,10.655,0.001250083
2/18/2023 4:15,9.96,0.001168543
2/18/2023 4:30,11.975,0.00140495
2/18/2023 4:45,11.305,0.001326343
2/18/2023 5:00,10.315,0.001210193
2/18/2023 5:15,10.38,0.001217819
2/18/2023 5:30,10.29,0.00120726
2/18/2023 5:45,10.155,0.001191421
2/18/2023 6:00,8.97,0.001052393
2/18/2023 6:15,9.305,0.001091696
2/18/2023 6:30,9.42,0.001105188
2/18/2023 6:45,9.05,0.001061778
2/18/2023 7:00,8.6,0.001008983
2/18/2023 7:15,8.355,0.000980239
2/18/2023 7:30,7.845,0.000920404
2/18/2023 7:45,7.335,0.000860569
2/18/2023 8:00,5.74,0.000673437
2/18/2023 8:15,4.615,0.000541448
2/18/2023 8:30,3.37,0.000395381
2/18/2023 8:45,2.915,0.000341998
2/18/2023 9:00,3.105,0.00036429
2/18/2023 9:15,3.16,0.000370743
2/18/2023 9:30,3.215,0.000377195
2/18/2023 9:45,3.345,0.000392447
2/18/2023 10:00,3.61,0.000423538
2/18/2023 10:15,3.675,0.000431164
2/18/2023 10:30,3.625,0.000425298
2/18/2023 10:45,3.86,0.000452869
2/18/2023 11:00,4.115,0.000482787
2/18/2023 11:15,4.665,0.000547315
2/18/2023 11:30,4.97,0.000583098
2/18/2023 11:45,5.175,0.00060715
2/18/2023 12:00,5.475,0.000642347
2/18/2023 12:15,5.6,0.000657012
2/18/2023 12:30,6.085,0.000713914
2/18/2023 12:45,6.295,0.000738552
2/18/2023 13:00,6.92,0.000811879
2/18/2023 13:15,6.8,0.0007978
2/18/2023 13:30,7.565,0.000887553
2/18/2023 13:45,8.515,0.00099901
2/18/2023 14:00,8.515,0.00099901
2/18/2023 14:15,8.915,0.00104594
2/18/2023 14:30,8.775,0.001029515
2/18/2023 14:45,9.035,0.001060019
2/18/2023 15:00,9.305,0.001091696
2/18/2023 15:15,9.945,0.001166783
2/18/2023 15:30,10.3,0.001208433
2/18/2023 15:45,10.92,0.001281174
2/18/2023 16:00,10.795,0.001266508
2/18/2023 16:15,11.185,0.001312264
2/18/2023 16:30,10.7,0.001255362
2/18/2023 16:45,11.33,0.001329276
2/18/2023 17:00,12.16,0.001426655
2/18/2023 17:15,10.67,0.001251843
2/18/2023 17:30,11.91,0.001397324
2/18/2023 17:45,11.13,0.001305812
2/18/2023 18:00,9.2,0.001079377
2/18/2023 18:15,8.095,0.000949734
2/18/2023 18:30,8.31,0.000974959
2/18/2023 18:45,6.69,0.000784895
2/18/2023 19:00,6.21,0.000728579
2/18/2023 19:15,5.395,0.000632961
2/18/2023 19:30,5.13,0.00060187
2/18/2023 19:45,4.62,0.000542035
2/18/2023 20:00,4.275,0.000501558
2/18/2023 20:15,4.09,0.000479853
2/18/2023 20:30,3.915,0.000459322
2/18/2023 20:45,3.82,0.000448176
2/18/2023 21:00,3.725,0.00043703
2/18/2023 21:15,3.74,0.00043879
2/18/2023 21:30,3.66,0.000429404
2/18/2023 21:45,3.515,0.000412392
2/18/2023 22:00,3.235,0.000379542
2/18/2023 22:15,3.25,0.000381302
2/18/2023 22:30,3.24,0.000380128
2/18/2023 22:45,3.295,0.000386581
2/18/2023 23:00,3.605,0.000422952
2/18/2023 23:15,3.31,0.000388341
2/18/2023 23:30,3.09,0.00036253
2/18/2023 23:45,3.06,0.00035901
2/19/2023 0:00,3,0.000351971
2/19/2023 0:15,3.205,0.000376022
2/19/2023 0:30,3.135,0.000367809
2/19/2023 0:45,3.165,0.000371329
2/19/2023 1:00,3.1,0.000363703
2/19/2023 1:15,3.07,0.000360183
2/19/2023 1:30,3.03,0.00035549
2/19/2023 1:45,3.03,0.00035549
2/19/2023 2:00,3.06,0.00035901
2/19/2023 2:15,3.125,0.000366636
2/19/2023 2:30,2.965,0.000347864
2/19/2023 2:45,2.935,0.000344345
2/19/2023 3:00,3.01,0.000353144
2/19/2023 3:15,2.915,0.000341998
2/19/2023 3:30,2.905,0.000340825
2/19/2023 3:45,2.84,0.000333199
2/19/2023 4:00,2.83,0.000332026
2/19/2023 4:15,2.78,0.00032616
2/19/2023 4:30,2.705,0.00031736
2/19/2023 4:45,2.745,0.000322053
2/19/2023 5:00,2.775,0.000325573
2/19/2023 5:15,2.66,0.000312081
2/19/2023 5:30,2.81,0.000329679
2/19/2023 5:45,2.635,0.000309148
2/19/2023 6:00,2.66,0.000312081
2/19/2023 6:15,2.71,0.000317947
2/19/2023 6:30,2.63,0.000308561
2/19/2023 6:45,2.62,0.000307388
2/19/2023 7:00,2.66,0.000312081
2/19/2023 7:15,2.54,0.000298002
2/19/2023 7:30,2.53,0.000296829
2/19/2023 7:45,2.49,0.000292136
2/19/2023 8:00,2.645,0.000310321
2/19/2023 8:15,2.52,0.000295655
2/19/2023 8:30,2.565,0.000300935
2/19/2023 8:45,2.365,0.00027747
2/19/2023 9:00,2.37,0.000278057
2/19/2023 9:15,2.31,0.000271017
2/19/2023 9:30,2.31,0.000271017
2/19/2023 9:45,2.345,0.000275124
2/19/2023 10:00,2.295,0.000269258
2/19/2023 10:15,2.25,0.000263978
2/19/2023 10:30,2.38,0.00027923
2/19/2023 10:45,2.235,0.000262218
2/19/2023 11:00,2.315,0.000271604
2/19/2023 11:15,2.47,0.000289789
2/19/2023 11:30,2.775,0.000325573
2/19/2023 11:45,2.805,0.000329093
2/19/2023 12:00,2.87,0.000336719
2/19/2023 12:15,2.9,0.000340238
2/19/2023 12:30,3.15,0.000369569
2/19/2023 12:45,2.91,0.000341412
2/19/2023 13:00,3.05,0.000357837
2/19/2023 13:15,2.99,0.000350798
2/19/2023 13:30,2.87,0.000336719
2/19/2023 13:45,3.025,0.000354904
2/19/2023 14:00,2.925,0.000343172
2/19/2023 14:15,2.84,0.000333199
2/19/2023 14:30,2.71,0.000317947
2/19/2023 14:45,2.66,0.000312081
2/19/2023 15:00,2.635,0.000309148
2/19/2023 15:15,2.805,0.000329093
2/19/2023 15:30,2.67,0.000313254
2/19/2023 15:45,3.065,0.000359597
2/19/2023 16:00,3.155,0.000370156
2/19/2023 16:15,2.815,0.000330266
2/19/2023 16:30,2.74,0.000321467
2/19/2023 16:45,2.66,0.000312081
2/19/2023 17:00,2.655,0.000311494
2/19/2023 17:15,2.52,0.000295655
2/19/2023 17:30,2.515,0.000295069
2/19/2023 17:45,2.535,0.000297415
2/19/2023 18:00,2.52,0.000295655
2/19/2023 18:15,2.53,0.000296829
2/19/2023 18:30,2.325,0.000272777
2/19/2023 18:45,2.385,0.000279817
2/19/2023 19:00,2.335,0.000273951
2/19/2023 19:15,2.325,0.000272777
2/19/2023 19:30,2.33,0.000273364
2/19/2023 19:45,2.28,0.000267498
2/19/2023 20:00,2.37,0.000278057
2/19/2023 20:15,2.48,0.000290963
2/19/2023 20:30,2.345,0.000275124
2/19/2023 20:45,2.305,0.000270431
2/19/2023 21:00,2.325,0.000272777
2/19/2023 21:15,2.335,0.000273951
2/19/2023 21:30,2.23,0.000261632
2/19/2023 21:45,2.26,0.000265151
2/19/2023 22:00,2.25,0.000263978
2/19/2023 22:15,2.3,0.000269844
2/19/2023 22:30,2.285,0.000268084
2/19/2023 22:45,2.28,0.000267498
2/19/2023 23:00,2.48,0.000290963
2/19/2023 23:15,3.355,0.000393621
2/19/2023 23:30,2.74,0.000321467
2/19/2023 23:45,3.31,0.000388341
2/20/2023 0:00,3.245,0.000380715
2/20/2023 0:15,2.395,0.00028099
2/20/2023 0:30,2.46,0.000288616
2/20/2023 0:45,2.37,0.000278057
2/20/2023 1:00,2.405,0.000282163
2/20/2023 1:15,2.375,0.000278644
2/20/2023 1:30,2.325,0.000272777
2/20/2023 1:45,2.35,0.00027571
2/20/2023 2:00,2.38,0.00027923
2/20/2023 2:15,2.265,0.000265738
2/20/2023 2:30,2.295,0.000269258
2/20/2023 2:45,2.39,0.000280403
2/20/2023 3:00,2.31,0.000271017
2/20/2023 3:15,2.29,0.000268671
2/20/2023 3:30,2.315,0.000271604
2/20/2023 3:45,2.375,0.000278644
2/20/2023 4:00,2.355,0.000276297
2/20/2023 4:15,2.34,0.000274537
2/20/2023 4:30,2.37,0.000278057
2/20/2023 4:45,2.445,0.000286856
2/20/2023 5:00,2.56,0.000300348
2/20/2023 5:15,2.54,0.000298002
2/20/2023 5:30,2.61,0.000306215
2/20/2023 5:45,2.53,0.000296829
2/20/2023 6:00,2.535,0.000297415
2/20/2023 6:15,2.48,0.000290963
2/20/2023 6:30,2.455,0.000288029
2/20/2023 6:45,2.51,0.000294482
2/20/2023 7:00,2.49,0.000292136
2/20/2023 7:15,2.37,0.000278057
2/20/2023 7:30,2.385,0.000279817
2/20/2023 7:45,2.39,0.000280403
2/20/2023 8:00,2.455,0.000288029
2/20/2023 8:15,2.51,0.000294482
2/20/2023 8:30,2.49,0.000292136
2/20/2023 8:45,2.43,0.000285096
2/20/2023 9:00,2.395,0.00028099
2/20/2023 9:15,2.595,0.000304455
2/20/2023 9:30,2.58,0.000302695
2/20/2023 9:45,2.575,0.000302108
2/20/2023 10:00,2.425,0.00028451
2/20/2023 10:15,2.385,0.000279817
2/20/2023 10:30,2.43,0.000285096
2/20/2023 10:45,2.485,0.000291549
2/20/2023 11:00,2.435,0.000285683
2/20/2023 11:15,2.365,0.00027747
2/20/2023 11:30,2.385,0.000279817
2/20/2023 11:45,2.37,0.000278057
2/20/2023 12:00,2.485,0.000291549
2/20/2023 12:15,2.335,0.000273951
2/20/2023 12:30,2.26,0.000265151
2/20/2023 12:45,2.16,0.000253419
2/20/2023 13:00,2.39,0.000280403
2/20/2023 13:15,2.17,0.000254592
2/20/2023 13:30,2.215,0.000259872
2/20/2023 13:45,2.185,0.000256352
2/20/2023 14:00,2.61,0.000306215
2/20/2023 14:15,2.145,0.000251659
2/20/2023 14:30,2.045,0.000239927
2/20/2023 14:45,2.045,0.000239927
2/20/2023 15:00,2.035,0.000238754
2/20/2023 15:15,1.97,0.000231127
2/20/2023 15:30,1.89,0.000221742
2/20/2023 15:45,1.965,0.000230541
2/20/2023 16:00,2.165,0.000254006
2/20/2023 16:15,2.17,0.000254592
2/20/2023 16:30,2.06,0.000241687
2/20/2023 16:45,2.03,0.000238167
2/20/2023 17:00,2.065,0.000242273
2/20/2023 17:15,2.09,0.000245206
2/20/2023 17:30,2.01,0.00023582
2/20/2023 17:45,2.08,0.000244033
2/20/2023 18:00,2.245,0.000263391
2/20/2023 18:15,2.225,0.000261045
2/20/2023 18:30,2.325,0.000272777
2/20/2023 18:45,2.2,0.000258112
2/20/2023 19:00,2.23,0.000261632
2/20/2023 19:15,2.19,0.000256939
2/20/2023 19:30,2.25,0.000263978
2/20/2023 19:45,2.185,0.000256352
2/20/2023 20:00,2.25,0.000263978
2/20/2023 20:15,2.215,0.000259872
2/20/2023 20:30,2.12,0.000248726
2/20/2023 20:45,2.24,0.000262805
2/20/2023 21:00,2.2,0.000258112
2/20/2023 21:15,2.2,0.000258112
2/20/2023 21:30,2.095,0.000245793
2/20/2023 21:45,2.7,0.000316774
2/20/2023 22:00,2.135,0.000250486
2/20/2023 22:15,2.09,0.000245206
2/20/2023 22:30,2.095,0.000245793
2/20/2023 22:45,1.99,0.000233474
2/20/2023 23:00,2.225,0.000261045
2/20/2023 23:15,1.995,0.000234061
2/20/2023 23:30,2.05,0.000240513
2/20/2023 23:45,2.075,0.000243446
2/21/2023 0:00,1.96,0.000229954
2/21/2023 0:15,1.95,0.000228781
2/21/2023 0:30,2.04,0.00023934
2/21/2023 0:45,2.015,0.000236407
2/21/2023 1:00,1.97,0.000231127
2/21/2023 1:15,1.98,0.000232301
2/21/2023 1:30,2.15,0.000252246
2/21/2023 1:45,2.16,0.000253419
2/21/2023 2:00,2.245,0.000263391
2/21/2023 2:15,2.045,0.000239927
2/21/2023 2:30,2.12,0.000248726
2/21/2023 2:45,2.13,0.000249899
2/21/2023 3:00,2.145,0.000251659
2/21/2023 3:15,2.185,0.000256352
2/21/2023 3:30,2.235,0.000262218
2/21/2023 3:45,2.26,0.000265151
2/21/2023 4:00,2.235,0.000262218
2/21/2023 4:15,2.21,0.000259285
2/21/2023 4:30,2.16,0.000253419
2/21/2023 4:45,2.125,0.000249313
2/21/2023 5:00,2.085,0.00024462
2/21/2023 5:15,2.175,0.000255179
2/21/2023 5:30,2.32,0.000272191
2/21/2023 5:45,2.35,0.00027571
2/21/2023 6:00,2.375,0.000278644
2/21/2023 6:15,2.49,0.000292136
2/21/2023 6:30,2.61,0.000306215
2/21/2023 6:45,2.8,0.000328506
2/21/2023 7:00,2.79,0.000327333
2/21/2023 7:15,2.875,0.000337305
2/21/2023 7:30,3,0.000351971
2/21/2023 7:45,2.785,0.000326746
2/21/2023 8:00,2.875,0.000337305
2/21/2023 8:15,2.855,0.000334959
2/21/2023 8:30,2.745,0.000322053
2/21/2023 8:45,2.845,0.000333786
2/21/2023 9:00,2.595,0.000304455
2/21/2023 9:15,2.59,0.000303868
2/21/2023 9:30,2.415,0.000283336
2/21/2023 9:45,2.525,0.000296242
2/21/2023 10:00,2.395,0.00028099
2/21/2023 10:15,2.33,0.000273364
2/21/2023 10:30,2.415,0.000283336
2/21/2023 10:45,2.28,0.000267498
2/21/2023 11:00,2.385,0.000279817
2/21/2023 11:15,2.375,0.000278644
2/21/2023 11:30,2.725,0.000319707
2/21/2023 11:45,2.365,0.00027747
2/21/2023 12:00,2.27,0.000266325
2/21/2023 12:15,2.275,0.000266911
2/21/2023 12:30,2.225,0.000261045
2/21/2023 12:45,2.2,0.000258112
2/21/2023 13:00,2.18,0.000255765
2/21/2023 13:15,2.2,0.000258112
2/21/2023 13:30,2.23,0.000261632
2/21/2023 13:45,2.33,0.000273364
2/21/2023 14:00,2.45,0.000287443
2/21/2023 14:15,2.225,0.000261045
2/21/2023 14:30,2.15,0.000252246
2/21/2023 14:45,2.215,0.000259872
2/21/2023 15:00,2.11,0.000247553
2/21/2023 15:15,2.075,0.000243446
2/21/2023 15:30,2.275,0.000266911
2/21/2023 15:45,2.305,0.000270431
2/21/2023 16:00,2.08,0.000244033
2/21/2023 16:15,2.095,0.000245793
2/21/2023 16:30,2.12,0.000248726
2/21/2023 16:45,2.32,0.000272191
2/21/2023 17:00,2.27,0.000266325
2/21/2023 17:15,2.245,0.000263391
2/21/2023 17:30,2.385,0.000279817
2/21/2023 17:45,2.26,0.000265151
2/21/2023 18:00,2.315,0.000271604
2/21/2023 18:15,2.45,0.000287443
2/21/2023 18:30,2.44,0.00028627
2/21/2023 18:45,2.405,0.000282163
2/21/2023 19:00,2.44,0.00028627
2/21/2023 19:15,2.435,0.000285683
2/21/2023 19:30,2.505,0.000293896
2/21/2023 19:45,2.625,0.000307974
2/21/2023 20:00,3.06,0.00035901
2/21/2023 20:15,3.815,0.000447589
2/21/2023 20:30,4.29,0.000503318
2/21/2023 20:45,3.8,0.00044583
2/21/2023 21:00,3.555,0.000417085
2/21/2023 21:15,3.365,0.000394794
2/21/2023 21:30,3.6,0.000422365
2/21/2023 21:45,4.395,0.000515637
2/21/2023 22:00,4.995,0.000586031
2/21/2023 22:15,5.315,0.000623575
2/21/2023 22:30,5.8,0.000680477
2/21/2023 22:45,6.24,0.000732099
2/21/2023 23:00,6.075,0.000712741
2/21/2023 23:15,6.415,0.000752631
2/21/2023 23:30,7.21,0.000845903
2/21/2023 23:45,9.915,0.001163263
2/22/2023 0:00,7.795,0.000914537
2/22/2023 0:15,6.24,0.000732099
2/22/2023 0:30,5.535,0.000649386
2/22/2023 0:45,5.105,0.000598937
2/22/2023 1:00,4.72,0.000553767
2/22/2023 1:15,4.63,0.000543208
2/22/2023 1:30,4.665,0.000547315
2/22/2023 1:45,4.57,0.000536169
2/22/2023 2:00,4.64,0.000544381
2/22/2023 2:15,4.845,0.000568433
2/22/2023 2:30,4.86,0.000570193
2/22/2023 2:45,4.775,0.00056022
2/22/2023 3:00,4.6,0.000539689
2/22/2023 3:15,4.36,0.000511531
2/22/2023 3:30,4.245,0.000498039
2/22/2023 3:45,4.22,0.000495106
2/22/2023 4:00,4.195,0.000492172
2/22/2023 4:15,4.33,0.000508011
2/22/2023 4:30,4.635,0.000543795
2/22/2023 4:45,4.755,0.000557874
2/22/2023 5:00,4.75,0.000557287
2/22/2023 5:15,4.685,0.000549661
2/22/2023 5:30,4.65,0.000545555
2/22/2023 5:45,4.655,0.000546141
2/22/2023 6:00,4.675,0.000548488
2/22/2023 6:15,4.76,0.00055846
2/22/2023 6:30,4.8,0.000563153
2/22/2023 6:45,4.78,0.000560807
2/22/2023 7:00,4.83,0.000566673
2/22/2023 7:15,5.005,0.000587205
2/22/2023 7:30,5.115,0.00060011
2/22/2023 7:45,5.01,0.000587791
2/22/2023 8:00,4.855,0.000569606
2/22/2023 8:15,4.665,0.000547315
2/22/2023 8:30,4.54,0.000532649
2/22/2023 8:45,4.51,0.000529129
2/22/2023 9:00,4.455,0.000522677
2/22/2023 9:15,4.3,0.000504491
2/22/2023 9:30,4.275,0.000501558
2/22/2023 9:45,4.205,0.000493346
2/22/2023 10:00,4.115,0.000482787
2/22/2023 10:15,4.03,0.000472814
2/22/2023 10:30,3.95,0.000463428
2/22/2023 10:45,3.885,0.000455802
2/22/2023 11:00,3.75,0.000439963
2/22/2023 11:15,3.745,0.000439377
2/22/2023 11:30,3.645,0.000427644
2/22/2023 11:45,3.875,0.000454629
2/22/2023 12:00,3.6,0.000422365
2/22/2023 12:15,3.455,0.000405353
2/22/2023 12:30,3.37,0.000395381
2/22/2023 12:45,3.405,0.000399487
2/22/2023 13:00,3.5,0.000410633
2/22/2023 13:15,3.735,0.000438204
2/22/2023 13:30,3.45,0.000404766
2/22/2023 13:45,3.6,0.000422365
2/22/2023 14:00,3.5,0.000410633
2/22/2023 14:15,3.49,0.000409459
2/22/2023 14:30,3.78,0.000443483
2/22/2023 14:45,4.15,0.000486893
2/22/2023 15:00,3.91,0.000458735
2/22/2023 15:15,3.91,0.000458735
2/22/2023 15:30,4.31,0.000505665
2/22/2023 15:45,3.875,0.000454629
2/22/2023 16:00,4.09,0.000479853
2/22/2023 16:15,4.155,0.00048748
2/22/2023 16:30,3.975,0.000466361
2/22/2023 16:45,3.795,0.000445243
2/22/2023 17:00,3.87,0.000454042
2/22/2023 17:15,3.805,0.000446416
2/22/2023 17:30,3.57,0.000418845
2/22/2023 17:45,3.565,0.000418259
2/22/2023 18:00,3.46,0.00040594
2/22/2023 18:15,3.505,0.000411219
2/22/2023 18:30,3.515,0.000412392
2/22/2023 18:45,3.565,0.000418259
2/22/2023 19:00,3.7,0.000434097
2/22/2023 19:15,3.465,0.000406526
2/22/2023 19:30,3.36,0.000394207
2/22/2023 19:45,3.165,0.000371329
2/22/2023 20:00,3.145,0.000368983
2/22/2023 20:15,3.22,0.000377782
2/22/2023 20:30,3.045,0.00035725
2/22/2023 20:45,3.185,0.000373676
2/22/2023 21:00,3.19,0.000374262
2/22/2023 21:15,2.945,0.000345518
2/22/2023 21:30,2.965,0.000347864
2/22/2023 21:45,3.09,0.00036253
2/22/2023 22:00,3.04,0.000356664
2/22/2023 22:15,2.915,0.000341998
2/22/2023 22:30,2.785,0.000326746
2/22/2023 22:45,2.9,0.000340238
2/22/2023 23:00,3.11,0.000364876
2/22/2023 23:15,2.97,0.000348451
2/22/2023 23:30,3.09,0.00036253
2/22/2023 23:45,3.2,0.000375435
2/23/2023 0:00,3.25,0.000381302
2/23/2023 0:15,3.48,0.000408286
2/23/2023 0:30,3.42,0.000401247
2/23/2023 0:45,3.39,0.000397727
2/23/2023 1:00,3.565,0.000418259
2/23/2023 1:15,4.395,0.000515637
2/23/2023 1:30,4.595,0.000539102
2/23/2023 1:45,6.325,0.000742072
2/23/2023 2:00,24.03,0.002819286
2/23/2023 2:15,54.105,0.006347793
2/23/2023 2:30,375.035,0.044000453
2/23/2023 2:45,360.565,0.042302781
2/23/2023 3:00,83.38,0.009782441
2/23/2023 3:15,56.765,0.006659874
2/23/2023 3:30,50.625,0.005939507
2/23/2023 3:45,46.045,0.005402165
2/23/2023 4:00,36.705,0.004306362
2/23/2023 4:15,30.085,0.00352968
2/23/2023 4:30,35.38,0.004150909
2/23/2023 4:45,30.82,0.003615913
2/23/2023 5:00,27.73,0.003253383
2/23/2023 5:15,15.16,0.001778626
2/23/2023 5:30,14.265,0.001673621
2/23/2023 5:45,13.34,0.001565097
2/23/2023 6:00,13.99,0.001641357
2/23/2023 6:15,11.98,0.001405537
2/23/2023 6:30,11.97,0.001404363
2/23/2023 6:45,10.44,0.001224858
2/23/2023 7:00,10.31,0.001209606
2/23/2023 7:15,10.03,0.001176756
2/23/2023 7:30,9.95,0.00116737
2/23/2023 7:45,9.73,0.001141559
2/23/2023 8:00,9.73,0.001141559
2/23/2023 8:15,9.91,0.001162677
2/23/2023 8:30,9.93,0.001165023
2/23/2023 8:45,10.07,0.001181449
2/23/2023 9:00,12.295,0.001442494
2/23/2023 9:15,10.535,0.001236004
2/23/2023 9:30,2.855,0.000334959
2/23/2023 9:45,2.76,0.000323813
2/23/2023 10:00,2.805,0.000329093
2/23/2023 10:15,2.915,0.000341998
2/23/2023 10:30,2.84,0.000333199
2/23/2023 10:45,2.865,0.000336132
2/23/2023 11:00,2.86,0.000335545
2/23/2023 11:15,3.04,0.000356664
2/23/2023 11:30,3.36,0.000394207
2/23/2023 11:45,3.57,0.000418845
2/23/2023 12:00,3.325,0.000390101
2/23/2023 12:15,3.345,0.000392447
2/23/2023 12:30,3.22,0.000377782
2/23/2023 12:45,3.18,0.000373089
2/23/2023 13:00,3.185,0.000373676
2/23/2023 13:15,3.095,0.000363117
2/23/2023 13:30,3.33,0.000390688
2/23/2023 13:45,2.96,0.000347278
2/23/2023 14:00,3.12,0.00036605
2/23/2023 14:15,3.36,0.000394207
2/23/2023 14:30,3.295,0.000386581
2/23/2023 14:45,4.38,0.000513877
2/23/2023 15:00,3.55,0.000416499
2/23/2023 15:15,4.49,0.000526783
2/23/2023 15:30,13.22,0.001551018
2/23/2023 15:45,15.67,0.001838461
2/23/2023 16:00,16.65,0.001953438
2/23/2023 16:15,17.135,0.00201034
2/23/2023 16:30,18.12,0.002125903
2/23/2023 16:45,18.065,0.002119451
2/23/2023 17:00,18.4,0.002158754
2/23/2023 17:15,19.765,0.002318901
2/23/2023 17:30,20.7,0.002428598
2/23/2023 17:45,20.02,0.002348818
2/23/2023 18:00,19.02,0.002231495
2/23/2023 18:15,17.985,0.002110065
2/23/2023 18:30,17.095,0.002005647
2/23/2023 18:45,16.17,0.001897122
2/23/2023 19:00,14.945,0.001753401
2/23/2023 19:15,14.19,0.001664822
2/23/2023 19:30,13.445,0.001577416
2/23/2023 19:45,12.855,0.001508195
2/23/2023 20:00,12.355,0.001449533
2/23/2023 20:15,12.32,0.001445427
2/23/2023 20:30,11.945,0.00140143
2/23/2023 20:45,11.77,0.001380899
2/23/2023 21:00,11.57,0.001357434
2/23/2023 21:15,11.44,0.001342182
2/23/2023 21:30,11.075,0.001299359
2/23/2023 21:45,10.975,0.001287626
2/23/2023 22:00,10.575,0.001240697
2/23/2023 22:15,10.32,0.001210779
2/23/2023 22:30,10.235,0.001200807
2/23/2023 22:45,10.1,0.001184968
2/23/2023 23:00,9.93,0.001165023
2/23/2023 23:15,9.88,0.001159157
2/23/2023 23:30,10.09,0.001183795
2/23/2023 23:45,11.04,0.001295252
2/24/2023 0:00,12.15,0.001425482
2/24/2023 0:15,10.46,0.001227205
2/24/2023 0:30,9.64,0.001130999
2/24/2023 0:45,8.9,0.00104418
2/24/2023 1:00,8.275,0.000970853
2/24/2023 1:15,8.11,0.000951494
2/24/2023 1:30,7.61,0.000892833
2/24/2023 1:45,7.525,0.00088286
2/24/2023 2:00,7.03,0.000824785
2/24/2023 2:15,7,0.000821265
2/24/2023 2:30,7.215,0.00084649
2/24/2023 2:45,6.82,0.000800147
2/24/2023 3:00,6.445,0.000756151
2/24/2023 3:15,6.565,0.000770229
2/24/2023 3:30,6.275,0.000736206
2/24/2023 3:45,6.22,0.000729753
2/24/2023 4:00,6.065,0.000711568
2/24/2023 4:15,6.18,0.00072506
2/24/2023 4:30,6.085,0.000713914
2/24/2023 4:45,6.005,0.000704528
2/24/2023 5:00,5.91,0.000693382
2/24/2023 5:15,5.575,0.000654079
2/24/2023 5:30,6.255,0.000733859
2/24/2023 5:45,7.94,0.000931549
2/24/2023 6:00,7.39,0.000867021
2/24/2023 6:15,8.445,0.000990798
2/24/2023 6:30,7.995,0.000938002
2/24/2023 6:45,7.58,0.000889313
2/24/2023 7:00,19.11,0.002242054
2/24/2023 7:15,20.73,0.002432118
2/24/2023 7:30,21.42,0.002513071
2/24/2023 7:45,20.84,0.002445024
2/24/2023 8:00,20.21,0.00237111
2/24/2023 8:15,23.32,0.002735986
2/24/2023 8:30,22.875,0.002683777
2/24/2023 8:45,20.52,0.00240748
2/24/2023 9:00,3.9,0.000457562
2/24/2023 9:15,4.1,0.000481027
2/24/2023 9:30,3.795,0.000445243
2/24/2023 9:45,3.79,0.000444656
2/24/2023 10:00,4.015,0.000471054
2/24/2023 10:15,4.175,0.000489826
2/24/2023 10:30,4.275,0.000501558
2/24/2023 10:45,3.72,0.000436444
2/24/2023 11:00,3.665,0.000429991
2/24/2023 11:15,3.435,0.000403007
2/24/2023 11:30,3.505,0.000411219
2/24/2023 11:45,3.51,0.000411806
2/24/2023 12:00,3.365,0.000394794
2/24/2023 12:15,3.815,0.000447589
2/24/2023 12:30,4.55,0.000533822
2/24/2023 12:45,5.41,0.000634721
2/24/2023 13:00,5.665,0.000664638
2/24/2023 13:15,6.08,0.000713327
2/24/2023 13:30,6.465,0.000758497
2/24/2023 13:45,6.29,0.000737965
2/24/2023 14:00,5.845,0.000685756
2/24/2023 14:15,5.745,0.000674024
2/24/2023 14:30,5.685,0.000666985
2/24/2023 14:45,5.685,0.000666985
2/24/2023 15:00,5.77,0.000676957
2/24/2023 15:15,5.71,0.000669918
2/24/2023 15:30,5.595,0.000656425
2/24/2023 15:45,5.39,0.000632374
2/24/2023 16:00,5.2,0.000610083
2/24/2023 16:15,5,0.000586618
2/24/2023 16:30,4.84,0.000567846
2/24/2023 16:45,4.58,0.000537342
2/24/2023 17:00,4.485,0.000526196
2/24/2023 17:15,4.28,0.000502145
2/24/2023 17:30,4.315,0.000506251
2/24/2023 17:45,4.21,0.000493932
2/24/2023 18:00,4.055,0.000475747
2/24/2023 18:15,3.955,0.000464015
2/24/2023 18:30,3.86,0.000452869
2/24/2023 18:45,3.68,0.000431751
2/24/2023 19:00,3.65,0.000428231
2/24/2023 19:15,3.555,0.000417085
2/24/2023 19:30,3.57,0.000418845
2/24/2023 19:45,3.66,0.000429404
2/24/2023 20:00,3.56,0.000417672
2/24/2023 20:15,3.355,0.000393621
2/24/2023 20:30,3.25,0.000381302
2/24/2023 20:45,3.19,0.000374262
2/24/2023 21:00,3.33,0.000390688
2/24/2023 21:15,3.525,0.000413566
2/24/2023 21:30,3.37,0.000395381
2/24/2023 21:45,3.955,0.000464015
2/24/2023 22:00,4.84,0.000567846
2/24/2023 22:15,5.245,0.000615362
2/24/2023 22:30,5.73,0.000672264
2/24/2023 22:45,6.335,0.000743245
2/24/2023 23:00,6.035,0.000708048
2/24/2023 23:15,5.77,0.000676957
2/24/2023 23:30,5.115,0.00060011
2/24/2023 23:45,4.62,0.000542035
2/25/2023 0:00,4.49,0.000526783
2/25/2023 0:15,4.405,0.00051681
2/25/2023 0:30,4.32,0.000506838
2/25/2023 0:45,3.965,0.000465188
2/25/2023 1:00,4.445,0.000521503
2/25/2023 1:15,4.09,0.000479853
2/25/2023 1:30,4.085,0.000479267
2/25/2023 1:45,4.105,0.000481613
2/25/2023 2:00,4.12,0.000483373
2/25/2023 2:15,4.33,0.000508011
2/25/2023 2:30,4.135,0.000485133
2/25/2023 2:45,4.155,0.00048748
2/25/2023 3:00,4.17,0.000489239
2/25/2023 3:15,4.1,0.000481027
2/25/2023 3:30,4.29,0.000503318
2/25/2023 3:45,4.235,0.000496865
2/25/2023 4:00,4.365,0.000512117
2/25/2023 4:15,4.51,0.000529129
2/25/2023 4:30,4.26,0.000499798
2/25/2023 4:45,4.11,0.0004822
2/25/2023 5:00,3.92,0.000459908
2/25/2023 5:15,3.96,0.000464601
2/25/2023 5:30,4.05,0.000475161
2/25/2023 5:45,4.22,0.000495106
2/25/2023 6:00,4.06,0.000476334
2/25/2023 6:15,3.985,0.000467535
2/25/2023 6:30,4.015,0.000471054
2/25/2023 6:45,3.82,0.000448176
2/25/2023 7:00,3.84,0.000450523
2/25/2023 7:15,3.82,0.000448176
2/25/2023 7:30,3.785,0.00044407
2/25/2023 7:45,3.77,0.00044231
2/25/2023 8:00,3.935,0.000461668
2/25/2023 8:15,3.905,0.000458149
2/25/2023 8:30,4.025,0.000472227
2/25/2023 8:45,4.135,0.000485133
2/25/2023 9:00,4.26,0.000499798
2/25/2023 9:15,4.175,0.000489826
2/25/2023 9:30,4.13,0.000484546
2/25/2023 9:45,4.145,0.000486306
2/25/2023 10:00,4.09,0.000479853
2/25/2023 10:15,3.91,0.000458735
2/25/2023 10:30,3.89,0.000456389
2/25/2023 10:45,3.77,0.00044231
2/25/2023 11:00,3.655,0.000428818
2/25/2023 11:15,3.605,0.000422952
2/25/2023 11:30,3.51,0.000411806
2/25/2023 11:45,3.525,0.000413566
2/25/2023 12:00,3.47,0.000407113
2/25/2023 12:15,3.5,0.000410633
2/25/2023 12:30,3.37,0.000395381
2/25/2023 12:45,3.45,0.000404766
2/25/2023 13:00,4.42,0.00051857
2/25/2023 13:15,3.285,0.000385408
2/25/2023 13:30,3.295,0.000386581
2/25/2023 13:45,3.285,0.000385408
2/25/2023 14:00,3.24,0.000380128
2/25/2023 14:15,3.31,0.000388341
2/25/2023 14:30,3.125,0.000366636
2/25/2023 14:45,3.12,0.00036605
2/25/2023 15:00,3.17,0.000371916
2/25/2023 15:15,3.125,0.000366636
2/25/2023 15:30,2.965,0.000347864
2/25/2023 15:45,3.045,0.00035725
2/25/2023 16:00,2.96,0.000347278
2/25/2023 16:15,2.99,0.000350798
2/25/2023 16:30,2.89,0.000339065
2/25/2023 16:45,2.925,0.000343172
2/25/2023 17:00,2.94,0.000344931
2/25/2023 17:15,2.85,0.000334372
2/25/2023 17:30,2.995,0.000351384
2/25/2023 17:45,3.63,0.000425885
2/25/2023 18:00,4.4,0.000516224
2/25/2023 18:15,5.485,0.00064352
2/25/2023 18:30,4.37,0.000512704
2/25/2023 18:45,3.835,0.000449936
2/25/2023 19:00,3.41,0.000400073
2/25/2023 19:15,3.21,0.000376609
2/25/2023 19:30,3.265,0.000383062
2/25/2023 19:45,2.97,0.000348451
2/25/2023 20:00,2.97,0.000348451
2/25/2023 20:15,3.695,0.000433511
2/25/2023 20:30,5.155,0.000604803
2/25/2023 20:45,7.07,0.000829478
2/25/2023 21:00,7.23,0.00084825
2/25/2023 21:15,6.755,0.000792521
2/25/2023 21:30,5.96,0.000699249
2/25/2023 21:45,5.575,0.000654079
2/25/2023 22:00,5.365,0.000629441
2/25/2023 22:15,4.97,0.000583098
2/25/2023 22:30,4.885,0.000573126
2/25/2023 22:45,4.73,0.000554941
2/25/2023 23:00,4.65,0.000545555
2/25/2023 23:15,4.7,0.000551421
2/25/2023 23:30,4.54,0.000532649
2/25/2023 23:45,4.605,0.000540275
2/26/2023 0:00,4.66,0.000546728
2/26/2023 0:15,4.565,0.000535582
2/26/2023 0:30,4.605,0.000540275
2/26/2023 0:45,4.595,0.000539102
2/26/2023 1:00,4.68,0.000549074
2/26/2023 1:15,4.72,0.000553767
2/26/2023 1:30,4.695,0.000550834
2/26/2023 1:45,4.625,0.000542622
2/26/2023 2:00,4.69,0.000550248
2/26/2023 2:15,4.685,0.000549661
2/26/2023 2:30,4.8,0.000563153
2/26/2023 2:45,4.72,0.000553767
2/26/2023 3:00,4.92,0.000577232
2/26/2023 3:15,5.03,0.000590138
2/26/2023 3:30,4.665,0.000547315
2/26/2023 3:45,4.59,0.000538515
2/26/2023 4:00,4.455,0.000522677
2/26/2023 4:15,4.5,0.000527956
2/26/2023 4:30,4.43,0.000519744
2/26/2023 4:45,4.375,0.000513291
2/26/2023 5:00,4.42,0.00051857
2/26/2023 5:15,4.39,0.000515051
2/26/2023 5:30,4.38,0.000513877
2/26/2023 5:45,4.415,0.000517984
2/26/2023 6:00,4.46,0.000523263
2/26/2023 6:15,4.355,0.000510944
2/26/2023 6:30,4.425,0.000519157
2/26/2023 6:45,4.565,0.000535582
2/26/2023 7:00,4.605,0.000540275
2/26/2023 7:15,4.505,0.000528543
2/26/2023 7:30,4.71,0.000552594
2/26/2023 7:45,4.66,0.000546728
2/26/2023 8:00,4.835,0.00056726
2/26/2023 8:15,4.89,0.000573712
2/26/2023 8:30,4.915,0.000576645
2/26/2023 8:45,5.035,0.000590724
2/26/2023 9:00,4.77,0.000559634
2/26/2023 9:15,4.575,0.000536755
2/26/2023 9:30,4.49,0.000526783
2/26/2023 9:45,4.25,0.000498625
2/26/2023 10:00,4.155,0.00048748
2/26/2023 10:15,4.16,0.000488066
2/26/2023 10:30,3.975,0.000466361
2/26/2023 10:45,4.115,0.000482787
2/26/2023 11:00,3.94,0.000462255
2/26/2023 11:15,3.8,0.00044583
2/26/2023 11:30,3.77,0.00044231
2/26/2023 11:45,3.795,0.000445243
2/26/2023 12:00,4.075,0.000478094
2/26/2023 12:15,4.11,0.0004822
2/26/2023 12:30,3.975,0.000466361
2/26/2023 12:45,4.545,0.000533236
2/26/2023 13:00,4.115,0.000482787
2/26/2023 13:15,4.95,0.000580752
2/26/2023 13:30,6.11,0.000716847
2/26/2023 13:45,6.71,0.000787241
2/26/2023 14:00,7.38,0.000865848
2/26/2023 14:15,6.59,0.000773162
2/26/2023 14:30,6.45,0.000756737
2/26/2023 14:45,6.24,0.000732099
2/26/2023 15:00,6.15,0.00072154
2/26/2023 15:15,6.17,0.000723887
2/26/2023 15:30,6.425,0.000753804
2/26/2023 15:45,7.51,0.0008811
2/26/2023 16:00,7.185,0.00084297
2/26/2023 16:15,7.305,0.000857049
2/26/2023 16:30,7.13,0.000836517
2/26/2023 16:45,7.05,0.000827131
2/26/2023 17:00,7.205,0.000845316
2/26/2023 17:15,6.5,0.000762603
2/26/2023 17:30,5.775,0.000677544
2/26/2023 17:45,5.355,0.000628268
2/26/2023 18:00,5.06,0.000593657
2/26/2023 18:15,4.79,0.00056198
2/26/2023 18:30,4.55,0.000533822
2/26/2023 18:45,4.37,0.000512704
2/26/2023 19:00,4.145,0.000486306
2/26/2023 19:15,4.08,0.00047868
2/26/2023 19:30,4.01,0.000470468
2/26/2023 19:45,3.995,0.000468708
2/26/2023 20:00,4.09,0.000479853
2/26/2023 20:15,4.055,0.000475747
2/26/2023 20:30,3.99,0.000468121
2/26/2023 20:45,3.925,0.000460495
2/26/2023 21:00,3.95,0.000463428
2/26/2023 21:15,3.815,0.000447589
2/26/2023 21:30,3.79,0.000444656
2/26/2023 21:45,3.81,0.000447003
2/26/2023 22:00,3.78,0.000443483
2/26/2023 22:15,3.935,0.000461668
2/26/2023 22:30,4.015,0.000471054
2/26/2023 22:45,4.065,0.00047692
2/26/2023 23:00,4.38,0.000513877
2/26/2023 23:15,4.33,0.000508011
2/26/2023 23:30,4.25,0.000498625
2/26/2023 23:45,4.2,0.000492759
2/27/2023 0:00,4.11,0.0004822
2/27/2023 0:15,4.045,0.000474574
2/27/2023 0:30,4.065,0.00047692
2/27/2023 0:45,3.98,0.000466948
2/27/2023 1:00,4,0.000469294
2/27/2023 1:15,3.985,0.000467535
2/27/2023 1:30,3.845,0.000451109
2/27/2023 1:45,3.79,0.000444656
2/27/2023 2:00,3.77,0.00044231
2/27/2023 2:15,3.845,0.000451109
2/27/2023 2:30,3.865,0.000453456
2/27/2023 2:45,3.865,0.000453456
2/27/2023 3:00,3.845,0.000451109
2/27/2023 3:15,3.98,0.000466948
2/27/2023 3:30,5.005,0.000587205
2/27/2023 3:45,29.48,0.003458699
2/27/2023 4:00,4.04,0.000473987
2/27/2023 4:15,3.995,0.000468708
2/27/2023 4:30,8.65,0.001014849
2/27/2023 4:45,4.565,0.000535582
2/27/2023 5:00,3.92,0.000459908
2/27/2023 5:15,3.9,0.000457562
2/27/2023 5:30,4.055,0.000475747
2/27/2023 5:45,6.31,0.000740312
2/27/2023 6:00,3.655,0.000428818
2/27/2023 6:15,4.185,0.000490999
2/27/2023 6:30,8.18,0.000959707
2/27/2023 6:45,3.58,0.000420018
2/27/2023 7:00,3.875,0.000454629
2/27/2023 7:15,5.405,0.000634134
2/27/2023 7:45,37.27,0.00437265
2/27/2023 8:00,34.135,0.004004841
2/27/2023 8:15,27.395,0.00321408
2/27/2023 8:30,3.43,0.00040242
2/27/2023 8:45,3.155,0.000370156
2/27/2023 9:00,3.09,0.00036253
2/27/2023 9:15,3.05,0.000357837
2/27/2023 9:30,5.51,0.000646453
2/27/2023 9:45,3.39,0.000397727
2/27/2023 10:00,3.53,0.000414152
2/27/2023 10:15,3.715,0.000435857
2/27/2023 10:30,3.87,0.000454042
2/27/2023 10:45,3.99,0.000468121
2/27/2023 11:00,3.485,0.000408873
2/27/2023 11:15,4.27,0.000500972
2/27/2023 11:30,3.36,0.000394207
2/27/2023 11:45,4.02,0.000471641
2/27/2023 12:00,3.37,0.000395381
2/27/2023 12:15,4.235,0.000496865
2/27/2023 12:30,4.985,0.000584858
2/27/2023 12:45,6.275,0.000736206
2/27/2023 13:00,7.285,0.000854702
2/27/2023 13:15,8.185,0.000960294
2/27/2023 13:30,8.63,0.001012503
2/27/2023 13:45,9.125,0.001070578
2/27/2023 14:00,10.91,0.00128
2/27/2023 14:15,12.66,0.001485317
2/27/2023 14:30,13.035,0.001529313
2/27/2023 14:45,13.675,0.0016044
2/27/2023 15:00,13.225,0.001551604
2/27/2023 15:15,14.155,0.001660715
2/27/2023 15:30,14.16,0.001661302
2/27/2023 15:45,14.37,0.00168594
2/27/2023 16:00,13.705,0.00160792
2/27/2023 16:15,13.61,0.001596774
2/27/2023 16:30,13.195,0.001548085
2/27/2023 16:45,12.5,0.001466545
2/27/2023 17:00,11.875,0.001393218
2/27/2023 17:15,11.515,0.001350981
2/27/2023 17:30,11.43,0.001341009
2/27/2023 17:45,10.815,0.001268855
2/27/2023 18:00,10.34,0.001213126
2/27/2023 18:15,10.1,0.001184968
2/27/2023 18:30,9.915,0.001163263
2/27/2023 18:45,9.61,0.00112748
2/27/2023 19:00,9.44,0.001107535
2/27/2023 19:15,9.54,0.001119267
2/27/2023 19:30,9.315,0.001092869
2/27/2023 19:45,9.28,0.001088763
2/27/2023 20:00,9.355,0.001097562
2/27/2023 20:15,9.325,0.001094042
2/27/2023 20:30,9.145,0.001072924
2/27/2023 20:45,9.035,0.001060019
2/27/2023 21:00,9.03,0.001059432
2/27/2023 21:15,8.72,0.001023062
2/27/2023 21:30,8.585,0.001007223
2/27/2023 21:45,8.5,0.000997251
2/27/2023 22:00,8.315,0.000975546
2/27/2023 22:15,8.34,0.000978479
2/27/2023 22:30,8.825,0.001035381
2/27/2023 22:45,8.635,0.001013089
2/27/2023 23:00,8.685,0.001018955
2/27/2023 23:15,8.81,0.001033621
2/27/2023 23:30,9.01,0.001057086
2/27/2023 23:45,9.045,0.001061192
2/28/2023 0:00,8.815,0.001034207
2/28/2023 0:15,8.62,0.001011329
2/28/2023 0:30,8.61,0.001010156
2/28/2023 0:45,8.255,0.000968506
2/28/2023 1:00,8.305,0.000974372
2/28/2023 1:15,8.11,0.000951494
2/28/2023 1:30,8.07,0.000946801
2/28/2023 1:45,7.73,0.000906911
2/28/2023 2:00,7.57,0.00088814
2/28/2023 2:15,7.54,0.00088462
2/28/2023 2:30,7.075,0.000830064
2/28/2023 2:45,7.015,0.000823025
2/28/2023 3:00,6.75,0.000791934
2/28/2023 3:15,6.67,0.000782548
2/28/2023 3:30,6.595,0.000773749
2/28/2023 3:45,6.47,0.000759084
2/28/2023 4:00,6.38,0.000748525
2/28/2023 4:15,6.385,0.000749111
2/28/2023 4:30,6.43,0.000754391
2/28/2023 4:45,6.975,0.000818332
2/28/2023 5:00,7.795,0.000914537
2/28/2023 5:15,9.415,0.001104602
2/28/2023 5:30,7.335,0.000860569
2/28/2023 5:45,7.355,0.000862915
2/28/2023 6:00,10.315,0.001210193
2/28/2023 6:15,8.795,0.001031861
2/28/2023 6:30,10.32,0.001210779
2/28/2023 6:45,8.81,0.001033621
2/28/2023 7:00,8.425,0.000988451
2/28/2023 7:15,20.45,0.002399267
2/28/2023 7:30,7.405,0.000868781
2/28/2023 7:45,12.55,0.001472411
2/28/2023 8:00,9.545,0.001119854
2/28/2023 8:15,10.115,0.001186728
2/28/2023 8:30,7.91,0.00092803
2/28/2023 8:45,7.93,0.000930376
2/28/2023 9:00,9.835,0.001153878
2/28/2023 9:15,6.16,0.000722713
2/28/2023 9:30,8.84,0.001037141
2/28/2023 9:45,10.455,0.001226618
2/28/2023 10:00,6.465,0.000758497
2/28/2023 10:15,8.94,0.001048873
2/28/2023 10:30,9.3,0.001091109
2/28/2023 10:45,6.565,0.000770229
2/28/2023 11:00,9.355,0.001097562
2/28/2023 11:15,14.3,0.001677727
2/28/2023 11:30,6.035,0.000708048
2/28/2023 11:45,7.635,0.000895766
2/28/2023 12:00,5.62,0.000659359
2/28/2023 12:15,5.91,0.000693382
2/28/2023 12:30,6.595,0.000773749
2/28/2023 12:45,6.745,0.000791348
2/28/2023 13:00,6.68,0.000783722
2/28/2023 13:15,6.725,0.000789001
2/28/2023 13:30,6.555,0.000769056
2/28/2023 13:45,6.77,0.000794281
2/28/2023 14:00,6.955,0.000815986
2/28/2023 14:15,7.245,0.000850009
2/28/2023 14:30,7.155,0.00083945
2/28/2023 14:45,7.215,0.00084649
2/28/2023 15:00,7.455,0.000874647
2/28/2023 15:15,7.62,0.000894006
2/28/2023 15:30,7.75,0.000909258
2/28/2023 15:45,7.63,0.000895179
2/28/2023 16:00,7.795,0.000914537
2/28/2023 16:15,8.36,0.000980825
2/28/2023 16:30,9.43,0.001106361
2/28/2023 16:45,9.97,0.001169716
2/28/2023 17:00,10,0.001173236
2/28/2023 17:15,9.53,0.001118094
2/28/2023 17:30,9.425,0.001105775
2/28/2023 17:45,8.995,0.001055326
2/28/2023 18:00,8.675,0.001017782
2/28/2023 18:15,8.63,0.001012503
2/28/2023 18:30,8.785,0.001030688
2/28/2023 18:45,8.735,0.001024822
2/28/2023 19:00,8.845,0.001037727
2/28/2023 19:15,8.665,0.001016609
2/28/2023 19:30,8.61,0.001010156
2/28/2023 19:45,8.055,0.000945042
2/28/2023 20:00,7.95,0.000932723
2/28/2023 20:15,7.99,0.000937415
2/28/2023 20:30,7.705,0.000903978
2/28/2023 20:45,7.67,0.000899872
2/28/2023 21:00,7.825,0.000918057
2/28/2023 21:15,7.85,0.00092099
2/28/2023 21:30,7.85,0.00092099
2/28/2023 21:45,7.925,0.000929789
2/28/2023 22:00,8.295,0.000973199
2/28/2023 22:15,8.23,0.000965573
2/28/2023 22:30,8.49,0.000996077
2/28/2023 22:45,8.675,0.001017782
2/28/2023 23:00,8.9,0.00104418
2/28/2023 23:15,9.055,0.001062365
2/28/2023 23:30,9.015,0.001057672
2/28/2023 23:45,8.76,0.001027755
3/1/2023 0:00,8.885,0.00104242
3/1/2023 0:15,8.985,0.001054152
3/1/2023 0:30,8.99,0.001054739
3/1/2023 0:45,8.76,0.001027755
3/1/2023 1:00,8.685,0.001018955
3/1/2023 1:15,8.62,0.001011329
3/1/2023 1:30,8.355,0.000980239
3/1/2023 1:45,8.225,0.000964987
3/1/2023 2:00,7.985,0.000936829
3/1/2023 2:15,7.675,0.000900459
3/1/2023 2:30,7.42,0.000870541
3/1/2023 2:45,7.32,0.000858809
3/1/2023 3:00,7.28,0.000854116
3/1/2023 3:15,7.375,0.000865261
3/1/2023 3:30,7.89,0.000925683
3/1/2023 3:45,7.73,0.000906911
3/1/2023 4:00,7.405,0.000868781
3/1/2023 4:15,7.205,0.000845316
3/1/2023 4:30,7.155,0.00083945
3/1/2023 4:45,7.31,0.000857635
3/1/2023 5:00,7.84,0.000919817
3/1/2023 5:15,7.75,0.000909258
3/1/2023 5:30,7.18,0.000842383
3/1/2023 5:45,7.15,0.000838864
3/1/2023 6:00,7.305,0.000857049
3/1/2023 6:15,7.33,0.000859982
3/1/2023 6:30,7.315,0.000858222
3/1/2023 6:45,7.195,0.000844143
3/1/2023 7:00,7,0.000821265
3/1/2023 7:15,7,0.000821265
3/1/2023 7:30,6.925,0.000812466
3/1/2023 7:45,6.795,0.000797214
3/1/2023 8:00,6.59,0.000773162
3/1/2023 8:15,6.405,0.000751458
3/1/2023 8:30,6.31,0.000740312
3/1/2023 8:45,6.125,0.000718607
3/1/2023 9:00,6.285,0.000737379
3/1/2023 9:15,6.54,0.000767296
3/1/2023 9:30,6.035,0.000708048
3/1/2023 9:45,5.89,0.000691036
3/1/2023 10:00,5.91,0.000693382
3/1/2023 10:15,6.055,0.000710394
3/1/2023 10:30,5.76,0.000675784
3/1/2023 10:45,5.4,0.000633547
3/1/2023 11:00,5.175,0.00060715
3/1/2023 11:15,5.19,0.000608909
3/1/2023 11:30,5.375,0.000630614
3/1/2023 11:45,5.59,0.000655839
3/1/2023 12:00,5.995,0.000703355
3/1/2023 12:15,6.115,0.000717434
3/1/2023 12:30,6.155,0.000722127
3/1/2023 12:45,5.98,0.000701595
3/1/2023 13:00,5.965,0.000699835
3/1/2023 13:15,6.04,0.000708634
3/1/2023 13:30,6.19,0.000726233
3/1/2023 13:45,6.53,0.000766123
3/1/2023 14:00,6.895,0.000808946
3/1/2023 14:15,6.94,0.000814226
3/1/2023 14:30,7.02,0.000823612
3/1/2023 14:45,7.21,0.000845903
3/1/2023 15:00,7.345,0.000861742
3/1/2023 15:15,7.225,0.000847663
3/1/2023 15:30,7.035,0.000825371
3/1/2023 15:45,7.015,0.000823025
3/1/2023 16:00,7.13,0.000836517
3/1/2023 16:15,7.2,0.00084473
3/1/2023 16:30,7.59,0.000890486
3/1/2023 16:45,7.865,0.00092275
3/1/2023 17:00,7.405,0.000868781
3/1/2023 17:15,6.845,0.00080308
3/1/2023 17:30,6.5,0.000762603
3/1/2023 17:45,6.43,0.000754391
3/1/2023 18:00,6.3,0.000739139
3/1/2023 18:15,6.24,0.000732099
3/1/2023 18:30,6.385,0.000749111
3/1/2023 18:45,6.48,0.000760257
3/1/2023 19:00,6.84,0.000802493
3/1/2023 19:15,7.235,0.000848836
3/1/2023 19:30,7.435,0.000872301
3/1/2023 19:45,7.15,0.000838864
3/1/2023 20:00,7.025,0.000824198
3/1/2023 20:15,6.59,0.000773162
3/1/2023 20:30,6.625,0.000777269
3/1/2023 20:45,6.48,0.000760257
3/1/2023 21:00,6.475,0.00075967
3/1/2023 21:15,6.63,0.000777855
3/1/2023 21:30,6.715,0.000787828
3/1/2023 21:45,6.925,0.000812466
3/1/2023 22:00,6.73,0.000789588
3/1/2023 22:15,6.57,0.000770816
3/1/2023 22:30,6.625,0.000777269
3/1/2023 22:45,6.815,0.00079956
3/1/2023 23:00,6.595,0.000773749
3/1/2023 23:15,6.42,0.000753217
3/1/2023 23:30,6.11,0.000716847
3/1/2023 23:45,6.185,0.000725646
3/2/2023 0:00,6.055,0.000710394
3/2/2023 0:15,6.1,0.000715674
3/2/2023 0:30,6.19,0.000726233
3/2/2023 0:45,6.155,0.000722127
3/2/2023 1:00,5.985,0.000702182
3/2/2023 1:15,5.865,0.000688103
3/2/2023 1:30,5.86,0.000687516
3/2/2023 1:45,5.805,0.000681063
3/2/2023 2:00,5.69,0.000667571
3/2/2023 2:15,5.57,0.000653492
3/2/2023 2:30,5.535,0.000649386
3/2/2023 2:45,5.475,0.000642347
3/2/2023 3:00,5.545,0.000650559
3/2/2023 3:15,5.325,0.000624748
3/2/2023 3:30,5.25,0.000615949
3/2/2023 3:45,5.24,0.000614776
3/2/2023 4:00,5.27,0.000618295
3/2/2023 4:15,5.22,0.000612429
3/2/2023 4:30,5.265,0.000617709
3/2/2023 4:45,5.26,0.000617122
3/2/2023 5:00,5.195,0.000609496
3/2/2023 5:15,5.29,0.000620642
3/2/2023 5:30,5.2,0.000610083
3/2/2023 5:45,5.155,0.000604803
3/2/2023 6:00,5.055,0.000593071
3/2/2023 6:15,4.975,0.000583685
3/2/2023 6:30,4.89,0.000573712
3/2/2023 6:45,4.94,0.000579579
3/2/2023 7:00,4.85,0.000569019
3/2/2023 7:15,4.85,0.000569019
3/2/2023 7:30,4.8,0.000563153
3/2/2023 7:45,4.73,0.000554941
3/2/2023 8:00,4.725,0.000554354
3/2/2023 8:15,4.71,0.000552594
3/2/2023 8:30,4.61,0.000540862
3/2/2023 8:45,4.58,0.000537342
3/2/2023 9:00,4.54,0.000532649
3/2/2023 9:15,4.54,0.000532649
3/2/2023 9:30,4.535,0.000532062
3/2/2023 9:45,4.5,0.000527956
3/2/2023 10:00,4.37,0.000512704
3/2/2023 10:15,4.295,0.000503905
3/2/2023 10:30,4.17,0.000489239
3/2/2023 10:45,4.08,0.00047868
3/2/2023 11:00,4.06,0.000476334
3/2/2023 11:15,3.985,0.000467535
3/2/2023 11:30,4,0.000469294
3/2/2023 11:45,3.955,0.000464015
3/2/2023 12:00,3.985,0.000467535
3/2/2023 12:15,4.035,0.000473401
3/2/2023 12:30,3.975,0.000466361
3/2/2023 12:45,4.035,0.000473401
3/2/2023 13:00,3.81,0.000447003
3/2/2023 13:15,3.835,0.000449936
3/2/2023 13:30,3.76,0.000441137
3/2/2023 13:45,3.645,0.000427644
3/2/2023 14:00,3.655,0.000428818
3/2/2023 14:15,3.57,0.000418845
3/2/2023 14:30,3.61,0.000423538
3/2/2023 14:45,3.53,0.000414152
3/2/2023 15:00,3.52,0.000412979
3/2/2023 15:15,3.49,0.000409459
3/2/2023 15:30,3.57,0.000418845
3/2/2023 15:45,3.525,0.000413566
3/2/2023 16:00,3.59,0.000421192
3/2/2023 16:15,3.53,0.000414152
3/2/2023 16:30,3.52,0.000412979
3/2/2023 16:45,3.515,0.000412392
3/2/2023 17:00,3.615,0.000424125
3/2/2023 17:15,3.47,0.000407113
3/2/2023 17:30,3.54,0.000415326
3/2/2023 17:45,3.455,0.000405353
3/2/2023 18:00,3.475,0.000407699
3/2/2023 18:15,3.46,0.00040594
3/2/2023 18:30,3.37,0.000395381
3/2/2023 18:45,3.44,0.000403593
3/2/2023 19:00,3.42,0.000401247
3/2/2023 19:15,3.425,0.000401833
3/2/2023 19:30,3.695,0.000433511
3/2/2023 19:45,3.775,0.000442897
3/2/2023 20:00,3.615,0.000424125
3/2/2023 20:15,3.605,0.000422952
3/2/2023 20:30,3.725,0.00043703
3/2/2023 20:45,3.595,0.000421778
3/2/2023 21:00,3.68,0.000431751
3/2/2023 21:15,3.72,0.000436444
3/2/2023 21:30,3.605,0.000422952
3/2/2023 21:45,3.675,0.000431164
3/2/2023 22:00,3.665,0.000429991
3/2/2023 22:15,3.605,0.000422952
3/2/2023 22:30,3.7,0.000434097
3/2/2023 22:45,3.6,0.000422365
3/2/2023 23:00,3.595,0.000421778
3/2/2023 23:15,3.72,0.000436444
3/2/2023 23:30,3.7,0.000434097
3/2/2023 23:45,3.735,0.000438204
3/3/2023 0:00,3.665,0.000429991
3/3/2023 0:15,3.665,0.000429991
3/3/2023 0:30,3.705,0.000434684
3/3/2023 0:45,3.705,0.000434684
3/3/2023 1:00,3.675,0.000431164
3/3/2023 1:15,3.76,0.000441137
3/3/2023 1:30,3.68,0.000431751
3/3/2023 1:45,3.645,0.000427644
3/3/2023 2:00,3.635,0.000426471
3/3/2023 2:15,3.695,0.000433511
3/3/2023 2:30,3.625,0.000425298
3/3/2023 2:45,3.65,0.000428231
3/3/2023 3:00,3.64,0.000427058
3/3/2023 3:15,4.275,0.000501558
3/3/2023 3:30,3.875,0.000454629
3/3/2023 3:45,7.33,0.000859982
3/3/2023 4:00,5.815,0.000682237
3/3/2023 4:15,9.51,0.001115747
3/3/2023 4:30,20.5,0.002405134
3/3/2023 4:45,25.25,0.002962421
3/3/2023 5:00,23.32,0.002735986
3/3/2023 5:15,26.63,0.003124327
3/3/2023 5:30,29.415,0.003451073
3/3/2023 5:45,26.325,0.003088544
3/3/2023 6:00,30.155,0.003537893
3/3/2023 6:15,29.09,0.003412943
3/3/2023 6:30,28.575,0.003352522
3/3/2023 6:45,26.995,0.00316715
3/3/2023 7:00,25.89,0.003037508
3/3/2023 7:15,25.525,0.002994685
3/3/2023 7:30,26.695,0.003131953
3/3/2023 7:45,26.72,0.003134886
3/3/2023 8:00,25.18,0.002954208
3/3/2023 8:15,24.98,0.002930743
3/3/2023 8:30,25.165,0.002952448
3/3/2023 8:45,25.48,0.002989405
3/3/2023 9:00,28.99,0.003401211
3/3/2023 9:15,29.87,0.003504456
3/3/2023 9:30,22.55,0.002645647
3/3/2023 9:45,3.03,0.00035549
3/3/2023 10:00,3.24,0.000380128
3/3/2023 10:15,3.365,0.000394794
3/3/2023 10:30,4.105,0.000481613
3/3/2023 10:45,4.065,0.00047692
3/3/2023 11:00,4.35,0.000510358
3/3/2023 11:15,8.885,0.00104242
3/3/2023 11:30,4.63,0.000543208
3/3/2023 11:45,3.645,0.000427644
3/3/2023 12:00,4.19,0.000491586
3/3/2023 12:15,4.755,0.000557874
3/3/2023 12:30,5.39,0.000632374
3/3/2023 12:45,4.45,0.00052209
3/3/2023 13:00,4.97,0.000583098
3/3/2023 13:15,5.6,0.000657012
3/3/2023 13:30,6.115,0.000717434
3/3/2023 13:45,6.26,0.000734446
3/3/2023 14:00,6.32,0.000741485
3/3/2023 14:15,7.26,0.000851769
3/3/2023 14:30,8.43,0.000989038
3/3/2023 14:45,8.94,0.001048873
3/3/2023 15:00,8.935,0.001048286
3/3/2023 15:15,8.965,0.001051806
3/3/2023 15:30,9.35,0.001096976
3/3/2023 15:45,10.085,0.001183208
3/3/2023 16:00,11.175,0.001311091
3/3/2023 16:15,12.085,0.001417856
3/3/2023 16:30,11.48,0.001346875
3/3/2023 16:45,11.34,0.00133045
3/3/2023 17:00,12.235,0.001435454
3/3/2023 17:15,12.85,0.001507608
3/3/2023 17:30,11.975,0.00140495
3/3/2023 17:45,10.875,0.001275894
3/3/2023 18:00,10.275,0.0012055
3/3/2023 18:15,10.755,0.001261815
3/3/2023 18:30,10.355,0.001214886
3/3/2023 18:45,9.5,0.001114574
3/3/2023 19:00,9.12,0.001069991
3/3/2023 19:15,8.95,0.001050046
3/3/2023 19:30,9.15,0.001073511
3/3/2023 19:45,9.86,0.001156811
3/3/2023 20:00,10.14,0.001189661
3/3/2023 20:15,10.55,0.001237764
3/3/2023 20:30,10.725,0.001258296
3/3/2023 20:45,11.03,0.001294079
3/3/2023 21:00,11.29,0.001324583
3/3/2023 21:15,11.515,0.001350981
3/3/2023 21:30,9.715,0.001139799
3/3/2023 21:45,10.305,0.00120902
3/3/2023 22:00,10.415,0.001221925
3/3/2023 22:15,10.665,0.001251256
3/3/2023 22:30,9.7,0.001138039
3/3/2023 22:45,9.165,0.001075271
3/3/2023 23:00,9.075,0.001064712
3/3/2023 23:15,8.695,0.001020129
3/3/2023 23:30,8.765,0.001028341
3/3/2023 23:45,8.46,0.000992558
3/4/2023 0:00,8.86,0.001039487
3/4/2023 0:15,8.185,0.000960294
3/4/2023 0:30,8.28,0.000971439
3/4/2023 0:45,7.78,0.000912778
3/4/2023 1:00,7.525,0.00088286
3/4/2023 1:15,7.26,0.000851769
3/4/2023 1:30,7.32,0.000858809
3/4/2023 1:45,6.71,0.000787241
3/4/2023 2:00,6.445,0.000756151
3/4/2023 2:15,6.405,0.000751458
3/4/2023 2:30,6.315,0.000740898
3/4/2023 2:45,6.18,0.00072506
3/4/2023 3:00,5.88,0.000689863
3/4/2023 3:15,5.83,0.000683997
3/4/2023 3:30,5.74,0.000673437
3/4/2023 3:45,5.645,0.000662292
3/4/2023 4:00,5.55,0.000651146
3/4/2023 4:15,5.64,0.000661705
3/4/2023 4:30,5.465,0.000641173
3/4/2023 4:45,5.33,0.000625335
3/4/2023 5:00,5.365,0.000629441
3/4/2023 5:15,5.42,0.000635894
3/4/2023 5:30,5.31,0.000622988
3/4/2023 5:45,5.35,0.000627681
3/4/2023 6:00,5.475,0.000642347
3/4/2023 6:15,5.52,0.000647626
3/4/2023 6:30,5.615,0.000658772
3/4/2023 6:45,5.58,0.000654666
3/4/2023 7:00,7.95,0.000932723
3/4/2023 7:15,5.51,0.000646453
3/4/2023 7:30,5.54,0.000649973
3/4/2023 7:45,5.53,0.000648799
3/4/2023 8:00,5.315,0.000623575
3/4/2023 8:15,5.4,0.000633547
3/4/2023 8:30,6.01,0.000705115
3/4/2023 8:45,5.465,0.000641173
3/4/2023 9:00,5.325,0.000624748
3/4/2023 9:15,5.285,0.000620055
3/4/2023 9:30,5.06,0.000593657
3/4/2023 9:45,5.115,0.00060011
3/4/2023 10:00,4.68,0.000549074
3/4/2023 10:15,4.74,0.000556114
3/4/2023 10:30,4.59,0.000538515
3/4/2023 10:45,4.64,0.000544381
3/4/2023 11:00,4.665,0.000547315
3/4/2023 11:15,4.58,0.000537342
3/4/2023 11:30,4.415,0.000517984
3/4/2023 11:45,4.525,0.000530889
3/4/2023 12:00,5.27,0.000618295
3/4/2023 12:15,5.615,0.000658772
3/4/2023 12:30,5.54,0.000649973
3/4/2023 12:45,5.395,0.000632961
3/4/2023 13:00,5.215,0.000611843
3/4/2023 13:15,5.07,0.000594831
3/4/2023 13:30,5.09,0.000597177
3/4/2023 13:45,4.9,0.000574886
3/4/2023 14:00,4.855,0.000569606
3/4/2023 14:15,4.83,0.000566673
3/4/2023 14:30,4.965,0.000582512
3/4/2023 14:45,5.49,0.000644107
3/4/2023 15:00,5.55,0.000651146
3/4/2023 15:15,4.95,0.000580752
3/4/2023 15:30,4.965,0.000582512
3/4/2023 15:45,5.19,0.000608909
3/4/2023 16:00,5.68,0.000666398
3/4/2023 16:15,6.26,0.000734446
3/4/2023 16:30,6.6,0.000774336
3/4/2023 16:45,5.975,0.000701008
3/4/2023 17:00,5.66,0.000664052
3/4/2023 17:15,5.185,0.000608323
3/4/2023 17:30,5.27,0.000618295
3/4/2023 17:45,5.705,0.000669331
3/4/2023 18:00,6.06,0.000710981
3/4/2023 18:15,5.99,0.000702768
3/4/2023 18:30,6.125,0.000718607
3/4/2023 18:45,6.63,0.000777855
3/4/2023 19:00,6.105,0.000716261
3/4/2023 19:15,5.46,0.000640587
3/4/2023 19:30,5.03,0.000590138
3/4/2023 19:45,5.12,0.000600697
3/4/2023 20:00,5.515,0.00064704
3/4/2023 20:15,5.56,0.000652319
3/4/2023 20:30,5.72,0.000671091
3/4/2023 20:45,5.545,0.000650559
3/4/2023 21:00,5.31,0.000622988
3/4/2023 21:15,5.175,0.00060715
3/4/2023 21:30,5.085,0.00059659
3/4/2023 21:45,5.085,0.00059659
3/4/2023 22:00,5.235,0.000614189
3/4/2023 22:15,5.175,0.00060715
3/4/2023 22:30,5.285,0.000620055
3/4/2023 22:45,5.28,0.000619469
3/4/2023 23:00,5.465,0.000641173
3/4/2023 23:15,5.525,0.000648213
3/4/2023 23:30,5.495,0.000644693
3/4/2023 23:45,5.785,0.000678717
3/5/2023 0:00,5.95,0.000698075
3/5/2023 0:15,6.005,0.000704528
3/5/2023 0:30,5.865,0.000688103
3/5/2023 0:45,5.77,0.000676957
3/5/2023 1:00,5.785,0.000678717
3/5/2023 1:15,5.845,0.000685756
3/5/2023 1:30,5.7,0.000668744
3/5/2023 1:45,5.565,0.000652906
3/5/2023 2:00,5.615,0.000658772
3/5/2023 2:15,5.47,0.00064176
3/5/2023 2:30,5.435,0.000637654
3/5/2023 2:45,5.445,0.000638827
3/5/2023 3:00,5.3,0.000621815
3/5/2023 3:15,5.42,0.000635894
3/5/2023 3:30,5.435,0.000637654
3/5/2023 3:45,5.39,0.000632374
3/5/2023 4:00,5.39,0.000632374
3/5/2023 4:15,5.405,0.000634134
3/5/2023 4:30,5.38,0.000631201
3/5/2023 4:45,5.585,0.000655252
3/5/2023 5:00,5.55,0.000651146
3/5/2023 5:15,5.655,0.000663465
3/5/2023 5:30,5.6,0.000657012
3/5/2023 5:45,5.65,0.000662878
3/5/2023 6:00,5.63,0.000660532
3/5/2023 6:15,5.61,0.000658185
3/5/2023 6:30,5.67,0.000665225
3/5/2023 6:45,5.535,0.000649386
3/5/2023 7:00,5.495,0.000644693
3/5/2023 7:15,5.525,0.000648213
3/5/2023 7:30,5.365,0.000629441
3/5/2023 7:45,5.325,0.000624748
3/5/2023 8:00,5.26,0.000617122
3/5/2023 8:15,5.225,0.000613016
3/5/2023 8:30,5.1,0.00059835
3/5/2023 8:45,5.35,0.000627681
3/5/2023 9:00,5.59,0.000655839
3/5/2023 9:15,5.375,0.000630614
3/5/2023 9:30,5.295,0.000621228
3/5/2023 9:45,5.095,0.000597764
3/5/2023 10:00,4.88,0.000572539
3/5/2023 10:15,6.26,0.000734446
3/5/2023 10:30,12.26,0.001438387
3/5/2023 10:45,7.9,0.000926856
3/5/2023 11:00,6.755,0.000792521
3/5/2023 11:15,6.165,0.0007233
3/5/2023 11:30,5.275,0.000618882
3/5/2023 11:45,5.43,0.000637067
3/5/2023 12:00,5.86,0.000687516
3/5/2023 12:15,5.14,0.000603043
3/5/2023 12:30,5.05,0.000592484
3/5/2023 12:45,5.185,0.000608323
3/5/2023 13:00,6.775,0.000794867
3/5/2023 13:15,5.715,0.000670504
3/5/2023 13:30,5.625,0.000659945
3/5/2023 13:45,5.795,0.00067989
3/5/2023 14:00,5.85,0.000686343
3/5/2023 14:15,4.38,0.000513877
3/5/2023 14:30,4.295,0.000503905
3/5/2023 14:45,4.15,0.000486893
3/5/2023 15:00,4.095,0.00048044
3/5/2023 15:15,4.035,0.000473401
3/5/2023 15:30,3.895,0.000456975
3/5/2023 15:45,3.895,0.000456975
3/5/2023 16:00,3.825,0.000448763
3/5/2023 16:15,3.765,0.000441723
3/5/2023 16:30,3.815,0.000447589
3/5/2023 16:45,4.065,0.00047692
3/5/2023 17:00,4.015,0.000471054
3/5/2023 17:15,3.995,0.000468708
3/5/2023 17:30,4.05,0.000475161
3/5/2023 17:45,3.705,0.000434684
3/5/2023 18:00,3.77,0.00044231
3/5/2023 18:15,3.745,0.000439377
3/5/2023 18:30,3.47,0.000407113
3/5/2023 18:45,3.56,0.000417672
3/5/2023 19:00,3.64,0.000427058
3/5/2023 19:15,3.55,0.000416499
3/5/2023 19:30,3.665,0.000429991
3/5/2023 19:45,4.46,0.000523263
3/5/2023 20:00,3.68,0.000431751
3/5/2023 20:15,3.83,0.000449349
3/5/2023 20:30,3.745,0.000439377
3/5/2023 20:45,3.67,0.000430578
3/5/2023 21:00,3.645,0.000427644
3/5/2023 21:15,3.89,0.000456389
3/5/2023 21:30,4.13,0.000484546
3/5/2023 21:45,4.42,0.00051857
3/5/2023 22:00,4.685,0.000549661
3/5/2023 22:15,4.535,0.000532062
3/5/2023 22:30,4.81,0.000564326
3/5/2023 22:45,5.135,0.000602457
3/5/2023 23:00,5.84,0.00068517
3/5/2023 23:15,5.515,0.00064704
3/5/2023 23:30,5.685,0.000666985
3/5/2023 23:45,5.655,0.000663465
3/6/2023 0:00,5.585,0.000655252
3/6/2023 0:15,5.47,0.00064176
3/6/2023 0:30,5.6,0.000657012
3/6/2023 0:45,5.44,0.00063824
3/6/2023 1:00,5.72,0.000671091
3/6/2023 1:15,5.495,0.000644693
3/6/2023 1:30,5.38,0.000631201
3/6/2023 1:45,5.775,0.000677544
3/6/2023 2:00,5.775,0.000677544
3/6/2023 2:15,5.47,0.00064176
3/6/2023 2:30,5.865,0.000688103
3/6/2023 2:45,5.775,0.000677544
3/6/2023 3:00,5.705,0.000669331
3/6/2023 3:15,5.665,0.000664638
3/6/2023 3:30,5.76,0.000675784
3/6/2023 3:45,5.775,0.000677544
3/6/2023 4:00,6.045,0.000709221
3/6/2023 4:15,6.02,0.000706288
3/6/2023 4:30,5.835,0.000684583
3/6/2023 4:45,5.83,0.000683997
3/6/2023 5:00,5.65,0.000662878
3/6/2023 5:15,5.715,0.000670504
3/6/2023 5:30,5.845,0.000685756
3/6/2023 5:45,5.72,0.000671091
3/6/2023 6:00,5.6,0.000657012
3/6/2023 6:15,5.755,0.000675197
3/6/2023 6:30,5.65,0.000662878
3/6/2023 6:45,5.5,0.00064528
3/6/2023 7:00,5.52,0.000647626
3/6/2023 7:15,5.48,0.000642933
3/6/2023 7:30,5.405,0.000634134
3/6/2023 7:45,5.53,0.000648799
3/6/2023 8:00,5.42,0.000635894
3/6/2023 8:15,5.215,0.000611843
3/6/2023 8:30,5.235,0.000614189
3/6/2023 8:45,5.115,0.00060011
3/6/2023 9:00,5.205,0.000610669
3/6/2023 9:15,4.955,0.000581338
3/6/2023 9:30,4.9,0.000574886
3/6/2023 9:45,4.86,0.000570193
3/6/2023 10:00,4.955,0.000581338
3/6/2023 10:15,4.93,0.000578405
3/6/2023 10:30,4.855,0.000569606
3/6/2023 10:45,4.725,0.000554354
3/6/2023 11:00,4.635,0.000543795
3/6/2023 11:15,4.57,0.000536169
3/6/2023 11:30,4.5,0.000527956
3/6/2023 11:45,4.42,0.00051857
3/6/2023 12:00,4.65,0.000545555
3/6/2023 12:15,4.49,0.000526783
3/6/2023 12:30,4.27,0.000500972
3/6/2023 12:45,4.785,0.000561393
3/6/2023 13:00,4.42,0.00051857
3/6/2023 13:15,5.125,0.000601283
3/6/2023 13:30,4.455,0.000522677
3/6/2023 13:45,5.135,0.000602457
3/6/2023 14:00,4.365,0.000512117
3/6/2023 14:15,4.135,0.000485133
3/6/2023 14:30,3.84,0.000450523
3/6/2023 14:45,3.855,0.000452282
3/6/2023 15:00,3.775,0.000442897
3/6/2023 15:15,3.605,0.000422952
3/6/2023 15:30,3.615,0.000424125
3/6/2023 15:45,3.69,0.000432924
3/6/2023 16:00,3.68,0.000431751
3/6/2023 16:15,3.73,0.000437617
3/6/2023 16:30,3.94,0.000462255
3/6/2023 16:45,3.97,0.000465775
3/6/2023 17:00,4.335,0.000508598
3/6/2023 17:15,4.565,0.000535582
3/6/2023 17:30,3.84,0.000450523
3/6/2023 17:45,4.64,0.000544381
3/6/2023 18:00,5.34,0.000626508
3/6/2023 18:15,7.875,0.000923923
3/6/2023 18:30,10.375,0.001217232
3/6/2023 18:45,8.105,0.000950908
3/6/2023 19:00,5.58,0.000654666
3/6/2023 19:15,5.575,0.000654079
3/6/2023 19:30,4.675,0.000548488
3/6/2023 19:45,11.57,0.001357434
3/6/2023 20:00,4.255,0.000499212
3/6/2023 20:15,4.02,0.000471641
3/6/2023 20:30,4.09,0.000479853
3/6/2023 20:45,4.37,0.000512704
3/6/2023 21:00,4.54,0.000532649
3/6/2023 21:15,6.855,0.000804253
3/6/2023 21:30,5.24,0.000614776
3/6/2023 21:45,5.62,0.000659359
3/6/2023 22:00,6.2,0.000727406
3/6/2023 22:15,6.59,0.000773162
3/6/2023 22:30,7.28,0.000854116
3/6/2023 22:45,7.79,0.000913951
3/6/2023 23:00,7.845,0.000920404
3/6/2023 23:15,8.075,0.000947388
3/6/2023 23:30,8.23,0.000965573
3/6/2023 23:45,8.38,0.000983172
3/7/2023 0:00,8.54,0.001001943
3/7/2023 0:15,9.6,0.001126306
3/7/2023 0:30,8.785,0.001030688
3/7/2023 0:45,8.525,0.001000184
3/7/2023 1:00,8.445,0.000990798
3/7/2023 1:15,8.75,0.001026581
3/7/2023 1:30,9.365,0.001098735
3/7/2023 1:45,9.86,0.001156811
3/7/2023 2:00,9.57,0.001122787
3/7/2023 2:15,10.825,0.001270028
3/7/2023 2:30,12.115,0.001421375
3/7/2023 2:45,10.355,0.001214886
3/7/2023 3:00,11.835,0.001388525
3/7/2023 3:15,11.045,0.001295839
3/7/2023 3:30,10.83,0.001270614
3/7/2023 3:45,11.99,0.00140671
3/7/2023 4:00,10.765,0.001262988
3/7/2023 4:15,11.25,0.00131989
3/7/2023 4:30,10.61,0.001244803
3/7/2023 4:45,10.815,0.001268855
3/7/2023 5:00,12.02,0.00141023
3/7/2023 5:15,12.54,0.001471238
3/7/2023 5:30,12.985,0.001523447
3/7/2023 5:45,12.24,0.001436041
3/7/2023 6:00,12.5,0.001466545
3/7/2023 6:15,11.05,0.001296426
3/7/2023 6:30,12.175,0.001428415
3/7/2023 6:45,11.475,0.001346288
3/7/2023 7:00,10.91,0.00128
3/7/2023 7:15,11.325,0.00132869
3/7/2023 7:30,10.77,0.001263575
3/7/2023 7:45,10.63,0.00124715
3/7/2023 8:00,10.615,0.00124539
3/7/2023 8:15,9.435,0.001106948
3/7/2023 8:30,10.29,0.00120726
3/7/2023 8:45,9.775,0.001146838
3/7/2023 9:00,9.275,0.001088176
3/7/2023 9:15,10.585,0.00124187
3/7/2023 9:30,9.91,0.001162677
3/7/2023 9:45,9.425,0.001105775
3/7/2023 10:00,12.125,0.001422549
3/7/2023 10:15,10.18,0.001194354
3/7/2023 10:30,10.655,0.001250083
3/7/2023 10:45,9.075,0.001064712
3/7/2023 11:00,6.905,0.000810119
3/7/2023 11:15,7.095,0.000832411
3/7/2023 11:30,6.69,0.000784895
3/7/2023 11:45,8.36,0.000980825
3/7/2023 12:00,8.24,0.000966746
3/7/2023 12:15,7.35,0.000862328
3/7/2023 12:30,7.37,0.000864675
3/7/2023 12:45,6.92,0.000811879
3/7/2023 13:00,6.515,0.000764363
3/7/2023 13:15,8.71,0.001021888
3/7/2023 13:30,6.585,0.000772576
3/7/2023 13:45,6.01,0.000705115
3/7/2023 14:00,6.53,0.000766123
3/7/2023 14:15,5.885,0.000690449
3/7/2023 14:30,5.875,0.000689276
3/7/2023 14:45,5.445,0.000638827
3/7/2023 15:00,5.76,0.000675784
3/7/2023 15:15,5.795,0.00067989
3/7/2023 15:30,5.615,0.000658772
3/7/2023 15:45,7.93,0.000930376
3/7/2023 16:00,5.67,0.000665225
3/7/2023 16:15,7.475,0.000876994
3/7/2023 16:30,6.96,0.000816572
3/7/2023 16:45,5.49,0.000644107
3/7/2023 17:00,5.58,0.000654666
3/7/2023 17:15,5.685,0.000666985
3/7/2023 17:30,5.91,0.000693382
3/7/2023 17:45,5.58,0.000654666
3/7/2023 18:00,5.44,0.00063824
3/7/2023 18:15,6.55,0.00076847
3/7/2023 18:30,6.925,0.000812466
3/7/2023 18:45,5.19,0.000608909
3/7/2023 19:00,4.99,0.000585445
3/7/2023 19:15,5.075,0.000595417
3/7/2023 19:30,5.21,0.000611256
3/7/2023 19:45,6.03,0.000707461
3/7/2023 20:00,5.485,0.00064352
3/7/2023 20:15,7.405,0.000868781
3/7/2023 20:30,7.01,0.000822438
3/7/2023 20:45,6.52,0.00076495
3/7/2023 21:00,5.86,0.000687516
3/7/2023 21:15,6.7,0.000786068
3/7/2023 21:30,6.005,0.000704528
3/7/2023 21:45,6.905,0.000810119
3/7/2023 22:00,5.925,0.000695142
3/7/2023 22:15,9.955,0.001167956
3/7/2023 22:30,8.07,0.000946801
3/7/2023 22:45,6.72,0.000788415
3/7/2023 23:00,7.17,0.00084121
3/7/2023 23:15,6.595,0.000773749
3/7/2023 23:30,7.215,0.00084649
3/7/2023 23:45,7.075,0.000830064
3/8/2023 0:00,7.225,0.000847663
3/8/2023 0:15,7.1,0.000832997
3/8/2023 0:30,7.09,0.000831824
3/8/2023 0:45,7.2,0.00084473
3/8/2023 1:00,7.78,0.000912778
3/8/2023 1:15,7.48,0.00087758
3/8/2023 1:30,7.86,0.000922163
3/8/2023 1:45,7.325,0.000859395
3/8/2023 2:00,7.005,0.000821852
3/8/2023 2:15,8.215,0.000963813
3/8/2023 2:30,11.02,0.001292906
3/8/2023 2:45,7.095,0.000832411
3/8/2023 3:00,9.38,0.001100495
3/8/2023 3:15,10.655,0.001250083
3/8/2023 3:30,7.345,0.000861742
3/8/2023 3:45,7.19,0.000843557
3/8/2023 4:00,8.44,0.000990211
3/8/2023 4:15,7.205,0.000845316
3/8/2023 4:30,7.44,0.000872888
3/8/2023 4:45,8.815,0.001034207
3/8/2023 5:00,8.125,0.000953254
3/8/2023 5:15,9.485,0.001112814
3/8/2023 5:30,7.655,0.000898112
3/8/2023 5:45,8.81,0.001033621
3/8/2023 6:00,7.26,0.000851769
3/8/2023 6:15,6.825,0.000800734
3/8/2023 6:30,8.715,0.001022475
3/8/2023 6:45,6.52,0.00076495
3/8/2023 7:00,6.555,0.000769056
3/8/2023 7:15,7.37,0.000864675
3/8/2023 7:30,6.145,0.000720953
3/8/2023 7:45,6.175,0.000724473
3/8/2023 8:00,6.515,0.000764363
3/8/2023 8:15,6.725,0.000789001
3/8/2023 8:30,5.875,0.000689276
3/8/2023 8:45,6.2,0.000727406
3/8/2023 9:00,5.71,0.000669918
3/8/2023 9:15,5.96,0.000699249
3/8/2023 9:30,5.92,0.000694556
3/8/2023 9:45,7.07,0.000829478
3/8/2023 10:00,7.905,0.000927443
3/8/2023 10:15,6.19,0.000726233
3/8/2023 10:30,5.27,0.000618295
3/8/2023 10:45,9.59,0.001125133
3/8/2023 11:00,7.51,0.0008811
3/8/2023 11:15,6.04,0.000708634
3/8/2023 11:30,7.58,0.000889313
3/8/2023 11:45,5.995,0.000703355
3/8/2023 12:00,5.29,0.000620642
3/8/2023 12:15,5.72,0.000671091
3/8/2023 12:30,6.47,0.000759084
3/8/2023 12:45,7.275,0.000853529
3/8/2023 13:00,7.985,0.000936829
3/8/2023 13:15,4.755,0.000557874
3/8/2023 13:30,5.15,0.000604216
3/8/2023 13:45,5.545,0.000650559
3/8/2023 14:00,9.11,0.001068818
3/8/2023 14:15,8.695,0.001020129
3/8/2023 14:30,6.7,0.000786068
3/8/2023 14:45,5.22,0.000612429
3/8/2023 15:00,6.84,0.000802493
3/8/2023 15:15,4.785,0.000561393
3/8/2023 15:30,9.36,0.001098149
3/8/2023 15:45,5.12,0.000600697
3/8/2023 16:00,5.79,0.000679304
3/8/2023 16:15,4.935,0.000578992
3/8/2023 16:30,10.435,0.001224272
3/8/2023 16:45,4.25,0.000498625
3/8/2023 17:00,4.27,0.000500972
3/8/2023 17:15,4.58,0.000537342
3/8/2023 17:30,7.185,0.00084297
3/8/2023 17:45,5.455,0.00064
3/8/2023 18:00,6.15,0.00072154
3/8/2023 18:15,4.875,0.000571953
3/8/2023 18:30,4.81,0.000564326
3/8/2023 18:45,4.525,0.000530889
3/8/2023 19:00,7.17,0.00084121
3/8/2023 19:15,4.925,0.000577819
3/8/2023 19:30,5.8,0.000680477
3/8/2023 19:45,5.27,0.000618295
3/8/2023 20:00,6.21,0.000728579
3/8/2023 20:15,7.96,0.000933896
3/8/2023 20:30,9.025,0.001058845
3/8/2023 20:45,11.94,0.001400844
3/8/2023 21:00,16.325,0.001915308
3/8/2023 21:15,22.39,0.002626875
3/8/2023 21:30,14.215,0.001667755
3/8/2023 21:45,20.275,0.002378736
3/8/2023 22:00,238.035,0.027927121
3/8/2023 22:15,495.61,0.058146745
3/8/2023 22:30,21.505,0.002523044
3/8/2023 22:45,24.52,0.002876774
3/8/2023 23:00,20.85,0.002446197
3/8/2023 23:15,21.165,0.002483154
3/8/2023 23:30,30.09,0.003530267
3/8/2023 23:45,110.375,0.012949591
3/9/2023 0:00,22.64,0.002656206
3/9/2023 0:15,22.465,0.002635674
3/9/2023 0:30,23.365,0.002741266
3/9/2023 0:45,27.47,0.003222879
3/9/2023 1:00,28.585,0.003353695
3/9/2023 1:15,25.6,0.003003484
3/9/2023 1:30,33.705,0.003954392
3/9/2023 1:45,31.1,0.003648764
3/9/2023 2:00,31.355,0.003678681
3/9/2023 2:15,31.235,0.003664602
3/9/2023 2:30,35.61,0.004177893
3/9/2023 2:45,33.995,0.003988415
3/9/2023 3:00,34.18,0.00401012
3/9/2023 3:15,34.285,0.004022439
3/9/2023 3:30,33.075,0.003880478
3/9/2023 3:45,34.435,0.004040038
3/9/2023 4:00,29.74,0.003489204
3/9/2023 4:15,28.22,0.003310872
3/9/2023 4:30,27.365,0.00321056
3/9/2023 4:45,30.79,0.003612393
3/9/2023 5:00,25.98,0.003048067
3/9/2023 5:15,25.415,0.002981779
3/9/2023 5:30,31.78,0.003728544
3/9/2023 5:45,44.79,0.005254924
3/9/2023 6:00,24.33,0.002854483
3/9/2023 6:15,25.245,0.002961834
3/9/2023 6:30,29.98,0.003517361
3/9/2023 6:45,22.595,0.002650927
3/9/2023 7:00,22.27,0.002612796
3/9/2023 7:15,21.615,0.002535949
3/9/2023 7:30,21.3,0.002498992
3/9/2023 7:45,22.81,0.002676151
3/9/2023 8:00,21.115,0.002477288
3/9/2023 8:15,34.145,0.004006014
3/9/2023 8:30,16.895,0.001982182
3/9/2023 8:45,16.53,0.001939359
3/9/2023 9:00,28.095,0.003296206
3/9/2023 9:15,24.865,0.002917251
3/9/2023 9:30,205.075,0.024060135
3/9/2023 9:45,201.845,0.02368118
3/9/2023 10:00,202.685,0.023779732
3/9/2023 10:15,203.265,0.02384778
3/9/2023 10:30,139.54,0.016371334
3/9/2023 10:45,13.48,0.001581522
3/9/2023 11:00,12.39,0.001453639
3/9/2023 11:15,13.775,0.001616132
3/9/2023 11:30,12.565,0.001474171
3/9/2023 11:45,13.23,0.001552191
3/9/2023 12:00,11.635,0.00136506
3/9/2023 12:15,12.78,0.001499395
3/9/2023 12:30,12.59,0.001477104
3/9/2023 12:45,12.735,0.001494116
3/9/2023 13:00,10.3,0.001208433
3/9/2023 13:15,11.52,0.001351568
3/9/2023 13:30,13.805,0.001619652
3/9/2023 13:45,12.735,0.001494116
3/9/2023 14:00,10.72,0.001257709
3/9/2023 14:15,11.535,0.001353328
3/9/2023 14:30,12.995,0.00152462
3/9/2023 14:45,13.61,0.001596774
3/9/2023 15:00,10.305,0.00120902
3/9/2023 15:15,10.995,0.001289973
3/9/2023 15:30,10.59,0.001242457
3/9/2023 15:45,10.175,0.001193768
3/9/2023 16:00,8.59,0.00100781
3/9/2023 16:15,10.185,0.001194941
3/9/2023 16:30,11.03,0.001294079
3/9/2023 16:45,11.615,0.001362714
3/9/2023 17:00,17.515,0.002054923
3/9/2023 17:15,11.58,0.001358607
3/9/2023 17:30,10.21,0.001197874
3/9/2023 17:45,10.195,0.001196114
3/9/2023 18:00,8.76,0.001027755
3/9/2023 18:15,7.665,0.000899285
3/9/2023 18:30,8.88,0.001041833
3/9/2023 18:45,10.62,0.001245977
3/9/2023 19:00,10.095,0.001184382
3/9/2023 19:15,10.1,0.001184968
3/9/2023 19:30,8.255,0.000968506
3/9/2023 19:45,11.205,0.001314611
3/9/2023 20:00,12.9,0.001513474
3/9/2023 20:15,8.99,0.001054739
3/9/2023 20:30,9.305,0.001091696
3/9/2023 20:45,8.685,0.001018955
3/9/2023 21:00,10.38,0.001217819
3/9/2023 21:15,11.9,0.001396151
3/9/2023 21:30,11,0.001290559
3/9/2023 21:45,9.435,0.001106948
3/9/2023 22:00,9.695,0.001137452
3/9/2023 22:15,10.58,0.001241284
3/9/2023 22:30,10.33,0.001211953
3/9/2023 22:45,15.345,0.001800331
3/9/2023 23:00,10.89,0.001277654
3/9/2023 23:15,25.435,0.002984126
3/9/2023 23:30,13.13,0.001540459
3/9/2023 23:45,10.195,0.001196114
3/10/2023 0:00,10.485,0.001230138
3/10/2023 0:15,12.51,0.001467718
3/10/2023 0:30,12.13,0.001423135
3/10/2023 0:45,12.13,0.001423135
3/10/2023 1:00,11.585,0.001359194
3/10/2023 1:15,11.845,0.001389698
3/10/2023 1:30,13,0.001525207
3/10/2023 1:45,12.415,0.001456572
3/10/2023 2:00,12.685,0.00148825
3/10/2023 2:15,12.345,0.00144836
3/10/2023 2:30,44.06,0.005169277
3/10/2023 2:45,12.58,0.001475931
3/10/2023 3:00,11.205,0.001314611
3/10/2023 3:15,11.17,0.001310505
3/10/2023 3:30,11.17,0.001310505
3/10/2023 3:45,12.55,0.001472411
3/10/2023 4:00,11.905,0.001396737
3/10/2023 4:15,10.725,0.001258296
3/10/2023 4:30,11.66,0.001367993
3/10/2023 4:45,10.41,0.001221339
3/10/2023 5:00,11.075,0.001299359
3/10/2023 5:15,11.215,0.001315784
3/10/2023 5:30,11.715,0.001374446
3/10/2023 5:45,10.64,0.001248323
3/10/2023 6:00,10.53,0.001235417
3/10/2023 6:15,12.235,0.001435454
3/10/2023 6:30,11.635,0.00136506
3/10/2023 6:45,11.93,0.00139967
3/10/2023 7:00,10.59,0.001242457
3/10/2023 7:15,11.11,0.001303465
3/10/2023 7:30,10.915,0.001280587
3/10/2023 7:45,10.11,0.001186142
3/10/2023 8:00,11.49,0.001348048
3/10/2023 8:15,12.53,0.001470065
3/10/2023 8:30,8.495,0.000996664
3/10/2023 8:45,10.3,0.001208433
3/10/2023 9:00,10.22,0.001199047
3/10/2023 9:15,9.185,0.001077617
3/10/2023 9:30,8.565,0.001004877
3/10/2023 9:45,13.295,0.001559817
3/10/2023 10:00,11.13,0.001305812
3/10/2023 10:15,12.925,0.001516407
3/10/2023 10:30,8.865,0.001040074
3/10/2023 10:45,9.9,0.001161504
3/10/2023 11:00,9.305,0.001091696
3/10/2023 11:15,9.985,0.001171476
3/10/2023 11:30,9.655,0.001132759
3/10/2023 11:45,8.015,0.000940349
3/10/2023 12:00,7.745,0.000908671
3/10/2023 12:15,8.295,0.000973199
3/10/2023 12:30,7.09,0.000831824
3/10/2023 12:45,7.16,0.000840037
3/10/2023 13:00,7.635,0.000895766
3/10/2023 13:15,10.01,0.001174409
3/10/2023 13:30,7.08,0.000830651
3/10/2023 13:45,8.045,0.000943868
3/10/2023 14:00,7.93,0.000930376
3/10/2023 14:15,7.45,0.000874061
3/10/2023 14:30,6.65,0.000780202
3/10/2023 14:45,9.76,0.001145078
3/10/2023 15:00,6.555,0.000769056
3/10/2023 15:15,6.795,0.000797214
3/10/2023 15:30,6.765,0.000793694
3/10/2023 15:45,5.965,0.000699835
3/10/2023 16:00,5.715,0.000670504
3/10/2023 16:15,5.775,0.000677544
3/10/2023 16:30,7.4,0.000868195
3/10/2023 16:45,9.355,0.001097562
3/10/2023 17:00,12.5,0.001466545
3/10/2023 17:15,13.495,0.001583282
3/10/2023 17:30,11.895,0.001395564
3/10/2023 17:45,12.95,0.001519341
3/10/2023 18:00,18.59,0.002181046
3/10/2023 18:15,25.37,0.002976499
3/10/2023 18:30,28.42,0.003334336
3/10/2023 18:45,27.82,0.003263942
3/10/2023 19:00,23.12,0.002712521
3/10/2023 19:15,17.43,0.00204495
3/10/2023 19:30,14.76,0.001731696
3/10/2023 19:45,12.46,0.001461852
3/10/2023 20:00,12.01,0.001409056
3/10/2023 20:15,10.72,0.001257709
3/10/2023 20:30,11.11,0.001303465
3/10/2023 20:45,12.465,0.001462439
3/10/2023 21:00,13.1,0.001536939
3/10/2023 21:15,14.18,0.001663649
3/10/2023 21:30,16.79,0.001969863
3/10/2023 21:45,17.31,0.002030871
3/10/2023 22:00,34.235,0.004016573
3/10/2023 22:15,24.07,0.002823979
3/10/2023 22:30,32.155,0.00377254
3/10/2023 22:45,38.395,0.004504639
3/10/2023 23:00,37.035,0.004345079
3/10/2023 23:15,51.33,0.00602222
3/10/2023 23:30,61.975,0.00727113
3/10/2023 23:45,53.86,0.006319049
3/11/2023 0:00,61.475,0.007212468
3/11/2023 0:15,69.29,0.008129352
3/11/2023 0:30,71.5,0.008388637
3/11/2023 0:45,85.065,0.009980131
3/11/2023 1:00,85.445,0.010024714
3/11/2023 1:15,81.59,0.009572432
3/11/2023 1:30,79.99,0.009384714
3/11/2023 1:45,98.81,0.011592744
3/11/2023 2:00,229.545,0.026931044
3/11/2023 2:15,88.39,0.010370232
3/11/2023 2:30,90.285,0.01059256
3/11/2023 2:45,88.665,0.010402496
3/11/2023 3:00,77.995,0.009150653
3/11/2023 3:15,70.48,0.008268967
3/11/2023 3:30,83.89,0.009842276
3/11/2023 3:45,70.745,0.008300057
3/11/2023 4:00,66.76,0.007832523
3/11/2023 4:15,70.18,0.00823377
3/11/2023 4:30,82.16,0.009639306
3/11/2023 4:45,73.885,0.008668454
3/11/2023 5:00,66.01,0.00774453
3/11/2023 5:15,59.935,0.007031789
3/11/2023 5:30,55.445,0.006505006
3/11/2023 5:45,60.21,0.007064053
3/11/2023 6:00,50.2,0.005889644
3/11/2023 6:15,47.545,0.00557815
3/11/2023 6:30,60.395,0.007085758
3/11/2023 6:45,48.2,0.005654997
3/11/2023 7:00,42.465,0.004982146
3/11/2023 7:15,58.62,0.006877509
3/11/2023 7:30,50.6,0.005936574
3/11/2023 7:45,39.67,0.004654227
3/11/2023 8:00,36.32,0.004261193
3/11/2023 8:15,40.78,0.004784456
3/11/2023 8:30,35.14,0.004122751
3/11/2023 8:45,43.31,0.005081285
3/11/2023 9:00,45.67,0.005358168
3/11/2023 9:15,47.845,0.005613347
3/11/2023 9:30,46.03,0.005400405
3/11/2023 9:45,31.48,0.003693347
3/11/2023 10:00,32.825,0.003851147
3/11/2023 10:15,28.68,0.003364841
3/11/2023 10:30,29.93,0.003511495
3/11/2023 10:45,40.275,0.004725208
3/11/2023 11:00,28.085,0.003295033
3/11/2023 11:15,24.49,0.002873255
3/11/2023 11:30,31.445,0.00368924
3/11/2023 11:45,28.075,0.00329386
3/11/2023 12:00,35.565,0.004172614
3/11/2023 12:15,50.39,0.005911936
3/11/2023 12:30,24.41,0.002863869
3/11/2023 12:45,25.625,0.003006417
3/11/2023 13:00,21.42,0.002513071
3/11/2023 13:15,19.92,0.002337086
3/11/2023 13:30,28.115,0.003298553
3/11/2023 13:45,25.22,0.002958901
3/11/2023 14:00,21.345,0.002504272
3/11/2023 14:15,24.965,0.002928983
3/11/2023 14:30,19.295,0.002263759
3/11/2023 14:45,18.405,0.002159341
3/11/2023 15:00,17.965,0.002107718
3/11/2023 15:15,22.32,0.002618663
3/11/2023 15:30,19.305,0.002264932
3/11/2023 15:45,17.795,0.002087773
3/11/2023 16:00,17.835,0.002092466
3/11/2023 16:15,19.355,0.002270798
3/11/2023 16:30,19.225,0.002255546
3/11/2023 16:45,25.29,0.002967114
3/11/2023 17:00,18.37,0.002155234
3/11/2023 17:15,17.7,0.002076628
3/11/2023 17:30,19.91,0.002335913
3/11/2023 17:45,24.28,0.002848617
3/11/2023 18:00,22.965,0.002694336
3/11/2023 18:15,46.2,0.00542035
3/11/2023 18:30,19.64,0.002304235
3/11/2023 18:45,19.99,0.002345299
3/11/2023 19:00,21.195,0.002486674
3/11/2023 19:15,24.52,0.002876774
3/11/2023 19:30,32.665,0.003832375
3/11/2023 19:45,22.79,0.002673805
3/11/2023 20:00,25.335,0.002972393
3/11/2023 20:15,24.11,0.002828672
3/11/2023 20:30,28.225,0.003311458
3/11/2023 20:45,37.98,0.00445595
3/11/2023 21:00,74.53,0.008744127
3/11/2023 21:15,23.97,0.002812246
3/11/2023 21:30,27.975,0.003282127
3/11/2023 21:45,33,0.003871678
3/11/2023 22:00,43.595,0.005114722
3/11/2023 22:15,28.47,0.003340203
3/11/2023 22:30,27.275,0.003200001
3/11/2023 22:45,29.985,0.003517948
3/11/2023 23:00,45.62,0.005352302
3/11/2023 23:15,28.475,0.003340789
3/11/2023 23:30,32.48,0.00381067
3/11/2023 23:45,38.025,0.00446123
3/12/2023 0:00,33.535,0.003934447
3/12/2023 0:15,64.805,0.007603155
3/12/2023 0:30,44.92,0.005270176
3/12/2023 0:45,35.7,0.004188452
3/12/2023 1:00,35.265,0.004137416
3/12/2023 1:15,39.37,0.00461903
3/12/2023 1:30,40.61,0.004764511
3/12/2023 1:45,29.88,0.003505629
3/12/2023 2:00,28.77,0.0033754
3/12/2023 2:15,38.345,0.004498773
3/12/2023 2:30,24.605,0.002886747
3/12/2023 2:45,93.555,0.010976209
3/12/2023 3:00,23.665,0.002776463
3/12/2023 3:15,21.995,0.002580532
3/12/2023 3:30,22.37,0.002624529
3/12/2023 3:45,25.25,0.002962421
3/12/2023 4:00,20.545,0.002410413
3/12/2023 4:15,21.655,0.002540642
3/12/2023 4:30,20.495,0.002404547
3/12/2023 4:45,47.7,0.005596335
3/12/2023 5:00,16.625,0.001950505
3/12/2023 5:15,20.1,0.002358204
3/12/2023 5:30,17.995,0.002111238
3/12/2023 5:45,17.515,0.002054923
3/12/2023 6:00,22.02,0.002583465
3/12/2023 6:15,16.23,0.001904162
3/12/2023 6:30,18.105,0.002124144
3/12/2023 6:45,16.625,0.001950505
3/12/2023 7:00,22.14,0.002597544
3/12/2023 7:15,18.965,0.002225042
3/12/2023 7:30,14.71,0.00172583
3/12/2023 7:45,14.58,0.001710578
3/12/2023 8:00,14.85,0.001742255
3/12/2023 8:15,87.465,0.010261708
3/12/2023 8:30,21.655,0.002540642
3/12/2023 8:45,14.125,0.001657196
3/12/2023 9:00,13.24,0.001553364
3/12/2023 9:15,13.365,0.00156803
3/12/2023 9:30,12.65,0.001484143
3/12/2023 9:45,12.445,0.001460092
3/12/2023 10:00,13.34,0.001565097
3/12/2023 10:15,35.59,0.004175547
3/12/2023 10:30,12.61,0.00147945
3/12/2023 10:45,12.745,0.001495289
3/12/2023 11:00,11.625,0.001363887
3/12/2023 11:15,12.875,0.001510541
3/12/2023 11:30,13.075,0.001534006
3/12/2023 11:45,11.9,0.001396151
3/12/2023 12:00,15.425,0.001809716
3/12/2023 12:15,13.065,0.001532833
3/12/2023 12:30,11.29,0.001324583
3/12/2023 12:45,13.15,0.001542805
3/12/2023 13:00,10.935,0.001282933
3/12/2023 13:15,19.995,0.002345885
3/12/2023 13:30,12.375,0.001451879
3/12/2023 13:45,11.085,0.001300532
3/12/2023 14:00,12.89,0.001512301
3/12/2023 14:15,10.42,0.001222512
3/12/2023 14:30,12.185,0.001429588
3/12/2023 14:45,12.28,0.001440734
3/12/2023 15:00,10.825,0.001270028
3/12/2023 15:15,12.94,0.001518167
3/12/2023 15:30,12.57,0.001474758
3/12/2023 15:45,9.45,0.001108708
3/12/2023 16:00,11.925,0.001399084
3/12/2023 16:15,13.055,0.001531659
3/12/2023 16:30,11.195,0.001313438
3/12/2023 16:45,10.11,0.001186142
3/12/2023 17:00,12.81,0.001502915
3/12/2023 17:15,10.335,0.001212539
3/12/2023 17:30,11.755,0.001379139
3/12/2023 17:45,12.845,0.001507022
3/12/2023 18:00,12.45,0.001460679
3/12/2023 18:15,10.145,0.001190248
3/12/2023 18:30,10.51,0.001233071
3/12/2023 18:45,10.305,0.00120902
3/12/2023 19:00,11.89,0.001394977
3/12/2023 19:15,9.175,0.001076444
3/12/2023 19:30,10.79,0.001265922
3/12/2023 19:45,12.42,0.001457159
3/12/2023 20:00,10.955,0.00128528
3/12/2023 20:15,10.65,0.001249496
3/12/2023 20:30,12.66,0.001485317
3/12/2023 20:45,12.835,0.001505848
3/12/2023 21:00,11.465,0.001345115
3/12/2023 21:15,12.77,0.001498222
3/12/2023 21:30,10.65,0.001249496
3/12/2023 21:45,10.61,0.001244803
3/12/2023 22:00,13.18,0.001546325
3/12/2023 22:15,12.5,0.001466545
3/12/2023 22:30,12.44,0.001459505
3/12/2023 22:45,16,0.001877177
3/12/2023 23:00,73.105,0.008576941
3/12/2023 23:15,13.525,0.001586802
3/12/2023 23:30,17.865,0.002095986
3/12/2023 23:45,12.18,0.001429001
3/13/2023 0:00,11.67,0.001369166
3/13/2023 0:15,14,0.00164253
3/13/2023 0:30,12.18,0.001429001
3/13/2023 0:45,10,0.001173236
3/13/2023 1:00,11.165,0.001309918
3/13/2023 1:15,13.145,0.001542219
3/13/2023 1:30,13.225,0.001551604
3/13/2023 1:45,12,0.001407883
3/13/2023 2:00,11.58,0.001358607
3/13/2023 2:15,12.285,0.00144132
3/13/2023 2:30,11.895,0.001395564
3/13/2023 2:45,23.305,0.002734226
3/13/2023 3:00,17,0.001994501
3/13/2023 3:15,10.35,0.001214299
3/13/2023 3:30,11.405,0.001338076
3/13/2023 3:45,12.66,0.001485317
3/13/2023 4:00,9.965,0.00116913
3/13/2023 4:15,20.63,0.002420386
3/13/2023 4:30,10.005,0.001173823
3/13/2023 4:45,10.725,0.001258296
3/13/2023 5:00,9.205,0.001079964
3/13/2023 5:15,11.325,0.00132869
3/13/2023 5:30,10.005,0.001173823
3/13/2023 5:45,10.64,0.001248323
3/13/2023 6:00,12.985,0.001523447
3/13/2023 6:15,10.21,0.001197874
3/13/2023 6:30,12.26,0.001438387
3/13/2023 6:45,12.55,0.001472411
3/13/2023 7:00,11.885,0.001394391
3/13/2023 7:15,11.7,0.001372686
3/13/2023 7:30,11.505,0.001349808
3/13/2023 7:45,11.41,0.001338662
3/13/2023 8:00,12.025,0.001410816
3/13/2023 8:15,13,0.001525207
3/13/2023 8:30,12.025,0.001410816
3/13/2023 8:45,13.555,0.001590321
3/13/2023 9:00,8.09,0.000949148
3/13/2023 9:15,8.155,0.000956774
3/13/2023 9:30,10.325,0.001211366
3/13/2023 9:45,10.695,0.001254776
3/13/2023 10:00,11.455,0.001343942
3/13/2023 10:15,9.96,0.001168543
3/13/2023 10:30,11.935,0.001400257
3/13/2023 10:45,9.57,0.001122787
3/13/2023 11:00,12.38,0.001452466
3/13/2023 11:15,10.575,0.001240697
3/13/2023 11:30,9.425,0.001105775
3/13/2023 11:45,10.325,0.001211366
3/13/2023 12:00,9.46,0.001109881
3/13/2023 12:15,11.93,0.00139967
3/13/2023 12:30,9.135,0.001071751
3/13/2023 12:45,8.645,0.001014262
3/13/2023 13:00,9.565,0.0011222
3/13/2023 13:15,8.58,0.001006636
3/13/2023 13:30,10.415,0.001221925
3/13/2023 13:45,9.02,0.001058259
3/13/2023 14:00,7.895,0.00092627
3/13/2023 14:15,11.19,0.001312851
3/13/2023 14:30,10.705,0.001255949
3/13/2023 14:45,11.615,0.001362714
3/13/2023 15:00,8.32,0.000976132
3/13/2023 15:15,9.73,0.001141559
3/13/2023 15:30,9.31,0.001092283
3/13/2023 15:45,9.03,0.001059432
3/13/2023 16:00,8.28,0.000971439
3/13/2023 16:15,12.865,0.001509368
3/13/2023 16:30,10.855,0.001273548
3/13/2023 16:45,11.8,0.001384418
3/13/2023 17:00,11.38,0.001335142
3/13/2023 17:15,13.165,0.001544565
3/13/2023 17:30,7.355,0.000862915
3/13/2023 17:45,12.29,0.001441907
3/13/2023 18:00,9.78,0.001147425
3/13/2023 18:15,10.145,0.001190248
3/13/2023 18:30,9.245,0.001084657
3/13/2023 18:45,8.77,0.001028928
3/13/2023 19:00,10.9,0.001278827
3/13/2023 19:15,10.475,0.001228965
3/13/2023 19:30,8.98,0.001053566
3/13/2023 19:45,9.02,0.001058259
3/13/2023 20:00,11.71,0.001373859
3/13/2023 20:15,10.84,0.001271788
3/13/2023 20:30,7.48,0.00087758
3/13/2023 20:45,8.415,0.000987278
3/13/2023 21:00,8.725,0.001023648
3/13/2023 21:15,11.66,0.001367993
3/13/2023 21:30,9.335,0.001095216
3/13/2023 21:45,8.15,0.000956187
3/13/2023 22:00,9.31,0.001092283
3/13/2023 22:15,8.815,0.001034207
3/13/2023 22:30,10.835,0.001271201
3/13/2023 22:45,9.35,0.001096976
3/13/2023 23:00,12.885,0.001511714
3/13/2023 23:15,12.385,0.001453053
3/13/2023 23:30,9.67,0.001134519
3/13/2023 23:45,10.675,0.001252429
3/14/2023 0:00,9.62,0.001128653
3/14/2023 0:15,49.775,0.005839782
3/14/2023 0:30,11.06,0.001297599
3/14/2023 0:45,12.74,0.001494703
3/14/2023 1:00,9.06,0.001062952
3/14/2023 1:15,14.465,0.001697086
3/14/2023 1:30,32.915,0.003861706
3/14/2023 1:45,10.045,0.001178515
3/14/2023 2:00,10.175,0.001193768
3/14/2023 2:15,11.975,0.00140495
3/14/2023 2:30,12.035,0.001411989
3/14/2023 2:45,12.19,0.001430175
3/14/2023 3:00,10.885,0.001277067
3/14/2023 3:15,11.4,0.001337489
3/14/2023 3:30,9.46,0.001109881
3/14/2023 3:45,11.24,0.001318717
3/14/2023 4:00,12.665,0.001485903
3/14/2023 4:15,11.835,0.001388525
3/14/2023 4:30,8.945,0.00104946
3/14/2023 4:45,11.965,0.001403777
3/14/2023 5:00,7.56,0.000886966
3/14/2023 5:15,12.77,0.001498222
3/14/2023 5:30,8.045,0.000943868
3/14/2023 5:45,8.195,0.000961467
3/14/2023 6:00,11.36,0.001332796
3/14/2023 6:15,12.685,0.00148825
3/14/2023 6:30,9.325,0.001094042
3/14/2023 6:45,7.805,0.000915711
3/14/2023 7:00,11.095,0.001301705
3/14/2023 7:15,10.295,0.001207846
3/14/2023 7:30,8.115,0.000952081
3/14/2023 7:45,9.23,0.001082897
3/14/2023 8:00,8.945,0.00104946
3/14/2023 8:15,9.51,0.001115747
3/14/2023 8:30,10.735,0.001259469
3/14/2023 8:45,10.53,0.001235417
3/14/2023 9:00,10.97,0.00128704
3/14/2023 9:15,9.995,0.001172649
3/14/2023 9:30,6.58,0.000771989
3/14/2023 9:45,9.325,0.001094042
3/14/2023 10:00,8.375,0.000982585
3/14/2023 10:15,11.61,0.001362127
3/14/2023 10:30,10.76,0.001262402
3/14/2023 10:45,10.91,0.00128
3/14/2023 11:00,10.705,0.001255949
3/14/2023 11:15,6.12,0.00071802
3/14/2023 11:30,11.5,0.001349221
3/14/2023 11:45,6.335,0.000743245
3/14/2023 12:00,9.395,0.001102255
3/14/2023 12:15,8.58,0.001006636
3/14/2023 12:30,8.03,0.000942108
3/14/2023 12:45,9.775,0.001146838
3/14/2023 13:00,8.975,0.001052979
3/14/2023 13:15,6.59,0.000773162
3/14/2023 13:30,8.065,0.000946215
3/14/2023 13:45,8.84,0.001037141
3/14/2023 14:00,7.09,0.000831824
3/14/2023 14:15,9.93,0.001165023
3/14/2023 14:30,7.26,0.000851769
3/14/2023 14:45,9.86,0.001156811
3/14/2023 15:00,11.095,0.001301705
3/14/2023 15:15,8.04,0.000943282
3/14/2023 15:30,9.95,0.00116737
3/14/2023 15:45,9.22,0.001081724
3/14/2023 16:00,12.075,0.001416682
3/14/2023 16:15,8.675,0.001017782
3/14/2023 16:30,9.305,0.001091696
3/14/2023 16:45,8.515,0.00099901
3/14/2023 17:00,6.11,0.000716847
3/14/2023 17:15,9.525,0.001117507
3/14/2023 17:30,6.98,0.000818919
3/14/2023 17:45,8.375,0.000982585
3/14/2023 18:00,9.37,0.001099322
3/14/2023 18:15,10.715,0.001257122
3/14/2023 18:30,10.44,0.001224858
3/14/2023 18:45,10.83,0.001270614
3/14/2023 19:00,11.65,0.00136682
3/14/2023 19:15,12.245,0.001436627
3/14/2023 19:30,12.135,0.001423722
3/14/2023 19:45,9.815,0.001151531
3/14/2023 20:00,9.43,0.001106361
3/14/2023 20:15,10.39,0.001218992
3/14/2023 20:30,8.51,0.000998424
3/14/2023 20:45,7.805,0.000915711
3/14/2023 21:00,11.655,0.001367406
3/14/2023 21:15,9.675,0.001135106
3/14/2023 21:30,11.685,0.001370926
3/14/2023 21:45,10.605,0.001244217
3/14/2023 22:00,9.845,0.001155051
3/14/2023 22:15,11.055,0.001297012
3/14/2023 22:30,10.31,0.001209606
3/14/2023 22:45,11.005,0.001291146
3/14/2023 23:00,9.93,0.001165023
3/14/2023 23:15,10.905,0.001279414
3/14/2023 23:30,10.92,0.001281174
3/14/2023 23:45,9.455,0.001109295
3/15/2023 0:00,11.595,0.001360367
3/15/2023 0:15,10.41,0.001221339
3/15/2023 0:30,12.115,0.001421375
3/15/2023 0:45,10.985,0.0012888
3/15/2023 1:00,11.1,0.001302292
3/15/2023 1:15,9.885,0.001159744
3/15/2023 1:30,11.485,0.001347461
3/15/2023 1:45,12.095,0.001419029
3/15/2023 2:00,10.885,0.001277067
3/15/2023 2:15,12.555,0.001472998
3/15/2023 2:30,12.15,0.001425482
3/15/2023 2:45,13,0.001525207
3/15/2023 3:00,12.2,0.001431348
3/15/2023 3:15,10.22,0.001199047
3/15/2023 3:30,12.31,0.001444253
3/15/2023 3:45,9.7,0.001138039
3/15/2023 4:00,11.07,0.001298772
3/15/2023 4:15,10.145,0.001190248
3/15/2023 4:30,31.85,0.003736756
3/15/2023 4:45,9.91,0.001162677
3/15/2023 5:00,12.495,0.001465958
3/15/2023 5:15,9.485,0.001112814
3/15/2023 5:30,33.435,0.003922714
3/15/2023 5:45,12.415,0.001456572
3/15/2023 6:00,10.57,0.00124011
3/15/2023 6:15,9.445,0.001108121
3/15/2023 6:30,20.4,0.002393401
3/15/2023 6:45,15.11,0.001772759
3/15/2023 7:00,9.06,0.001062952
3/15/2023 7:15,38.38,0.004502879
3/15/2023 7:30,8.93,0.0010477
3/15/2023 7:45,20.185,0.002368177
3/15/2023 8:00,16.295,0.001911788
3/15/2023 8:15,9.025,0.001058845
3/15/2023 8:30,30.585,0.003588342
3/15/2023 8:45,8.175,0.00095912
3/15/2023 9:00,8.375,0.000982585
3/15/2023 9:15,12.56,0.001473584
3/15/2023 9:30,11.915,0.001397911
3/15/2023 9:45,8.27,0.000970266
3/15/2023 10:00,12.63,0.001481797
3/15/2023 10:15,10.115,0.001186728
3/15/2023 10:30,8.045,0.000943868
3/15/2023 10:45,10.54,0.001236591
3/15/2023 11:00,11.315,0.001327516
3/15/2023 11:15,13.255,0.001555124
3/15/2023 11:30,11.48,0.001346875
3/15/2023 11:45,8.465,0.000993144
3/15/2023 12:00,9.88,0.001159157
3/15/2023 12:15,11.68,0.00137034
3/15/2023 12:30,10.205,0.001197287
3/15/2023 12:45,9.36,0.001098149
3/15/2023 13:00,9.685,0.001136279
3/15/2023 13:15,7.335,0.000860569
3/15/2023 13:30,11.075,0.001299359
3/15/2023 13:45,10.165,0.001192594
3/15/2023 14:00,7.12,0.000835344
3/15/2023 14:15,8.9,0.00104418
3/15/2023 14:30,36.65,0.00429991
3/15/2023 14:45,10.52,0.001234244
3/15/2023 15:00,9.85,0.001155637
3/15/2023 15:15,7.485,0.000878167
3/15/2023 15:30,6.87,0.000806013
3/15/2023 15:45,9.755,0.001144492
3/15/2023 16:00,11.805,0.001385005
3/15/2023 16:15,8.345,0.000979065
3/15/2023 16:30,11.13,0.001305812
3/15/2023 16:45,9.31,0.001092283
3/15/2023 17:00,8.16,0.000957361
3/15/2023 17:15,11.395,0.001336902
3/15/2023 17:30,8.67,0.001017196
3/15/2023 17:45,11.97,0.001404363
3/15/2023 18:00,12.34,0.001447773
3/15/2023 18:15,11.865,0.001392044
3/15/2023 18:30,12.265,0.001438974
3/15/2023 18:45,11.145,0.001307571
3/15/2023 19:00,7.38,0.000865848
3/15/2023 19:15,9.62,0.001128653
3/15/2023 19:30,8.95,0.001050046
3/15/2023 19:45,11.1,0.001302292
3/15/2023 20:00,22.995,0.002697856
3/15/2023 20:15,13.13,0.001540459
3/15/2023 20:30,10.615,0.00124539
3/15/2023 20:45,29.595,0.003472192
3/15/2023 21:00,11.545,0.001354501
3/15/2023 21:15,12.775,0.001498809
3/15/2023 21:30,13.895,0.001630211
3/15/2023 21:45,12.8,0.001501742
3/15/2023 22:00,33.72,0.003956151
3/15/2023 22:15,20.415,0.002395161
3/15/2023 22:30,24.55,0.002880294
3/15/2023 22:45,24.75,0.002903759
3/15/2023 23:00,25.965,0.003046307
3/15/2023 23:15,33.15,0.003889277
3/15/2023 23:30,35.86,0.004207224
3/15/2023 23:45,32.285,0.003787792
3/16/2023 0:00,37.8,0.004434832
3/16/2023 0:15,36.055,0.004230102
3/16/2023 0:30,50.53,0.005928361
3/16/2023 0:45,48.915,0.005738883
3/16/2023 1:00,38.275,0.00449056
3/16/2023 1:15,42.82,0.005023796
3/16/2023 1:30,46.02,0.005399232
3/16/2023 1:45,39.635,0.004650121
3/16/2023 2:00,42.225,0.004953989
3/16/2023 2:15,44.21,0.005186876
3/16/2023 2:30,42.02,0.004929937
3/16/2023 2:45,40.27,0.004724621
3/16/2023 3:00,41.51,0.004870102
3/16/2023 3:15,54.05,0.00634134
3/16/2023 3:30,103.735,0.012170563
3/16/2023 3:45,41.965,0.004923484
3/16/2023 4:00,41.065,0.004817893
3/16/2023 4:15,43.93,0.005154025
3/16/2023 4:30,38.26,0.004488801
3/16/2023 4:45,36.745,0.004311055
3/16/2023 5:00,42.545,0.004991532
3/16/2023 5:15,40.195,0.004715822
3/16/2023 5:30,35.805,0.004200771
3/16/2023 5:45,35.445,0.004158535
3/16/2023 6:00,40.235,0.004720515
3/16/2023 6:15,39.025,0.004578553
3/16/2023 6:30,35.22,0.004132137
3/16/2023 6:45,35.38,0.004150909
3/16/2023 7:00,42.61,0.004999158
3/16/2023 7:15,30.655,0.003596555
3/16/2023 7:30,31.38,0.003681614
3/16/2023 7:45,34.12,0.004003081
3/16/2023 8:00,32.65,0.003830615
3/16/2023 8:15,28.515,0.003345482
3/16/2023 8:30,33.485,0.00392858
3/16/2023 8:45,28.515,0.003345482
3/16/2023 9:00,31.22,0.003662843
3/16/2023 9:15,28.215,0.003310285
3/16/2023 9:30,25.865,0.003034575
3/16/2023 9:45,27.1,0.003179469
3/16/2023 10:00,32.21,0.003778993
3/16/2023 10:15,26.185,0.003072118
3/16/2023 10:30,25.275,0.002965354
3/16/2023 10:45,26.67,0.00312902
3/16/2023 11:00,23.715,0.002782329
3/16/2023 11:15,26.215,0.003075638
3/16/2023 11:30,21.56,0.002529497
3/16/2023 11:45,23.18,0.002719561
3/16/2023 12:00,33.345,0.003912155
3/16/2023 12:15,37.355,0.004382623
3/16/2023 12:30,50.975,0.00598057
3/16/2023 12:45,53.2,0.006241615
3/16/2023 13:00,50.425,0.005916042
3/16/2023 13:15,49.775,0.005839782
3/16/2023 13:30,39.575,0.004643081
3/16/2023 13:45,26.485,0.003107315
3/16/2023 14:00,28.325,0.003323191
3/16/2023 14:15,20.505,0.00240572
3/16/2023 14:30,20.48,0.002402787
3/16/2023 14:45,18.96,0.002224455
3/16/2023 15:00,35.855,0.004206637
3/16/2023 15:15,32.955,0.003866399
3/16/2023 15:30,19.33,0.002267865
3/16/2023 15:45,22.665,0.002659139
3/16/2023 16:00,26.155,0.003068599
3/16/2023 16:15,39.935,0.004685318
3/16/2023 16:30,55.925,0.006561322
3/16/2023 16:45,50.375,0.005910176
3/16/2023 17:00,32.71,0.003837655
3/16/2023 17:15,33.14,0.003888104
3/16/2023 17:30,23.85,0.002798168
3/16/2023 17:45,61.555,0.007221854
3/16/2023 18:00,31.32,0.003674575
3/16/2023 18:15,27.865,0.003269222
3/16/2023 18:30,62.465,0.007328618
3/16/2023 18:45,30.56,0.003585409
3/16/2023 19:00,16.35,0.001918241
3/16/2023 19:15,15.1,0.001771586
3/16/2023 19:30,16.005,0.001877764
3/16/2023 19:45,19.42,0.002278424
3/16/2023 20:00,17.16,0.002013273
3/16/2023 20:15,30.52,0.003580716
3/16/2023 20:30,48.985,0.005747096
3/16/2023 20:45,31.075,0.003645831
3/16/2023 21:00,26.22,0.003076225
3/16/2023 21:15,21.305,0.002499579
3/16/2023 21:30,21.875,0.002566454
3/16/2023 21:45,63.89,0.007495804
3/16/2023 22:00,33.625,0.003945006
3/16/2023 22:15,32.13,0.003769607
3/16/2023 22:30,16.305,0.001912961
3/16/2023 22:45,23.37,0.002741852
3/16/2023 23:00,62.78,0.007365575
3/16/2023 23:15,21.41,0.002511898
3/16/2023 23:30,157.405,0.01846732
3/16/2023 23:45,15.93,0.001868965
3/17/2023 0:00,16.495,0.001935253
3/17/2023 0:15,21.015,0.002465555
3/17/2023 0:30,16.46,0.001931146
3/17/2023 0:45,21.49,0.002521284
3/17/2023 1:00,128.075,0.015026219
3/17/2023 1:30,547.17,0.064195949
3/17/2023 1:45,762.71,0.089483876
3/17/2023 2:00,747.605,0.087711703
3/17/2023 2:30,68.15,0.007995603
3/17/2023 2:45,72.76,0.008536464
3/17/2023 3:00,72.55,0.008511827
3/17/2023 3:15,75.675,0.008878463
3/17/2023 3:30,87.43,0.010257602
3/17/2023 3:45,94.815,0.011124036
3/17/2023 4:00,89.685,0.010522166
3/17/2023 4:15,96.45,0.01131586
3/17/2023 4:30,103.625,0.012157657
3/17/2023 4:45,102.635,0.012041507
3/17/2023 5:00,104.245,0.012230398
3/17/2023 5:15,112.35,0.013181305
3/17/2023 5:30,106.1,0.012448033
3/17/2023 5:45,105.74,0.012405796
3/17/2023 6:00,108.16,0.01268972
3/17/2023 6:15,103.18,0.012105448
3/17/2023 6:30,101.575,0.011917144
3/17/2023 6:45,104.85,0.012301378
3/17/2023 7:00,103.565,0.012150618
3/17/2023 7:15,107.4,0.012600554
3/17/2023 7:30,111.435,0.013073954
3/17/2023 7:45,109.005,0.012788858
3/17/2023 8:00,107.88,0.012656869
3/17/2023 8:15,114.8,0.013468748
3/17/2023 8:30,112.385,0.013185412
3/17/2023 8:45,115.78,0.013583725
3/17/2023 9:00,119.495,0.014019582
3/17/2023 9:15,121.08,0.01420554
3/17/2023 9:30,125.65,0.014741709
3/17/2023 9:45,138.01,0.016191829
3/17/2023 10:00,144.1,0.016906329
3/17/2023 10:15,16.52,0.001938186
3/17/2023 10:30,22.455,0.002634501
3/17/2023 10:45,18.25,0.002141156
3/17/2023 11:00,21.625,0.002537123
3/17/2023 11:15,86.44,0.010141451
3/17/2023 11:30,23.175,0.002718974
3/17/2023 11:45,20.085,0.002356444
3/17/2023 12:00,22.065,0.002588745
3/17/2023 12:15,28.065,0.003292687
3/17/2023 12:30,15.6,0.001830248
3/17/2023 12:45,14.94,0.001752814
3/17/2023 13:00,17.42,0.002043777
3/17/2023 13:15,31.31,0.003673402
3/17/2023 13:30,24.575,0.002883227
3/17/2023 13:45,14.305,0.001678314
3/17/2023 14:00,14.17,0.001662475
3/17/2023 14:15,15.86,0.001860752
3/17/2023 14:30,15.235,0.001787425
3/17/2023 14:45,23.985,0.002814006
3/17/2023 15:00,24.105,0.002828085
3/17/2023 15:15,13.75,0.001613199
3/17/2023 15:30,14.885,0.001746362
3/17/2023 15:45,25.615,0.003005244
3/17/2023 16:00,27.64,0.003242824
3/17/2023 16:15,15.65,0.001836114
3/17/2023 16:30,23.055,0.002704895
3/17/2023 16:45,31.57,0.003703906
3/17/2023 17:00,20.005,0.002347058
3/17/2023 17:15,25.365,0.002975913
3/17/2023 17:30,16.14,0.001893603
3/17/2023 17:45,17.935,0.002104199
3/17/2023 18:00,42.62,0.005000331
3/17/2023 18:15,36.58,0.004291697
3/17/2023 18:30,19.56,0.002294849
3/17/2023 18:45,19.045,0.002234428
3/17/2023 19:00,17.625,0.002067828
3/17/2023 19:15,27.79,0.003260423
3/17/2023 19:30,24.745,0.002903172
3/17/2023 19:45,56.71,0.006653421
3/17/2023 20:00,24.245,0.00284451
3/17/2023 20:15,18.875,0.002214483
3/17/2023 20:30,39.775,0.004666546
3/17/2023 20:45,22.87,0.002683191
3/17/2023 21:00,17.515,0.002054923
3/17/2023 21:15,48.285,0.00566497
3/17/2023 21:30,17.76,0.002083667
3/17/2023 21:45,21.655,0.002540642
3/17/2023 22:00,18.85,0.00221155
3/17/2023 22:15,22.595,0.002650927
3/17/2023 22:30,17.54,0.002057856
3/17/2023 22:45,28.425,0.003334923
3/17/2023 23:00,23.045,0.002703722
3/17/2023 23:15,17.72,0.002078974
3/17/2023 23:30,18.32,0.002149368
3/17/2023 23:45,20.54,0.002409827
3/18/2023 0:00,17.9,0.002100092
3/18/2023 0:15,16.575,0.001944639
3/18/2023 0:30,15.445,0.001812063
3/18/2023 0:45,15.12,0.001773933
3/18/2023 1:00,15.53,0.001822035
3/18/2023 1:15,19.08,0.002238534
3/18/2023 1:30,16.715,0.001961064
3/18/2023 1:45,14.035,0.001646637
3/18/2023 2:00,13.02,0.001527553
3/18/2023 2:15,13.1,0.001536939
3/18/2023 2:30,12.14,0.001424308
3/18/2023 2:45,13.3,0.001560404
3/18/2023 3:00,12.275,0.001440147
3/18/2023 3:15,12.94,0.001518167
3/18/2023 3:30,11.26,0.001321064
3/18/2023 3:45,11.14,0.001306985
3/18/2023 4:00,12.335,0.001447186
3/18/2023 4:15,12.845,0.001507022
3/18/2023 4:30,13.345,0.001565683
3/18/2023 4:45,11.995,0.001407296
3/18/2023 5:00,12.355,0.001449533
3/18/2023 5:15,11.92,0.001398497
3/18/2023 5:30,12.125,0.001422549
3/18/2023 5:45,10.055,0.001179689
3/18/2023 6:00,10.81,0.001268268
3/18/2023 6:15,11.15,0.001308158
3/18/2023 6:30,10.11,0.001186142
3/18/2023 6:45,10.175,0.001193768
3/18/2023 7:00,10.055,0.001179689
3/18/2023 7:15,11.595,0.001360367
3/18/2023 7:30,9.42,0.001105188
3/18/2023 7:45,10.64,0.001248323
3/18/2023 8:00,11.805,0.001385005
3/18/2023 8:15,10.135,0.001189075
3/18/2023 8:30,8.98,0.001053566
3/18/2023 8:45,8.995,0.001055326
3/18/2023 9:00,8.25,0.00096792
3/18/2023 9:15,8.035,0.000942695
3/18/2023 9:30,8.14,0.000955014
3/18/2023 9:45,9.465,0.001110468
3/18/2023 10:00,8.8,0.001032448
3/18/2023 10:15,7.615,0.000893419
3/18/2023 10:30,7.23,0.00084825
3/18/2023 10:45,7.965,0.000934482
3/18/2023 11:00,7.58,0.000889313
3/18/2023 11:15,8.5,0.000997251
3/18/2023 11:30,7.765,0.000911018
3/18/2023 11:45,7.195,0.000844143
3/18/2023 12:00,7.505,0.000880514
3/18/2023 12:15,8.37,0.000981998
3/18/2023 12:30,8.345,0.000979065
3/18/2023 12:45,10.97,0.00128704
3/18/2023 13:00,9.975,0.001170303
3/18/2023 13:15,6.72,0.000788415
3/18/2023 13:30,7.07,0.000829478
3/18/2023 13:45,8.815,0.001034207
3/18/2023 14:00,9.62,0.001128653
3/18/2023 14:15,8.965,0.001051806
3/18/2023 14:30,8.395,0.000984932
3/18/2023 14:45,8.86,0.001039487
3/18/2023 15:00,6.725,0.000789001
3/18/2023 15:15,7.015,0.000823025
3/18/2023 15:30,8.79,0.001031274
3/18/2023 15:45,7.625,0.000894592
3/18/2023 16:00,9.26,0.001086416
3/18/2023 16:15,8.09,0.000949148
3/18/2023 16:30,9.915,0.001163263
3/18/2023 16:45,9.515,0.001116334
3/18/2023 17:00,9.08,0.001065298
3/18/2023 17:15,10.94,0.00128352
3/18/2023 17:30,9.89,0.00116033
3/18/2023 17:45,9.015,0.001057672
3/18/2023 18:00,7.5,0.000879927
3/18/2023 18:15,7.72,0.000905738
3/18/2023 18:30,9.65,0.001132173
3/18/2023 18:45,7.995,0.000938002
3/18/2023 19:00,8.38,0.000983172
3/18/2023 19:15,9.31,0.001092283
3/18/2023 19:30,7.7,0.000903392
3/18/2023 19:45,8.75,0.001026581
3/18/2023 20:00,8.98,0.001053566
3/18/2023 20:15,8.38,0.000983172
3/18/2023 20:30,8.79,0.001031274
3/18/2023 20:45,7.745,0.000908671
3/18/2023 21:00,8.64,0.001013676
3/18/2023 21:15,8,0.000938589
3/18/2023 21:30,7.845,0.000920404
3/18/2023 21:45,8.315,0.000975546
3/18/2023 22:00,9.715,0.001139799
3/18/2023 22:15,7.795,0.000914537
3/18/2023 22:30,9.405,0.001103428
3/18/2023 22:45,7.445,0.000873474
3/18/2023 23:00,8.595,0.001008396
3/18/2023 23:15,8.305,0.000974372
3/18/2023 23:30,8.585,0.001007223
3/18/2023 23:45,7.805,0.000915711
3/19/2023 0:00,8.665,0.001016609
3/19/2023 0:15,8.685,0.001018955
3/19/2023 0:30,9.495,0.001113987
3/19/2023 0:45,9.64,0.001130999
3/19/2023 1:00,10.19,0.001195527
3/19/2023 1:15,31.05,0.003642897
3/19/2023 1:30,97.03,0.011383908
3/19/2023 1:45,86.92,0.010197767
3/19/2023 2:30,16.06,0.001884217
3/19/2023 2:45,14.835,0.001740495
3/19/2023 3:00,13.745,0.001612613
3/19/2023 3:15,15.77,0.001850193
3/19/2023 3:30,13.475,0.001580935
3/19/2023 3:45,13.46,0.001579176
3/19/2023 4:00,13.65,0.001601467
3/19/2023 4:15,13.975,0.001639597
3/19/2023 4:30,14.285,0.001675967
3/19/2023 4:45,15.325,0.001797984
3/19/2023 5:00,15.455,0.001813236
3/19/2023 5:15,15.51,0.001819689
3/19/2023 5:30,16.49,0.001934666
3/19/2023 5:45,14.735,0.001728763
3/19/2023 6:00,14.395,0.001688873
3/19/2023 6:15,13.865,0.001626692
3/19/2023 6:30,14.915,0.001749881
3/19/2023 6:45,14.865,0.001744015
3/19/2023 7:00,15.82,0.001856059
3/19/2023 7:15,16.515,0.001937599
3/19/2023 7:30,15.58,0.001827902
3/19/2023 7:45,15.285,0.001793291
3/19/2023 8:00,14.9,0.001748122
3/19/2023 8:15,14.835,0.001740495
3/19/2023 8:30,17.385,0.002039671
3/19/2023 8:45,22.64,0.002656206
3/19/2023 9:00,17.65,0.002070761
3/19/2023 9:15,22,0.002581119
3/19/2023 9:30,5.275,0.000618882
3/19/2023 9:45,5.785,0.000678717
3/19/2023 10:00,6.405,0.000751458
3/19/2023 10:15,6.98,0.000818919
3/19/2023 10:30,7.24,0.000849423
3/19/2023 10:45,7.78,0.000912778
3/19/2023 11:00,8.33,0.000977306
3/19/2023 11:15,7.575,0.000888726
3/19/2023 11:30,7.5,0.000879927
3/19/2023 11:45,7.74,0.000908085
3/19/2023 12:00,9.135,0.001071751
3/19/2023 12:15,10.105,0.001185555
3/19/2023 12:30,10.965,0.001286453
3/19/2023 12:45,12.315,0.00144484
3/19/2023 13:00,11.915,0.001397911
3/19/2023 13:15,13.095,0.001536352
3/19/2023 13:30,13.22,0.001551018
3/19/2023 13:45,12.785,0.001499982
3/19/2023 14:00,13.16,0.001543978
3/19/2023 14:15,12.385,0.001453053
3/19/2023 14:30,12.9,0.001513474
3/19/2023 14:45,12.925,0.001516407
3/19/2023 15:00,14.6,0.001712924
3/19/2023 15:15,13.895,0.001630211
3/19/2023 15:30,13.09,0.001535766
3/19/2023 15:45,14.805,0.001736976
3/19/2023 16:00,13.94,0.001635491
3/19/2023 16:15,14.315,0.001679487
3/19/2023 16:30,16.97,0.001990981
3/19/2023 16:45,13.7,0.001607333
3/19/2023 17:00,20.735,0.002432705
3/19/2023 17:15,23.39,0.002744199
3/19/2023 17:30,31.015,0.003638791
3/19/2023 17:45,27.48,0.003224052
3/19/2023 18:00,24.68,0.002895546
3/19/2023 18:15,26.2,0.003073878
3/19/2023 18:30,26.545,0.003114355
3/19/2023 18:45,24.66,0.0028932
3/19/2023 19:00,24.75,0.002903759
3/19/2023 19:15,23.07,0.002706655
3/19/2023 19:30,33.2,0.003895143
3/19/2023 19:45,25.98,0.003048067
3/19/2023 20:00,23.92,0.00280638
3/19/2023 20:15,22.005,0.002581706
3/19/2023 20:30,21.91,0.00257056
3/19/2023 20:45,24.83,0.002913145
3/19/2023 21:00,26.85,0.003150138
3/19/2023 21:15,21.48,0.002520111
3/19/2023 21:30,21.965,0.002577013
3/19/2023 21:45,21.1,0.002475528
3/19/2023 22:00,20.14,0.002362897
3/19/2023 22:15,19.7,0.002311275
3/19/2023 22:30,21.245,0.00249254
3/19/2023 22:45,20.355,0.002388122
3/19/2023 23:00,19.29,0.002263172
3/19/2023 23:15,19.19,0.00225144
3/19/2023 23:30,18,0.002111825
3/19/2023 23:45,18.78,0.002203337
3/20/2023 0:00,17.195,0.002017379
3/20/2023 0:15,17.42,0.002043777
3/20/2023 0:30,14.84,0.001741082
3/20/2023 0:45,17.125,0.002009166
3/20/2023 1:00,14.835,0.001740495
3/20/2023 1:15,13.005,0.001525793
3/20/2023 1:30,13.465,0.001579762
3/20/2023 1:45,12.755,0.001496462
3/20/2023 2:00,12.6,0.001478277
3/20/2023 2:15,12.165,0.001427241
3/20/2023 2:30,12.7,0.00149001
3/20/2023 2:45,12.105,0.001420202
3/20/2023 3:00,11.4,0.001337489
3/20/2023 3:15,10.575,0.001240697
3/20/2023 3:30,10.535,0.001236004
3/20/2023 3:45,9.955,0.001167956
3/20/2023 4:00,11.025,0.001293493
3/20/2023 4:15,10.725,0.001258296
3/20/2023 4:30,9.365,0.001098735
3/20/2023 4:45,10.195,0.001196114
3/20/2023 5:00,9.54,0.001119267
3/20/2023 5:15,9.425,0.001105775
3/20/2023 5:30,9.9,0.001161504
3/20/2023 5:45,8.89,0.001043007
3/20/2023 6:00,8.765,0.001028341
3/20/2023 6:15,8.52,0.000999597
3/20/2023 6:30,8.435,0.000989624
3/20/2023 6:45,7.74,0.000908085
3/20/2023 7:00,9.34,0.001095802
3/20/2023 7:15,7.885,0.000925097
3/20/2023 7:30,8.43,0.000989038
3/20/2023 7:45,7.805,0.000915711
3/20/2023 8:00,7.51,0.0008811
3/20/2023 8:15,7.645,0.000896939
3/20/2023 8:30,7.74,0.000908085
3/20/2023 8:45,7.33,0.000859982
3/20/2023 9:00,6.78,0.000795454
3/20/2023 9:15,7.105,0.000833584
3/20/2023 9:30,7.6,0.000891659
3/20/2023 9:45,7.37,0.000864675
3/20/2023 10:00,6.56,0.000769643
3/20/2023 10:15,7.375,0.000865261
3/20/2023 10:30,6.385,0.000749111
3/20/2023 10:45,6.765,0.000793694
3/20/2023 11:00,6.785,0.000796041
3/20/2023 11:15,7.28,0.000854116
3/20/2023 11:30,5.895,0.000691623
3/20/2023 11:45,6.62,0.000776682
3/20/2023 12:00,8.04,0.000943282
3/20/2023 12:15,6.945,0.000814812
3/20/2023 12:30,6.105,0.000716261
3/20/2023 12:45,6.3,0.000739139
3/20/2023 13:00,7.24,0.000849423
3/20/2023 13:15,6.185,0.000725646
3/20/2023 13:30,6.185,0.000725646
3/20/2023 13:45,5.93,0.000695729
3/20/2023 14:00,6.03,0.000707461
3/20/2023 14:15,6.33,0.000742658
3/20/2023 14:30,5.77,0.000676957
3/20/2023 14:45,6.555,0.000769056
3/20/2023 15:00,6.685,0.000784308
3/20/2023 15:15,6.41,0.000752044
3/20/2023 15:30,6.235,0.000731513
3/20/2023 15:45,8.72,0.001023062
3/20/2023 16:00,7.03,0.000824785
3/20/2023 16:15,10.535,0.001236004
3/20/2023 16:30,9.09,0.001066471
3/20/2023 16:45,11.495,0.001348635
3/20/2023 17:00,8.045,0.000943868
3/20/2023 17:15,7.59,0.000890486
3/20/2023 17:30,8.165,0.000957947
3/20/2023 17:45,8.885,0.00104242
3/20/2023 18:00,11.155,0.001308745
3/20/2023 18:15,10.145,0.001190248
3/20/2023 18:30,9.83,0.001153291
3/20/2023 18:45,8.395,0.000984932
3/20/2023 19:00,8.955,0.001050633
3/20/2023 19:15,8.87,0.00104066
3/20/2023 19:30,9.145,0.001072924
3/20/2023 19:45,10.03,0.001176756
3/20/2023 20:00,9.335,0.001095216
3/20/2023 20:15,8.695,0.001020129
3/20/2023 20:30,10.24,0.001201394
3/20/2023 20:45,10.725,0.001258296
3/20/2023 21:00,10.165,0.001192594
3/20/2023 21:15,13.25,0.001554538
3/20/2023 21:30,10.64,0.001248323
3/20/2023 21:45,10.65,0.001249496
3/20/2023 22:00,11.455,0.001343942
3/20/2023 22:15,10.845,0.001272374
3/20/2023 22:30,11.15,0.001308158
3/20/2023 22:45,9.53,0.001118094
3/20/2023 23:00,10.745,0.001260642
3/20/2023 23:15,9.845,0.001155051
3/20/2023 23:30,9.715,0.001139799
3/20/2023 23:45,11.375,0.001334556
3/21/2023 0:00,10.32,0.001210779
3/21/2023 0:15,11.38,0.001335142
3/21/2023 0:30,11.075,0.001299359
3/21/2023 0:45,11.45,0.001343355
3/21/2023 1:00,11.205,0.001314611
3/21/2023 1:15,10.185,0.001194941
3/21/2023 1:30,11.515,0.001350981
3/21/2023 1:45,12.465,0.001462439
3/21/2023 2:00,12.075,0.001416682
3/21/2023 2:15,12.545,0.001471824
3/21/2023 2:30,11.335,0.001329863
3/21/2023 2:45,13.14,0.001541632
3/21/2023 3:00,9.55,0.00112044
3/21/2023 3:15,8.435,0.000989624
3/21/2023 3:30,9.94,0.001166196
3/21/2023 3:45,10.02,0.001175582
3/21/2023 4:00,9.755,0.001144492
3/21/2023 4:15,8.625,0.001011916
3/21/2023 4:30,8.355,0.000980239
3/21/2023 4:45,9.795,0.001149185
3/21/2023 5:00,9.8,0.001149771
3/21/2023 5:15,9.935,0.00116561
3/21/2023 5:30,8.425,0.000988451
3/21/2023 5:45,8.19,0.00096088
3/21/2023 6:00,9.2,0.001079377
3/21/2023 6:15,10.03,0.001176756
3/21/2023 6:30,8.795,0.001031861
3/21/2023 6:45,10.365,0.001216059
3/21/2023 7:00,9.035,0.001060019
3/21/2023 7:15,9.525,0.001117507
3/21/2023 7:30,9.175,0.001076444
3/21/2023 7:45,9.515,0.001116334
3/21/2023 8:00,9.34,0.001095802
3/21/2023 8:15,10.85,0.001272961
3/21/2023 8:30,7.775,0.000912191
3/21/2023 8:45,11.39,0.001336316
3/21/2023 9:00,7.54,0.00088462
3/21/2023 9:15,9.195,0.00107879
3/21/2023 9:30,7.015,0.000823025
3/21/2023 9:45,6.68,0.000783722
3/21/2023 10:00,6.395,0.000750284
3/21/2023 10:15,6.82,0.000800147
3/21/2023 10:30,6,0.000703942
3/21/2023 10:45,8.515,0.00099901
3/21/2023 11:00,6.88,0.000807186
3/21/2023 11:15,7.76,0.000910431
3/21/2023 11:30,5.605,0.000657599
3/21/2023 11:45,6.54,0.000767296
3/21/2023 12:00,5.64,0.000661705
3/21/2023 12:15,8.31,0.000974959
3/21/2023 12:30,6.945,0.000814812
3/21/2023 12:45,7.17,0.00084121
3/21/2023 13:00,6.24,0.000732099
3/21/2023 13:15,9.895,0.001160917
3/21/2023 13:30,7.575,0.000888726
3/21/2023 13:45,8.255,0.000968506
3/21/2023 14:00,6.475,0.00075967
3/21/2023 14:15,8.91,0.001045353
3/21/2023 14:30,8.32,0.000976132
3/21/2023 14:45,8.835,0.001036554
3/21/2023 15:00,6.69,0.000784895
3/21/2023 15:15,6.84,0.000802493
3/21/2023 15:30,11.745,0.001377966
3/21/2023 15:45,9.26,0.001086416
3/21/2023 16:00,8.64,0.001013676
3/21/2023 16:15,7.91,0.00092803
3/21/2023 16:30,9.69,0.001136866
3/21/2023 16:45,12.38,0.001452466
3/21/2023 17:00,10.11,0.001186142
3/21/2023 17:15,10.915,0.001280587
3/21/2023 17:30,9.97,0.001169716
3/21/2023 17:45,12.505,0.001467132
3/21/2023 18:00,11.855,0.001390871
3/21/2023 18:15,11.22,0.001316371
3/21/2023 18:30,9.98,0.001170889
3/21/2023 18:45,16.38,0.00192176
3/21/2023 19:00,11.2,0.001314024
3/21/2023 19:15,10.55,0.001237764
3/21/2023 19:30,10,0.001173236
3/21/2023 19:45,16.98,0.001992155
3/21/2023 20:00,14.95,0.001753988
3/21/2023 20:15,12.36,0.00145012
3/21/2023 20:30,14.79,0.001735216
3/21/2023 20:45,14.925,0.001751055
3/21/2023 21:00,17.7,0.002076628
3/21/2023 21:15,37.485,0.004397875
3/21/2023 21:30,18.495,0.0021699
3/21/2023 21:45,44.4,0.005209167
3/21/2023 22:00,24.04,0.002820459
3/21/2023 22:15,25.605,0.003004071
3/21/2023 22:30,22.46,0.002635088
3/21/2023 22:45,27.25,0.003197068
3/21/2023 23:00,28.255,0.003314978
3/21/2023 23:15,32.59,0.003823576
3/21/2023 23:30,26.89,0.003154831
3/21/2023 23:45,69.775,0.008186254
3/22/2023 0:00,29.975,0.003516775
3/22/2023 0:15,27.76,0.003256903
3/22/2023 0:30,45.17,0.005299507
3/22/2023 0:45,29.795,0.003495656
3/22/2023 1:00,36.175,0.004244181
3/22/2023 1:15,50.065,0.005873806
3/22/2023 1:30,37.03,0.004344493
3/22/2023 1:45,58.23,0.006831753
3/22/2023 2:00,46.08,0.005406271
3/22/2023 2:15,328.44,0.03853376
3/22/2023 2:30,53.625,0.006291478
3/22/2023 2:45,54.08,0.00634486
3/22/2023 3:00,72.22,0.00847311
3/22/2023 3:15,256.42,0.030084115
3/22/2023 3:30,72.78,0.008538811
3/22/2023 3:45,311.22,0.036513448
3/22/2023 4:00,85.115,0.009985997
3/22/2023 4:15,66.085,0.007753329
3/22/2023 4:30,42.825,0.005024383
3/22/2023 4:45,41.985,0.004925831
3/22/2023 5:00,45.32,0.005317105
3/22/2023 5:15,77.73,0.009119563
3/22/2023 5:30,46.325,0.005435015
3/22/2023 5:45,50.63,0.005940093
3/22/2023 6:00,41.77,0.004900606
3/22/2023 6:15,197.05,0.023118614
3/22/2023 6:30,53.56,0.006283852
3/22/2023 6:45,322.8,0.037872055
3/22/2023 7:00,46.87,0.005498957
3/22/2023 7:15,40.62,0.004765684
3/22/2023 7:30,65.965,0.007739251
3/22/2023 7:45,66.755,0.007831936
3/22/2023 8:00,38.985,0.00457386
3/22/2023 8:15,37.25,0.004370304
3/22/2023 8:30,27.56,0.003233438
3/22/2023 8:45,35.44,0.004157948
3/22/2023 9:00,27.215,0.003192962
3/22/2023 9:15,36.62,0.00429639
3/22/2023 9:30,28.07,0.003293273
3/22/2023 9:45,26.305,0.003086197
3/22/2023 10:00,29.645,0.003478058
3/22/2023 10:15,30.1,0.00353144
3/22/2023 10:30,24.5,0.002874428
3/22/2023 10:45,32.8,0.003848214
3/22/2023 11:00,37.495,0.004399048
3/22/2023 11:15,31.935,0.003746729
3/22/2023 11:30,23.59,0.002767664
3/22/2023 11:45,32.415,0.003803044
3/22/2023 12:00,36.115,0.004237141
3/22/2023 12:15,28.095,0.003296206
3/22/2023 12:30,22.46,0.002635088
3/22/2023 12:45,34.865,0.004090487
3/22/2023 13:00,43.13,0.005060166
3/22/2023 13:15,28.615,0.003357215
3/22/2023 13:30,23.81,0.002793475
3/22/2023 13:45,22.43,0.002631568
3/22/2023 14:00,41.785,0.004902366
3/22/2023 14:15,28.22,0.003310872
3/22/2023 14:30,28.88,0.003388305
3/22/2023 14:45,35.585,0.00417496
3/22/2023 15:00,44.805,0.005256683
3/22/2023 15:15,40.71,0.004776243
3/22/2023 15:30,25.345,0.002973566
3/22/2023 15:45,48.23,0.005658517
3/22/2023 16:00,121.79,0.01428884
3/22/2023 16:15,39.845,0.004674758
3/22/2023 16:30,40.465,0.004747499
3/22/2023 16:45,50.435,0.005917215
3/22/2023 17:00,48.945,0.005742403
3/22/2023 17:15,41.33,0.004848984
3/22/2023 17:30,63.165,0.007410745
3/22/2023 17:45,57.905,0.006793623
3/22/2023 18:00,51.835,0.006081468
3/22/2023 18:15,76.955,0.009028637
3/22/2023 18:30,68.405,0.00802552
3/22/2023 18:45,72.55,0.008511827
3/22/2023 19:00,72.675,0.008526492
3/22/2023 19:15,74.85,0.008781671
3/22/2023 19:30,82.28,0.009653385
3/22/2023 19:45,80.445,0.009438096
3/22/2023 20:00,88.88,0.010427721
3/22/2023 20:15,92.5,0.010852432
3/22/2023 20:30,89.41,0.010489902
3/22/2023 20:45,100.985,0.011847923
3/22/2023 21:00,92.7,0.010875897
3/22/2023 21:15,91.74,0.010763266
3/22/2023 21:30,103.515,0.012144751
3/22/2023 21:45,92.075,0.01080257
3/22/2023 22:00,95.785,0.01123784
3/22/2023 22:15,86.34,0.010129719
3/22/2023 22:30,88.735,0.010410709
3/22/2023 22:45,88.585,0.01039311
3/22/2023 23:00,95.69,0.011226694
3/22/2023 23:15,84.1,0.009866914
3/22/2023 23:30,82.135,0.009636373
3/22/2023 23:45,79.98,0.009383541
3/23/2023 0:00,82.85,0.009720259
3/23/2023 0:15,77.395,0.009080259
3/23/2023 0:30,73.135,0.008580461
3/23/2023 0:45,79.92,0.009376501
3/23/2023 1:00,77.185,0.009055621
3/23/2023 1:15,96.175,0.011283596
3/23/2023 1:30,70.32,0.008250195
3/23/2023 1:45,70.795,0.008305924
3/23/2023 2:00,64.34,0.0075486
3/23/2023 2:15,74.625,0.008755273
3/23/2023 2:30,64.245,0.007537454
3/23/2023 2:45,63.805,0.007485832
3/23/2023 3:00,61.95,0.007268196
3/23/2023 3:15,58.955,0.006916812
3/23/2023 3:30,56.37,0.006613531
3/23/2023 3:45,54.855,0.006435786
3/23/2023 4:00,67.11,0.007873586
3/23/2023 4:15,58.105,0.006817087
3/23/2023 4:30,53.97,0.006331954
3/23/2023 4:45,64.415,0.007557399
3/23/2023 5:00,71.435,0.008381011
3/23/2023 5:15,48.27,0.00566321
3/23/2023 5:30,47.075,0.005523008
3/23/2023 5:45,68.445,0.008030213
3/23/2023 6:00,91.73,0.010762093
3/23/2023 6:15,47.73,0.005599855
3/23/2023 6:30,57.35,0.006728508
3/23/2023 6:45,44.765,0.005251991
3/23/2023 7:00,66.09,0.007753916
3/23/2023 7:15,43.8,0.005138773
3/23/2023 7:30,43.01,0.005046088
3/23/2023 7:45,45.505,0.00533881
3/23/2023 8:00,38.665,0.004536317
3/23/2023 8:15,40.875,0.004795602
3/23/2023 8:30,43.84,0.005143466
3/23/2023 8:45,32.355,0.003796005
3/23/2023 9:00,38.39,0.004504053
3/23/2023 9:15,51.515,0.006043925
3/23/2023 9:30,34.91,0.004095767
3/23/2023 9:45,36.805,0.004318095
3/23/2023 10:00,44.71,0.005245538
3/23/2023 10:15,41.5,0.004868929
3/23/2023 10:30,30.905,0.003625886
3/23/2023 10:45,60.42,0.007088691
3/23/2023 11:00,32.96,0.003866986
3/23/2023 11:15,44.255,0.005192156
3/23/2023 11:30,35.58,0.004174373
3/23/2023 11:45,40.365,0.004735767
3/23/2023 12:00,32.66,0.003831788
3/23/2023 12:15,35.095,0.004117471
3/23/2023 12:30,37.76,0.004430139
3/23/2023 12:45,27.295,0.003202347
3/23/2023 13:00,40.665,0.004770964
3/23/2023 13:15,30.7,0.003601834
3/23/2023 13:30,28.68,0.003364841
3/23/2023 13:45,44.25,0.005191569
3/23/2023 14:00,30.3,0.003554905
3/23/2023 14:15,54.17,0.006355419
3/23/2023 14:30,38.505,0.004517545
3/23/2023 14:45,27.54,0.003231092
3/23/2023 15:00,24.965,0.002928983
3/23/2023 15:15,27.515,0.003228159
3/23/2023 15:30,28.95,0.003396518
3/23/2023 15:45,31.055,0.003643484
3/23/2023 16:00,29.19,0.003424676
3/23/2023 16:15,24.825,0.002912558
3/23/2023 16:30,64.165,0.007528068
3/23/2023 16:45,32.575,0.003821816
3/23/2023 17:00,67.18,0.007881799
3/23/2023 17:15,28.59,0.003354281
3/23/2023 17:30,35.75,0.004194318
3/23/2023 17:45,59.46,0.006976061
3/23/2023 18:00,29.99,0.003518534
3/23/2023 18:15,25.305,0.002968873
3/23/2023 18:30,22.925,0.002689643
3/23/2023 18:45,22.98,0.002696096
3/23/2023 19:00,23.345,0.002738919
3/23/2023 19:15,21.17,0.00248374
3/23/2023 19:30,25.795,0.003026362
3/23/2023 19:45,47.09,0.005524768
3/23/2023 20:00,21.845,0.002562934
3/23/2023 20:15,26.89,0.003154831
3/23/2023 20:30,107.41,0.012601727
3/23/2023 20:45,41.76,0.004899433
3/23/2023 21:00,21.29,0.002497819
3/23/2023 21:15,38.225,0.004484694
3/23/2023 21:30,22.895,0.002686124
3/23/2023 21:45,45.135,0.0052954
3/23/2023 22:00,25.32,0.002970633
3/23/2023 22:15,19.2,0.002252613
3/23/2023 22:30,35.095,0.004117471
3/23/2023 22:45,21.365,0.002506619
3/23/2023 23:00,28.145,0.003302072
3/23/2023 23:15,21.385,0.002508965
3/23/2023 23:30,31.895,0.003742036
3/23/2023 23:45,22.455,0.002634501
3/24/2023 0:00,22.73,0.002666765
3/24/2023 0:15,18.265,0.002142915
3/24/2023 0:30,25.595,0.003002897
3/24/2023 0:45,19.745,0.002316554
3/24/2023 1:00,21.975,0.002578186
3/24/2023 1:15,27.77,0.003258076
3/24/2023 1:30,22.145,0.002598131
3/24/2023 1:45,32.14,0.00377078
3/24/2023 2:00,17.965,0.002107718
3/24/2023 2:15,20.695,0.002428012
3/24/2023 2:30,19.675,0.002308342
3/24/2023 2:45,37.61,0.00441254
3/24/2023 3:00,26.96,0.003163044
3/24/2023 3:15,21.86,0.002564694
3/24/2023 3:30,16.9,0.001982769
3/24/2023 3:45,20.535,0.00240924
3/24/2023 4:00,18.91,0.002218589
3/24/2023 4:15,16.855,0.001977489
3/24/2023 4:30,16.865,0.001978662
3/24/2023 4:45,16.435,0.001928213
3/24/2023 5:00,24.315,0.002852723
3/24/2023 5:15,20.225,0.00237287
3/24/2023 5:30,20.52,0.00240748
3/24/2023 5:45,20.6,0.002416866
3/24/2023 6:00,23.99,0.002814593
3/24/2023 6:15,16.13,0.00189243
3/24/2023 6:30,28.76,0.003374226
3/24/2023 6:45,14.795,0.001735803
3/24/2023 7:00,27.62,0.003240478
3/24/2023 7:15,14.685,0.001722897
3/24/2023 7:30,15.555,0.001824968
3/24/2023 7:45,15.06,0.001766893
3/24/2023 8:00,14.775,0.001733456
3/24/2023 8:15,14.12,0.001656609
3/24/2023 8:30,12.94,0.001518167
3/24/2023 8:45,13.345,0.001565683
3/24/2023 9:00,14.52,0.001703539
3/24/2023 9:15,15.825,0.001856646
3/24/2023 9:30,13.135,0.001541045
3/24/2023 9:45,12.675,0.001487077
3/24/2023 10:00,12.45,0.001460679
3/24/2023 10:15,14.455,0.001695913
3/24/2023 10:30,20.06,0.002353511
3/24/2023 10:45,18.08,0.002121211
3/24/2023 11:00,20.885,0.002450303
3/24/2023 11:15,13.9,0.001630798
3/24/2023 11:30,12.235,0.001435454
3/24/2023 11:45,13.345,0.001565683
3/24/2023 12:00,13.69,0.00160616
3/24/2023 12:15,12.515,0.001468305
3/24/2023 12:30,12.665,0.001485903
3/24/2023 12:45,13.47,0.001580349
3/24/2023 13:00,23.2,0.002721907
3/24/2023 13:15,13.34,0.001565097
3/24/2023 13:30,11.59,0.00135978
3/24/2023 13:45,12.945,0.001518754
3/24/2023 14:00,11.095,0.001301705
3/24/2023 14:15,12.22,0.001433694
3/24/2023 14:30,13.565,0.001591495
3/24/2023 14:45,13.265,0.001556297
3/24/2023 15:00,71.61,0.008401542
3/24/2023 15:15,20.215,0.002371696
3/24/2023 15:30,25.105,0.002945409
3/24/2023 15:45,18.89,0.002216243
3/24/2023 16:00,17.21,0.002019139
3/24/2023 16:15,34.4,0.004035932
3/24/2023 16:30,14.885,0.001746362
3/24/2023 16:45,29.715,0.003486271
3/24/2023 17:00,19.995,0.002345885
3/24/2023 17:15,47.31,0.005550579
3/24/2023 17:30,16.16,0.001895949
3/24/2023 17:45,18.38,0.002156408
3/24/2023 18:00,17.57,0.002061375
3/24/2023 18:15,15.775,0.00185078
3/24/2023 18:30,15.15,0.001777452
3/24/2023 18:45,15.84,0.001858406
3/24/2023 19:00,41.33,0.004848984
3/24/2023 19:15,15.99,0.001876004
3/24/2023 19:30,16.775,0.001968103
3/24/2023 19:45,14.95,0.001753988
3/24/2023 20:00,16.575,0.001944639
3/24/2023 20:15,18.295,0.002146435
3/24/2023 20:30,15.98,0.001874831
3/24/2023 20:45,14.475,0.001698259
3/24/2023 21:00,14.41,0.001690633
3/24/2023 21:15,16.145,0.001894189
3/24/2023 21:30,14.99,0.001758681
3/24/2023 21:45,14.45,0.001695326
3/24/2023 22:00,16.94,0.001987462
3/24/2023 22:15,12.6,0.001478277
3/24/2023 22:30,12.73,0.001493529
3/24/2023 22:45,17.4,0.00204143
3/24/2023 23:00,14.715,0.001726417
3/24/2023 23:15,14.02,0.001644877
3/24/2023 23:30,15.945,0.001870725
3/24/2023 23:45,16.835,0.001975143
3/25/2023 0:00,13.125,0.001539872
3/25/2023 0:15,14.585,0.001711165
3/25/2023 0:30,12.495,0.001465958
3/25/2023 0:45,13.84,0.001623758
3/25/2023 1:00,12.625,0.00148121
3/25/2023 1:15,13.79,0.001617892
3/25/2023 1:30,17.56,0.002060202
3/25/2023 1:45,12.605,0.001478864
3/25/2023 2:00,14.88,0.001745775
3/25/2023 2:15,18.435,0.00216286
3/25/2023 2:30,12.485,0.001464785
3/25/2023 2:45,28.81,0.003380093
3/25/2023 3:00,10.765,0.001262988
3/25/2023 3:15,12.08,0.001417269
3/25/2023 3:30,12.745,0.001495289
3/25/2023 3:45,11.365,0.001333383
3/25/2023 4:00,10.11,0.001186142
3/25/2023 4:15,10.43,0.001223685
3/25/2023 4:30,12.65,0.001484143
3/25/2023 4:45,9.57,0.001122787
3/25/2023 5:00,13.015,0.001526967
3/25/2023 5:15,9.145,0.001072924
3/25/2023 5:30,12.985,0.001523447
3/25/2023 5:45,10.91,0.00128
3/25/2023 6:00,12.81,0.001502915
3/25/2023 6:15,11.215,0.001315784
3/25/2023 6:30,10.24,0.001201394
3/25/2023 6:45,10.725,0.001258296
3/25/2023 7:00,11.35,0.001331623
3/25/2023 7:15,11.69,0.001371513
3/25/2023 7:30,12.995,0.00152462
3/25/2023 7:45,13.16,0.001543978
3/25/2023 8:00,11.28,0.00132341
3/25/2023 8:15,11.135,0.001306398
3/25/2023 8:30,10.92,0.001281174
3/25/2023 8:45,10.355,0.001214886
3/25/2023 9:00,10.82,0.001269441
3/25/2023 9:15,11.91,0.001397324
3/25/2023 9:30,11.955,0.001402604
3/25/2023 9:45,12.94,0.001518167
3/25/2023 10:00,12.37,0.001451293
3/25/2023 10:15,13.385,0.001570376
3/25/2023 10:30,11.505,0.001349808
3/25/2023 10:45,12.445,0.001460092
3/25/2023 11:00,16.745,0.001964584
3/25/2023 11:15,10.765,0.001262988
3/25/2023 11:30,11.32,0.001328103
3/25/2023 11:45,11.095,0.001301705
3/25/2023 12:00,10.735,0.001259469
3/25/2023 12:15,9.79,0.001148598
3/25/2023 12:30,9.79,0.001148598
3/25/2023 12:45,10.635,0.001247736
3/25/2023 13:00,10.08,0.001182622
3/25/2023 13:15,11.42,0.001339835
3/25/2023 13:30,10.45,0.001226032
3/25/2023 13:45,10.07,0.001181449
3/25/2023 14:00,10.085,0.001183208
3/25/2023 14:15,11.78,0.001382072
3/25/2023 14:30,12.38,0.001452466
3/25/2023 14:45,8.86,0.001039487
3/25/2023 15:00,9.755,0.001144492
3/25/2023 15:15,11.28,0.00132341
3/25/2023 15:30,11.56,0.001356261
3/25/2023 15:45,11.51,0.001350395
3/25/2023 16:00,10.05,0.001179102
3/25/2023 16:15,12.22,0.001433694
3/25/2023 16:30,9.115,0.001069405
3/25/2023 16:45,11.235,0.001318131
3/25/2023 17:00,11.985,0.001406123
3/25/2023 17:15,13.585,0.001593841
3/25/2023 17:30,20.64,0.002421559
3/25/2023 17:45,11.98,0.001405537
3/25/2023 18:00,14.23,0.001669515
3/25/2023 18:15,11.42,0.001339835
3/25/2023 18:30,15.905,0.001866032
3/25/2023 18:45,12.97,0.001521687
3/25/2023 19:00,13.65,0.001601467
3/25/2023 19:15,14.15,0.001660129
3/25/2023 19:30,12.235,0.001435454
3/25/2023 19:45,13,0.001525207
3/25/2023 20:00,10.69,0.001254189
3/25/2023 20:15,11.225,0.001316957
3/25/2023 20:30,12,0.001407883
3/25/2023 20:45,11.015,0.001292319
3/25/2023 21:00,13.385,0.001570376
3/25/2023 21:15,12.01,0.001409056
3/25/2023 21:30,12.775,0.001498809
3/25/2023 21:45,14.14,0.001658956
3/25/2023 22:00,11.97,0.001404363
3/25/2023 22:15,13.4,0.001572136
3/25/2023 22:30,12.33,0.0014466
3/25/2023 22:45,12.12,0.001421962
3/25/2023 23:00,46.955,0.005508929
3/25/2023 23:15,13.04,0.0015299
3/25/2023 23:30,10.525,0.001234831
3/25/2023 23:45,11.69,0.001371513
3/26/2023 0:00,11.9,0.001396151
3/26/2023 0:15,12.085,0.001417856
3/26/2023 0:30,12.12,0.001421962
3/26/2023 0:45,10.94,0.00128352
3/26/2023 1:00,10.11,0.001186142
3/26/2023 1:15,13.095,0.001536352
3/26/2023 1:30,9.71,0.001139212
3/26/2023 1:45,10.745,0.001260642
3/26/2023 2:00,9.89,0.00116033
3/26/2023 2:15,9.835,0.001153878
3/26/2023 2:30,10.095,0.001184382
3/26/2023 2:45,9.885,0.001159744
3/26/2023 3:00,10.895,0.001278241
3/26/2023 3:15,9.97,0.001169716
3/26/2023 3:30,8.04,0.000943282
3/26/2023 3:45,9.725,0.001140972
3/26/2023 4:00,10.98,0.001288213
3/26/2023 4:15,9.305,0.001091696
3/26/2023 4:30,9.47,0.001111054
3/26/2023 4:45,7.37,0.000864675
3/26/2023 5:00,9.32,0.001093456
3/26/2023 5:15,8.745,0.001025995
3/26/2023 5:30,9.085,0.001065885
3/26/2023 5:45,8.49,0.000996077
3/26/2023 6:00,8.73,0.001024235
3/26/2023 6:15,8.28,0.000971439
3/26/2023 6:30,8.195,0.000961467
3/26/2023 6:45,7.77,0.000911604
3/26/2023 7:00,7.97,0.000935069
3/26/2023 7:15,7.39,0.000867021
3/26/2023 7:30,7.385,0.000866435
3/26/2023 7:45,7.46,0.000875234
3/26/2023 8:00,7.72,0.000905738
3/26/2023 8:15,8.23,0.000965573
3/26/2023 8:30,7.985,0.000936829
3/26/2023 8:45,7.695,0.000902805
3/26/2023 9:00,7.39,0.000867021
3/26/2023 9:15,7.5,0.000879927
3/26/2023 9:30,8.035,0.000942695
3/26/2023 9:45,7.045,0.000826545
3/26/2023 10:00,6.85,0.000803667
3/26/2023 10:15,6.76,0.000793107
3/26/2023 10:30,7.515,0.000881687
3/26/2023 10:45,6.94,0.000814226
3/26/2023 11:00,6.58,0.000771989
3/26/2023 11:15,6.65,0.000780202
3/26/2023 11:30,6.335,0.000743245
3/26/2023 11:45,6.925,0.000812466
3/26/2023 12:00,6.755,0.000792521
3/26/2023 12:15,7,0.000821265
3/26/2023 12:30,8.035,0.000942695
3/26/2023 12:45,8.2,0.000962053
3/26/2023 13:00,6.855,0.000804253
3/26/2023 13:15,6.805,0.000798387
3/26/2023 13:30,8.485,0.000995491
3/26/2023 13:45,8.735,0.001024822
3/26/2023 14:00,7.225,0.000847663
3/26/2023 14:15,6.67,0.000782548
3/26/2023 14:30,7.96,0.000933896
3/26/2023 14:45,6.91,0.000810706
3/26/2023 15:00,7.45,0.000874061
3/26/2023 15:15,7.185,0.00084297
3/26/2023 15:30,9.18,0.001077031
3/26/2023 15:45,7.49,0.000878754
3/26/2023 16:00,9.025,0.001058845
3/26/2023 16:15,10.285,0.001206673
3/26/2023 16:30,10.82,0.001269441
3/26/2023 16:45,9.325,0.001094042
3/26/2023 17:00,10.55,0.001237764
3/26/2023 17:15,12.435,0.001458919
3/26/2023 17:30,12.01,0.001409056
3/26/2023 17:45,12.345,0.00144836
3/26/2023 18:00,10.6,0.00124363
3/26/2023 18:15,11.24,0.001318717
3/26/2023 18:30,13.05,0.001531073
3/26/2023 18:45,10.985,0.0012888
3/26/2023 19:00,11.63,0.001364473
3/26/2023 19:15,11.6,0.001360954
3/26/2023 19:30,11.72,0.001375032
3/26/2023 19:45,11.89,0.001394977
3/26/2023 20:00,10.075,0.001182035
3/26/2023 20:15,8.025,0.000941522
3/26/2023 20:30,10.185,0.001194941
3/26/2023 20:45,11.02,0.001292906
3/26/2023 21:00,12.68,0.001487663
3/26/2023 21:15,10.255,0.001203153
3/26/2023 21:30,10.57,0.00124011
3/26/2023 21:45,12.07,0.001416096
3/26/2023 22:00,10.6,0.00124363
3/26/2023 22:15,10.965,0.001286453
3/26/2023 22:30,9.11,0.001068818
3/26/2023 22:45,8.345,0.000979065
3/26/2023 23:00,11.775,0.001381485
3/26/2023 23:15,8.875,0.001041247
3/26/2023 23:30,9.01,0.001057086
3/26/2023 23:45,9.495,0.001113987
3/27/2023 0:00,8.015,0.000940349
3/27/2023 0:15,7.795,0.000914537
3/27/2023 0:30,8.675,0.001017782
3/27/2023 0:45,8.22,0.0009644
3/27/2023 1:00,8.83,0.001035967
3/27/2023 1:15,7.495,0.00087934
3/27/2023 1:30,7.855,0.000921577
3/27/2023 1:45,7.48,0.00087758
3/27/2023 2:00,8.18,0.000959707
3/27/2023 2:15,8.325,0.000976719
3/27/2023 2:30,8.725,0.001023648
3/27/2023 2:45,7.935,0.000930963
3/27/2023 3:00,7.34,0.000861155
3/27/2023 3:15,6.775,0.000794867
3/27/2023 3:30,7.2,0.00084473
3/27/2023 3:45,7.07,0.000829478
3/27/2023 4:00,6.835,0.000801907
3/27/2023 4:15,6.12,0.00071802
3/27/2023 4:30,6.2,0.000727406
3/27/2023 4:45,6.81,0.000798974
3/27/2023 5:00,7.245,0.000850009
3/27/2023 5:15,6.66,0.000781375
3/27/2023 5:30,7.55,0.000885793
3/27/2023 5:45,7.275,0.000853529
3/27/2023 6:00,7.25,0.000850596
3/27/2023 6:15,7.905,0.000927443
3/27/2023 6:30,8.33,0.000977306
3/27/2023 6:45,8.365,0.000981412
3/27/2023 7:00,7.54,0.00088462
3/27/2023 7:15,7.53,0.000883447
3/27/2023 7:30,7.595,0.000891073
3/27/2023 7:45,6.875,0.0008066
3/27/2023 8:00,7.135,0.000837104
3/27/2023 8:15,6.6,0.000774336
3/27/2023 8:30,6.475,0.00075967
3/27/2023 8:45,6.515,0.000764363
3/27/2023 9:00,6.31,0.000740312
3/27/2023 9:15,6.145,0.000720953
3/27/2023 9:30,6.45,0.000756737
3/27/2023 9:45,6.32,0.000741485
3/27/2023 10:00,7.485,0.000878167
3/27/2023 10:15,6.09,0.000714501
3/27/2023 10:30,6.895,0.000808946
3/27/2023 10:45,6.2,0.000727406
3/27/2023 11:00,6.675,0.000783135
3/27/2023 11:15,6.485,0.000760843
3/27/2023 11:30,6.95,0.000815399
3/27/2023 11:45,6.125,0.000718607
3/27/2023 12:00,6.235,0.000731513
3/27/2023 12:15,6.25,0.000733272
3/27/2023 12:30,5.73,0.000672264
3/27/2023 12:45,5.505,0.000645866
3/27/2023 13:00,5.565,0.000652906
3/27/2023 13:15,5.285,0.000620055
3/27/2023 13:30,5.54,0.000649973
3/27/2023 13:45,5.82,0.000682823
3/27/2023 14:00,5.74,0.000673437
3/27/2023 14:15,6.43,0.000754391
3/27/2023 14:30,6.36,0.000746178
3/27/2023 14:45,6.685,0.000784308
3/27/2023 15:00,7.175,0.000841797
3/27/2023 15:15,7.415,0.000869954
3/27/2023 15:30,7.415,0.000869954
3/27/2023 15:45,7.205,0.000845316
3/27/2023 16:00,8.545,0.00100253
3/27/2023 16:15,9.005,0.001056499
3/27/2023 16:30,13.565,0.001591495
3/27/2023 16:45,20.17,0.002366417
3/27/2023 17:00,23.225,0.00272484
3/27/2023 17:15,20.885,0.002450303
3/27/2023 17:30,21.715,0.002547682
3/27/2023 17:45,13.575,0.001592668
3/27/2023 18:00,12.16,0.001426655
3/27/2023 18:15,12.655,0.00148473
3/27/2023 18:30,12.935,0.001517581
3/27/2023 18:45,12.885,0.001511714
3/27/2023 19:00,11.45,0.001343355
3/27/2023 19:15,11.825,0.001387351
3/27/2023 19:30,12.57,0.001474758
3/27/2023 19:45,11.76,0.001379725
3/27/2023 20:00,13.915,0.001632558
3/27/2023 20:15,18.495,0.0021699
3/27/2023 20:30,18.535,0.002174593
3/27/2023 20:45,15.4,0.001806783
3/27/2023 21:00,13.435,0.001576242
3/27/2023 21:15,11.4,0.001337489
3/27/2023 21:30,10.865,0.001274721
3/27/2023 21:45,10.47,0.001228378
3/27/2023 22:00,9.175,0.001076444
3/27/2023 22:15,10.51,0.001233071
3/27/2023 22:30,9.86,0.001156811
3/27/2023 22:45,10.965,0.001286453
3/27/2023 23:00,12.11,0.001420789
3/27/2023 23:15,12.69,0.001488836
3/27/2023 23:30,11,0.001290559
3/27/2023 23:45,10.385,0.001218405
3/28/2023 0:00,9.84,0.001154464
3/28/2023 0:15,9.41,0.001104015
3/28/2023 0:30,8.5,0.000997251
3/28/2023 0:45,8.24,0.000966746
3/28/2023 1:00,9.42,0.001105188
3/28/2023 1:15,7.92,0.000929203
3/28/2023 1:30,8.02,0.000940935
3/28/2023 1:45,8.215,0.000963813
3/28/2023 2:00,7.68,0.000901045
3/28/2023 2:15,8.35,0.000979652
3/28/2023 2:30,7.225,0.000847663
3/28/2023 2:45,7.1,0.000832997
3/28/2023 3:00,6.66,0.000781375
3/28/2023 3:15,6.63,0.000777855
3/28/2023 3:30,7.775,0.000912191
3/28/2023 3:45,6.76,0.000793107
3/28/2023 4:00,8.68,0.001018369
3/28/2023 4:15,8.16,0.000957361
3/28/2023 4:30,8.895,0.001043593
3/28/2023 4:45,9.44,0.001107535
3/28/2023 5:00,30.53,0.003581889
3/28/2023 5:15,71.095,0.008341121
3/28/2023 5:30,33.07,0.003879891
3/28/2023 5:45,24.775,0.002906692
3/28/2023 6:00,40.56,0.004758645
3/28/2023 6:15,32.62,0.003827096
3/28/2023 6:30,28.62,0.003357801
3/28/2023 6:45,34.73,0.004074648
3/28/2023 7:00,33.96,0.003984309
3/28/2023 7:15,31.085,0.003647004
3/28/2023 7:30,27.68,0.003247517
3/28/2023 7:45,19.39,0.002274904
3/28/2023 8:00,6.025,0.000706875
3/28/2023 8:15,5.64,0.000661705
3/28/2023 8:30,5.74,0.000673437
3/28/2023 8:45,6.095,0.000715087
3/28/2023 9:00,6.375,0.000747938
3/28/2023 9:15,6.69,0.000784895
3/28/2023 9:30,6.31,0.000740312
3/28/2023 9:45,6.315,0.000740898
3/28/2023 10:00,6.205,0.000727993
3/28/2023 10:15,6.09,0.000714501
3/28/2023 10:30,6.2,0.000727406
3/28/2023 10:45,6.29,0.000737965
3/28/2023 11:00,6.375,0.000747938
3/28/2023 11:15,6.475,0.00075967
3/28/2023 11:30,6.94,0.000814226
3/28/2023 11:45,8.475,0.000994317
3/28/2023 12:00,8.755,0.001027168
3/28/2023 12:15,8.735,0.001024822
3/28/2023 12:30,8.475,0.000994317
3/28/2023 12:45,7.8,0.000915124
3/28/2023 13:00,8.37,0.000981998
3/28/2023 13:15,7.295,0.000855876
3/28/2023 13:30,7.5,0.000879927
3/28/2023 13:45,6.945,0.000814812
3/28/2023 14:00,8.035,0.000942695
3/28/2023 14:15,6.02,0.000706288
3/28/2023 14:30,6.66,0.000781375
3/28/2023 14:45,7.115,0.000834757
3/28/2023 15:00,6.42,0.000753217
3/28/2023 15:15,7.485,0.000878167
3/28/2023 15:30,8.4,0.000985518
3/28/2023 15:45,10.235,0.001200807
3/28/2023 16:00,10.535,0.001236004
3/28/2023 16:15,9.105,0.001068231
3/28/2023 16:30,13.21,0.001549845
3/28/2023 16:45,17.36,0.002036738
3/28/2023 17:00,15.34,0.001799744
3/28/2023 17:15,18.84,0.002210376
3/28/2023 17:30,18.89,0.002216243
3/28/2023 17:45,22.39,0.002626875
3/28/2023 18:00,26.72,0.003134886
3/28/2023 18:15,29.53,0.003464566
3/28/2023 18:30,25.04,0.002937783
3/28/2023 18:45,24.28,0.002848617
3/28/2023 19:00,33.55,0.003936206
3/28/2023 19:15,42.12,0.00494167
3/28/2023 19:30,49.805,0.005843301
3/28/2023 19:45,53.745,0.006305556
3/28/2023 20:00,49.475,0.005804585
3/28/2023 20:15,38.98,0.004573274
3/28/2023 20:30,32.495,0.00381243
3/28/2023 20:45,27.575,0.003235198
3/28/2023 21:00,24.65,0.002892027
3/28/2023 21:15,22.795,0.002674391
3/28/2023 21:30,22.035,0.002585225
3/28/2023 21:45,21.135,0.002479634
3/28/2023 22:00,19.42,0.002278424
3/28/2023 22:15,18.105,0.002124144
3/28/2023 22:30,17.855,0.002094813
3/28/2023 22:45,15.015,0.001761614
3/28/2023 23:00,13.915,0.001632558
3/28/2023 23:15,13.385,0.001570376
3/28/2023 23:30,12.025,0.001410816
3/28/2023 23:45,11.84,0.001389111
3/29/2023 0:00,11.38,0.001335142
3/29/2023 0:15,11.05,0.001296426
3/29/2023 0:30,10.34,0.001213126
3/29/2023 0:45,11.09,0.001301119
3/29/2023 1:00,10.265,0.001204327
3/29/2023 1:15,10.13,0.001188488
3/29/2023 1:30,9.47,0.001111054
3/29/2023 1:45,9.025,0.001058845
3/29/2023 2:00,8.935,0.001048286
3/29/2023 2:15,8.84,0.001037141
3/29/2023 2:30,8.715,0.001022475
3/29/2023 2:45,8.25,0.00096792
3/29/2023 3:00,8.015,0.000940349
3/29/2023 3:15,8.43,0.000989038
3/29/2023 3:30,7.775,0.000912191
3/29/2023 3:45,7.965,0.000934482
3/29/2023 4:00,7.54,0.00088462
3/29/2023 4:15,7.505,0.000880514
3/29/2023 4:30,7.3,0.000856462
3/29/2023 4:45,6.81,0.000798974
3/29/2023 5:00,6.97,0.000817745
3/29/2023 5:15,7.095,0.000832411
3/29/2023 5:30,6.785,0.000796041
3/29/2023 5:45,6.54,0.000767296
3/29/2023 6:00,6.25,0.000733272
3/29/2023 6:15,6.245,0.000732686
3/29/2023 6:30,6.435,0.000754977
3/29/2023 6:45,6.39,0.000749698
3/29/2023 7:00,6.45,0.000756737
3/29/2023 7:15,6.205,0.000727993
3/29/2023 7:30,6.105,0.000716261
3/29/2023 7:45,5.98,0.000701595
3/29/2023 8:00,7.095,0.000832411
3/29/2023 8:15,5.73,0.000672264
3/29/2023 8:30,5.94,0.000696902
3/29/2023 8:45,5.745,0.000674024
3/29/2023 9:00,5.45,0.000639414
3/29/2023 9:15,5.32,0.000624162
3/29/2023 9:30,5.34,0.000626508
3/29/2023 9:45,5.22,0.000612429
3/29/2023 10:00,5.43,0.000637067
3/29/2023 10:15,5.5,0.00064528
3/29/2023 10:30,5.09,0.000597177
3/29/2023 10:45,5.15,0.000604216
3/29/2023 11:00,5.555,0.000651733
3/29/2023 11:15,5.43,0.000637067
3/29/2023 11:30,5.345,0.000627095
3/29/2023 11:45,5.485,0.00064352
3/29/2023 12:00,5.28,0.000619469
3/29/2023 12:15,6.81,0.000798974
3/29/2023 12:30,5.45,0.000639414
3/29/2023 12:45,5.53,0.000648799
3/29/2023 13:00,5.195,0.000609496
3/29/2023 13:15,4.82,0.0005655
3/29/2023 13:30,5.045,0.000591898
3/29/2023 13:45,4.88,0.000572539
3/29/2023 14:00,6.04,0.000708634
3/29/2023 14:15,4.975,0.000583685
3/29/2023 14:30,5.62,0.000659359
3/29/2023 14:45,5.235,0.000614189
3/29/2023 15:00,4.925,0.000577819
3/29/2023 15:15,5.41,0.000634721
3/29/2023 15:30,5.635,0.000661118
3/29/2023 15:45,6.015,0.000705701
3/29/2023 16:00,6.49,0.00076143
3/29/2023 16:15,6.68,0.000783722
3/29/2023 16:30,6.73,0.000789588
3/29/2023 16:45,9.65,0.001132173
3/29/2023 17:00,10.545,0.001237177
3/29/2023 17:15,9.395,0.001102255
3/29/2023 17:30,9.96,0.001168543
3/29/2023 17:45,11.39,0.001336316
3/29/2023 18:00,11.925,0.001399084
3/29/2023 18:15,13.375,0.001569203
3/29/2023 18:30,13.16,0.001543978
3/29/2023 18:45,13.565,0.001591495
3/29/2023 19:00,13.615,0.001597361
3/29/2023 19:15,12.725,0.001492943
3/29/2023 19:30,12,0.001407883
3/29/2023 19:45,9.73,0.001141559
3/29/2023 20:00,9.235,0.001083483
3/29/2023 20:15,9.215,0.001081137
3/29/2023 20:30,9.99,0.001172063
3/29/2023 20:45,9.97,0.001169716
3/29/2023 21:00,8.99,0.001054739
3/29/2023 21:15,8.885,0.00104242
3/29/2023 21:30,8.79,0.001031274
3/29/2023 21:45,8.83,0.001035967
3/29/2023 22:00,9.315,0.001092869
3/29/2023 22:15,10.38,0.001217819
3/29/2023 22:30,10.2,0.001196701
3/29/2023 22:45,9.64,0.001130999
3/29/2023 23:00,9.075,0.001064712
3/29/2023 23:15,8.705,0.001021302
3/29/2023 23:30,11.39,0.001336316
3/29/2023 23:45,11.245,0.001319304
3/30/2023 0:00,10.48,0.001229551
3/30/2023 0:15,10.355,0.001214886
3/30/2023 0:30,9.335,0.001095216
3/30/2023 0:45,10.59,0.001242457
3/30/2023 1:00,10.725,0.001258296
3/30/2023 1:15,12.925,0.001516407
3/30/2023 1:30,10.225,0.001199634
3/30/2023 1:45,13.27,0.001556884
3/30/2023 2:00,13.1,0.001536939
3/30/2023 2:15,13.285,0.001558644
3/30/2023 2:30,10.25,0.001202567
3/30/2023 2:45,12.375,0.001451879
3/30/2023 3:00,13.33,0.001563923
3/30/2023 3:15,11.98,0.001405537
3/30/2023 3:30,13.095,0.001536352
3/30/2023 3:45,11.145,0.001307571
3/30/2023 4:00,12.98,0.00152286
3/30/2023 4:15,11.28,0.00132341
3/30/2023 4:30,12.065,0.001415509
3/30/2023 4:45,12.2,0.001431348
3/30/2023 5:00,11.58,0.001358607
3/30/2023 5:15,11.565,0.001356847
3/30/2023 5:30,12.8,0.001501742
3/30/2023 5:45,10.82,0.001269441
3/30/2023 6:00,11.15,0.001308158
3/30/2023 6:15,9.27,0.00108759
3/30/2023 6:30,12.725,0.001492943
3/30/2023 6:45,11.85,0.001390285
3/30/2023 7:00,11.73,0.001376206
3/30/2023 7:15,12.445,0.001460092
3/30/2023 7:30,11.975,0.00140495
3/30/2023 7:45,10.835,0.001271201
3/30/2023 8:00,10.455,0.001226618
3/30/2023 8:15,10.365,0.001216059
3/30/2023 8:30,12.245,0.001436627
3/30/2023 8:45,9.11,0.001068818
3/30/2023 9:00,9.27,0.00108759
3/30/2023 9:15,10.875,0.001275894
3/30/2023 9:30,11.81,0.001385592
3/30/2023 9:45,8.77,0.001028928
3/30/2023 10:00,10.59,0.001242457
3/30/2023 10:15,12.385,0.001453053
3/30/2023 10:30,12.63,0.001481797
3/30/2023 10:45,9.22,0.001081724
3/30/2023 11:00,9.205,0.001079964
3/30/2023 11:15,10.04,0.001177929
3/30/2023 11:30,10.115,0.001186728
3/30/2023 11:45,11.82,0.001386765
3/30/2023 12:00,12.435,0.001458919
3/30/2023 12:15,9.215,0.001081137
3/30/2023 12:30,10.985,0.0012888
3/30/2023 12:45,11.765,0.001380312
3/30/2023 13:00,11.69,0.001371513
3/30/2023 13:15,10.515,0.001233658
3/30/2023 13:30,12.44,0.001459505
3/30/2023 13:45,12.515,0.001468305
3/30/2023 14:00,13.07,0.001533419
3/30/2023 14:15,10.4,0.001220165
3/30/2023 14:30,10.42,0.001222512
3/30/2023 14:45,10.49,0.001230724
3/30/2023 15:00,10.72,0.001257709
3/30/2023 15:15,11.565,0.001356847
3/30/2023 15:30,10.37,0.001216646
3/30/2023 15:45,10.505,0.001232484
3/30/2023 16:00,11.67,0.001369166
3/30/2023 16:15,9.995,0.001172649
3/30/2023 16:30,10.61,0.001244803
3/30/2023 16:45,9.255,0.00108583
3/30/2023 17:00,8.77,0.001028928
3/30/2023 17:15,11.525,0.001352154
3/30/2023 17:30,21.165,0.002483154
3/30/2023 17:45,9.54,0.001119267
3/30/2023 18:00,11.79,0.001383245
3/30/2023 18:15,45.73,0.005365208
3/30/2023 18:30,32.33,0.003793072
3/30/2023 18:45,26.025,0.003053346
3/30/2023 19:00,10.925,0.00128176
3/30/2023 19:15,11.685,0.001370926
3/30/2023 19:30,12.795,0.001501155
3/30/2023 19:45,10.6,0.00124363
3/30/2023 20:00,7.535,0.000884033
3/30/2023 20:15,12.51,0.001467718
3/30/2023 20:30,10.595,0.001243043
3/30/2023 20:45,9.94,0.001166196
3/30/2023 21:00,11.09,0.001301119
3/30/2023 21:15,10.935,0.001282933
3/30/2023 21:30,9.63,0.001129826
3/30/2023 21:45,12.305,0.001443667
3/30/2023 22:00,11.975,0.00140495
3/30/2023 22:15,11.06,0.001297599
3/30/2023 22:30,12.765,0.001497636
3/30/2023 22:45,17.15,0.0020121
3/30/2023 23:00,11.585,0.001359194
3/30/2023 23:15,14.4,0.00168946
3/30/2023 23:30,14.23,0.001669515
3/30/2023 23:45,12.805,0.001502329
3/31/2023 0:00,18.58,0.002179872
3/31/2023 0:15,21.625,0.002537123
3/31/2023 0:30,14.28,0.001675381
3/31/2023 0:45,13.52,0.001586215
3/31/2023 1:00,20.56,0.002412173
3/31/2023 1:15,20.03,0.002349992
3/31/2023 1:30,18.745,0.002199231
3/31/2023 1:45,17.62,0.002067242
3/31/2023 2:00,15.3,0.001795051
3/31/2023 2:15,15.79,0.001852539
3/31/2023 2:30,17.48,0.002050816
3/31/2023 2:45,23.805,0.002792888
3/31/2023 3:00,29.685,0.003482751
3/31/2023 3:15,22.225,0.002607517
3/31/2023 3:30,16.635,0.001951678
3/31/2023 3:45,28.46,0.003339029
3/31/2023 4:00,16.51,0.001937012
3/31/2023 4:15,15.615,0.001832008
3/31/2023 4:30,22.09,0.002591678
3/31/2023 4:45,17.795,0.002087773
3/31/2023 5:00,15.005,0.00176044
3/31/2023 5:15,15.425,0.001809716
3/31/2023 5:30,15.5,0.001818516
3/31/2023 5:45,24.155,0.002833951
3/31/2023 6:00,13.54,0.001588561
3/31/2023 6:15,15.85,0.001859579
3/31/2023 6:30,19.655,0.002305995
3/31/2023 6:45,14.585,0.001711165
3/31/2023 7:00,30.94,0.003629992
3/31/2023 7:15,15.975,0.001874244
3/31/2023 7:30,13.5,0.001583868
3/31/2023 7:45,15.815,0.001855473
3/31/2023 8:00,13.75,0.001613199
3/31/2023 8:15,16.455,0.00193056
3/31/2023 8:30,13.695,0.001606747
3/31/2023 8:45,13.95,0.001636664
3/31/2023 9:00,28.95,0.003396518
3/31/2023 9:15,13.155,0.001543392
3/31/2023 9:30,13.275,0.001557471
3/31/2023 9:45,15.64,0.001834941
3/31/2023 10:00,15.19,0.001782145
3/31/2023 10:15,11.34,0.00133045
3/31/2023 10:30,17.27,0.002026178
3/31/2023 10:45,11.19,0.001312851
3/31/2023 11:00,11.77,0.001380899
3/31/2023 11:15,22.9,0.00268671
3/31/2023 11:30,11.995,0.001407296
3/31/2023 11:45,21.28,0.002496646
3/31/2023 12:00,12.385,0.001453053
3/31/2023 12:15,12.77,0.001498222
3/31/2023 12:30,14.965,0.001755748
3/31/2023 12:45,12.13,0.001423135
3/31/2023 13:00,12.03,0.001411403
3/31/2023 13:15,12.555,0.001472998
3/31/2023 13:30,12.15,0.001425482
3/31/2023 13:45,11.315,0.001327516
3/31/2023 14:00,2.07,0.00024286
3/31/2023 15:45,17.29,0.002028525
3/31/2023 16:00,12.28,0.001440734
3/31/2023 16:15,18.82,0.00220803
3/31/2023 16:30,12.09,0.001418442
3/31/2023 16:45,11.05,0.001296426
3/31/2023 17:00,20.85,0.002446197
3/31/2023 17:15,13.47,0.001580349
3/31/2023 17:30,11.32,0.001328103
3/31/2023 17:45,14.475,0.001698259
3/31/2023 18:00,15.875,0.001862512
3/31/2023 18:15,12.655,0.00148473
3/31/2023 18:30,11.765,0.001380312
3/31/2023 18:45,12.935,0.001517581
3/31/2023 19:00,14.365,0.001685353
3/31/2023 19:15,12.095,0.001419029
3/31/2023 19:30,16.8,0.001971036
3/31/2023 19:45,11.16,0.001309331
3/31/2023 20:00,33.33,0.003910395
3/31/2023 20:15,12.83,0.001505262
3/31/2023 20:30,15.735,0.001846087
3/31/2023 20:45,12.23,0.001434868
3/31/2023 21:00,11.65,0.00136682
3/31/2023 21:15,14.34,0.00168242
3/31/2023 21:30,12.07,0.001416096
3/31/2023 21:45,17.12,0.00200858
3/31/2023 22:00,11.895,0.001395564
3/31/2023 22:15,14.275,0.001674794
3/31/2023 22:30,47.675,0.005593402
3/31/2023 22:45,12.45,0.001460679
3/31/2023 23:00,11.42,0.001339835
3/31/2023 23:15,10.335,0.001212539
3/31/2023 23:30,19.375,0.002273145
3/31/2023 23:45,11.745,0.001377966
4/1/2023 0:00,14.72,0.001727003
4/1/2023 0:15,11.125,0.001305225
4/1/2023 0:30,12.89,0.001512301
4/1/2023 0:45,33.88,0.003974923
4/1/2023 1:00,17.48,0.002050816
4/1/2023 1:15,11.345,0.001331036
4/1/2023 1:30,9.755,0.001144492
4/1/2023 1:45,10.345,0.001213713
4/1/2023 2:00,24.625,0.002889093
4/1/2023 2:15,9.68,0.001135692
4/1/2023 2:30,15.875,0.001862512
4/1/2023 2:45,11.425,0.001340422
4/1/2023 3:00,13.84,0.001623758
4/1/2023 3:15,13.17,0.001545152
4/1/2023 3:30,9.86,0.001156811
4/1/2023 3:45,13.875,0.001627865
4/1/2023 4:00,17.06,0.00200154
4/1/2023 4:15,18.915,0.002219176
4/1/2023 4:30,25.605,0.003004071
4/1/2023 4:45,10.81,0.001268268
4/1/2023 5:00,10.085,0.001183208
4/1/2023 5:15,14.345,0.001683007
4/1/2023 5:30,11.57,0.001357434
4/1/2023 5:45,12.355,0.001449533
4/1/2023 6:00,12.035,0.001411989
4/1/2023 6:15,13.24,0.001553364
4/1/2023 6:30,11.095,0.001301705
4/1/2023 6:45,12.6,0.001478277
4/1/2023 7:00,8.645,0.001014262
4/1/2023 7:15,15.77,0.001850193
4/1/2023 7:30,12.26,0.001438387
4/1/2023 7:45,11.29,0.001324583
4/1/2023 8:00,12.085,0.001417856
4/1/2023 8:15,13.08,0.001534593
4/1/2023 8:30,9.005,0.001056499
4/1/2023 8:45,12.69,0.001488836
4/1/2023 9:00,12.975,0.001522274
4/1/2023 9:15,9.38,0.001100495
4/1/2023 9:30,11.71,0.001373859
4/1/2023 9:45,8.64,0.001013676
4/1/2023 10:00,11.525,0.001352154
4/1/2023 10:15,12.67,0.00148649
4/1/2023 10:30,12.86,0.001508781
4/1/2023 10:45,9.745,0.001143318
4/1/2023 11:00,10.7,0.001255362
4/1/2023 11:15,28.055,0.003291513
4/1/2023 11:30,13.075,0.001534006
4/1/2023 11:45,13.285,0.001558644
4/1/2023 12:00,12.165,0.001427241
4/1/2023 12:15,12.04,0.001412576
4/1/2023 12:30,18.455,0.002165207
4/1/2023 12:45,12.065,0.001415509
4/1/2023 13:00,12.525,0.001469478
4/1/2023 13:15,10.55,0.001237764
4/1/2023 13:30,11.66,0.001367993
4/1/2023 13:45,10.78,0.001264748
4/1/2023 14:00,10.525,0.001234831
4/1/2023 14:15,10.45,0.001226032
4/1/2023 14:30,12.495,0.001465958
4/1/2023 14:45,13.17,0.001545152
4/1/2023 15:00,10.07,0.001181449
4/1/2023 15:15,10.2,0.001196701
4/1/2023 15:30,10.635,0.001247736
4/1/2023 15:45,11.5,0.001349221
4/1/2023 16:00,10.84,0.001271788
4/1/2023 16:15,9.675,0.001135106
4/1/2023 16:30,10.825,0.001270028
4/1/2023 16:45,13.845,0.001624345
4/1/2023 17:00,12.575,0.001475344
4/1/2023 17:15,10.09,0.001183795
4/1/2023 17:30,11.53,0.001352741
4/1/2023 17:45,11.885,0.001394391
4/1/2023 18:00,31.25,0.003666362
4/1/2023 18:15,13.685,0.001605573
4/1/2023 18:30,11.58,0.001358607
4/1/2023 18:45,13.725,0.001610266
4/1/2023 19:00,9.715,0.001139799
4/1/2023 19:15,9.95,0.00116737
4/1/2023 19:30,8.785,0.001030688
4/1/2023 19:45,10.83,0.001270614
4/1/2023 20:00,11.135,0.001306398
4/1/2023 20:15,9.155,0.001074097
4/1/2023 20:30,12.2,0.001431348
4/1/2023 20:45,8.46,0.000992558
4/1/2023 21:00,12.16,0.001426655
4/1/2023 21:15,13.575,0.001592668
4/1/2023 21:30,13.075,0.001534006
4/1/2023 21:45,9.515,0.001116334
4/1/2023 22:00,8.645,0.001014262
4/1/2023 22:15,10.18,0.001194354
4/1/2023 22:30,9.14,0.001072338
4/1/2023 22:45,13.89,0.001629625
4/1/2023 23:00,11.735,0.001376792
4/1/2023 23:15,13.65,0.001601467
4/1/2023 23:30,21.225,0.002490193
4/1/2023 23:45,11.29,0.001324583
4/2/2023 0:00,13.03,0.001528726
4/2/2023 0:15,16.18,0.001898296
4/2/2023 0:30,9.385,0.001101082
4/2/2023 0:45,15.755,0.001848433
4/2/2023 1:00,11.045,0.001295839
4/2/2023 1:15,12.135,0.001423722
4/2/2023 1:30,32.485,0.003811257
4/2/2023 1:45,12.255,0.001437801
4/2/2023 2:00,14.695,0.00172407
4/2/2023 2:15,28.025,0.003287994
4/2/2023 2:30,15.255,0.001789771
4/2/2023 2:45,16.89,0.001981595
4/2/2023 3:00,13.13,0.001540459
4/2/2023 3:15,12.15,0.001425482
4/2/2023 3:30,27.835,0.003265702
4/2/2023 3:45,13.81,0.001620239
4/2/2023 4:00,25.94,0.003043374
4/2/2023 4:15,13.27,0.001556884
4/2/2023 4:30,25.73,0.003018736
4/2/2023 4:45,17.29,0.002028525
4/2/2023 5:00,19.44,0.002280771
4/2/2023 5:15,14.86,0.001743429
4/2/2023 5:30,29.795,0.003495656
4/2/2023 5:45,13.3,0.001560404
4/2/2023 6:00,30.015,0.003521468
4/2/2023 6:15,28.57,0.003351935
4/2/2023 6:30,13.15,0.001542805
4/2/2023 6:45,12.42,0.001457159
4/2/2023 7:00,15.7,0.00184198
4/2/2023 7:15,20.915,0.002453823
4/2/2023 7:30,12.365,0.001450706
4/2/2023 7:45,13.64,0.001600294
4/2/2023 8:00,19.075,0.002237947
4/2/2023 8:15,19.26,0.002259652
4/2/2023 8:30,14.645,0.001718204
4/2/2023 8:45,12.365,0.001450706
4/2/2023 9:00,10.755,0.001261815
4/2/2023 9:15,17.785,0.0020866
4/2/2023 9:30,15.25,0.001789185
4/2/2023 9:45,11.735,0.001376792
4/2/2023 10:00,10.34,0.001213126
4/2/2023 10:15,16.69,0.001958131
4/2/2023 10:30,11.97,0.001404363
4/2/2023 10:45,12.465,0.001462439
4/2/2023 11:00,12.455,0.001461265
4/2/2023 11:15,9.795,0.001149185
4/2/2023 11:30,17.915,0.002101852
4/2/2023 11:45,11.65,0.00136682
4/2/2023 12:00,9.255,0.00108583
4/2/2023 12:15,10.79,0.001265922
4/2/2023 12:30,11.35,0.001331623
4/2/2023 12:45,18.685,0.002192191
4/2/2023 13:00,9.84,0.001154464
4/2/2023 13:15,12.78,0.001499395
4/2/2023 13:30,10.705,0.001255949
4/2/2023 13:45,10.345,0.001213713
4/2/2023 14:00,21.675,0.002542989
4/2/2023 14:15,13.65,0.001601467
4/2/2023 14:30,11.77,0.001380899
4/2/2023 14:45,12.755,0.001496462
4/2/2023 15:00,16.465,0.001931733
4/2/2023 15:15,18.995,0.002228562
4/2/2023 15:30,17.955,0.002106545
4/2/2023 15:45,42.245,0.004956335
4/2/2023 16:00,14.77,0.001732869
4/2/2023 16:15,10.995,0.001289973
4/2/2023 16:30,12.5,0.001466545
4/2/2023 16:45,12.27,0.00143956
4/2/2023 17:00,13.98,0.001640184
4/2/2023 17:15,11.55,0.001355087
4/2/2023 17:30,11.405,0.001338076
4/2/2023 17:45,10.93,0.001282347
4/2/2023 18:00,31.95,0.003748489
4/2/2023 18:15,13.695,0.001606747
4/2/2023 18:30,9.36,0.001098149
4/2/2023 18:45,13.37,0.001568616
4/2/2023 19:00,10.51,0.001233071
4/2/2023 19:15,15.33,0.001798571
4/2/2023 19:30,19.975,0.002343539
4/2/2023 19:45,11.345,0.001331036
4/2/2023 20:00,10.745,0.001260642
4/2/2023 20:15,34.015,0.003990762
4/2/2023 20:30,13.4,0.001572136
4/2/2023 20:45,33.115,0.003885171
4/2/2023 21:00,10.625,0.001246563
4/2/2023 21:15,17.205,0.002018552
4/2/2023 21:30,41.265,0.004841358
4/2/2023 21:45,34.27,0.004020679
4/2/2023 22:00,11.64,0.001365647
4/2/2023 22:15,14.66,0.001719964
4/2/2023 22:30,16.53,0.001939359
4/2/2023 22:45,18.2,0.002135289
4/2/2023 23:00,21.5,0.002522457
4/2/2023 23:15,29.15,0.003419983
4/2/2023 23:30,24.79,0.002908452
4/2/2023 23:45,18.52,0.002172833
4/3/2023 0:00,17.825,0.002091293
4/3/2023 0:15,39.34,0.00461551
4/3/2023 0:30,35.56,0.004172027
4/3/2023 0:45,45.64,0.005354649
4/3/2023 1:00,34.2,0.004012467
4/3/2023 1:15,26.675,0.003129607
4/3/2023 1:30,45.345,0.005320038
4/3/2023 1:45,27.805,0.003262182
4/3/2023 2:00,32.485,0.003811257
4/3/2023 2:15,24.75,0.002903759
4/3/2023 2:30,24.355,0.002857416
4/3/2023 2:45,45.6,0.005349956
4/3/2023 3:00,29.215,0.003427609
4/3/2023 3:15,24.95,0.002927224
4/3/2023 3:30,27.615,0.003239891
4/3/2023 3:45,23.77,0.002788782
4/3/2023 4:00,22.875,0.002683777
4/3/2023 4:15,24.49,0.002873255
4/3/2023 4:30,39.23,0.004602604
4/3/2023 4:45,28.495,0.003343136
4/3/2023 5:00,22.065,0.002588745
4/3/2023 5:15,27.485,0.003224639
4/3/2023 5:30,22.945,0.00269199
4/3/2023 5:45,105.01,0.01232015
4/3/2023 6:00,45.725,0.005364621
4/3/2023 6:15,24.465,0.002870322
4/3/2023 6:30,44.1,0.00517397
4/3/2023 6:45,27.425,0.003217599
4/3/2023 7:00,22.095,0.002592265
4/3/2023 7:15,26.165,0.003069772
4/3/2023 7:30,32.605,0.003825336
4/3/2023 7:45,26.845,0.003149552
4/3/2023 8:00,45.16,0.005298333
4/3/2023 8:15,26.125,0.003065079
4/3/2023 8:30,35.87,0.004208397
4/3/2023 8:45,32.635,0.003828855
4/3/2023 9:00,35.62,0.004179066
4/3/2023 9:15,30.635,0.003594208
4/3/2023 9:30,21.335,0.002503099
4/3/2023 9:45,19.36,0.002271385
4/3/2023 10:00,18.81,0.002206857
4/3/2023 10:15,27.84,0.003266289
4/3/2023 10:30,26.29,0.003084437
4/3/2023 10:45,17.545,0.002058442
4/3/2023 11:00,88.075,0.010333275
4/3/2023 11:15,26.17,0.003070358
4/3/2023 11:30,17.705,0.002077214
4/3/2023 11:45,19.395,0.002275491
4/3/2023 12:00,28.725,0.00337012
4/3/2023 12:15,22.68,0.002660899
4/3/2023 12:30,15.26,0.001790358
4/3/2023 12:45,21.18,0.002484914
4/3/2023 13:00,22.435,0.002632155
4/3/2023 13:15,24.25,0.002845097
4/3/2023 13:30,27.78,0.003259249
4/3/2023 13:45,22.445,0.002633328
4/3/2023 14:00,86.695,0.010171369
4/3/2023 14:15,22.595,0.002650927
4/3/2023 14:30,15.28,0.001792704
4/3/2023 14:45,33.8,0.003965537
4/3/2023 15:00,139.52,0.016368987
4/3/2023 15:15,27.46,0.003221706
4/3/2023 15:30,37.905,0.004447151
4/3/2023 15:45,16.89,0.001981595
4/3/2023 16:00,15.355,0.001801504
4/3/2023 16:15,20.31,0.002382842
4/3/2023 16:30,25.705,0.003015803
4/3/2023 16:45,14.5,0.001701192
4/3/2023 17:00,35.66,0.004183759
4/3/2023 17:15,34.885,0.004092833
4/3/2023 17:30,30.765,0.00360946
4/3/2023 17:45,19.32,0.002266692
4/3/2023 18:00,59.8,0.007015951
4/3/2023 18:15,16.39,0.001922934
4/3/2023 18:30,26.435,0.003101449
4/3/2023 18:45,20.785,0.002438571
4/3/2023 19:00,19.62,0.002301889
4/3/2023 19:15,14.51,0.001702365
4/3/2023 19:30,17.9,0.002100092
4/3/2023 19:45,21.355,0.002505445
4/3/2023 20:00,26.91,0.003157178
4/3/2023 20:15,17.055,0.002000954
4/3/2023 20:30,28.815,0.003380679
4/3/2023 20:45,33.51,0.003931514
4/3/2023 21:00,18.845,0.002210963
4/3/2023 21:15,45.92,0.005387499
4/3/2023 21:30,28.025,0.003287994
4/3/2023 21:45,19.535,0.002291916
4/3/2023 22:00,25.405,0.002980606
4/3/2023 22:15,24.67,0.002894373
4/3/2023 22:30,23.3,0.00273364
4/3/2023 22:45,26.845,0.003149552
4/3/2023 23:00,22.07,0.002589332
4/3/2023 23:15,58.29,0.006838792
4/3/2023 23:30,38.175,0.004478828
4/3/2023 23:45,26.305,0.003086197
4/4/2023 0:00,25.88,0.003036335
4/4/2023 0:15,29.845,0.003501523
4/4/2023 0:30,35.41,0.004154428
4/4/2023 0:45,28.945,0.003395931
4/4/2023 1:00,37.29,0.004374997
4/4/2023 1:15,39.405,0.004623136
4/4/2023 1:30,30.855,0.003620019
4/4/2023 1:45,38.75,0.004546289
4/4/2023 2:00,38.525,0.004519891
4/4/2023 2:15,32.66,0.003831788
4/4/2023 2:30,39.2,0.004599085
4/4/2023 2:45,35.18,0.004127444
4/4/2023 3:00,62.01,0.007275236
4/4/2023 3:15,37.895,0.004445977
4/4/2023 3:30,37.04,0.004345666
4/4/2023 3:45,37.53,0.004403154
4/4/2023 4:00,31.63,0.003710945
4/4/2023 4:15,38.61,0.004529864
4/4/2023 4:30,38.075,0.004467096
4/4/2023 4:45,34.01,0.003990175
4/4/2023 5:00,35.735,0.004192559
4/4/2023 5:15,31.29,0.003671055
4/4/2023 5:30,36.59,0.00429287
4/4/2023 5:45,31.82,0.003733237
4/4/2023 6:00,31.65,0.003713292
4/4/2023 6:15,33.76,0.003960844
4/4/2023 6:30,30.695,0.003601248
4/4/2023 6:45,36.24,0.004251807
4/4/2023 7:00,40.86,0.004793842
4/4/2023 7:15,35.21,0.004130964
4/4/2023 7:30,27.575,0.003235198
4/4/2023 7:45,30.21,0.003544346
4/4/2023 8:00,27.095,0.003178883
4/4/2023 8:15,25.895,0.003038094
4/4/2023 8:30,24.185,0.002837471
4/4/2023 8:45,25.565,0.002999378
4/4/2023 9:00,26.62,0.003123154
4/4/2023 9:15,28.98,0.003400038
4/4/2023 9:30,26.495,0.003108489
4/4/2023 9:45,27.28,0.003200588
4/4/2023 10:00,31.28,0.003669882
4/4/2023 10:15,21.735,0.002550028
4/4/2023 10:30,23.81,0.002793475
4/4/2023 10:45,28.375,0.003329057
4/4/2023 11:00,32.99,0.003870505
4/4/2023 11:15,23.92,0.00280638
4/4/2023 11:30,25.665,0.00301111
4/4/2023 11:45,21.03,0.002467315
4/4/2023 12:00,20.905,0.00245265
4/4/2023 12:15,18.885,0.002215656
4/4/2023 12:30,31.64,0.003712118
4/4/2023 12:45,31.54,0.003700386
4/4/2023 13:00,88.455,0.010377858
4/4/2023 13:15,19.91,0.002335913
4/4/2023 13:30,25.075,0.002941889
4/4/2023 13:45,19.48,0.002285464
4/4/2023 14:00,22.045,0.002586399
4/4/2023 14:15,24.15,0.002833365
4/4/2023 14:30,19.09,0.002239707
4/4/2023 14:45,20.805,0.002440917
4/4/2023 15:00,18.04,0.002116518
4/4/2023 15:15,18.295,0.002146435
4/4/2023 15:30,20.295,0.002381082
4/4/2023 15:45,18.905,0.002218002
4/4/2023 16:00,30.315,0.003556665
4/4/2023 16:15,18.215,0.002137049
4/4/2023 16:30,17.55,0.002059029
4/4/2023 16:45,24.655,0.002892613
4/4/2023 17:00,21.375,0.002507792
4/4/2023 17:15,18.43,0.002162274
4/4/2023 17:30,17.255,0.002024419
4/4/2023 17:45,15.885,0.001863685
4/4/2023 18:00,15.075,0.001768653
4/4/2023 18:15,23.56,0.002764144
4/4/2023 18:30,17.68,0.002074281
4/4/2023 18:45,16.24,0.001905335
4/4/2023 19:00,20.82,0.002442677
4/4/2023 19:15,14.895,0.001747535
4/4/2023 19:30,21.895,0.0025688
4/4/2023 19:45,20.745,0.002433878
4/4/2023 20:00,17.925,0.002103025
4/4/2023 20:15,20.68,0.002426252
4/4/2023 20:30,17.03,0.001998021
4/4/2023 20:45,21.08,0.002473181
4/4/2023 21:00,18.045,0.002117104
4/4/2023 21:15,31.71,0.003720331
4/4/2023 21:30,15.155,0.001778039
4/4/2023 21:45,14.305,0.001678314
4/4/2023 22:00,13.825,0.001621999
4/4/2023 22:15,13.09,0.001535766
4/4/2023 22:30,14.12,0.001656609
4/4/2023 22:45,17.64,0.002069588
4/4/2023 23:00,14.16,0.001661302
4/4/2023 23:15,24.07,0.002823979
4/4/2023 23:30,13.33,0.001563923
4/4/2023 23:45,19.985,0.002344712
4/5/2023 0:00,14.115,0.001656022
4/5/2023 0:15,14.105,0.001654849
4/5/2023 0:30,45.035,0.005283668
4/5/2023 0:45,13.46,0.001579176
4/5/2023 1:00,16.685,0.001957544
4/5/2023 1:15,14.49,0.001700019
4/5/2023 1:30,12.745,0.001495289
4/5/2023 1:45,12.015,0.001409643
4/5/2023 2:00,12.355,0.001449533
4/5/2023 2:15,13.055,0.001531659
4/5/2023 2:30,13.39,0.001570963
4/5/2023 2:45,16.995,0.001993914
4/5/2023 3:00,12.865,0.001509368
4/5/2023 3:15,12.72,0.001492356
4/5/2023 3:30,13.75,0.001613199
4/5/2023 3:45,12.225,0.001434281
4/5/2023 4:00,13.73,0.001610853
4/5/2023 4:15,11.61,0.001362127
4/5/2023 4:30,13.78,0.001616719
4/5/2023 4:45,12.445,0.001460092
4/5/2023 5:00,11.59,0.00135978
4/5/2023 5:15,12.005,0.00140847
4/5/2023 5:30,12.46,0.001461852
4/5/2023 5:45,11.67,0.001369166
4/5/2023 6:00,13.6,0.001595601
4/5/2023 6:15,13.825,0.001621999
4/5/2023 6:30,12.975,0.001522274
4/5/2023 6:45,12.635,0.001482384
4/5/2023 7:00,12.74,0.001494703
4/5/2023 7:15,10.725,0.001258296
4/5/2023 7:30,24.585,0.0028844
4/5/2023 7:45,26.695,0.003131953
4/5/2023 8:00,40.27,0.004724621
4/5/2023 8:15,39.225,0.004602018
4/5/2023 8:30,27.96,0.003280368
4/5/2023 8:45,10.095,0.001184382
4/5/2023 9:00,10,0.001173236
4/5/2023 9:15,9.94,0.001166196
4/5/2023 9:30,10.905,0.001279414
4/5/2023 9:45,11.695,0.001372099
4/5/2023 10:00,12.405,0.001455399
4/5/2023 10:15,11.735,0.001376792
4/5/2023 10:30,10.42,0.001222512
4/5/2023 10:45,11.115,0.001304052
4/5/2023 11:00,10.16,0.001192008
4/5/2023 11:15,13.635,0.001599707
4/5/2023 11:30,10.74,0.001260055
4/5/2023 11:45,10.89,0.001277654
4/5/2023 12:00,13.06,0.001532246
4/5/2023 12:15,12.83,0.001505262
4/5/2023 12:30,13.51,0.001585042
4/5/2023 12:45,13.62,0.001597947
4/5/2023 13:00,12.75,0.001495876
4/5/2023 13:15,12.145,0.001424895
4/5/2023 13:30,11.165,0.001309918
4/5/2023 13:45,9.445,0.001108121
4/5/2023 14:00,13.12,0.001539286
4/5/2023 14:15,10.115,0.001186728
4/5/2023 14:30,10.07,0.001181449
4/5/2023 14:45,14.635,0.001717031
4/5/2023 15:00,9.7,0.001138039
4/5/2023 15:15,13.3,0.001560404
4/5/2023 15:30,78.555,0.009216355
4/5/2023 15:45,25.61,0.003004657
4/5/2023 16:00,15.1,0.001771586
4/5/2023 16:15,27.395,0.00321408
4/5/2023 16:30,16.245,0.001905922
4/5/2023 16:45,16.065,0.001884803
4/5/2023 17:00,18.405,0.002159341
4/5/2023 17:15,19.3,0.002264345
4/5/2023 17:30,23.805,0.002792888
4/5/2023 17:45,19.59,0.002298369
4/5/2023 18:00,21.99,0.002579946
4/5/2023 18:15,23.99,0.002814593
4/5/2023 18:30,20.305,0.002382256
4/5/2023 18:45,22.175,0.002601651
4/5/2023 19:00,30.575,0.003587169
4/5/2023 19:15,37.945,0.004451844
4/5/2023 19:30,28.265,0.003316151
4/5/2023 19:45,25.445,0.002985299
4/5/2023 20:00,21.525,0.00252539
4/5/2023 20:15,25.69,0.003014043
4/5/2023 20:30,22.265,0.00261221
4/5/2023 20:45,27.695,0.003249277
4/5/2023 21:00,29.72,0.003486857
4/5/2023 21:15,19.19,0.00225144
4/5/2023 21:30,17.505,0.002053749
4/5/2023 21:45,26.555,0.003115528
4/5/2023 22:00,23.81,0.002793475
4/5/2023 22:15,17.37,0.002037911
4/5/2023 22:30,15.81,0.001854886
4/5/2023 22:45,15.59,0.001829075
4/5/2023 23:00,18.75,0.002199817
4/5/2023 23:15,17.23,0.002021485
4/5/2023 23:30,29.84,0.003500936
4/5/2023 23:45,15.98,0.001874831
4/6/2023 0:00,24.215,0.002840991
4/6/2023 0:15,14.435,0.001693566
4/6/2023 0:30,17.71,0.002077801
4/6/2023 0:45,17.09,0.00200506
4/6/2023 1:00,13.69,0.00160616
4/6/2023 1:15,16.595,0.001946985
4/6/2023 1:30,38.525,0.004519891
4/6/2023 1:45,12.42,0.001457159
4/6/2023 2:00,12.745,0.001495289
4/6/2023 2:15,12.145,0.001424895
4/6/2023 2:30,13.705,0.00160792
4/6/2023 2:45,11.395,0.001336902
4/6/2023 3:00,12.7,0.00149001
4/6/2023 3:15,11.39,0.001336316
4/6/2023 3:30,12.58,0.001475931
4/6/2023 3:45,10.88,0.001276481
4/6/2023 4:00,12.975,0.001522274
4/6/2023 4:15,11.44,0.001342182
4/6/2023 4:30,10.48,0.001229551
4/6/2023 4:45,10.815,0.001268855
4/6/2023 5:00,11.485,0.001347461
4/6/2023 5:15,13.145,0.001542219
4/6/2023 5:30,12.285,0.00144132
4/6/2023 5:45,11.545,0.001354501
4/6/2023 6:00,11.04,0.001295252
4/6/2023 6:15,12.78,0.001499395
4/6/2023 6:30,13.32,0.00156275
4/6/2023 6:45,11.815,0.001386178
4/6/2023 7:00,10.305,0.00120902
4/6/2023 7:15,10.475,0.001228965
4/6/2023 7:30,11.145,0.001307571
4/6/2023 7:45,10.92,0.001281174
4/6/2023 8:00,11.365,0.001333383
4/6/2023 8:15,12.905,0.001514061
4/6/2023 8:30,11.05,0.001296426
4/6/2023 8:45,8.685,0.001018955
4/6/2023 9:00,9.05,0.001061778
4/6/2023 9:15,8.62,0.001011329
4/6/2023 9:30,8.59,0.00100781
4/6/2023 9:45,8.23,0.000965573
4/6/2023 10:00,8.51,0.000998424
4/6/2023 10:15,9.415,0.001104602
4/6/2023 10:30,8.465,0.000993144
4/6/2023 10:45,8.015,0.000940349
4/6/2023 11:00,8.065,0.000946215
4/6/2023 11:15,8.25,0.00096792
4/6/2023 11:30,10.05,0.001179102
4/6/2023 11:45,9.735,0.001142145
4/6/2023 12:00,10.9,0.001278827
4/6/2023 12:15,10.67,0.001251843
4/6/2023 12:30,10.29,0.00120726
4/6/2023 12:45,11.065,0.001298186
4/6/2023 13:00,11.965,0.001403777
4/6/2023 13:15,10.285,0.001206673
4/6/2023 13:30,10.125,0.001187901
4/6/2023 13:45,10.345,0.001213713
4/6/2023 14:00,9.68,0.001135692
4/6/2023 14:15,10.13,0.001188488
4/6/2023 14:30,8.755,0.001027168
4/6/2023 14:45,10.015,0.001174996
4/6/2023 15:00,10.15,0.001190834
4/6/2023 15:15,9.99,0.001172063
4/6/2023 15:30,9.005,0.001056499
4/6/2023 15:45,12.385,0.001453053
4/6/2023 16:00,10.605,0.001244217
4/6/2023 16:15,13.545,0.001589148
4/6/2023 16:30,11.775,0.001381485
4/6/2023 16:45,11.74,0.001377379
4/6/2023 17:00,16.035,0.001881284
4/6/2023 17:15,14.05,0.001648396
4/6/2023 17:30,18.855,0.002212136
4/6/2023 17:45,24.465,0.002870322
4/6/2023 18:00,32.315,0.003791312
4/6/2023 18:15,30.075,0.003528507
4/6/2023 18:30,29.945,0.003513255
4/6/2023 18:45,34.845,0.004088141
4/6/2023 19:00,33.93,0.003980789
4/6/2023 19:15,25.58,0.003001137
4/6/2023 19:30,20.465,0.002401027
4/6/2023 19:45,20.08,0.002355858
4/6/2023 20:00,16.595,0.001946985
4/6/2023 20:15,15.405,0.00180737
4/6/2023 20:30,15.67,0.001838461
4/6/2023 20:45,14.56,0.001708231
4/6/2023 21:00,14.765,0.001732283
4/6/2023 21:15,14.255,0.001672448
4/6/2023 21:30,14.77,0.001732869
4/6/2023 21:45,13.925,0.001633731
4/6/2023 22:00,13.195,0.001548085
4/6/2023 22:15,14.275,0.001674794
4/6/2023 22:30,13.815,0.001620825
4/6/2023 22:45,13.335,0.00156451
4/6/2023 23:00,13.24,0.001553364
4/6/2023 23:15,11.805,0.001385005
4/6/2023 23:30,12.61,0.00147945
4/6/2023 23:45,11.99,0.00140671
4/7/2023 0:00,14.055,0.001648983
4/7/2023 0:15,12.9,0.001513474
4/7/2023 0:30,12.1,0.001419615
4/7/2023 0:45,13.69,0.00160616
4/7/2023 1:00,11.225,0.001316957
4/7/2023 1:15,12.215,0.001433108
4/7/2023 1:30,13.485,0.001582109
4/7/2023 1:45,10.815,0.001268855
4/7/2023 2:00,13.24,0.001553364
4/7/2023 2:15,13.055,0.001531659
4/7/2023 2:30,12.4,0.001454813
4/7/2023 2:45,12.045,0.001413163
4/7/2023 3:00,13.51,0.001585042
4/7/2023 3:15,13.375,0.001569203
4/7/2023 3:30,12.48,0.001464198
4/7/2023 3:45,13.705,0.00160792
4/7/2023 4:00,10.985,0.0012888
4/7/2023 4:15,13.405,0.001572723
4/7/2023 4:30,11.92,0.001398497
4/7/2023 4:45,16.075,0.001885977
4/7/2023 5:00,11.2,0.001314024
4/7/2023 5:15,11.37,0.001333969
4/7/2023 5:30,13.87,0.001627278
4/7/2023 5:45,12.775,0.001498809
4/7/2023 6:00,12.83,0.001505262
4/7/2023 6:15,12.22,0.001433694
4/7/2023 6:30,11.92,0.001398497
4/7/2023 6:45,11.405,0.001338076
4/7/2023 7:00,12.145,0.001424895
4/7/2023 7:15,10.11,0.001186142
4/7/2023 7:30,10.31,0.001209606
4/7/2023 7:45,11.27,0.001322237
4/7/2023 8:00,10.49,0.001230724
4/7/2023 8:15,13.265,0.001556297
4/7/2023 8:30,11.49,0.001348048
4/7/2023 8:45,10.825,0.001270028
4/7/2023 9:00,12.7,0.00149001
4/7/2023 9:15,10.165,0.001192594
4/7/2023 9:30,10.255,0.001203153
4/7/2023 9:45,9.895,0.001160917
4/7/2023 10:00,11.055,0.001297012
4/7/2023 10:15,10.91,0.00128
4/7/2023 10:30,11.31,0.00132693
4/7/2023 10:45,10.31,0.001209606
4/7/2023 11:00,10.11,0.001186142
4/7/2023 11:15,10.315,0.001210193
4/7/2023 11:30,10.8,0.001267095
4/7/2023 11:45,8.8,0.001032448
4/7/2023 12:00,9.93,0.001165023
4/7/2023 12:15,9.685,0.001136279
4/7/2023 12:30,8.5,0.000997251
4/7/2023 12:45,10.505,0.001232484
4/7/2023 13:00,10.14,0.001189661
4/7/2023 13:15,9.705,0.001138625
4/7/2023 13:30,8.56,0.00100429
4/7/2023 13:45,7.825,0.000918057
4/7/2023 14:00,8.14,0.000955014
4/7/2023 14:15,10.29,0.00120726
4/7/2023 14:30,9.15,0.001073511
4/7/2023 14:45,9.095,0.001067058
4/7/2023 15:00,9.14,0.001072338
4/7/2023 15:15,10.535,0.001236004
4/7/2023 15:30,11.705,0.001373273
4/7/2023 15:45,9.19,0.001078204
4/7/2023 16:00,8.365,0.000981412
4/7/2023 16:15,10.345,0.001213713
4/7/2023 16:30,8.575,0.00100605
4/7/2023 16:45,8.865,0.001040074
4/7/2023 17:00,11.58,0.001358607
4/7/2023 17:15,14,0.00164253
4/7/2023 17:30,15.885,0.001863685
4/7/2023 17:45,14.915,0.001749881
4/7/2023 18:00,12.08,0.001417269
4/7/2023 18:15,10.28,0.001206087
4/7/2023 18:30,12.12,0.001421962
4/7/2023 18:45,11.945,0.00140143
4/7/2023 19:00,12.435,0.001458919
4/7/2023 19:15,13.115,0.001538699
4/7/2023 19:30,12.15,0.001425482
4/7/2023 19:45,11.82,0.001386765
4/7/2023 20:00,11.37,0.001333969
4/7/2023 20:15,11.82,0.001386765
4/7/2023 20:30,12.235,0.001435454
4/7/2023 20:45,10.62,0.001245977
4/7/2023 21:00,11.86,0.001391458
4/7/2023 21:15,10.77,0.001263575
4/7/2023 21:30,9.585,0.001124547
4/7/2023 21:45,13.585,0.001593841
4/7/2023 22:00,11.55,0.001355087
4/7/2023 22:15,8.105,0.000950908
4/7/2023 22:30,12.655,0.00148473
4/7/2023 22:45,11.24,0.001318717
4/7/2023 23:00,12.98,0.00152286
4/7/2023 23:15,10.93,0.001282347
4/7/2023 23:30,9.565,0.0011222
4/7/2023 23:45,10.675,0.001252429
4/8/2023 0:00,13.345,0.001565683
4/8/2023 0:15,13.185,0.001546912
4/8/2023 0:30,14.655,0.001719377
4/8/2023 0:45,11.615,0.001362714
4/8/2023 1:00,12.815,0.001503502
4/8/2023 1:15,13.11,0.001538112
4/8/2023 1:30,12.285,0.00144132
4/8/2023 1:45,15.465,0.001814409
4/8/2023 2:00,17.745,0.002081907
4/8/2023 2:15,13.635,0.001599707
4/8/2023 2:30,14.42,0.001691806
4/8/2023 2:45,20.32,0.002384015
4/8/2023 3:00,13.435,0.001576242
4/8/2023 3:15,14.04,0.001647223
4/8/2023 3:30,15.28,0.001792704
4/8/2023 3:45,16.995,0.001993914
4/8/2023 4:00,12.38,0.001452466
4/8/2023 4:15,23.645,0.002774116
4/8/2023 4:30,13.845,0.001624345
4/8/2023 4:45,12.06,0.001414923
4/8/2023 5:00,13.09,0.001535766
4/8/2023 5:15,12.545,0.001471824
4/8/2023 5:30,12.865,0.001509368
4/8/2023 5:45,17.05,0.002000367
4/8/2023 6:00,13.675,0.0016044
4/8/2023 6:15,10.91,0.00128
4/8/2023 6:30,11.875,0.001393218
4/8/2023 6:45,11.655,0.001367406
4/8/2023 7:00,13.785,0.001617306
4/8/2023 7:15,13.57,0.001592081
4/8/2023 7:30,13.435,0.001576242
4/8/2023 7:45,13.755,0.001613786
4/8/2023 8:00,12.22,0.001433694
4/8/2023 8:15,13.245,0.001553951
4/8/2023 8:30,21.27,0.002495473
4/8/2023 8:45,12.81,0.001502915
4/8/2023 9:00,12.65,0.001484143
4/8/2023 9:15,10.125,0.001187901
4/8/2023 9:30,12.23,0.001434868
4/8/2023 9:45,10.205,0.001197287
4/8/2023 10:00,11.95,0.001402017
4/8/2023 10:15,11.71,0.001373859
4/8/2023 10:30,12.92,0.001515821
4/8/2023 10:45,11.93,0.00139967
4/8/2023 11:00,13.195,0.001548085
4/8/2023 11:15,9.83,0.001153291
4/8/2023 11:30,11.875,0.001393218
4/8/2023 11:45,10.365,0.001216059
4/8/2023 12:00,12.18,0.001429001
4/8/2023 12:15,10.18,0.001194354
4/8/2023 12:30,12.41,0.001455986
4/8/2023 12:45,10.13,0.001188488
4/8/2023 13:00,13.795,0.001618479
4/8/2023 13:15,8.165,0.000957947
4/8/2023 13:30,12.63,0.001481797
4/8/2023 13:45,9.38,0.001100495
4/8/2023 14:00,8.145,0.000955601
4/8/2023 14:15,12.83,0.001505262
4/8/2023 14:30,9.885,0.001159744
4/8/2023 14:45,10.29,0.00120726
4/8/2023 15:00,11.2,0.001314024
4/8/2023 15:15,9.77,0.001146251
4/8/2023 15:30,9.88,0.001159157
4/8/2023 15:45,11.305,0.001326343
4/8/2023 16:00,11.93,0.00139967
4/8/2023 16:15,12.3,0.00144308
4/8/2023 16:30,10.535,0.001236004
4/8/2023 16:45,11.49,0.001348048
4/8/2023 17:00,9.785,0.001148011
4/8/2023 17:15,12.085,0.001417856
4/8/2023 17:30,11.73,0.001376206
4/8/2023 17:45,11.38,0.001335142
4/8/2023 18:00,12.915,0.001515234
4/8/2023 18:15,12.48,0.001464198
4/8/2023 18:30,11.395,0.001336902
4/8/2023 18:45,10.53,0.001235417
4/8/2023 19:00,11.02,0.001292906
4/8/2023 19:15,10.725,0.001258296
4/8/2023 19:30,10.55,0.001237764
4/8/2023 19:45,10.795,0.001266508
4/8/2023 20:00,11.39,0.001336316
4/8/2023 20:15,11.635,0.00136506
4/8/2023 20:30,13.055,0.001531659
4/8/2023 20:45,12.03,0.001411403
4/8/2023 21:00,11.73,0.001376206
4/8/2023 21:15,11.93,0.00139967
4/8/2023 21:30,13.875,0.001627865
4/8/2023 21:45,11.81,0.001385592
4/8/2023 22:00,10.415,0.001221925
4/8/2023 22:15,13.04,0.0015299
4/8/2023 22:30,12.38,0.001452466
4/8/2023 22:45,10.35,0.001214299
4/8/2023 23:00,9.935,0.00116561
4/8/2023 23:15,9.965,0.00116913
4/8/2023 23:30,13.585,0.001593841
4/8/2023 23:45,12.27,0.00143956
4/9/2023 0:00,16.525,0.001938772
4/9/2023 0:15,12.98,0.00152286
4/9/2023 0:30,14.085,0.001652503
4/9/2023 0:45,16.9,0.001982769
4/9/2023 1:00,18.91,0.002218589
4/9/2023 1:15,24.3,0.002850963
4/9/2023 1:30,16.47,0.00193232
4/9/2023 1:45,14.21,0.001667168
4/9/2023 2:00,15.98,0.001874831
4/9/2023 2:15,17.485,0.002051403
4/9/2023 2:30,17.8,0.00208836
4/9/2023 2:45,30.275,0.003551972
4/9/2023 3:00,15.7,0.00184198
4/9/2023 3:15,28.765,0.003374813
4/9/2023 3:30,18.015,0.002113584
4/9/2023 3:45,19.805,0.002323594
4/9/2023 4:00,27.245,0.003196481
4/9/2023 4:15,18.535,0.002174593
4/9/2023 4:30,24.05,0.002821632
4/9/2023 4:45,17.835,0.002092466
4/9/2023 5:00,17.96,0.002107132
4/9/2023 5:15,21.365,0.002506619
4/9/2023 5:30,27.935,0.003277435
4/9/2023 5:45,24.985,0.00293133
4/9/2023 6:00,22.995,0.002697856
4/9/2023 6:15,16.45,0.001929973
4/9/2023 6:30,17.125,0.002009166
4/9/2023 6:45,16.385,0.001922347
4/9/2023 7:00,16.115,0.00189067
4/9/2023 7:15,17,0.001994501
4/9/2023 7:30,16.935,0.001986875
4/9/2023 7:45,46.645,0.005472559
4/9/2023 8:00,19.3,0.002264345
4/9/2023 8:15,15.685,0.001840221
4/9/2023 8:30,14.695,0.00172407
4/9/2023 8:45,15.17,0.001779799
4/9/2023 9:00,19.69,0.002310102
4/9/2023 9:15,16.965,0.001990395
4/9/2023 9:30,22.635,0.002655619
4/9/2023 9:45,15.625,0.001833181
4/9/2023 10:00,27.45,0.003220533
4/9/2023 10:15,17.55,0.002059029
4/9/2023 10:30,32.465,0.00380891
4/9/2023 10:45,20.415,0.002395161
4/9/2023 11:00,39.51,0.004635455
4/9/2023 11:15,14.795,0.001735803
4/9/2023 11:30,13.52,0.001586215
4/9/2023 11:45,15.245,0.001788598
4/9/2023 12:00,15.45,0.001812649
4/9/2023 12:15,15.705,0.001842567
4/9/2023 12:30,24.62,0.002888507
4/9/2023 12:45,13.8,0.001619066
4/9/2023 13:00,15.135,0.001775693
4/9/2023 13:15,13.385,0.001570376
4/9/2023 13:30,14.685,0.001722897
4/9/2023 13:45,15.44,0.001811476
4/9/2023 14:00,11.7,0.001372686
4/9/2023 14:15,11.9,0.001396151
4/9/2023 14:30,13.075,0.001534006
4/9/2023 14:45,12.75,0.001495876
4/9/2023 15:00,11.95,0.001402017
4/9/2023 15:15,16.8,0.001971036
4/9/2023 15:30,13.55,0.001589735
4/9/2023 15:45,11.16,0.001309331
4/9/2023 16:00,20.265,0.002377563
4/9/2023 16:15,10.82,0.001269441
4/9/2023 16:30,12.575,0.001475344
4/9/2023 16:45,10.32,0.001210779
4/9/2023 17:00,13.55,0.001589735
4/9/2023 17:15,12.175,0.001428415
4/9/2023 17:30,11.46,0.001344528
4/9/2023 17:45,15.245,0.001788598
4/9/2023 18:00,12.62,0.001480624
4/9/2023 18:15,15.835,0.001857819
4/9/2023 18:30,10.92,0.001281174
4/9/2023 18:45,13.765,0.001614959
4/9/2023 19:00,13.65,0.001601467
4/9/2023 19:15,12.455,0.001461265
4/9/2023 19:30,13.4,0.001572136
4/9/2023 19:45,12.495,0.001465958
4/9/2023 20:00,11.07,0.001298772
4/9/2023 20:15,11.585,0.001359194
4/9/2023 20:30,11.45,0.001343355
4/9/2023 20:45,12.865,0.001509368
4/9/2023 21:00,15.65,0.001836114
4/9/2023 21:15,16.335,0.001916481
4/9/2023 21:30,26.355,0.003092063
4/9/2023 21:45,15.275,0.001792118
4/9/2023 22:00,17.51,0.002054336
4/9/2023 22:15,14.395,0.001688873
4/9/2023 22:30,16.82,0.001973383
4/9/2023 22:45,19.47,0.00228429
4/9/2023 23:00,18.53,0.002174006
4/9/2023 23:15,41.31,0.004846638
4/9/2023 23:30,25.335,0.002972393
4/9/2023 23:45,28.11,0.003297966
4/10/2023 0:00,26.79,0.003143099
4/10/2023 0:15,28.61,0.003356628
4/10/2023 0:30,30.585,0.003588342
4/10/2023 0:45,37.705,0.004423686
4/10/2023 1:00,36.465,0.004278205
4/10/2023 1:15,38.925,0.004566821
4/10/2023 1:30,41.935,0.004919965
4/10/2023 1:45,44.325,0.005200368
4/10/2023 2:00,49.575,0.005816317
4/10/2023 2:15,49.295,0.005783466
4/10/2023 2:30,52.165,0.006120185
4/10/2023 2:45,53.6,0.006288544
4/10/2023 3:00,56.67,0.006648728
4/10/2023 3:15,63.155,0.007409571
4/10/2023 3:30,59.695,0.007003632
4/10/2023 3:45,56.735,0.006656354
4/10/2023 4:00,64.35,0.007549773
4/10/2023 4:15,61.1,0.007168471
4/10/2023 4:30,59.13,0.006937344
4/10/2023 4:45,65.545,0.007689975
4/10/2023 5:00,56.735,0.006656354
4/10/2023 5:15,57.765,0.006777197
4/10/2023 5:30,57.31,0.006723815
4/10/2023 5:45,56.55,0.006634649
4/10/2023 6:00,52.595,0.006170634
4/10/2023 6:15,52.23,0.006127811
4/10/2023 6:30,49.26,0.00577936
4/10/2023 6:45,48.75,0.005719525
4/10/2023 7:00,50.32,0.005903723
4/10/2023 7:15,43.205,0.005068966
4/10/2023 7:30,48.425,0.005681395
4/10/2023 7:45,44.285,0.005195675
4/10/2023 8:00,41.745,0.004897673
4/10/2023 8:15,37.78,0.004432485
4/10/2023 8:30,57.385,0.006732614
4/10/2023 8:45,41.52,0.004871275
4/10/2023 9:00,38.635,0.004532797
4/10/2023 9:15,51.265,0.006014594
4/10/2023 9:30,37.325,0.004379103
4/10/2023 9:45,37.305,0.004376757
4/10/2023 10:00,32.465,0.00380891
4/10/2023 10:15,46.46,0.005450854
4/10/2023 10:30,32.11,0.003767261
4/10/2023 10:45,35.1,0.004118058
4/10/2023 11:00,29.66,0.003479818
4/10/2023 11:15,39.82,0.004671825
4/10/2023 11:30,28.26,0.003315565
4/10/2023 11:45,35.425,0.004156188
4/10/2023 12:00,45.82,0.005375767
4/10/2023 12:15,27.975,0.003282127
4/10/2023 12:30,29.59,0.003471605
4/10/2023 12:45,27.76,0.003256903
4/10/2023 13:00,36.135,0.004239488
4/10/2023 13:15,29.165,0.003421743
4/10/2023 13:30,26.655,0.00312726
4/10/2023 13:45,34.375,0.004032998
4/10/2023 14:00,29.55,0.003466912
4/10/2023 14:15,25.995,0.003049827
4/10/2023 14:30,24.81,0.002910798
4/10/2023 14:45,35.47,0.004161468
4/10/2023 15:00,22.895,0.002686124
4/10/2023 15:15,38.245,0.004487041
4/10/2023 15:30,24.94,0.00292605
4/10/2023 15:45,28.195,0.003307939
4/10/2023 16:00,25.72,0.003017563
4/10/2023 16:15,22.03,0.002584639
4/10/2023 16:30,22.455,0.002634501
4/10/2023 16:45,24.315,0.002852723
4/10/2023 17:00,23.095,0.002709588
4/10/2023 17:15,22.11,0.002594025
4/10/2023 17:30,32.58,0.003822403
4/10/2023 17:45,21.47,0.002518937
4/10/2023 18:00,24.58,0.002883814
4/10/2023 18:15,30.495,0.003577783
4/10/2023 18:30,21.99,0.002579946
4/10/2023 18:45,25.98,0.003048067
4/10/2023 19:00,27.21,0.003192375
4/10/2023 19:15,32.56,0.003820056
4/10/2023 19:30,27.37,0.003211147
4/10/2023 19:45,26.47,0.003105555
4/10/2023 20:00,36.14,0.004240075
4/10/2023 20:15,29.7,0.003484511
4/10/2023 20:30,26.845,0.003149552
4/10/2023 20:45,47.195,0.005537087
4/10/2023 21:00,73.065,0.008572248
4/10/2023 21:15,39.72,0.004660093
4/10/2023 21:30,43.62,0.005117655
4/10/2023 21:45,53.05,0.006224016
4/10/2023 22:00,60.855,0.007139727
4/10/2023 22:15,70.015,0.008214411
4/10/2023 22:30,82.925,0.009729059
4/10/2023 22:45,91.9,0.010782038
4/10/2023 23:00,99.49,0.011672524
4/10/2023 23:15,114.045,0.013380169
4/10/2023 23:30,113.705,0.013340279
4/10/2023 23:45,124.545,0.014612067
4/11/2023 0:00,133.205,0.015628089
4/11/2023 8:30,215.625,0.025297899
4/11/2023 9:45,357.155,0.041902707
4/11/2023 10:00,518.57,0.060840494
4/11/2023 10:15,645.51,0.075733551
4/11/2023 10:30,659.225,0.077342644
4/11/2023 15:30,460.095,0.053979998
4/11/2023 15:45,417.555,0.048989052
4/11/2023 16:00,312.695,0.0366865
4/11/2023 16:15,287.905,0.033778048
4/11/2023 16:30,261.31,0.030657828
4/11/2023 16:45,355.675,0.041729068
4/11/2023 18:45,193.56,0.022709154
4/11/2023 19:00,175.39,0.020577385
4/11/2023 19:15,208.62,0.024476048
4/11/2023 19:30,209.365,0.024563454
4/11/2023 19:45,208.25,0.024432638
4/11/2023 20:00,201.975,0.023696432
4/11/2023 20:15,208.09,0.024413866
4/11/2023 20:30,212.57,0.024939476
4/11/2023 20:45,267.885,0.03142923
4/11/2023 21:00,360.27,0.04226817
4/11/2023 21:15,217.365,0.025502042
4/11/2023 21:30,295.595,0.034680267
4/11/2023 21:45,411.975,0.048334386
4/11/2023 22:00,356.515,0.04182762
4/11/2023 22:15,366.495,0.042998509
4/11/2023 22:30,309.935,0.036362687
4/11/2023 22:45,403.21,0.047306045
4/11/2023 23:00,367.63,0.043131672
4/11/2023 23:15,392.375,0.046034844
4/11/2023 23:30,404.72,0.047483204
4/11/2023 23:45,405.625,0.047589382
4/12/2023 0:00,256.815,0.030130458
4/12/2023 0:15,298.885,0.035066261
4/12/2023 0:30,372.65,0.043720636
4/12/2023 0:45,342.78,0.04021618
4/12/2023 1:00,385.97,0.045283386
4/12/2023 1:15,295.78,0.034701972
4/12/2023 1:30,409.69,0.048066302
4/12/2023 1:45,478.51,0.056140511
4/12/2023 2:00,458.245,0.053762949
4/12/2023 2:15,519.15,0.060908542
4/12/2023 2:30,378.055,0.04435477
4/12/2023 2:45,544.5,0.063882695
4/12/2023 3:00,561.865,0.065920019
4/12/2023 3:15,593.775,0.069663815
4/12/2023 3:30,660.475,0.077489299
4/12/2023 3:45,603.205,0.070770177
4/12/2023 4:00,608.69,0.071413696
4/12/2023 4:15,649.45,0.076195806
4/12/2023 4:30,658.75,0.077286915
4/12/2023 4:45,620.545,0.072804568
4/12/2023 5:00,598.845,0.070258646
4/12/2023 5:15,533.99,0.062649624
4/12/2023 5:30,465.865,0.054656955
4/12/2023 5:45,480.435,0.056366359
4/12/2023 6:00,440.345,0.051662857
4/12/2023 6:15,578.815,0.067908654
4/12/2023 6:45,108.755,0.012759527
4/12/2023 7:00,105.43,0.012369426
4/12/2023 7:15,100.325,0.011770489
4/12/2023 7:30,98.735,0.011583945
4/12/2023 7:45,95.92,0.011253679
4/12/2023 8:00,94.13,0.01104367
4/12/2023 8:15,90.91,0.010665888
4/12/2023 8:30,88.94,0.01043476
4/12/2023 8:45,84.775,0.009946107
4/12/2023 9:00,85.92,0.010080443
4/12/2023 9:15,84.97,0.009968986
4/12/2023 9:30,85.565,0.010038793
4/12/2023 9:45,84.77,0.009945521
4/12/2023 10:00,81.745,0.009590617
4/12/2023 10:15,78.75,0.009239233
4/12/2023 10:30,76.91,0.009023357
4/12/2023 10:45,73.325,0.008602752
4/12/2023 11:00,83.785,0.009829957
4/12/2023 11:15,71.505,0.008389223
4/12/2023 11:30,73.5,0.008623284
4/12/2023 11:45,71.56,0.008395676
4/12/2023 12:00,71.22,0.008355786
4/12/2023 12:15,69.26,0.008125832
4/12/2023 12:30,64.965,0.007621927
4/12/2023 12:45,69.16,0.0081141
4/12/2023 13:00,70.28,0.008245502
4/12/2023 13:15,69.78,0.00818684
4/12/2023 13:30,70.06,0.008219691
4/12/2023 13:45,80.47,0.009441029
4/12/2023 14:00,66.705,0.00782607
4/12/2023 14:15,120.77,0.01416917
4/12/2023 14:30,67.45,0.007913476
4/12/2023 14:45,66.015,0.007745117
4/12/2023 15:00,63.405,0.007438902
4/12/2023 15:45,61.175,0.007177271
4/12/2023 16:00,67.355,0.00790233
4/12/2023 16:15,67.98,0.007975658
4/12/2023 16:30,64.485,0.007565612
4/12/2023 16:45,65.045,0.007631313
4/12/2023 17:00,60.92,0.007147353
4/12/2023 17:15,71.01,0.008331148
4/12/2023 17:30,61.12,0.007170818
4/12/2023 17:45,61.77,0.007247078
4/12/2023 18:00,67.645,0.007936354
4/12/2023 18:15,67.785,0.00795278
4/12/2023 18:30,112.335,0.013179546
4/12/2023 18:45,67.18,0.007881799
4/12/2023 19:00,73.065,0.008572248
4/12/2023 19:15,67.595,0.007930488
4/12/2023 19:30,77.4,0.009080846
4/12/2023 20:00,488.705,0.057336625
4/12/2023 20:30,93.115,0.010924586
4/12/2023 20:45,333.785,0.039160855
4/12/2023 21:00,133.635,0.015678538
4/12/2023 21:15,391.585,0.045942158
4/12/2023 21:30,138.085,0.016200628
4/12/2023 21:45,151.405,0.017763378
4/12/2023 22:00,599.155,0.070295016
4/12/2023 22:30,611.805,0.071779159
4/12/2023 23:00,322.725,0.037863256
4/12/2023 23:15,225,0.026397808
4/12/2023 23:30,231.82,0.027197955
4/12/2023 23:45,240.665,0.028235682
4/13/2023 0:15,235.09,0.027581603
4/13/2023 1:00,231.015,0.027103509
4/13/2023 1:30,300.09,0.035207636
4/13/2023 1:45,141.055,0.016549079
4/13/2023 2:30,200.675,0.023543912
4/13/2023 2:45,233.39,0.027382153
4/13/2023 3:00,616.365,0.072314155
4/13/2023 4:00,606.7,0.071180223
4/13/2023 4:15,1273.215,0.149378156
4/13/2023 4:30,1417.82,0.166343733
4/13/2023 4:45,1336.24,0.156772475
4/13/2023 5:00,1368.915,0.160606023
4/13/2023 5:15,1262.12,0.14807645
4/13/2023 5:30,1325.415,0.155502447
4/13/2023 5:45,1374.87,0.161304685
4/13/2023 6:00,1463.43,0.171694862
4/13/2023 6:15,1415.785,0.16610498
4/13/2023 6:30,1376.165,0.161456619
4/13/2023 6:45,1384.52,0.162436858
4/13/2023 7:00,1291.49,0.151522244
4/13/2023 7:15,1518.355,0.178138861
4/13/2023 7:30,1528.42,0.179319723
4/13/2023 7:45,1447.385,0.169812405
4/13/2023 8:00,1459.415,0.171223808
4/13/2023 8:15,1427.935,0.167530462
4/13/2023 8:30,1436.01,0.16847785
4/13/2023 8:45,1591.2,0.186685298
4/13/2023 9:00,1588.47,0.186365004
4/13/2023 9:15,1479.3,0.173556788
4/13/2023 9:30,1531.23,0.179649402
4/13/2023 9:45,1275.935,0.149697276
4/13/2023 10:00,1122.92,0.131745007
4/13/2023 10:15,1238.735,0.145332838
4/13/2023 10:30,1225.65,0.143797659
4/13/2023 10:45,1139.935,0.133741267
4/13/2023 11:00,940.325,0.110322306
4/13/2023 11:15,912.72,0.107083588
4/13/2023 11:30,1006.405,0.118075048
4/13/2023 11:45,772.01,0.090574985
4/13/2023 12:00,920.735,0.108023936
4/13/2023 12:15,1145.345,0.134375988
4/13/2023 12:30,1104.54,0.129588599
4/13/2023 12:45,1053.11,0.123554647
4/13/2023 13:00,1057.85,0.124110761
4/13/2023 13:15,1117.575,0.131117912
4/13/2023 13:30,1137.57,0.133463797
4/13/2023 13:45,1054.33,0.123697781
4/13/2023 14:00,1056.275,0.123925976
4/13/2023 14:15,1091.56,0.128065739
4/13/2023 14:30,1085.95,0.127407553
4/13/2023 14:45,1070.23,0.125563227
4/13/2023 15:00,1006.325,0.118065662
4/13/2023 15:15,1119.83,0.131382477
4/13/2023 15:30,910.5,0.106823129
4/13/2023 15:45,1030.085,0.120853271
4/13/2023 16:00,221.37,0.025971923
4/13/2023 16:15,1027.575,0.120558789
4/13/2023 16:30,973.555,0.114220968
4/13/2023 16:45,1010.325,0.118534957
4/13/2023 17:00,942.225,0.11054522
4/13/2023 17:15,1029.275,0.120758239
4/13/2023 17:30,999.33,0.117244984
4/13/2023 17:45,826.81,0.097004318
4/13/2023 18:00,861.55,0.10108014
4/13/2023 18:15,852.73,0.100045346
4/13/2023 18:30,1006.99,0.118143683
4/13/2023 18:45,1026.7,0.120456131
4/13/2023 19:00,1025.315,0.120293637
4/13/2023 19:15,1004.22,0.117818696
4/13/2023 19:30,984.19,0.115468705
4/13/2023 19:45,1003.515,0.117735983
4/13/2023 20:00,987.02,0.115800731
4/13/2023 20:15,956.835,0.112259318
4/13/2023 20:30,979.505,0.114919044
4/13/2023 20:45,931.855,0.109328575
4/13/2023 21:00,922.59,0.108241572
4/13/2023 21:15,906.115,0.106308665
4/13/2023 21:30,916.735,0.107554642
4/13/2023 21:45,898.13,0.105371837
4/13/2023 22:00,921.725,0.108140087
4/13/2023 22:15,898.78,0.105448097
4/13/2023 22:30,890.39,0.104463752
4/13/2023 22:45,910.735,0.1068507
4/13/2023 23:00,864.665,0.101445603
4/13/2023 23:15,875.095,0.102669288
4/13/2023 23:30,873.24,0.102451652
4/13/2023 23:45,893.535,0.104832735
4/14/2023 0:00,834.155,0.09786606
4/14/2023 0:15,797.935,0.093616599
4/14/2023 0:30,785.15,0.092116617
4/14/2023 0:45,791.88,0.092906205
4/14/2023 1:00,797.605,0.093577883
4/14/2023 1:15,733.64,0.086073279
4/14/2023 1:30,736.3,0.08638536
4/14/2023 1:45,718.13,0.08425359
4/14/2023 2:00,728.035,0.08541568
4/14/2023 2:15,708.285,0.083098539
4/14/2023 2:30,680.445,0.079832251
4/14/2023 2:45,656.9,0.077069867
4/14/2023 3:00,647.795,0.076001635
4/14/2023 3:15,655.735,0.076933185
4/14/2023 3:30,731.965,0.085876762
4/14/2023 3:45,694.39,0.081468328
4/14/2023 4:00,830.94,0.097488865
4/14/2023 4:15,889.16,0.104319444
4/14/2023 4:30,846.81,0.09935079
4/14/2023 4:45,1034.28,0.121345443
4/14/2023 5:00,952.83,0.111789437
4/14/2023 5:15,894.205,0.104911341
4/14/2023 5:30,873.785,0.102515594
4/14/2023 5:45,816.615,0.095808204
4/14/2023 6:00,841.4,0.098716069
4/14/2023 6:15,942.66,0.110596256
4/14/2023 6:30,840.82,0.098648022
4/14/2023 6:45,811.55,0.09521396
4/14/2023 7:00,839.065,0.098442119
4/14/2023 7:15,763.37,0.089561309
4/14/2023 7:30,657.505,0.077140848
4/14/2023 7:45,713.62,0.083724461
4/14/2023 8:00,594.15,0.069707811
4/14/2023 8:15,635.475,0.074556209
4/14/2023 8:30,615.19,0.0721763
4/14/2023 8:45,711.82,0.083513278
4/14/2023 9:00,724.72,0.085026753
4/14/2023 9:15,762.54,0.089463931
4/14/2023 9:30,714.605,0.083840025
4/14/2023 9:45,716.91,0.084110455
4/14/2023 10:00,707.29,0.082981803
4/14/2023 10:15,722.98,0.08482261
4/14/2023 10:30,727.05,0.085300117
4/14/2023 10:45,709.755,0.083271005
4/14/2023 11:00,721.955,0.084702353
4/14/2023 11:15,800.64,0.09393396
4/14/2023 11:30,735.8,0.086326698
4/14/2023 11:45,731.935,0.085873242
4/14/2023 12:00,730.925,0.085754746
4/14/2023 12:15,724.88,0.085045524
4/14/2023 12:30,710.45,0.083352545
4/14/2023 12:45,712.885,0.083638228
4/14/2023 13:00,737.525,0.086529081
4/14/2023 13:15,732.37,0.085924278
4/14/2023 13:30,727.78,0.085385763
4/14/2023 13:45,740.3,0.086854654
4/14/2023 14:00,718.13,0.08425359
4/14/2023 14:15,702.49,0.082418649
4/14/2023 14:30,699.805,0.082103635
4/14/2023 14:45,677.97,0.079541875
4/14/2023 15:00,645.18,0.075694834
4/14/2023 15:15,655.605,0.076917933
4/14/2023 15:30,580.725,0.068132742
4/14/2023 15:45,611.925,0.071793238
4/14/2023 16:00,658.47,0.077254065
4/14/2023 16:15,653.615,0.076684459
4/14/2023 16:30,717.345,0.084161491
4/14/2023 16:45,731.655,0.085840392
4/14/2023 17:00,685.56,0.080432361
4/14/2023 17:15,654.285,0.076763066
4/14/2023 17:30,687.405,0.080648823
4/14/2023 17:45,679.715,0.079746605
4/14/2023 18:00,680.88,0.079883286
4/14/2023 18:15,813.145,0.095401091
4/14/2023 18:30,722.78,0.084799145
4/14/2023 18:45,550.93,0.064637086
4/14/2023 19:00,673.67,0.079037383
4/14/2023 19:15,663.59,0.077854762
4/14/2023 19:30,713.165,0.083671079
4/14/2023 19:45,700.05,0.08213238
4/14/2023 20:00,733.59,0.086067413
4/14/2023 20:15,709.4,0.083229355
4/14/2023 20:30,693.085,0.081315221
4/14/2023 20:45,532.4,0.06246308
4/14/2023 21:00,673.395,0.079005119
4/14/2023 21:15,650.585,0.076328968
4/14/2023 21:30,642.38,0.075366328
4/14/2023 21:45,205.33,0.024090053
4/14/2023 22:00,139.07,0.016316192
4/14/2023 22:15,475.08,0.055738092
4/14/2023 22:30,301.11,0.035327306
4/14/2023 22:45,812.285,0.095300193
4/14/2023 23:00,745.715,0.087489962
4/14/2023 23:15,644.205,0.075580444
4/14/2023 23:30,660.945,0.077544441
4/14/2023 23:45,624.56,0.073275622
4/15/2023 0:00,661.635,0.077625394
4/15/2023 0:15,703.115,0.082491977
4/15/2023 0:30,655.245,0.076875696
4/15/2023 0:45,644.39,0.075602149
4/15/2023 1:00,596.58,0.069992908
4/15/2023 1:15,590.29,0.069254942
4/15/2023 1:30,608.805,0.071427189
4/15/2023 1:45,647.025,0.075911296
4/15/2023 2:00,628.9,0.073784806
4/15/2023 2:15,626.265,0.073475659
4/15/2023 2:30,632.18,0.074169628
4/15/2023 2:45,614.615,0.072108839
4/15/2023 3:00,606.49,0.071155585
4/15/2023 3:15,651.085,0.07638763
4/15/2023 3:30,621.865,0.072959435
4/15/2023 3:45,642.635,0.075396246
4/15/2023 4:00,635.15,0.074518079
4/15/2023 4:15,597.71,0.070125483
4/15/2023 4:30,606.03,0.071101616
4/15/2023 4:45,607.005,0.071216006
4/15/2023 5:00,661.19,0.077573185
4/15/2023 5:15,583.9,0.068505245
4/15/2023 5:30,599.415,0.07032552
4/15/2023 5:45,652.34,0.076534871
4/15/2023 6:00,586.825,0.068848416
4/15/2023 6:15,610.685,0.071647757
4/15/2023 6:30,686.365,0.080526806
4/15/2023 6:45,731.79,0.08585623
4/15/2023 7:00,691.115,0.081084093
4/15/2023 7:15,706.15,0.082848054
4/15/2023 7:30,709.67,0.083261033
4/15/2023 7:45,673.54,0.079022131
4/15/2023 8:00,682.995,0.080131426
4/15/2023 8:15,688.87,0.080820702
4/15/2023 8:30,697.725,0.081859602
4/15/2023 8:45,724.555,0.085007394
4/15/2023 9:00,721.515,0.084650731
4/15/2023 9:15,693.54,0.081368603
4/15/2023 9:30,682.975,0.080129079
4/15/2023 9:45,652.375,0.076538978
4/15/2023 10:00,433.195,0.050823993
4/15/2023 10:15,444.49,0.052149163
4/15/2023 10:30,518.99,0.06088977
4/15/2023 10:45,684.675,0.08032853
4/15/2023 11:00,681.025,0.079900298
4/15/2023 11:15,720.3,0.084508182
4/15/2023 11:30,703.285,0.082511922
4/15/2023 11:45,642.32,0.075359289
4/15/2023 12:00,684.835,0.080347301
4/15/2023 12:15,672.195,0.078864331
4/15/2023 12:30,377.755,0.044319573
4/15/2023 12:45,421.43,0.049443681
4/15/2023 13:00,377.01,0.044232167
4/15/2023 13:15,424.805,0.049839648
4/15/2023 13:30,412.51,0.048397154
4/15/2023 13:45,671.715,0.078808016
4/15/2023 14:00,734,0.086115516
4/15/2023 14:15,694.04,0.081427265
4/15/2023 14:30,696.605,0.0817282
4/15/2023 14:45,578.805,0.067907481
4/15/2023 15:00,552.305,0.064798406
4/15/2023 15:15,580.585,0.068116317
4/15/2023 15:30,581.955,0.06827705
4/15/2023 15:45,642.725,0.075406805
4/15/2023 16:00,628.225,0.073705613
4/15/2023 16:15,584.235,0.068544548
4/15/2023 16:30,430.335,0.050488447
4/15/2023 16:45,404.14,0.047415156
4/15/2023 17:00,397.815,0.046673084
4/15/2023 17:15,402.68,0.047243864
4/15/2023 17:30,435.28,0.051068613
4/15/2023 17:45,444.11,0.05210458
4/15/2023 18:00,490.15,0.057506158
4/15/2023 18:15,431.655,0.050643315
4/15/2023 18:30,423.705,0.049710592
4/15/2023 18:45,395.735,0.046429051
4/15/2023 19:00,425.535,0.049925294
4/15/2023 19:15,569.47,0.066812265
4/15/2023 19:30,433.735,0.050887348
4/15/2023 19:45,427.145,0.050114185
4/15/2023 20:00,425.975,0.049976917
4/15/2023 20:15,451.675,0.052992133
4/15/2023 20:30,474.525,0.055672977
4/15/2023 20:45,460.51,0.054028687
4/15/2023 21:00,452.625,0.05310359
4/15/2023 21:15,445.79,0.052301684
4/15/2023 21:30,442.565,0.051923315
4/15/2023 21:45,457.175,0.053637413
4/15/2023 22:00,443.16,0.051993122
4/15/2023 22:15,430.865,0.050550629
4/15/2023 22:30,417.78,0.04901545
4/15/2023 22:45,363.355,0.042630113
4/15/2023 23:00,401.075,0.047055559
4/15/2023 23:15,408.67,0.047946632
4/15/2023 23:30,420.53,0.04933809
4/15/2023 23:45,424.97,0.049859006
4/16/2023 0:00,449.28,0.052711143
4/16/2023 0:15,364.105,0.042718106
4/16/2023 0:30,431.21,0.050591106
4/16/2023 0:45,295.36,0.034652696
4/16/2023 1:00,393.045,0.046113451
4/16/2023 1:15,463.87,0.054422894
4/16/2023 1:30,351.185,0.041202285
4/16/2023 1:45,439.97,0.05161886
4/16/2023 2:00,396.225,0.04648654
4/16/2023 2:15,438.89,0.051492151
4/16/2023 2:30,423.965,0.049741096
4/16/2023 2:45,534.34,0.062690687
4/16/2023 3:00,476.41,0.055894132
4/16/2023 3:15,433.04,0.050805808
4/16/2023 3:30,440.355,0.05166403
4/16/2023 3:45,392.56,0.046056549
4/16/2023 4:00,401.04,0.047051453
4/16/2023 4:15,416.86,0.048907512
4/16/2023 4:30,381.61,0.044771855
4/16/2023 4:45,364.88,0.042809032
4/16/2023 5:00,400.825,0.047026228
4/16/2023 5:15,375.08,0.044005732
4/16/2023 5:30,369.285,0.043325842
4/16/2023 5:45,315.66,0.037034365
4/16/2023 6:00,332.225,0.03897783
4/16/2023 6:15,328.21,0.038506776
4/16/2023 6:30,295.16,0.034629231
4/16/2023 6:45,295.51,0.034670294
4/16/2023 7:00,231.395,0.027148092
4/16/2023 7:15,302.435,0.03548276
4/16/2023 7:30,303.315,0.035586005
4/16/2023 7:45,297.385,0.034890276
4/16/2023 8:00,291.365,0.034183988
4/16/2023 8:15,254.575,0.029867653
4/16/2023 8:30,331.94,0.038944393
4/16/2023 8:45,284.365,0.033362723
4/16/2023 9:00,399.655,0.04688896
4/16/2023 9:15,376.21,0.044138308
4/16/2023 9:30,369.96,0.043405036
4/16/2023 9:45,369.115,0.043305897
4/16/2023 10:00,392.225,0.046017245
4/16/2023 10:15,375.22,0.044022158
4/16/2023 10:30,377.455,0.044284376
4/16/2023 10:45,353.86,0.041516126
4/16/2023 11:00,308.5,0.036194328
4/16/2023 11:15,317.45,0.037244374
4/16/2023 11:30,327.73,0.03845046
4/16/2023 11:45,381.215,0.044725513
4/16/2023 12:00,328.235,0.038509709
4/16/2023 12:15,316.925,0.037182779
4/16/2023 12:30,326.495,0.038305566
4/16/2023 12:45,350.86,0.041164155
4/16/2023 13:00,368.8,0.04326894
4/16/2023 13:15,424.745,0.049832609
4/16/2023 13:30,392.13,0.0460061
4/16/2023 13:45,347.64,0.040786373
4/16/2023 14:00,379.41,0.044513744
4/16/2023 14:15,380.285,0.044616402
4/16/2023 14:30,389.635,0.045713377
4/16/2023 14:45,345.755,0.040565218
4/16/2023 15:00,373.88,0.043864944
4/16/2023 15:15,353.215,0.041440452
4/16/2023 15:30,358.585,0.04207048
4/16/2023 15:45,405.51,0.047575889
4/16/2023 16:00,359.28,0.04215202
4/16/2023 16:15,402.565,0.047230371
4/16/2023 16:30,309.085,0.036262962
4/16/2023 16:45,356.26,0.041797702
4/16/2023 17:00,359.335,0.042158472
4/16/2023 17:15,320.9,0.03764914
4/16/2023 17:30,373.78,0.043853212
4/16/2023 17:45,374.71,0.043962323
4/16/2023 18:00,322.3,0.037813393
4/16/2023 18:15,326.895,0.038352495
4/16/2023 18:30,305.05,0.035789561
4/16/2023 18:45,324.965,0.038126061
4/16/2023 19:00,332.735,0.039037665
4/16/2023 19:15,325.185,0.038151872
4/16/2023 19:30,307.855,0.036118654
4/16/2023 19:45,301.19,0.035336692
4/16/2023 20:00,316.485,0.037131157
4/16/2023 20:15,310.025,0.036373246
4/16/2023 20:30,321.635,0.037735373
4/16/2023 20:45,316.88,0.037177499
4/16/2023 21:00,315.165,0.036976289
4/16/2023 21:15,300.945,0.035307948
4/16/2023 21:30,309.755,0.036341569
4/16/2023 21:45,493.76,0.057929696
4/16/2023 22:00,156.89,0.018406898
4/16/2023 22:15,254.32,0.029837736
4/16/2023 22:30,278.56,0.032681659
4/16/2023 22:45,270.605,0.03174835
4/16/2023 23:00,254.915,0.029907543
4/16/2023 23:15,258.655,0.030346333
4/16/2023 23:30,247.945,0.029089798
4/16/2023 23:45,246.725,0.028946663
4/17/2023 0:00,240.655,0.028234509
4/17/2023 0:15,254.575,0.029867653
4/17/2023 0:30,251.85,0.029547946
4/17/2023 0:45,278.26,0.032646462
4/17/2023 1:00,221.68,0.026008294
4/17/2023 1:15,309.945,0.03636386
4/17/2023 1:30,287.87,0.033773942
4/17/2023 1:45,281.09,0.032978488
4/17/2023 2:00,263.02,0.030858451
4/17/2023 2:15,259.46,0.030440779
4/17/2023 2:30,250.9,0.029436489
4/17/2023 2:45,273.37,0.03207275
4/17/2023 3:00,255.165,0.029936874
4/17/2023 3:15,297.075,0.034853906
4/17/2023 3:30,268.75,0.031530715
4/17/2023 3:45,285.605,0.033508204
4/17/2023 4:00,248.32,0.029133794
4/17/2023 4:15,238.795,0.028016287
4/17/2023 4:30,303.08,0.035558434
4/17/2023 4:45,276.94,0.032491595
4/17/2023 5:00,273.53,0.032091522
4/17/2023 5:15,270.16,0.031696141
4/17/2023 5:30,281.19,0.03299022
4/17/2023 5:45,256.345,0.030075316
4/17/2023 6:00,279.32,0.032770825
4/17/2023 6:15,210.84,0.024736506
4/17/2023 6:30,239.51,0.028100173
4/17/2023 6:45,265.945,0.031201622
4/17/2023 7:00,267.46,0.031379368
4/17/2023 7:15,280.085,0.032860578
4/17/2023 7:30,294.81,0.034588168
4/17/2023 7:45,255.04,0.029922209
4/17/2023 8:00,271.39,0.031840449
4/17/2023 8:15,276.595,0.032451119
4/17/2023 8:30,295.535,0.034673227
4/17/2023 8:45,286.885,0.033658378
4/17/2023 9:00,276.855,0.032481623
4/17/2023 9:15,254.575,0.029867653
4/17/2023 9:30,280.87,0.032952677
4/17/2023 9:45,245.69,0.028825233
4/17/2023 10:00,256.195,0.030057717
4/17/2023 10:15,235.125,0.027585709
4/17/2023 10:30,262.645,0.030814455
4/17/2023 10:45,309.065,0.036260616
4/17/2023 11:00,369.275,0.043324669
4/17/2023 11:15,355.095,0.04166102
4/17/2023 11:30,395.01,0.046343992
4/17/2023 11:45,373.54,0.043825054
4/17/2023 12:00,353.885,0.041519059
4/17/2023 12:15,360.395,0.042282836
4/17/2023 12:30,349.02,0.04094828
4/17/2023 12:45,382.195,0.04484049
4/17/2023 13:00,394,0.046225495
4/17/2023 13:15,338.24,0.039683531
4/17/2023 13:30,340.325,0.039928151
4/17/2023 13:45,372.79,0.043737061
4/17/2023 14:00,410.49,0.048160161
4/17/2023 14:15,440.895,0.051727385
4/17/2023 14:30,545.55,0.064005885
4/17/2023 14:45,456.15,0.053517156
4/17/2023 15:00,491.935,0.057715581
4/17/2023 15:15,183.61,0.021541785
4/17/2023 15:30,192.27,0.022557807
4/17/2023 15:45,196.785,0.023087523
4/17/2023 16:00,520.155,0.061026452
4/17/2023 16:15,539.745,0.063324822
4/17/2023 16:30,584.245,0.068545721
4/17/2023 16:45,530.925,0.062290027
4/17/2023 17:00,503.935,0.059123464
4/17/2023 17:15,543.235,0.063734281
4/17/2023 17:30,597.555,0.070107298
4/17/2023 17:45,608.005,0.07133333
4/17/2023 18:00,604.515,0.07092387
4/17/2023 18:15,598.33,0.070198224
4/17/2023 18:30,614.05,0.072042551
4/17/2023 18:45,543.285,0.063740147
4/17/2023 19:00,552.515,0.064823044
4/17/2023 19:15,555.44,0.065166215
4/17/2023 19:30,604.18,0.070884567
4/17/2023 19:45,592.75,0.069543558
4/17/2023 20:00,581.835,0.068262971
4/17/2023 20:15,592.215,0.06948079
4/17/2023 20:30,582.925,0.068390854
4/17/2023 20:45,601.345,0.070551955
4/17/2023 21:00,587.48,0.068925263
4/17/2023 21:15,575.38,0.067505648
4/17/2023 21:30,569.675,0.066836317
4/17/2023 21:45,555.235,0.065142164
4/17/2023 22:00,547.26,0.064206508
4/17/2023 22:15,558.235,0.065494135
4/17/2023 22:30,607.31,0.07125179
4/17/2023 22:45,586.285,0.068785061
4/17/2023 23:00,565.59,0.06635705
4/17/2023 23:15,513.64,0.060262089
4/17/2023 23:30,610.445,0.071619599
4/17/2023 23:45,431.01,0.050567641
4/18/2023 0:00,520.545,0.061072209
4/18/2023 0:15,575.645,0.067536738
4/18/2023 0:30,710.29,0.083333773
4/18/2023 0:45,690.23,0.080980262
4/18/2023 1:00,694.355,0.081464222
4/18/2023 1:15,681.795,0.079990638
4/18/2023 1:30,661.63,0.077624807
4/18/2023 1:45,716.895,0.084108696
4/18/2023 2:00,638.99,0.074968601
4/18/2023 2:15,680.16,0.079798814
4/18/2023 2:30,657.485,0.077138501
4/18/2023 2:45,553.15,0.064897544
4/18/2023 3:00,625.73,0.07341289
4/18/2023 3:15,577.8,0.067789571
4/18/2023 3:30,525.26,0.061625389
4/18/2023 3:45,551.09,0.064655858
4/18/2023 4:00,497.845,0.058408963
4/18/2023 4:15,511.9,0.060057946
4/18/2023 4:30,510.325,0.059873161
4/18/2023 4:45,533.125,0.062548139
4/18/2023 5:00,506.725,0.059450797
4/18/2023 5:15,497.18,0.058330943
4/18/2023 5:30,470.725,0.055227147
4/18/2023 5:45,432.44,0.050735414
4/18/2023 6:00,429.125,0.050346486
4/18/2023 6:15,411.91,0.04832676
4/18/2023 6:30,367.175,0.043078289
4/18/2023 6:45,315.665,0.037034951
4/18/2023 7:00,312.24,0.036633118
4/18/2023 7:15,346.085,0.040603935
4/18/2023 7:30,466.54,0.054736148
4/18/2023 7:45,523.51,0.061420073
4/18/2023 8:00,528.74,0.062033675
4/18/2023 8:15,478.32,0.05611822
4/18/2023 8:30,468.2,0.054930905
4/18/2023 8:45,504.395,0.059177433
4/18/2023 9:00,447.725,0.052528705
4/18/2023 9:15,507.985,0.059598624
4/18/2023 9:30,502.215,0.058921667
4/18/2023 9:45,536.69,0.062966398
4/18/2023 10:00,561.93,0.065927645
4/18/2023 10:15,572.98,0.067224071
4/18/2023 10:30,541.695,0.063553603
4/18/2023 10:45,587.115,0.06888244
4/18/2023 11:00,581.24,0.068193164
4/18/2023 11:15,554.445,0.065049478
4/18/2023 11:30,593.79,0.069665575
4/18/2023 11:45,590.51,0.069280754
4/18/2023 12:00,590.195,0.069243797
4/18/2023 12:15,580.505,0.068106931
4/18/2023 12:30,608.065,0.071340369
4/18/2023 12:45,631.34,0.074071076
4/18/2023 13:00,630.405,0.073961378
4/18/2023 13:15,647.065,0.075915989
4/18/2023 13:30,712.05,0.083540263
4/18/2023 13:45,735.93,0.08634195
4/18/2023 14:00,753.595,0.088414471
4/18/2023 14:15,760.825,0.089262721
4/18/2023 14:30,763.58,0.089585947
4/18/2023 14:45,771.255,0.090486406
4/18/2023 15:00,783.26,0.091894876
4/18/2023 15:15,768.695,0.090186058
4/18/2023 15:30,784.095,0.091992841
4/18/2023 15:45,841.745,0.098756546
4/18/2023 16:00,727.08,0.085303636
4/18/2023 16:15,741.45,0.086989576
4/18/2023 16:30,802.65,0.09416978
4/18/2023 16:45,816.19,0.095758342
4/18/2023 17:00,716.265,0.084034782
4/18/2023 17:15,777.6,0.091230824
4/18/2023 17:30,820.635,0.096279845
4/18/2023 17:45,723.45,0.084877752
4/18/2023 18:00,838.46,0.098371138
4/18/2023 18:15,842.43,0.098836913
4/18/2023 18:30,851.465,0.099896931
4/18/2023 18:45,842.625,0.098859791
4/18/2023 19:00,830.67,0.097457187
4/18/2023 19:15,853.915,0.100184374
4/18/2023 19:30,855.255,0.100341588
4/18/2023 19:45,833.45,0.097783347
4/18/2023 20:00,856.8,0.100522853
4/18/2023 20:15,834.955,0.097959919
4/18/2023 20:30,755.37,0.088622721
4/18/2023 20:45,802.685,0.094173886
4/18/2023 21:00,774.79,0.090901145
4/18/2023 21:15,731.255,0.085793462
4/18/2023 21:30,763.94,0.089628184
4/18/2023 21:45,763.17,0.089537845
4/18/2023 22:00,848.37,0.099533815
4/18/2023 22:15,695.23,0.08156688
4/18/2023 22:30,878.74,0.103096932
4/18/2023 22:45,762.515,0.089460998
4/18/2023 23:00,757.945,0.088924829
4/18/2023 23:15,655.24,0.07687511
4/18/2023 23:30,700.455,0.082179896
4/18/2023 23:45,778.12,0.091291832
4/19/2023 0:00,861.805,0.101110057
4/19/2023 0:15,881.53,0.103424265
4/19/2023 0:30,909.42,0.10669642
4/19/2023 0:45,885.565,0.103897666
4/19/2023 1:00,891.605,0.1046063
4/19/2023 1:15,880.73,0.103330406
4/19/2023 1:30,788.795,0.092544262
4/19/2023 1:45,842.84,0.098885015
4/19/2023 2:00,944.405,0.110800986
4/19/2023 2:15,939.51,0.110226687
4/19/2023 2:30,879.36,0.103169673
4/19/2023 2:45,891.565,0.104601607
4/19/2023 3:00,890.375,0.104461992
4/19/2023 3:15,894.03,0.10489081
4/19/2023 3:30,958.9,0.112501591
4/19/2023 3:45,914.615,0.107305916
4/19/2023 4:00,928.965,0.10898951
4/19/2023 4:15,946.06,0.110995156
4/19/2023 4:30,916.01,0.107469582
4/19/2023 4:45,880.245,0.103273504
4/19/2023 5:00,837.715,0.098283732
4/19/2023 5:15,568.64,0.066714887
4/19/2023 5:45,677.895,0.079533076
4/19/2023 6:00,692.44,0.081239547
4/19/2023 6:15,687.215,0.080626531
4/19/2023 6:30,679.19,0.07968501
4/19/2023 6:45,702.91,0.082467925
4/19/2023 7:00,698.86,0.081992765
4/19/2023 7:15,716.54,0.084067046
4/19/2023 7:30,718.94,0.084348622
4/19/2023 7:45,730.92,0.085754159
4/19/2023 8:00,743.425,0.08722129
4/19/2023 8:15,729.615,0.085601052
4/19/2023 8:30,734.76,0.086204682
4/19/2023 8:45,711.125,0.083431738
4/19/2023 9:00,716.75,0.084091684
4/19/2023 9:15,711.66,0.083494507
4/19/2023 9:30,729.515,0.085589319
4/19/2023 9:45,713.26,0.083682224
4/19/2023 10:00,721.72,0.084674782
4/19/2023 10:15,628.56,0.073744916
4/19/2023 10:30,653.46,0.076666274
4/19/2023 10:45,637.44,0.07478675
4/19/2023 11:00,633.195,0.074288711
4/19/2023 11:15,610.47,0.071622532
4/19/2023 11:30,610.115,0.071580883
4/19/2023 11:45,567.215,0.066547701
4/19/2023 12:00,577.6,0.067766106
4/19/2023 12:15,568.865,0.066741284
4/19/2023 12:30,542.045,0.063594666
4/19/2023 12:45,554.925,0.065105794
4/19/2023 13:00,540.345,0.063395216
4/19/2023 13:15,525.995,0.061711622
4/19/2023 13:30,527.27,0.06186121
4/19/2023 13:45,524.32,0.061515105
4/19/2023 14:00,471.405,0.055306927
4/19/2023 14:15,495.845,0.058174316
4/19/2023 14:30,495.52,0.058136186
4/19/2023 14:45,484.435,0.056835654
4/19/2023 15:00,486.035,0.057023371
4/19/2023 15:15,491.07,0.057614096
4/19/2023 15:30,473.915,0.05560141
4/19/2023 15:45,472.61,0.055448302
4/19/2023 16:00,467.635,0.054864617
4/19/2023 16:15,469.69,0.055105717
4/19/2023 16:30,482.315,0.056586928
4/19/2023 16:45,491.375,0.057649879
4/19/2023 17:00,485.45,0.056954737
4/19/2023 17:15,481.3,0.056467844
4/19/2023 17:30,475.535,0.055791474
4/19/2023 17:45,460.485,0.054025754
4/19/2023 18:00,461.11,0.054099081
4/19/2023 18:15,459.055,0.053857981
4/19/2023 18:30,464.08,0.054447532
4/19/2023 18:45,459.755,0.053940107
4/19/2023 19:00,464.045,0.054443426
4/19/2023 19:15,460.815,0.05406447
4/19/2023 19:30,465.74,0.054642289
4/19/2023 19:45,461.785,0.054178274
4/19/2023 20:00,431.765,0.05065622
4/19/2023 20:15,432.985,0.050799355
4/19/2023 20:30,424,0.049745202
4/19/2023 20:45,418.08,0.049050647
4/19/2023 21:00,422.355,0.049552205
4/19/2023 21:15,427.865,0.050198658
4/19/2023 21:30,388.77,0.045611892
4/19/2023 21:45,394.605,0.046296476
4/19/2023 22:00,389.405,0.045686393
4/19/2023 22:15,382.43,0.044868061
4/19/2023 22:30,384.195,0.045075137
4/19/2023 22:45,384.295,0.045086869
4/19/2023 23:00,378.38,0.0443929
4/19/2023 23:15,400.535,0.046992204
4/19/2023 23:30,389.46,0.045692846
4/19/2023 23:45,389.165,0.045658235
4/20/2023 0:00,399.135,0.046827951
4/20/2023 0:15,400.315,0.046966393
4/20/2023 0:30,402.775,0.047255009
4/20/2023 0:45,394.9,0.046331086
4/20/2023 1:00,394.02,0.046227841
4/20/2023 1:15,409.365,0.048028172
4/20/2023 1:30,396.365,0.046502965
4/20/2023 1:45,393.355,0.046149821
4/20/2023 2:00,393.56,0.046173872
4/20/2023 2:15,393.605,0.046179152
4/20/2023 2:30,383.54,0.04499829
4/20/2023 2:45,390.395,0.045802543
4/20/2023 3:00,384.925,0.045160783
4/20/2023 3:15,382.955,0.044929656
4/20/2023 3:30,395.945,0.046453689
4/20/2023 3:45,403.69,0.04736236
4/20/2023 4:00,397.43,0.046627915
4/20/2023 4:15,418.44,0.049092883
4/20/2023 4:30,433.515,0.050861536
4/20/2023 4:45,427.48,0.050153489
4/20/2023 5:00,401.57,0.047113634
4/20/2023 5:15,400.235,0.046957007
4/20/2023 5:30,399.405,0.046859629
4/20/2023 5:45,390.455,0.045809583
4/20/2023 6:00,397.175,0.046597997
4/20/2023 6:15,399.7,0.046894239
4/20/2023 6:30,374.34,0.043918913
4/20/2023 6:45,394.41,0.046273597
4/20/2023 7:00,409.455,0.048038731
4/20/2023 7:15,360.405,0.042284009
4/20/2023 7:30,371.915,0.043634403
4/20/2023 7:45,367.51,0.043117593
4/20/2023 8:00,325.195,0.038153045
4/20/2023 8:15,347.63,0.0407852
4/20/2023 8:30,349.3,0.04098113
4/20/2023 8:45,342.3,0.040159865
4/20/2023 9:00,354.25,0.041561882
4/20/2023 9:15,330.645,0.038792459
4/20/2023 9:30,322.55,0.037842724
4/20/2023 9:45,329.61,0.038671029
4/20/2023 10:00,358.295,0.042036456
4/20/2023 10:15,298.845,0.035061568
4/20/2023 10:30,301.165,0.035333759
4/20/2023 10:45,310.475,0.036426042
4/20/2023 11:00,293.275,0.034408076
4/20/2023 11:15,307.695,0.036099882
4/20/2023 11:30,304.69,0.035747325
4/20/2023 11:45,265.485,0.031147653
4/20/2023 12:00,273.035,0.032033447
4/20/2023 12:15,272.28,0.031944867
4/20/2023 12:30,258.43,0.030319936
4/20/2023 12:45,287.115,0.033685363
4/20/2023 13:00,290.82,0.034120047
4/20/2023 13:15,248.685,0.029176617
4/20/2023 13:30,265.545,0.031154693
4/20/2023 13:45,276.45,0.032434107
4/20/2023 14:00,237.74,0.02789251
4/20/2023 14:15,246.89,0.028966021
4/20/2023 14:30,260.46,0.030558102
4/20/2023 14:45,219.565,0.025760154
4/20/2023 15:00,235.4,0.027617973
4/20/2023 15:15,242.03,0.028395829
4/20/2023 15:30,203.58,0.023884737
4/20/2023 15:45,222.64,0.026120924
4/20/2023 16:00,235.69,0.027651997
4/20/2023 16:15,206.94,0.024278944
4/20/2023 16:30,291.525,0.03420276
4/20/2023 16:45,275.69,0.032344941
4/20/2023 17:00,183.445,0.021522426
4/20/2023 17:15,232.065,0.027226699
4/20/2023 17:30,274.91,0.032253428
4/20/2023 17:45,343.42,0.040291268
4/20/2023 18:00,301.22,0.035340212
4/20/2023 18:15,252.34,0.029605435
4/20/2023 18:30,189.675,0.022253352
4/20/2023 18:45,194.28,0.022793627
4/20/2023 19:00,285.415,0.033485913
4/20/2023 19:15,195.225,0.022904498
4/20/2023 19:30,187.82,0.022035717
4/20/2023 19:45,199.745,0.023434801
4/20/2023 20:00,199.61,0.023418962
4/20/2023 20:15,228.29,0.026783803
4/20/2023 20:30,187.055,0.021945964
4/20/2023 20:45,198.27,0.023261748
4/20/2023 21:00,195.625,0.022951427
4/20/2023 21:15,196.015,0.022997184
4/20/2023 21:30,215.585,0.025293206
4/20/2023 21:45,211.765,0.02484503
4/20/2023 22:00,213.165,0.025009283
4/20/2023 22:15,231.47,0.027156892
4/20/2023 22:30,217.95,0.025570677
4/20/2023 22:45,204.16,0.023952784
4/20/2023 23:00,209.966729,0.024634051
4/20/2023 23:15,153.173458,0.01797086
4/20/2023 23:30,210.795187,0.024731248
4/20/2023 23:45,246.8019159,0.028955687
4/21/2023 0:00,231.3586449,0.027143827
4/21/2023 0:15,220.4253739,0.025861096
4/21/2023 0:30,244.3171029,0.02866416
4/21/2023 0:45,184.0488319,0.02159327
4/21/2023 1:00,169.5055609,0.019887001
4/21/2023 1:15,175.7572899,0.020620476
4/21/2023 1:30,166.4440188,0.01952781
4/21/2023 1:45,167.6357478,0.019667628
4/21/2023 2:00,164.6424768,0.019316447
4/21/2023 2:15,163.7742058,0.019214578
4/21/2023 2:30,164.6459348,0.019316852
4/21/2023 2:45,174.7676638,0.02050437
4/21/2023 3:00,166.8243927,0.019572437
4/21/2023 3:15,164.1311217,0.019256453
4/21/2023 3:30,154.4578507,0.01812155
4/21/2023 3:45,155.8695797,0.018287179
4/21/2023 4:00,166.0213087,0.019478216
4/21/2023 4:15,160.8430377,0.018870683
4/21/2023 4:30,161.6697667,0.018967678
4/21/2023 4:45,163.5714956,0.019190795
4/21/2023 5:00,159.7482246,0.018742235
4/21/2023 5:15,163.1049536,0.019136059
4/21/2023 5:30,166.6966826,0.019557453
4/21/2023 5:45,162.6184116,0.019078976
4/21/2023 6:00,167.0351406,0.019597162
4/21/2023 6:15,168.5118696,0.019770418
4/21/2023 6:30,161.1035985,0.018901253
4/21/2023 6:45,165.4053275,0.019405947
4/21/2023 7:00,167.2620565,0.019623785
4/21/2023 7:15,159.9637855,0.018767526
4/21/2023 7:30,163.7555145,0.019212385
4/21/2023 7:45,165.3122435,0.019395026
4/21/2023 8:00,161.3389725,0.018928868
4/21/2023 8:15,165.2207014,0.019384286
4/21/2023 8:30,166.9174304,0.019583352
4/21/2023 8:45,159.1041594,0.018666671
4/21/2023 9:00,158.6858884,0.018617598
4/21/2023 9:15,160.8226174,0.018868287
4/21/2023 9:30,152.0943464,0.017844255
4/21/2023 9:45,161.6560753,0.018966071
4/21/2023 10:00,166.4128043,0.019524148
4/21/2023 10:15,151.7645333,0.01780556
4/21/2023 10:30,172.2012623,0.02020327
4/21/2023 10:45,186.5579913,0.021887653
4/21/2023 11:00,202.6697203,0.023777939
4/21/2023 11:15,210.1764493,0.024658656
4/21/2023 11:30,242.9631782,0.028505312
4/21/2023 11:45,229.7849072,0.02695919
4/21/2023 12:00,262.4866362,0.030795875
4/21/2023 12:15,265.6033652,0.031161541
4/21/2023 12:30,261.1600942,0.03064024
4/21/2023 12:45,305.2018232,0.035807374
4/21/2023 13:00,282.9585522,0.033197713
4/21/2023 13:15,293.8552811,0.034476157
4/21/2023 13:30,292.4120101,0.034306827
4/21/2023 13:45,292.1037391,0.03427066
4/21/2023 14:00,298.3004681,0.034997682
4/21/2023 14:15,294.4021971,0.034540323
4/21/2023 14:30,278.8189261,0.032712038
4/21/2023 14:45,288.8756551,0.033891929
4/21/2023 15:00,290.682384,0.034103901
4/21/2023 15:15,278.609113,0.032687422
4/21/2023 15:30,268.700842,0.031524948
4/21/2023 15:45,270.392571,0.031723427
4/21/2023 16:00,262.1743,0.03075923
4/21/2023 16:15,296.051029,0.03473377
4/21/2023 16:30,280.1777579,0.032871461
4/21/2023 16:45,284.6594869,0.033397273
4/21/2023 17:00,282.4662159,0.033139951
4/21/2023 17:15,266.7779449,0.031299346
4/21/2023 17:30,276.4546739,0.032434655
4/21/2023 17:45,268.8464029,0.031542025
4/21/2023 18:00,282.8031319,0.033179479
4/21/2023 18:15,272.9798608,0.032026977
4/21/2023 18:30,274.9965898,0.032263587
4/21/2023 18:45,297.4583188,0.034898878
4/21/2023 19:00,269.8550478,0.031660363
4/21/2023 19:15,275.6517768,0.032340456
4/21/2023 19:30,256.3135058,0.030071621
4/21/2023 19:45,253.6652348,0.029760916
4/21/2023 20:00,247.2969637,0.029013768
4/21/2023 20:15,247.2986927,0.029013971
4/21/2023 20:30,241.7104217,0.028358335
4/21/2023 20:45,300.7171507,0.035281216
4/21/2023 21:00,274.6088797,0.0322181
4/21/2023 21:15,286.8956087,0.033659623
4/21/2023 21:30,319.4923377,0.037483988
4/21/2023 21:45,274.3390666,0.032186444
4/21/2023 22:00,343.8257956,0.040338877
4/21/2023 22:15,285.9575246,0.033549564
4/21/2023 22:30,284.7342536,0.033406045
4/21/2023 22:45,326.9759826,0.038361996
4/21/2023 23:00,304.7877116,0.035758789
4/21/2023 23:15,262.9194405,0.030846653
4/21/2023 23:30,274.2461695,0.032175545
4/21/2023 23:45,307.3878985,0.036063852
4/22/2023 0:00,305.7846275,0.035875751
4/22/2023 0:15,307.8513565,0.036118227
4/22/2023 0:30,313.0630855,0.036729685
4/22/2023 0:45,291.5298145,0.034203325
4/22/2023 1:00,260.9065434,0.030610493
4/22/2023 1:15,300.1732724,0.035217406
4/22/2023 1:30,303.3700014,0.035592458
4/22/2023 1:45,267.7717304,0.031415941
4/22/2023 2:00,295.3784594,0.034654861
4/22/2023 2:15,304.6801884,0.035746174
4/22/2023 2:30,297.5119174,0.034905166
4/22/2023 2:45,286.9586463,0.033667019
4/22/2023 3:00,286.7253753,0.033639651
4/22/2023 3:15,288.0421043,0.033794134
4/22/2023 3:30,289.9788333,0.034021358
4/22/2023 3:45,290.3255623,0.034062037
4/22/2023 4:00,268.1222913,0.03145707
4/22/2023 4:15,255.1990202,0.029940865
4/22/2023 4:30,297.2907492,0.034879218
4/22/2023 4:45,294.8224782,0.034589632
4/22/2023 5:00,269.1342072,0.031575792
4/22/2023 5:15,283.9209362,0.033310624
4/22/2023 5:30,302.8476652,0.035531176
4/22/2023 5:45,306.8543942,0.036001259
4/22/2023 6:00,305.6111231,0.035855394
4/22/2023 6:15,316.1628521,0.037093361
4/22/2023 6:30,334.9645811,0.039299247
4/22/2023 6:45,311.5713101,0.036554665
4/22/2023 7:00,319.0380391,0.037430688
4/22/2023 7:15,288.5347681,0.033851935
4/22/2023 7:30,341.3064971,0.040043304
4/22/2023 7:45,315.288226,0.036990747
4/22/2023 8:00,312.089955,0.036615514
4/22/2023 8:15,310.931684,0.036479622
4/22/2023 8:30,342.803413,0.040218927
4/22/2023 8:45,343.425142,0.040291871
4/22/2023 9:00,295.226871,0.034637077
4/22/2023 9:15,291.4236,0.034190863
4/22/2023 9:30,344.0553289,0.040365807
4/22/2023 9:45,334.5620579,0.039252022
4/22/2023 10:00,309.5987869,0.036323241
4/22/2023 10:15,340.2055159,0.039914133
4/22/2023 10:30,341.2172449,0.040032832
4/22/2023 10:45,335.5439739,0.039367224
4/22/2023 11:00,349.9807028,0.041060993
4/22/2023 11:15,315.9774318,0.037071607
4/22/2023 11:30,308.2641608,0.036166658
4/22/2023 11:45,313.2158898,0.036747613
4/22/2023 12:00,311.3776188,0.03653194
4/22/2023 12:15,317.9443478,0.037302373
4/22/2023 12:30,340.2960768,0.039924758
4/22/2023 12:45,336.6378057,0.039495556
4/22/2023 13:00,347.0495347,0.040717098
4/22/2023 13:15,339.2012637,0.03979631
4/22/2023 13:30,321.9579927,0.037773268
4/22/2023 13:45,330.6647217,0.038794772
4/22/2023 14:00,336.6314507,0.039494811
4/22/2023 14:15,337.7281797,0.039623483
4/22/2023 14:30,343.6549086,0.040318828
4/22/2023 14:45,331.9466376,0.038945171
4/22/2023 15:00,334.1083666,0.039198793
4/22/2023 15:15,331.3700956,0.038877529
4/22/2023 15:30,334.0068246,0.03918688
4/22/2023 15:45,325.1485536,0.038147596
4/22/2023 16:00,295.9102826,0.034717257
4/22/2023 16:15,346.3420115,0.040634088
4/22/2023 16:30,340.9237405,0.039998397
4/22/2023 16:45,337.7704695,0.039628444
4/22/2023 17:00,344.3621985,0.04040181
4/22/2023 17:15,339.4789275,0.039828887
4/22/2023 17:30,357.7456565,0.041972005
4/22/2023 17:45,315.9223854,0.037065149
4/22/2023 18:00,313.3891144,0.036767936
4/22/2023 18:15,315.0858434,0.036967003
4/22/2023 18:30,328.7025724,0.038564566
4/22/2023 18:45,332.1993014,0.038974815
4/22/2023 19:00,330.6010304,0.0387873
4/22/2023 19:15,348.0577594,0.040835386
4/22/2023 19:30,359.8144883,0.042214728
4/22/2023 19:45,314.3112173,0.036876121
4/22/2023 20:00,332.1379463,0.038967616
4/22/2023 20:15,327.5696753,0.038431651
4/22/2023 20:30,334.0964043,0.03919739
4/22/2023 20:45,364.4131333,0.042754257
4/22/2023 21:00,333.6798623,0.03914852
4/22/2023 21:15,338.7915912,0.039748246
4/22/2023 21:30,355.5283202,0.041711859
4/22/2023 21:45,369.0900492,0.04330297
4/22/2023 22:00,333.1767782,0.039089496
4/22/2023 22:15,338.9235072,0.039763723
4/22/2023 22:30,340.6652362,0.039968069
4/22/2023 22:45,331.2019652,0.038857804
4/22/2023 23:00,327.2686941,0.038396338
4/22/2023 23:15,302.4504231,0.03548457
4/22/2023 23:30,374.1671521,0.043898634
4/22/2023 23:45,346.0088811,0.040595004
4/23/2023 0:00,344.9506101,0.040470844
4/23/2023 0:15,353.9373391,0.0415252
4/23/2023 0:30,337.254068,0.039567858
4/23/2023 0:45,342.970797,0.040238565
4/23/2023 1:00,357.982526,0.041999795
4/23/2023 1:15,382.649255,0.044893785
4/23/2023 1:30,376.960984,0.044226416
4/23/2023 1:45,305.887713,0.035887845
4/23/2023 2:00,335.884442,0.039407169
4/23/2023 2:15,377.4661709,0.044285687
4/23/2023 2:30,421.9078999,0.04949975
4/23/2023 2:45,385.8296289,0.045266917
4/23/2023 3:00,380.7263579,0.044668183
4/23/2023 3:15,405.7030869,0.047598543
4/23/2023 3:30,370.6848159,0.043490074
4/23/2023 3:45,361.7065449,0.042436711
4/23/2023 4:00,404.7532738,0.047487107
4/23/2023 4:15,414.2050028,0.048596018
4/23/2023 4:30,393.5367318,0.046171142
4/23/2023 4:45,342.8684608,0.040226559
4/23/2023 5:00,312.3501898,0.036646046
4/23/2023 5:15,455.2719188,0.053414136
4/23/2023 5:30,385.5636478,0.045235712
4/23/2023 5:45,382.2953767,0.044852266
4/23/2023 6:00,371.4071057,0.043574815
4/23/2023 6:15,363.9988347,0.04270565
4/23/2023 6:30,360.8255637,0.042333351
4/23/2023 6:45,352.4972927,0.041356248
4/23/2023 7:00,344.3090217,0.040395571
4/23/2023 7:15,345.5257506,0.040538322
4/23/2023 7:30,374.1124796,0.043892219
4/23/2023 7:45,382.3142086,0.044854476
4/23/2023 8:00,368.8609376,0.04327609
4/23/2023 8:15,381.5426666,0.044763956
4/23/2023 8:30,341.9293956,0.040116384
4/23/2023 8:45,341.3211246,0.04004502
4/23/2023 9:00,355.0228535,0.041652556
4/23/2023 9:15,329.3195825,0.038636956
4/23/2023 9:30,342.9713115,0.040238626
4/23/2023 9:45,349.0980405,0.040957436
4/23/2023 10:00,354.2247695,0.041558922
4/23/2023 10:15,333.6764985,0.039148125
4/23/2023 10:30,335.5182275,0.039364203
4/23/2023 10:45,338.8599564,0.039756267
4/23/2023 11:00,308.5566854,0.036200978
4/23/2023 11:15,360.3534144,0.042277957
4/23/2023 11:30,370.8401434,0.043508297
4/23/2023 11:45,373.3418724,0.043801809
4/23/2023 12:00,349.8436014,0.041044908
4/23/2023 12:15,367.4203304,0.043107072
4/23/2023 12:30,382.6170593,0.044890007
4/23/2023 12:45,345.2087883,0.040501135
4/23/2023 13:00,398.0555173,0.046701303
4/23/2023 13:15,481.5472463,0.056496852
4/23/2023 13:30,407.8689753,0.047852653
4/23/2023 13:45,402.7807043,0.047255679
4/23/2023 14:00,333.3124332,0.039105412
4/23/2023 14:15,400.2241622,0.046955736
4/23/2023 14:30,408.6008912,0.047938524
4/23/2023 14:45,418.8576202,0.04914188
4/23/2023 15:00,353.7893492,0.041507837
4/23/2023 15:15,412.0760782,0.048346245
4/23/2023 15:30,397.7578072,0.046666374
4/23/2023 15:45,385.7245361,0.045254588
4/23/2023 16:00,496.5262651,0.058254244
4/23/2023 16:15,401.5779941,0.047114572
4/23/2023 16:30,400.3947231,0.046975747
4/23/2023 16:45,400.0164521,0.046931367
4/23/2023 17:00,382.4831811,0.0448743
4/23/2023 17:15,393.6749101,0.046187354
4/23/2023 17:30,404.841639,0.047497475
4/23/2023 17:45,419.668368,0.049237
4/23/2023 18:00,415.485097,0.048746203
4/23/2023 18:15,425.041826,0.049867433
4/23/2023 18:30,382.883555,0.044921274
4/23/2023 18:45,394.265284,0.046256619
4/23/2023 19:00,384.137013,0.045068334
4/23/2023 19:15,449.9287419,0.052787256
4/23/2023 19:30,396.6654709,0.046538217
4/23/2023 19:45,448.1071999,0.052573546
4/23/2023 20:00,460.6289289,0.05404264
4/23/2023 20:15,434.7856579,0.051010615
4/23/2023 20:30,446.1373869,0.05234244
4/23/2023 20:45,482.0891158,0.056560426
4/23/2023 21:00,451.9808448,0.053028016
4/23/2023 21:15,496.9325738,0.058301914
4/23/2023 21:30,368.6693028,0.043253606
4/23/2023 21:45,460.8010318,0.054062832
4/23/2023 22:00,464.0377608,0.054442576
4/23/2023 22:15,540.7044898,0.063437392
4/23/2023 22:30,425.6312187,0.049936583
4/23/2023 22:45,489.7379477,0.057457815
4/23/2023 23:00,362.3946767,0.042517445
4/23/2023 23:15,508.6764057,0.059679742
4/23/2023 23:30,450.5931347,0.052865205
4/23/2023 23:45,473.2898637,0.055528066
4/24/2023 0:00,433.4465927,0.050853511
4/24/2023 0:15,329.2433216,0.038628009
4/24/2023 0:30,461.4700506,0.054141323
4/24/2023 0:45,408.1217796,0.047882313
4/24/2023 1:00,379.4785086,0.044521781
4/24/2023 1:15,344.4702376,0.040414485
4/24/2023 1:30,381.8769666,0.044803177
4/24/2023 1:45,370.5036956,0.043468824
4/24/2023 2:00,379.3054245,0.044501474
4/24/2023 2:15,373.6021535,0.043832346
4/24/2023 2:30,363.9888825,0.042704483
4/24/2023 2:45,384.4706115,0.045107473
4/24/2023 3:00,317.5773405,0.037259314
4/24/2023 3:15,299.0340695,0.035083751
4/24/2023 3:30,345.1757984,0.040497264
4/24/2023 3:45,352.5625274,0.041363902
4/24/2023 4:00,420.7992564,0.04936968
4/24/2023 4:15,340.2759854,0.0399224
4/24/2023 4:30,285.0877144,0.033447514
4/24/2023 4:45,372.1644434,0.043663669
4/24/2023 5:00,451.6761724,0.05299227
4/24/2023 5:15,395.7829013,0.046434671
4/24/2023 5:30,473.5496303,0.055558543
4/24/2023 5:45,459.4413593,0.05390331
4/24/2023 6:00,364.8580883,0.042806461
4/24/2023 6:15,368.1948173,0.043197938
4/24/2023 6:30,356.3865463,0.041812549
4/24/2023 6:45,388.9432753,0.045632222
4/24/2023 7:00,367.7850042,0.043149857
4/24/2023 7:15,358.2217332,0.04202786
4/24/2023 7:30,339.0034622,0.039773103
4/24/2023 7:45,252.2601912,0.029596071
4/24/2023 8:00,347.1969202,0.040734389
4/24/2023 8:15,266.5086492,0.031267752
4/24/2023 8:30,337.2053782,0.039562146
4/24/2023 8:45,333.9521071,0.03918046
4/24/2023 9:00,319.4938361,0.037484164
4/24/2023 9:15,247.9855651,0.029094557
4/24/2023 9:30,250.2572941,0.029361084
4/24/2023 9:45,263.7440231,0.030943396
4/24/2023 10:00,292.3757521,0.034302573
4/24/2023 10:15,292.872481,0.034360851
4/24/2023 10:30,253.95421,0.02979482
4/24/2023 10:45,338.015939,0.039657244
4/24/2023 11:00,325.517668,0.038190902
4/24/2023 11:15,254.849397,0.029899846
4/24/2023 11:30,292.821126,0.034354826
4/24/2023 11:45,325.002855,0.038130502
4/24/2023 12:00,261.5395839,0.030684763
4/24/2023 12:15,324.0913129,0.038023557
4/24/2023 12:30,293.5580419,0.034441284
4/24/2023 12:45,251.5347709,0.029510963
4/24/2023 13:00,265.0264999,0.031093861
4/24/2023 13:15,323.6682289,0.037973919
4/24/2023 13:30,241.6949579,0.02835652
4/24/2023 13:45,329.5666868,0.038665947
4/24/2023 14:00,329.1884158,0.038621567
4/24/2023 14:15,300.6951448,0.035278634
4/24/2023 14:30,276.8918738,0.032485949
4/24/2023 14:45,337.7936028,0.039631158
4/24/2023 15:00,279.1553318,0.032751506
4/24/2023 15:15,245.5020607,0.028803183
4/24/2023 15:30,261.0837897,0.030631288
4/24/2023 15:45,302.1355187,0.035447624
4/24/2023 16:00,238.8522477,0.028023003
4/24/2023 16:15,288.9939767,0.033905811
4/24/2023 16:30,310.2957057,0.036405006
4/24/2023 16:45,306.1424347,0.03591773
4/24/2023 17:00,312.0041636,0.036605449
4/24/2023 17:15,256.7158926,0.03011883
4/24/2023 17:30,242.6176216,0.028464771
4/24/2023 17:45,298.5093506,0.035022189
4/24/2023 18:00,291.0810796,0.034150677
4/24/2023 18:15,260.8578086,0.030604775
4/24/2023 18:30,249.9995376,0.029330843
4/24/2023 18:45,253.5462665,0.029746958
4/24/2023 19:00,249.1329955,0.029229178
4/24/2023 19:15,308.5247245,0.036197229
4/24/2023 19:30,259.2264535,0.030413378
4/24/2023 19:45,284.6481825,0.033395947
4/24/2023 20:00,424.4999115,0.049803854
4/24/2023 20:15,317.6016405,0.037262165
4/24/2023 20:30,304.6233694,0.035739508
4/24/2023 20:45,286.5000984,0.03361322
4/24/2023 21:00,345.0218274,0.0404792
4/24/2023 21:15,305.8435564,0.035882664
4/24/2023 21:30,319.5802854,0.037494307
4/24/2023 21:45,307.2720144,0.036050256
4/24/2023 22:00,329.5337433,0.038662082
4/24/2023 22:15,320.7854723,0.037635703
4/24/2023 22:30,375.1622013,0.044015377
4/24/2023 22:45,296.2739303,0.034759921
4/24/2023 23:00,334.1056593,0.039198476
4/24/2023 23:15,328.7423883,0.038569237
4/24/2023 23:30,409.1841173,0.04800695
4/24/2023 23:45,345.5858462,0.040545372
4/25/2023 0:00,344.7725752,0.040449957
4/25/2023 0:15,338.5043042,0.03971454
4/25/2023 0:30,333.8110332,0.039163909
4/25/2023 0:45,356.6677622,0.041845543
4/25/2023 1:00,337.0944912,0.039549136
4/25/2023 1:15,334.9862202,0.039301786
4/25/2023 1:30,341.9379491,0.040117388
4/25/2023 1:45,339.3346781,0.039811963
4/25/2023 2:00,339.8164071,0.039868481
4/25/2023 2:15,327.5231361,0.03842619
4/25/2023 2:30,338.9898651,0.039771508
4/25/2023 2:45,343.0915941,0.040252738
4/25/2023 3:00,350.1083231,0.041075966
4/25/2023 3:15,340.975052,0.040004417
4/25/2023 3:30,341.346781,0.04004803
4/25/2023 3:45,339.22851,0.039799507
4/25/2023 4:00,336.520239,0.039481763
4/25/2023 4:15,348.321968,0.040866384
4/25/2023 4:30,322.243697,0.037806788
4/25/2023 4:45,341.9404259,0.040117679
4/25/2023 5:00,351.9521549,0.041292291
4/25/2023 5:15,336.7388839,0.039507415
4/25/2023 5:30,314.8256129,0.036936471
4/25/2023 5:45,309.8123419,0.036348296
4/25/2023 6:00,339.0240709,0.039775521
4/25/2023 6:15,345.6407999,0.04055182
4/25/2023 6:30,337.3275288,0.039576477
4/25/2023 6:45,349.8942578,0.041050851
4/25/2023 7:00,351.6009868,0.04125109
4/25/2023 7:15,333.8777158,0.039171732
4/25/2023 7:30,350.8294448,0.04116057
4/25/2023 7:45,385.9611738,0.045282351
4/25/2023 8:00,359.1379028,0.042135348
4/25/2023 8:15,368.5246317,0.043236633
4/25/2023 8:30,375.7663607,0.044086259
4/25/2023 8:45,371.2530897,0.043556746
4/25/2023 9:00,368.7548187,0.043263639
4/25/2023 9:15,360.2965477,0.042271285
4/25/2023 9:30,367.1532767,0.043075741
4/25/2023 9:45,354.4400057,0.041584174
4/25/2023 10:00,370.5967346,0.04347974
4/25/2023 10:15,312.1684636,0.036624725
4/25/2023 10:30,386.0401926,0.045291622
4/25/2023 10:45,486.1369216,0.057035329
4/25/2023 11:00,542.6386506,0.063664315
4/25/2023 11:15,524.7653796,0.061567359
4/25/2023 11:30,506.4121085,0.059414087
4/25/2023 11:45,551.2838375,0.064678599
4/25/2023 12:00,486.7455665,0.057106738
4/25/2023 12:15,540.6622955,0.063432442
4/25/2023 12:30,514.7640245,0.060393964
4/25/2023 12:45,544.2657535,0.063855213
4/25/2023 13:00,617.8974825,0.072493951
4/25/2023 13:15,578.3542114,0.067854593
4/25/2023 13:30,545.1859404,0.063963172
4/25/2023 13:45,501.4676694,0.058833988
4/25/2023 14:00,560.2743984,0.065733404
4/25/2023 14:15,516.1311274,0.060554357
4/25/2023 14:30,517.3728564,0.060700041
4/25/2023 14:45,544.5195854,0.063884993
4/25/2023 15:00,559.5013143,0.065642703
4/25/2023 15:15,591.7730433,0.069428938
4/25/2023 15:30,671.7797723,0.078815615
4/25/2023 15:45,589.8065013,0.069198217
4/25/2023 16:00,630.1132303,0.073927147
4/25/2023 16:15,572.6349593,0.06718359
4/25/2023 16:30,459.4816883,0.053908042
4/25/2023 16:45,354.0584172,0.041539405
4/25/2023 17:00,363.3801462,0.042633064
4/25/2023 17:15,350.8318752,0.041160855
4/25/2023 17:30,372.0436042,0.043649492
4/25/2023 17:45,339.5953332,0.039842544
4/25/2023 18:00,326.9220622,0.03835567
4/25/2023 18:15,362.7637911,0.042560751
4/25/2023 18:30,372.6455201,0.043720111
4/25/2023 18:45,377.2672491,0.044262348
4/25/2023 19:00,354.7989781,0.04162629
4/25/2023 19:15,430.1157071,0.050462719
4/25/2023 19:30,433.4274361,0.050851263
4/25/2023 19:45,452.1391651,0.05304659
4/25/2023 20:00,594.725894,0.069775377
4/25/2023 20:15,465.572623,0.054622652
4/25/2023 20:30,486.659352,0.057096623
4/25/2023 20:45,487.876081,0.057239374
4/25/2023 21:00,508.17781,0.059621245
4/25/2023 21:15,499.384539,0.058589587
4/25/2023 21:30,549.421268,0.064460076
4/25/2023 21:45,572.8579969,0.067209757
4/25/2023 22:00,574.8797259,0.067446954
4/25/2023 22:15,486.8814549,0.057122681
4/25/2023 22:30,630.9731839,0.07402804
4/25/2023 22:45,608.5749129,0.071400194
4/25/2023 23:00,602.5766419,0.070696455
4/25/2023 23:15,796.2533709,0.093419305
4/25/2023 23:30,592.0450998,0.069460857
4/25/2023 23:45,610.0018288,0.071567605
4/26/2023 0:00,595.4185578,0.069856643
4/26/2023 0:15,622.5452868,0.073039248
4/26/2023 0:30,636.4820158,0.074674356
4/26/2023 0:45,814.1087448,0.095514161
4/26/2023 1:00,729.9054737,0.085635131
4/26/2023 1:15,832.5922027,0.097682707
4/26/2023 1:30,625.6939317,0.073408659
4/26/2023 1:45,812.9006607,0.095372424
4/26/2023 2:00,617.1973897,0.072411814
4/26/2023 2:15,743.6091187,0.087242892
4/26/2023 2:30,790.3008477,0.092720933
4/26/2023 2:45,826.2975766,0.096944199
4/26/2023 3:00,719.5593056,0.084421282
4/26/2023 3:15,654.1110346,0.076742655
4/26/2023 3:30,844.3227636,0.099058978
4/26/2023 3:45,624.5644926,0.073276149
4/26/2023 4:00,650.5262216,0.076322072
4/26/2023 4:15,846.0429506,0.099260797
4/26/2023 4:30,835.5796795,0.098033208
4/26/2023 4:45,763.7814085,0.089609577
4/26/2023 5:00,851.4231375,0.09989202
4/26/2023 5:15,702.2048665,0.082385196
4/26/2023 5:30,606.6465955,0.071173957
4/26/2023 5:45,646.0083245,0.075792016
4/26/2023 6:00,619.3950535,0.072669652
4/26/2023 6:15,738.2067824,0.08660907
4/26/2023 6:30,725.1735114,0.08507996
4/26/2023 6:45,685.7652404,0.08045644
4/26/2023 7:00,615.7619694,0.072243405
4/26/2023 7:15,636.9236984,0.074726175
4/26/2023 7:30,627.7154274,0.073645828
4/26/2023 7:45,730.0621563,0.085653514
4/26/2023 8:00,641.3338853,0.075243594
4/26/2023 8:15,692.6056143,0.081258978
4/26/2023 8:30,625.0723433,0.073335732
4/26/2023 8:45,735.8540723,0.086333042
4/26/2023 9:00,753.3758013,0.088388754
4/26/2023 9:15,793.7025303,0.093120031
4/26/2023 9:30,754.9442592,0.088572771
4/26/2023 9:45,594.2209882,0.06971614
4/26/2023 10:00,801.4677172,0.09403107
4/26/2023 10:15,614.5394462,0.072099975
4/26/2023 10:30,726.7961752,0.085270337
4/26/2023 10:45,710.8529042,0.083399815
4/26/2023 11:00,737.8396332,0.086565995
4/26/2023 11:15,711.1163621,0.083430725
4/26/2023 11:30,756.3230911,0.088734541
4/26/2023 11:45,625.6248201,0.07340055
4/26/2023 12:00,814.5915491,0.095570806
4/26/2023 12:15,746.8382781,0.087621749
4/26/2023 12:30,599.5250071,0.070338427
4/26/2023 12:45,719.6367361,0.084430366
4/26/2023 13:00,838.843465,0.098416127
4/26/2023 13:15,729.540194,0.085592275
4/26/2023 13:30,745.716923,0.087490187
4/26/2023 13:45,781.878652,0.091732811
4/26/2023 14:00,761.965381,0.089396515
4/26/2023 14:15,714.23211,0.083796276
4/26/2023 14:30,726.9588389,0.085289421
4/26/2023 14:45,858.2555679,0.100693625
4/26/2023 15:00,857.3572969,0.100588237
4/26/2023 15:15,672.5740259,0.0789088
4/26/2023 15:30,1042.050755,0.122257136
4/26/2023 15:45,907.7524839,0.106500781
4/26/2023 16:00,1053.484213,0.123598551
4/26/2023 16:15,870.9259418,0.102180159
4/26/2023 16:30,872.5826708,0.102374532
4/26/2023 16:45,773.1693998,0.09071101
4/26/2023 17:00,806.2211288,0.094588758
4/26/2023 17:15,813.4078578,0.095431931
4/26/2023 17:30,875.2595868,0.102688598
4/26/2023 17:45,939.0913158,0.110177565
4/26/2023 18:00,1068.783045,0.125393465
4/26/2023 18:15,935.5647737,0.109763819
4/26/2023 18:30,975.1965027,0.114413555
4/26/2023 18:45,952.9582317,0.111804482
4/26/2023 19:00,1063.099961,0.124726705
4/26/2023 19:15,984.6116897,0.115518179
4/26/2023 19:30,829.9434187,0.097371942
4/26/2023 19:45,847.4151476,0.099421788
4/26/2023 20:00,682.3218766,0.080052453
4/26/2023 20:15,640.9686056,0.075200738
4/26/2023 20:30,641.6103346,0.075276028
4/26/2023 20:45,823.2520636,0.096586888
4/26/2023 21:00,646.3887926,0.075836654
4/26/2023 21:15,719.0155215,0.084357483
4/26/2023 21:30,857.2972505,0.100581192
4/26/2023 21:45,560.9989795,0.065818415
4/26/2023 22:00,634.3957085,0.074429582
4/26/2023 22:15,795.1174375,0.093286033
4/26/2023 22:30,653.4391665,0.076663829
4/26/2023 22:45,786.8058955,0.092310893
4/26/2023 23:00,798.6626244,0.093701967
4/26/2023 23:15,661.4493534,0.077603613
4/26/2023 23:30,557.0510824,0.065355233
4/26/2023 23:45,787.0278114,0.092336929
4/27/2023 0:00,872.6345404,0.102380618
4/27/2023 0:15,952.5162694,0.111752629
4/27/2023 0:30,852.5179984,0.100020473
4/27/2023 0:45,757.6197273,0.088886667
4/27/2023 1:00,904.1914563,0.106082988
4/27/2023 1:15,931.0231853,0.109230983
4/27/2023 1:30,676.8749143,0.079413395
4/27/2023 1:45,849.2716433,0.099639599
4/27/2023 2:00,714.4333723,0.083819889
4/27/2023 2:15,819.5851012,0.096156667
4/27/2023 2:30,890.5318302,0.104480392
4/27/2023 2:45,992.7635592,0.116474586
4/27/2023 3:00,704.0652882,0.082603468
4/27/2023 3:15,699.9570172,0.082121471
4/27/2023 3:30,717.6737462,0.084200061
4/27/2023 3:45,965.4154752,0.11326601
4/27/2023 4:00,808.7672041,0.094887472
4/27/2023 4:15,717.7289331,0.084206536
4/27/2023 4:30,680.1006621,0.079791852
4/27/2023 4:45,804.4223911,0.094377723
4/27/2023 5:00,715.5741201,0.083953725
4/27/2023 5:15,889.0108491,0.104301945
4/27/2023 5:30,840.8175781,0.098647737
4/27/2023 5:45,887.224307,0.104092342
4/27/2023 6:00,858.611036,0.10073533
4/27/2023 6:15,956.772765,0.112252016
4/27/2023 6:30,757.389494,0.088859655
4/27/2023 6:45,798.876223,0.093727027
4/27/2023 7:00,766.802952,0.089964076
4/27/2023 7:15,949.639681,0.111415137
4/27/2023 7:30,849.3214099,0.099645438
4/27/2023 7:45,744.2381389,0.087316691
4/27/2023 8:00,721.0248679,0.084593227
4/27/2023 8:15,864.6065969,0.101438751
4/27/2023 8:30,810.9383259,0.095142196
4/27/2023 8:45,863.5050549,0.101309514
4/27/2023 9:00,793.9417838,0.093148101
4/27/2023 9:15,709.4435128,0.08323446
4/27/2023 9:30,719.6402418,0.084430777
4/27/2023 9:45,825.3069708,0.096827977
4/27/2023 10:00,717.2186998,0.084146673
4/27/2023 10:15,901.5404288,0.10577196
4/27/2023 10:30,688.8271578,0.080815676
4/27/2023 10:45,879.9188867,0.103235243
4/27/2023 11:00,770.7506157,0.09042723
4/27/2023 11:15,762.1773447,0.089421383
4/27/2023 11:30,673.2140737,0.078983892
4/27/2023 11:45,805.8608027,0.094546483
4/27/2023 12:00,849.9475317,0.099718896
4/27/2023 12:15,692.0242607,0.081190771
4/27/2023 12:30,736.9209896,0.086458217
4/27/2023 12:45,961.9627186,0.11286092
4/27/2023 13:00,952.9944476,0.111808731
4/27/2023 13:15,687.7961766,0.080694717
4/27/2023 13:30,938.7379056,0.110136102
4/27/2023 13:45,762.2596346,0.089431037
4/27/2023 14:00,935.1963636,0.109720595
4/27/2023 14:15,805.6630925,0.094523287
4/27/2023 14:30,1092.249822,0.128146671
4/27/2023 14:45,737.9915505,0.086583819
4/27/2023 15:00,608.7832795,0.07142464
4/27/2023 15:15,868.2550085,0.101866795
4/27/2023 15:30,982.9567375,0.115324014
4/27/2023 15:45,621.6134664,0.072929924
4/27/2023 16:00,799.7801954,0.093833084
4/27/2023 16:15,851.0319244,0.099846121
4/27/2023 16:30,674.2586534,0.079106446
4/27/2023 16:45,840.6603824,0.098629295
4/27/2023 17:00,831.5671114,0.097562439
4/27/2023 17:15,623.0888404,0.07310302
4/27/2023 17:30,813.3555693,0.095425796
4/27/2023 17:45,643.6422983,0.075514426
4/27/2023 18:00,740.2190273,0.086845154
4/27/2023 18:15,814.2107563,0.09552613
4/27/2023 18:30,699.4574853,0.082062864
4/27/2023 18:45,781.3092143,0.091666003
4/27/2023 19:00,662.8809433,0.077771573
4/27/2023 19:15,959.3226722,0.112551181
4/27/2023 19:30,793.1594012,0.093056309
4/27/2023 19:45,623.2011302,0.073116194
4/27/2023 20:00,833.7978592,0.097824159
4/27/2023 20:15,893.1245882,0.104784584
4/27/2023 20:30,685.8263172,0.080463606
4/27/2023 20:45,821.7980462,0.096416298
4/27/2023 21:00,659.6797751,0.077396
4/27/2023 21:15,638.8815041,0.074955872
4/27/2023 21:30,787.5882331,0.09240268
4/27/2023 21:45,716.9849621,0.08411925
4/27/2023 22:00,670.6516911,0.078683265
4/27/2023 22:15,654.4284201,0.076779892
4/27/2023 22:30,945.420149,0.110920087
4/27/2023 22:45,792.786878,0.093012603
4/27/2023 23:00,657.903607,0.077187614
4/27/2023 23:15,782.725336,0.091832147
4/27/2023 23:30,646.712065,0.075874582
4/27/2023 23:45,795.703794,0.093354826
4/28/2023 0:00,619.910523,0.072730129
4/28/2023 0:15,885.2772519,0.103863906
4/28/2023 0:30,782.3589809,0.091789165
4/28/2023 0:45,770.1407099,0.090355673
4/28/2023 1:00,820.5174389,0.096266052
4/28/2023 1:15,839.3291679,0.098473112
4/28/2023 1:30,921.0808969,0.108064518
4/28/2023 1:45,879.7876259,0.103219843
4/28/2023 2:00,738.6393548,0.086659821
4/28/2023 2:15,727.7810838,0.08538589
4/28/2023 2:30,734.1828128,0.086136964
4/28/2023 2:45,636.2195418,0.074643561
4/28/2023 3:00,743.3512708,0.08721264
4/28/2023 3:15,648.1279998,0.076040704
4/28/2023 3:30,770.1347288,0.090354972
4/28/2023 3:45,683.2564577,0.080162101
4/28/2023 4:00,846.9331867,0.099365243
4/28/2023 4:15,679.1299157,0.07967796
4/28/2023 4:30,730.9566447,0.085758458
4/28/2023 4:45,871.1683737,0.102208602
4/28/2023 5:00,915.1251027,0.107365763
4/28/2023 5:15,798.1818316,0.093645559
4/28/2023 5:30,629.0135606,0.07379813
4/28/2023 5:45,650.4302896,0.076310817
4/28/2023 6:00,660.3970186,0.07748015
4/28/2023 6:15,1089.183748,0.127786948
4/28/2023 6:30,794.3054766,0.093190771
4/28/2023 6:45,804.9872056,0.094443989
4/28/2023 7:00,809.8789345,0.095017905
4/28/2023 7:15,627.1756635,0.073582501
4/28/2023 7:30,844.3523925,0.099062455
4/28/2023 7:45,726.3341215,0.085216127
4/28/2023 8:00,776.9308505,0.091152317
4/28/2023 8:15,636.3225795,0.07465565
4/28/2023 8:30,746.4043085,0.087570834
4/28/2023 8:45,886.6060374,0.104019804
4/28/2023 9:00,898.0727664,0.105365122
4/28/2023 9:15,543.0994954,0.063718383
4/28/2023 9:30,681.0362244,0.079901615
4/28/2023 9:45,718.5029534,0.084297346
4/28/2023 10:00,829.7796824,0.097352732
4/28/2023 10:15,789.4514114,0.092621274
4/28/2023 10:30,735.8981403,0.086338212
4/28/2023 10:45,815.8098693,0.095713743
4/28/2023 11:00,763.1515983,0.089535686
4/28/2023 11:15,962.3383273,0.112904988
4/28/2023 11:30,908.1200563,0.106543906
4/28/2023 11:45,885.3217853,0.103869131
4/28/2023 12:00,748.2185142,0.087783683
4/28/2023 12:15,692.6352432,0.081262454
4/28/2023 12:30,942.5019722,0.110577716
4/28/2023 12:45,876.8637012,0.102876798
4/28/2023 13:00,800.1804302,0.093880041
4/28/2023 13:15,782.8371592,0.091845267
4/28/2023 13:30,768.2688882,0.090136065
4/28/2023 13:45,866.2356171,0.101629873
4/28/2023 14:00,817.3223461,0.095891192
4/28/2023 14:15,795.6190751,0.093344887
4/28/2023 14:30,1001.820804,0.117537214
4/28/2023 14:45,816.8575331,0.095836659
4/28/2023 15:00,661.4142621,0.077599496
4/28/2023 15:15,1020.040991,0.119674872
4/28/2023 15:30,935.29772,0.109732487
4/28/2023 15:45,883.409449,0.103644769
4/28/2023 16:00,844.411178,0.099069351
4/28/2023 16:15,849.077907,0.099616869
4/28/2023 16:30,906.794636,0.106388403
4/28/2023 16:45,1097.471365,0.128759281
4/28/2023 17:00,985.843094,0.115662652
4/28/2023 17:15,830.4798229,0.097434875
4/28/2023 17:30,848.4615519,0.099544556
4/28/2023 17:45,771.3632809,0.09049911
4/28/2023 18:00,837.4450099,0.098252056
4/28/2023 18:15,1007.496739,0.118203135
4/28/2023 18:30,949.5984679,0.111410302
4/28/2023 18:45,843.8251968,0.099000602
4/28/2023 19:00,851.4569258,0.099895984
4/28/2023 19:15,832.7086548,0.097696369
4/28/2023 19:30,812.9553838,0.095378845
4/28/2023 19:45,770.5321128,0.090401594
4/28/2023 20:00,983.8538418,0.115429266
4/28/2023 20:15,871.2355708,0.102216486
4/28/2023 20:30,713.8072997,0.083746436
4/28/2023 20:45,1059.454029,0.124298951
4/28/2023 21:00,613.1357577,0.071935289
4/28/2023 21:15,744.3924867,0.087334799
4/28/2023 21:30,1133.349216,0.1329686
4/28/2023 21:45,942.4059447,0.110566449
4/28/2023 22:00,853.3926737,0.100123093
4/28/2023 22:15,938.6244026,0.110122785
4/28/2023 22:30,1165.486132,0.136739018
4/28/2023 22:45,830.1678606,0.097398274
4/28/2023 23:00,830.3095896,0.097414903
4/28/2023 23:15,886.6413186,0.104023943
4/28/2023 23:30,912.9930476,0.107115623
4/28/2023 23:45,919.4747766,0.107876082
4/29/2023 0:00,978.9315055,0.114851759
4/29/2023 0:15,1148.583235,0.134755909
4/29/2023 0:30,922.8449635,0.108271485
4/29/2023 0:45,972.8266925,0.114135521
4/29/2023 1:00,991.2784215,0.116300344
4/29/2023 1:15,1077.79515,0.126450797
4/29/2023 1:30,992.6168794,0.116457377
4/29/2023 1:45,976.8236084,0.114604453
4/29/2023 2:00,1070.815337,0.1256319
4/29/2023 2:15,966.6520664,0.113411091
4/29/2023 2:30,958.8287954,0.112493237
4/29/2023 2:45,1036.375524,0.121591298
4/29/2023 3:00,936.3122534,0.109851516
4/29/2023 3:15,994.0889823,0.116630089
4/29/2023 3:30,983.5157113,0.115389595
4/29/2023 3:45,963.5174403,0.113043326
4/29/2023 4:00,988.3691693,0.11595902
4/29/2023 4:15,1072.675898,0.125850188
4/29/2023 4:30,961.8226273,0.112844484
4/29/2023 4:45,918.7493563,0.107790974
4/29/2023 5:00,935.4410852,0.109749307
4/29/2023 5:15,1045.372814,0.122646892
4/29/2023 5:30,1055.879543,0.123879579
4/29/2023 5:45,1066.661272,0.125144531
4/29/2023 6:00,1104.258001,0.129555514
4/29/2023 6:15,1038.15473,0.121800041
4/29/2023 6:30,1092.356459,0.128159182
4/29/2023 6:45,1062.518188,0.124658449
4/29/2023 7:00,991.0949171,0.116278814
4/29/2023 7:15,1035.266646,0.1214612
4/29/2023 7:30,1046.153375,0.12273847
4/29/2023 7:45,1109.065104,0.1301195
4/29/2023 8:00,992.9168331,0.116492568
4/29/2023 8:15,1048.768562,0.123045294
4/29/2023 8:30,1046.170291,0.122740455
4/29/2023 8:45,999.47202,0.117261646
4/29/2023 9:00,1045.868749,0.122705077
4/29/2023 9:15,1051.475478,0.123362879
4/29/2023 9:30,1053.902207,0.123647591
4/29/2023 9:45,1097.833936,0.128801819
4/29/2023 10:00,1085.970665,0.127409978
4/29/2023 10:15,1054.237394,0.123686917
4/29/2023 10:30,1004.624123,0.117866109
4/29/2023 10:45,998.6358519,0.117163544
4/29/2023 11:00,1119.712581,0.131368701
4/29/2023 11:15,1137.47931,0.133453157
4/29/2023 11:30,1124.486039,0.13192874
4/29/2023 11:45,1242.922768,0.145824162
4/29/2023 12:00,989.9244968,0.116141497
4/29/2023 12:15,851.3212258,0.099880063
4/29/2023 12:30,821.1029548,0.096334747
4/29/2023 12:45,778.6646838,0.091355737
4/29/2023 13:00,834.9464128,0.097958911
4/29/2023 13:15,870.9681417,0.10218511
4/29/2023 13:30,849.2498707,0.099637044
4/29/2023 13:45,818.9515997,0.096082342
4/29/2023 14:00,950.1983287,0.11148068
4/29/2023 14:15,1293.210058,0.151724048
4/29/2023 14:30,769.9217867,0.090329989
4/29/2023 14:45,832.0185157,0.0976154
4/29/2023 15:00,803.4052446,0.094258388
4/29/2023 15:15,1097.811974,0.128799243
4/29/2023 15:30,606.1237026,0.071112609
4/29/2023 15:45,524.2304316,0.061504597
4/29/2023 16:00,537.8771606,0.06310568
4/29/2023 16:15,1189.04889,0.139503485
4/29/2023 18:00,19.24599247,0.002258009
4/29/2023 18:15,19.605,0.002300129
4/29/2023 18:30,11.975,0.00140495
4/29/2023 18:45,18.13,0.002127077
4/29/2023 19:00,22.175,0.002601651
4/29/2023 19:15,34.11,0.004001908
4/29/2023 19:30,52.48,0.006157142
4/29/2023 19:45,13.375,0.001569203
4/29/2023 20:00,14.985,0.001758094
4/29/2023 20:15,33.62,0.003944419
4/29/2023 20:30,23.48,0.002754758
4/29/2023 20:45,32.64,0.003829442
4/29/2023 21:00,30.22,0.003545519
4/29/2023 21:15,32.715,0.003838241
4/29/2023 21:30,59.665,0.007000112
4/29/2023 21:45,12.595,0.001477691
4/29/2023 22:00,27.36,0.003209973
4/29/2023 22:15,13.51,0.001585042
4/29/2023 22:30,10.895,0.001278241
4/29/2023 22:45,10.805,0.001267681
4/29/2023 23:00,23.27,0.00273012
4/29/2023 23:15,23.84,0.002796994
4/29/2023 23:30,15.255,0.001789771
4/29/2023 23:45,22.39,0.002626875
4/30/2023 0:00,22.735,0.002667352
4/30/2023 0:15,23.86,0.002799341
4/30/2023 0:30,12.43,0.001458332
4/30/2023 0:45,15.135,0.001775693
4/30/2023 1:00,32.885,0.003858186
4/30/2023 1:15,14.59,0.001711751
4/30/2023 1:30,17.095,0.002005647
4/30/2023 1:45,12.14,0.001424308
4/30/2023 2:00,10.74,0.001260055
4/30/2023 2:15,24.965,0.002928983
4/30/2023 2:30,11.255,0.001320477
4/30/2023 2:45,16.185,0.001898882
4/30/2023 3:00,18.6,0.002182219
4/30/2023 3:15,17.525,0.002056096
4/30/2023 3:30,41.63,0.004884181
4/30/2023 3:45,43.67,0.005123521
4/30/2023 4:00,27.48,0.003224052
4/30/2023 4:15,12.825,0.001504675
4/30/2023 4:30,16.195,0.001900056
4/30/2023 4:45,16.16,0.001895949
4/30/2023 5:00,15.285,0.001793291
4/30/2023 5:15,14.205,0.001666582
4/30/2023 5:30,54.005,0.006336061
4/30/2023 5:45,19.525,0.002290743
4/30/2023 6:00,27.2,0.003191202
4/30/2023 6:15,16.14,0.001893603
4/30/2023 6:30,25.86,0.003033988
4/30/2023 6:45,13.76,0.001614373
4/30/2023 7:00,13.27,0.001556884
4/30/2023 7:15,16.015,0.001878937
4/30/2023 7:30,49.61,0.005820423
4/30/2023 7:45,16.76,0.001966343
4/30/2023 8:00,12.53,0.001470065
4/30/2023 8:15,9.85,0.001155637
4/30/2023 8:30,17.235,0.002022072
4/30/2023 8:45,65.245,0.007654778
4/30/2023 9:00,13.49,0.001582695
4/30/2023 9:15,12.46,0.001461852
4/30/2023 9:30,19.56,0.002294849
4/30/2023 9:45,14.675,0.001721724
4/30/2023 10:00,8.815,0.001034207
4/30/2023 10:15,15.14,0.001776279
4/30/2023 10:30,25.89,0.003037508
4/30/2023 10:45,18.35,0.002152888
4/30/2023 11:00,26.75,0.003138406
4/30/2023 11:15,18.81,0.002206857
4/30/2023 11:30,14.005,0.001643117
4/30/2023 11:45,20.575,0.002413933
4/30/2023 12:00,12.855,0.001508195
4/30/2023 12:15,12.085,0.001417856
4/30/2023 12:30,13.395,0.001571549
4/30/2023 12:45,13.96,0.001637837
4/30/2023 13:00,42.35,0.004968654
4/30/2023 13:15,21.905,0.002569973
4/30/2023 13:30,19.895,0.002334153
4/30/2023 13:45,12.45,0.001460679
4/30/2023 14:00,12.98,0.00152286
4/30/2023 14:15,15.865,0.001861339
4/30/2023 14:30,10.32,0.001210779
4/30/2023 14:45,18.695,0.002193365
4/30/2023 15:00,9.08,0.001065298
4/30/2023 15:15,13.64,0.001600294
4/30/2023 15:30,23.625,0.00277177
4/30/2023 15:45,19.2,0.002252613
4/30/2023 16:00,64.135,0.007524548
4/30/2023 16:15,8.67,0.001017196
4/30/2023 16:30,14.46,0.001696499
4/30/2023 16:45,9.93,0.001165023
4/30/2023 17:00,17.095,0.002005647
4/30/2023 17:15,23.08,0.002707828
4/30/2023 17:30,22.635,0.002655619
4/30/2023 17:45,20.055,0.002352925
4/30/2023 18:00,92.09,0.010804329
4/30/2023 18:15,8.11,0.000951494
4/30/2023 18:30,9.475,0.001111641
4/30/2023 18:45,24.325,0.002853896
4/30/2023 19:00,29.05,0.00340825
4/30/2023 19:15,16.49,0.001934666
4/30/2023 19:30,22.735,0.002667352
4/30/2023 19:45,9.235,0.001083483
4/30/2023 20:00,12.705,0.001490596
4/30/2023 20:15,21.995,0.002580532
4/30/2023 20:30,11.865,0.001392044
4/30/2023 20:45,23.53,0.002760624
4/30/2023 21:00,11.72,0.001375032
4/30/2023 21:15,13.425,0.001575069
4/30/2023 21:30,14.96,0.001755161
4/30/2023 21:45,37.495,0.004399048
4/30/2023 22:00,30.095,0.003530853
4/30/2023 22:15,14.55,0.001707058
4/30/2023 22:30,9.85,0.001155637
4/30/2023 22:45,23.575,0.002765904
4/30/2023 23:00,27.135,0.003183576
4/30/2023 23:15,11.61,0.001362127
4/30/2023 23:30,11.315,0.001327516
4/30/2023 23:45,43.995,0.005161651
5/1/2023 0:00,26.86,0.003151312
5/1/2023 0:15,20.435,0.002397508
5/1/2023 0:30,15.19,0.001782145
5/1/2023 0:45,23.105,0.002710762
5/1/2023 1:00,39.975,0.004690011
5/1/2023 1:15,15.82,0.001856059
5/1/2023 1:30,14.25,0.001671861
5/1/2023 1:45,10.23,0.00120022
5/1/2023 2:00,18.265,0.002142915
5/1/2023 2:15,25.82,0.003029295
5/1/2023 2:30,35.14,0.004122751
5/1/2023 2:45,29.725,0.003487444
5/1/2023 3:00,32.82,0.00385056
5/1/2023 3:15,13.535,0.001587975
5/1/2023 3:30,21.74,0.002550615
5/1/2023 3:45,63.445,0.007443595
5/1/2023 4:00,16.46,0.001931146
5/1/2023 4:15,45.1,0.005291294
5/1/2023 4:30,13.28,0.001558057
5/1/2023 4:45,14.585,0.001711165
5/1/2023 5:00,21.655,0.002540642
5/1/2023 5:15,25.215,0.002958314
5/1/2023 5:30,12.315,0.00144484
5/1/2023 5:45,15.715,0.00184374
5/1/2023 6:00,24.91,0.002922531
5/1/2023 6:15,37.445,0.004393182
5/1/2023 6:30,16.14,0.001893603
5/1/2023 6:45,19.855,0.00232946
5/1/2023 7:00,19.39,0.002274904
5/1/2023 7:15,24.66,0.0028932
5/1/2023 7:30,24.515,0.002876188
5/1/2023 7:45,16.03,0.001880697
5/1/2023 8:00,19.12,0.002243227
5/1/2023 8:15,22.09,0.002591678
5/1/2023 8:30,14.81,0.001737562
5/1/2023 8:45,14.585,0.001711165
5/1/2023 9:00,12.38,0.001452466
5/1/2023 9:15,22.76,0.002670285
5/1/2023 9:30,17.27,0.002026178
5/1/2023 9:45,31.92,0.003744969
5/1/2023 10:00,26.565,0.003116701
5/1/2023 10:15,13.315,0.001562164
5/1/2023 10:30,19.64,0.002304235
5/1/2023 10:45,36.695,0.004305189
5/1/2023 11:00,16.44,0.0019288
5/1/2023 11:15,23.25,0.002727773
5/1/2023 11:30,16.495,0.001935253
5/1/2023 11:45,41.83,0.004907646
5/1/2023 12:00,15.695,0.001841394
5/1/2023 12:15,25.055,0.002939543
5/1/2023 12:30,12.975,0.001522274
5/1/2023 12:45,12.125,0.001422549
5/1/2023 13:00,14.14,0.001658956
5/1/2023 13:15,12.68,0.001487663
5/1/2023 13:30,25.31,0.00296946
5/1/2023 13:45,15.945,0.001870725
5/1/2023 14:00,12.305,0.001443667
5/1/2023 14:15,14.05,0.001648396
5/1/2023 14:30,15.585,0.001828488
5/1/2023 14:45,19.86,0.002330047
5/1/2023 15:00,42.16,0.004946363
5/1/2023 15:15,52.945,0.006211698
5/1/2023 15:30,43.255,0.005074832
5/1/2023 15:45,45.245,0.005308306
5/1/2023 16:00,20.305,0.002382256
5/1/2023 16:15,27.055,0.00317419
5/1/2023 16:30,12.405,0.001455399
5/1/2023 16:45,39.715,0.004659506
5/1/2023 17:00,32.15,0.003771953
5/1/2023 17:15,16.25,0.001906508
5/1/2023 17:30,10.595,0.001243043
5/1/2023 17:45,22.73,0.002666765
5/1/2023 18:00,20.96,0.002459102
5/1/2023 18:15,13.885,0.001629038
5/1/2023 18:30,11.19,0.001312851
5/1/2023 18:45,12.305,0.001443667
5/1/2023 19:00,29.035,0.00340649
5/1/2023 19:15,12.8,0.001501742
5/1/2023 19:30,13.9,0.001630798
5/1/2023 19:45,38.255,0.004488214
5/1/2023 20:00,35.015,0.004108086
5/1/2023 20:15,14.45,0.001695326
5/1/2023 20:30,13.48,0.001581522
5/1/2023 20:45,42.49,0.004985079
5/1/2023 21:00,35.705,0.004189039
5/1/2023 21:15,14.425,0.001692393
5/1/2023 21:30,34.105,0.004001321
5/1/2023 21:45,43.63,0.005118828
5/1/2023 22:00,28.68,0.003364841
5/1/2023 22:15,16.455,0.00193056
5/1/2023 22:30,37.05,0.004346839
5/1/2023 22:45,21.335,0.002503099
5/1/2023 23:00,17.54,0.002057856
5/1/2023 23:15,31.75,0.003725024
5/1/2023 23:30,19.585,0.002297783
5/1/2023 23:45,19.025,0.002232081
5/2/2023 0:00,21.435,0.002514831
5/2/2023 0:15,48.74,0.005718352
5/2/2023 0:30,21.78,0.002555308
5/2/2023 0:45,20.74,0.002433291
5/2/2023 1:00,21.15,0.002481394
5/2/2023 1:15,22.545,0.00264506
5/2/2023 1:30,24.56,0.002881467
5/2/2023 1:45,28.935,0.003394758
5/2/2023 2:00,28.645,0.003360734
5/2/2023 2:15,30.22,0.003545519
5/2/2023 2:30,25.42,0.002982366
5/2/2023 2:45,25.15,0.002950688
5/2/2023 3:00,28.175,0.003305592
5/2/2023 3:15,26.265,0.003081504
5/2/2023 3:30,25.84,0.003031642
5/2/2023 3:45,32.375,0.003798351
5/2/2023 4:00,28.805,0.003379506
5/2/2023 4:15,30.205,0.003543759
5/2/2023 4:30,26.055,0.003056866
5/2/2023 4:45,25.465,0.002987645
5/2/2023 5:00,28.12,0.003299139
5/2/2023 5:15,31.695,0.003718571
5/2/2023 5:30,25.42,0.002982366
5/2/2023 5:45,23.75,0.002786435
5/2/2023 6:00,30.275,0.003551972
5/2/2023 6:15,22.35,0.002622182
5/2/2023 6:30,23.44,0.002750065
5/2/2023 6:45,26.24,0.003078571
5/2/2023 7:00,27.895,0.003272742
5/2/2023 7:15,28.265,0.003316151
5/2/2023 7:30,24.855,0.002916078
5/2/2023 7:45,25.755,0.003021669
5/2/2023 8:00,21.16,0.002482567
5/2/2023 8:15,27.31,0.003204107
5/2/2023 8:30,22.475,0.002636848
5/2/2023 8:45,23.065,0.002706069
5/2/2023 9:00,22.605,0.0026521
5/2/2023 9:15,21.835,0.002561761
5/2/2023 9:30,23.685,0.002778809
5/2/2023 9:45,48.375,0.005675529
5/2/2023 10:00,32.02,0.003756701
5/2/2023 10:15,20.54,0.002409827
5/2/2023 10:30,19.3,0.002264345
5/2/2023 10:45,24.305,0.00285155
5/2/2023 11:00,19.495,0.002287223
5/2/2023 11:15,30.18,0.003540826
5/2/2023 11:30,22.36,0.002623355
5/2/2023 11:45,22.98,0.002696096
5/2/2023 12:00,28.1,0.003296793
5/2/2023 12:15,18.54,0.002175179
5/2/2023 12:30,20.4,0.002393401
5/2/2023 12:45,20.72,0.002430945
5/2/2023 13:00,18.355,0.002153475
5/2/2023 13:15,57.85,0.00678717
5/2/2023 13:30,23.73,0.002784089
5/2/2023 13:45,20.895,0.002451476
5/2/2023 14:00,24.285,0.002849203
5/2/2023 14:15,23.075,0.002707242
5/2/2023 14:30,26.625,0.003123741
5/2/2023 14:45,15.785,0.001851953
5/2/2023 15:00,36.9,0.00432924
5/2/2023 15:15,20.335,0.002385775
5/2/2023 15:30,14.69,0.001723484
5/2/2023 15:45,27.955,0.003279781
5/2/2023 16:00,14.32,0.001680074
5/2/2023 16:15,15.125,0.001774519
5/2/2023 16:30,16.5,0.001935839
5/2/2023 16:45,24.24,0.002843924
5/2/2023 17:00,16.525,0.001938772
5/2/2023 17:15,18.45,0.00216462
5/2/2023 17:30,15.045,0.001765133
5/2/2023 17:45,19.535,0.002291916
5/2/2023 18:00,15.255,0.001789771
5/2/2023 18:15,17.31,0.002030871
5/2/2023 18:30,14.9,0.001748122
5/2/2023 18:45,22.11,0.002594025
5/2/2023 19:00,14.38,0.001687113
5/2/2023 19:15,14.44,0.001694153
5/2/2023 19:30,32.99,0.003870505
5/2/2023 19:45,21.5,0.002522457
5/2/2023 20:00,15.62,0.001832594
5/2/2023 20:15,15.025,0.001762787
5/2/2023 20:30,29.11,0.00341529
5/2/2023 20:45,18.135,0.002127663
5/2/2023 21:00,16.06,0.001884217
5/2/2023 21:15,17.245,0.002023245
5/2/2023 21:30,27.905,0.003273915
5/2/2023 21:45,20.465,0.002401027
5/2/2023 22:00,14.905,0.001748708
5/2/2023 22:15,18.04,0.002116518
5/2/2023 22:30,26.11,0.003063319
5/2/2023 22:45,25.32,0.002970633
5/2/2023 23:00,15.105,0.001772173
5/2/2023 23:15,16.72,0.00196165
5/2/2023 23:30,15.715,0.00184374
5/2/2023 23:45,15.635,0.001834354
5/3/2023 0:00,37.205,0.004365024
5/3/2023 0:15,28.435,0.003336096
5/3/2023 0:30,15.475,0.001815583
5/3/2023 0:45,18.365,0.002154648
5/3/2023 1:00,18.365,0.002154648
5/3/2023 1:15,16.175,0.001897709
5/3/2023 1:30,26.435,0.003101449
5/3/2023 1:45,31.29,0.003671055
5/3/2023 2:00,19.28,0.002261999
5/3/2023 2:15,17.065,0.002002127
5/3/2023 2:30,24.76,0.002904932
5/3/2023 2:45,19.575,0.002296609
5/3/2023 3:00,18.54,0.002175179
5/3/2023 3:15,43.41,0.005093017
5/3/2023 3:30,21.205,0.002487847
5/3/2023 3:45,40.415,0.004741633
5/3/2023 4:00,19.885,0.00233298
5/3/2023 4:15,27.715,0.003251623
5/3/2023 4:30,23.15,0.002716041
5/3/2023 4:45,18.7,0.002193951
5/3/2023 5:00,26.75,0.003138406
5/3/2023 5:15,18.17,0.00213177
5/3/2023 5:30,19.055,0.002235601
5/3/2023 5:45,19.01,0.002230321
5/3/2023 6:00,19.755,0.002317728
5/3/2023 6:15,17.55,0.002059029
5/3/2023 6:30,21.55,0.002528323
5/3/2023 6:45,17.22,0.002020312
5/3/2023 7:00,33.55,0.003936206
5/3/2023 7:15,18.465,0.00216638
5/3/2023 7:30,22.055,0.002587572
5/3/2023 7:45,39.69,0.004656573
5/3/2023 8:00,19.2,0.002252613
5/3/2023 8:15,17.685,0.002074868
5/3/2023 8:30,18.17,0.00213177
5/3/2023 8:45,17.49,0.00205199
5/3/2023 9:00,28.555,0.003350175
5/3/2023 9:15,21.49,0.002521284
5/3/2023 9:30,18.83,0.002209203
5/3/2023 9:45,20.405,0.002393988
5/3/2023 10:00,16.725,0.001962237
5/3/2023 10:15,19.995,0.002345885
5/3/2023 10:30,19.335,0.002268452
5/3/2023 10:45,23.34,0.002738333
5/3/2023 11:00,14.695,0.00172407
5/3/2023 11:15,17.585,0.002063135
5/3/2023 11:30,42.205,0.004951642
5/3/2023 11:45,15.4,0.001806783
5/3/2023 12:00,16.99,0.001993328
5/3/2023 12:15,41.67,0.004888874
5/3/2023 12:30,14.375,0.001686527
5/3/2023 12:45,17.615,0.002066655
5/3/2023 13:00,17.445,0.00204671
5/3/2023 13:15,21.34,0.002503685
5/3/2023 13:30,17.96,0.002107132
5/3/2023 13:45,19.88,0.002332393
5/3/2023 14:00,26.32,0.003087957
5/3/2023 14:15,16.26,0.001907682
5/3/2023 14:30,29.615,0.003474538
5/3/2023 14:45,14.52,0.001703539
5/3/2023 15:00,19.7,0.002311275
5/3/2023 15:15,15.305,0.001795638
5/3/2023 15:30,17.725,0.002079561
5/3/2023 15:45,15.15,0.001777452
5/3/2023 16:00,16.205,0.001901229
5/3/2023 16:15,17.285,0.002027938
5/3/2023 16:30,15.41,0.001807957
5/3/2023 16:45,15.84,0.001858406
5/3/2023 17:00,16.78,0.00196869
5/3/2023 17:15,20.19,0.002368763
5/3/2023 17:30,18.36,0.002154061
5/3/2023 17:45,14.94,0.001752814
5/3/2023 18:00,18,0.002111825
5/3/2023 18:15,14.425,0.001692393
5/3/2023 18:30,13.55,0.001589735
5/3/2023 18:45,19.035,0.002233255
5/3/2023 19:00,14.905,0.001748708
5/3/2023 19:15,14.455,0.001695913
5/3/2023 19:30,14.045,0.00164781
5/3/2023 19:45,15.335,0.001799157
5/3/2023 20:00,16.415,0.001925867
5/3/2023 20:15,14.49,0.001700019
5/3/2023 20:30,17.805,0.002088947
5/3/2023 20:45,17.87,0.002096573
5/3/2023 21:00,18.1,0.002123557
5/3/2023 21:15,17.175,0.002015033
5/3/2023 21:30,28.91,0.003391825
5/3/2023 21:45,18.915,0.002219176
5/3/2023 22:00,18.975,0.002226215
5/3/2023 22:15,20.82,0.002442677
5/3/2023 22:30,20.355,0.002388122
5/3/2023 22:45,26.14,0.003066839
5/3/2023 23:00,23.88,0.002801687
5/3/2023 23:15,33.86,0.003972577
5/3/2023 23:30,27.335,0.00320704
5/3/2023 23:45,33.395,0.003918021
5/4/2023 0:00,27.975,0.003282127
5/4/2023 0:15,38.73,0.004543943
5/4/2023 0:30,28.01,0.003286234
5/4/2023 0:45,29.295,0.003436995
5/4/2023 1:00,30.155,0.003537893
5/4/2023 1:15,35.86,0.004207224
5/4/2023 1:30,33.03,0.003875198
5/4/2023 1:45,36.115,0.004237141
5/4/2023 2:00,32.685,0.003834722
5/4/2023 2:15,33.07,0.003879891
5/4/2023 2:30,34.65,0.004065262
5/4/2023 2:45,32.76,0.003843521
5/4/2023 3:00,44.02,0.005164584
5/4/2023 3:15,35.23,0.00413331
5/4/2023 3:30,36.02,0.004225996
5/4/2023 3:45,35.87,0.004208397
5/4/2023 4:00,32.62,0.003827096
5/4/2023 4:15,43.275,0.005077178
5/4/2023 4:30,39.59,0.004644841
5/4/2023 4:45,37.63,0.004414887
5/4/2023 5:00,35.505,0.004165574
5/4/2023 5:15,33.44,0.003923301
5/4/2023 5:30,34.995,0.004105739
5/4/2023 5:45,38.31,0.004494667
5/4/2023 6:00,32.015,0.003756115
5/4/2023 6:15,34.61,0.004060569
5/4/2023 6:30,29.215,0.003427609
5/4/2023 6:45,31.51,0.003696866
5/4/2023 7:00,32.215,0.003779579
5/4/2023 7:15,32.275,0.003786619
5/4/2023 7:30,29.93,0.003511495
5/4/2023 7:45,31.28,0.003669882
5/4/2023 8:00,31.64,0.003712118
5/4/2023 8:15,28.12,0.003299139
5/4/2023 8:30,28.335,0.003324364
5/4/2023 8:45,28.375,0.003329057
5/4/2023 9:00,26.32,0.003087957
5/4/2023 9:15,31.06,0.003644071
5/4/2023 9:30,30.22,0.003545519
5/4/2023 9:45,26.805,0.003144859
5/4/2023 10:00,44.525,0.005223833
5/4/2023 10:15,30.46,0.003573677
5/4/2023 10:30,29.37,0.003445794
5/4/2023 10:45,26.82,0.003146619
5/4/2023 11:00,38.345,0.004498773
5/4/2023 11:15,25.125,0.002947755
5/4/2023 11:30,26.005,0.003051
5/4/2023 11:45,27.57,0.003234611
5/4/2023 12:00,28.9,0.003390652
5/4/2023 12:15,24.3,0.002850963
5/4/2023 12:30,26.36,0.00309265
5/4/2023 12:45,29.315,0.003439341
5/4/2023 13:00,27.61,0.003239304
5/4/2023 13:15,29.88,0.003505629
5/4/2023 13:30,22.98,0.002696096
5/4/2023 13:45,22.93,0.00269023
5/4/2023 14:00,25.045,0.002938369
5/4/2023 14:15,22.55,0.002645647
5/4/2023 14:30,24.36,0.002858003
5/4/2023 14:45,23.79,0.002791128
5/4/2023 15:00,24.45,0.002868562
5/4/2023 15:15,23.765,0.002788195
5/4/2023 15:30,29.175,0.003422916
5/4/2023 15:45,26.625,0.003123741
5/4/2023 16:00,23.125,0.002713108
5/4/2023 16:15,24.69,0.002896719
5/4/2023 16:30,21.56,0.002529497
5/4/2023 16:45,21.28,0.002496646
5/4/2023 17:00,24.895,0.002920771
5/4/2023 17:15,22.335,0.002620422
5/4/2023 17:30,22.165,0.002600477
5/4/2023 17:45,22.575,0.00264858
5/4/2023 18:00,19.99,0.002345299
5/4/2023 18:15,20.765,0.002436224
5/4/2023 18:30,26.04,0.003055106
5/4/2023 18:45,23.435,0.002749478
5/4/2023 19:00,19.94,0.002339432
5/4/2023 19:15,24.185,0.002837471
5/4/2023 19:30,35,0.004106326
5/4/2023 19:45,21.165,0.002483154
5/4/2023 20:00,21.165,0.002483154
5/4/2023 20:15,23.335,0.002737746
5/4/2023 20:30,22.39,0.002626875
5/4/2023 20:45,20.99,0.002462622
5/4/2023 21:00,26.73,0.00313606
5/4/2023 21:15,33.815,0.003967297
5/4/2023 21:30,32.965,0.003867572
5/4/2023 21:45,24.77,0.002906105
5/4/2023 22:00,26.485,0.003107315
5/4/2023 22:15,26.75,0.003138406
5/4/2023 22:30,26.54,0.003113768
5/4/2023 22:45,25.435,0.002984126
5/4/2023 23:00,28.8,0.003378919
5/4/2023 23:15,28.25,0.003314391
5/4/2023 23:30,29.24,0.003430542
5/4/2023 23:45,34.565,0.00405529
5/5/2023 0:00,31.285,0.003670469
5/5/2023 0:15,30.235,0.003547279
5/5/2023 0:30,31.26,0.003667535
5/5/2023 0:45,33.34,0.003911569
5/5/2023 1:00,34.5,0.004047664
5/5/2023 1:15,32.425,0.003804217
5/5/2023 1:30,34.46,0.004042971
5/5/2023 1:45,33.895,0.003976683
5/5/2023 2:00,34.325,0.004027132
5/5/2023 2:15,33.695,0.003953218
5/5/2023 2:30,35.88,0.00420957
5/5/2023 2:45,36.65,0.00429991
5/5/2023 3:00,35.215,0.00413155
5/5/2023 3:15,34.915,0.004096353
5/5/2023 3:30,34.545,0.004052943
5/5/2023 3:45,37.83,0.004438351
5/5/2023 4:00,37.635,0.004415473
5/5/2023 4:15,35.51,0.004166161
5/5/2023 4:30,35.43,0.004156775
5/5/2023 4:45,34.5,0.004047664
5/5/2023 5:00,44.155,0.005180423
5/5/2023 5:15,37.975,0.004455363
5/5/2023 5:30,38.23,0.004485281
5/5/2023 5:45,34.83,0.004086381
5/5/2023 6:00,33.955,0.003983723
5/5/2023 6:15,33.845,0.003970817
5/5/2023 6:30,31.61,0.003708599
5/5/2023 6:45,35.375,0.004150322
5/5/2023 7:00,34,0.003989002
5/5/2023 7:15,32.88,0.0038576
5/5/2023 7:30,32.89,0.003858773
5/5/2023 7:45,31.375,0.003681028
5/5/2023 8:00,30.895,0.003624712
5/5/2023 8:15,29.125,0.00341705
5/5/2023 8:30,32.96,0.003866986
5/5/2023 8:45,27.43,0.003218186
5/5/2023 9:00,28.72,0.003369534
5/5/2023 9:15,27.45,0.003220533
5/5/2023 9:30,31.75,0.003725024
5/5/2023 9:45,30.785,0.003611807
5/5/2023 10:00,28.905,0.003391238
5/5/2023 10:15,31.18,0.00365815
5/5/2023 10:30,26.745,0.003137819
5/5/2023 10:45,26.09,0.003060972
5/5/2023 11:00,28.465,0.003339616
5/5/2023 11:15,27.945,0.003278608
5/5/2023 11:30,26.32,0.003087957
5/5/2023 11:45,29.34,0.003442274
5/5/2023 12:00,24.59,0.002884987
5/5/2023 12:15,24.485,0.002872668
5/5/2023 12:30,26.57,0.003117288
5/5/2023 12:45,27.635,0.003242237
5/5/2023 13:00,27.37,0.003211147
5/5/2023 13:15,25.195,0.002955968
5/5/2023 13:30,34,0.003989002
5/5/2023 13:45,30.975,0.003634098
5/5/2023 14:00,25.995,0.003049827
5/5/2023 14:15,29.775,0.00349331
5/5/2023 14:30,23.96,0.002811073
5/5/2023 14:45,25.805,0.003027535
5/5/2023 15:00,74.42,0.008731222
5/5/2023 15:15,26.965,0.003163631
5/5/2023 15:30,25.275,0.002965354
5/5/2023 15:45,27.345,0.003208214
5/5/2023 16:00,25.79,0.003025775
5/5/2023 16:15,24.605,0.002886747
5/5/2023 16:30,23.3,0.00273364
5/5/2023 16:45,22.345,0.002621596
5/5/2023 17:00,24.695,0.002897306
5/5/2023 17:15,22.005,0.002581706
5/5/2023 17:30,22.58,0.002649167
5/5/2023 17:45,21.605,0.002534776
5/5/2023 18:00,26.01,0.003051587
5/5/2023 18:15,26.365,0.003093236
5/5/2023 18:30,21.96,0.002576426
5/5/2023 18:45,22.595,0.002650927
5/5/2023 19:00,24.37,0.002859176
5/5/2023 19:15,21.605,0.002534776
5/5/2023 19:30,20.755,0.002435051
5/5/2023 19:45,23.02,0.002700789
5/5/2023 20:00,24.41,0.002863869
5/5/2023 20:15,23.12,0.002712521
5/5/2023 20:30,26.545,0.003114355
5/5/2023 20:45,23.44,0.002750065
5/5/2023 21:00,21.65,0.002540056
5/5/2023 21:15,23.62,0.002771183
5/5/2023 21:30,21.31,0.002500166
5/5/2023 21:45,31.735,0.003723264
5/5/2023 22:00,27.465,0.003222292
5/5/2023 22:15,24.29,0.00284979
5/5/2023 22:30,23.435,0.002749478
5/5/2023 22:45,26.455,0.003103796
5/5/2023 23:00,26.215,0.003075638
5/5/2023 23:15,28.315,0.003322017
5/5/2023 23:30,22.875,0.002683777
5/5/2023 23:45,23.595,0.00276825
5/6/2023 0:00,28.555,0.003350175
5/6/2023 0:15,22.895,0.002686124
5/6/2023 0:30,26.07,0.003058626
5/6/2023 0:45,25.225,0.002959488
5/6/2023 1:00,25.18,0.002954208
5/6/2023 1:15,21.21,0.002488433
5/6/2023 1:30,32.27,0.003786032
5/6/2023 1:45,32.24,0.003782513
5/6/2023 2:00,22.73,0.002666765
5/6/2023 2:15,24.79,0.002908452
5/6/2023 2:30,26.485,0.003107315
5/6/2023 2:45,24.405,0.002863282
5/6/2023 3:00,28.425,0.003334923
5/6/2023 3:15,21.59,0.002533016
5/6/2023 3:30,26.3,0.00308561
5/6/2023 3:45,23.51,0.002758278
5/6/2023 4:00,21.13,0.002479047
5/6/2023 4:15,32.905,0.003860533
5/6/2023 4:30,25.84,0.003031642
5/6/2023 5:30,25.945,0.003043961
5/6/2023 5:45,20.06,0.002353511
5/6/2023 6:00,20.405,0.002393988
5/6/2023 6:15,20.64,0.002421559
5/6/2023 6:30,20.335,0.002385775
5/6/2023 6:45,23.755,0.002787022
5/6/2023 7:00,26.005,0.003051
5/6/2023 7:15,23.205,0.002722494
5/6/2023 7:30,17.33,0.002033218
5/6/2023 7:45,20.38,0.002391055
5/6/2023 8:00,23.58,0.00276649
5/6/2023 8:15,22.61,0.002652686
5/6/2023 8:30,18.635,0.002186325
5/6/2023 8:45,18.695,0.002193365
5/6/2023 9:00,19.435,0.002280184
5/6/2023 9:15,21.445,0.002516004
5/6/2023 9:30,20.335,0.002385775
5/6/2023 9:45,20.115,0.002359964
5/6/2023 10:00,17.225,0.002020899
5/6/2023 10:15,20.02,0.002348818
5/6/2023 10:30,19.525,0.002290743
5/6/2023 10:45,21.435,0.002514831
5/6/2023 11:00,18.12,0.002125903
5/6/2023 11:15,18.315,0.002148782
5/6/2023 11:30,17,0.001994501
5/6/2023 11:45,34.475,0.004044731
5/6/2023 12:00,28.32,0.003322604
5/6/2023 12:15,18.14,0.00212825
5/6/2023 12:30,17.24,0.002022659
5/6/2023 12:45,15.865,0.001861339
5/6/2023 13:00,18.935,0.002221522
5/6/2023 13:15,17.05,0.002000367
5/6/2023 13:30,17.405,0.002042017
5/6/2023 13:45,26.825,0.003147205
5/6/2023 14:00,17.125,0.002009166
5/6/2023 14:15,39.605,0.004646601
5/6/2023 14:30,20.805,0.002440917
5/6/2023 14:45,20.745,0.002433878
5/6/2023 15:00,19.955,0.002341192
5/6/2023 15:15,16.62,0.001949918
5/6/2023 15:30,27.09,0.003178296
5/6/2023 15:45,20.465,0.002401027
5/6/2023 16:00,22.97,0.002694923
5/6/2023 16:15,17.645,0.002070175
5/6/2023 16:30,16.62,0.001949918
5/6/2023 16:45,17.955,0.002106545
5/6/2023 17:00,19.575,0.002296609
5/6/2023 17:15,16.76,0.001966343
5/6/2023 17:30,23.135,0.002714281
5/6/2023 17:45,18.075,0.002120624
5/6/2023 18:00,20.605,0.002417453
5/6/2023 18:15,21.59,0.002533016
5/6/2023 18:30,18.055,0.002118277
5/6/2023 18:45,24.055,0.002822219
5/6/2023 19:00,23.64,0.00277353
5/6/2023 19:15,16.845,0.001976316
5/6/2023 19:30,28.465,0.003339616
5/6/2023 19:45,19.1,0.002240881
5/6/2023 20:00,27.405,0.003215253
5/6/2023 20:15,20.165,0.00236583
5/6/2023 20:30,18.58,0.002179872
5/6/2023 20:45,18.3,0.002147022
5/6/2023 21:00,19.465,0.002283704
5/6/2023 21:15,16.495,0.001935253
5/6/2023 21:30,26.82,0.003146619
5/6/2023 21:45,17.185,0.002016206
5/6/2023 22:00,19.335,0.002268452
5/6/2023 22:15,20.26,0.002376976
5/6/2023 22:30,19.3,0.002264345
5/6/2023 22:45,18.655,0.002188672
5/6/2023 23:00,23.355,0.002740092
5/6/2023 23:15,17.995,0.002111238
5/6/2023 23:30,21.635,0.002538296
5/6/2023 23:45,28.655,0.003361907
5/7/2023 0:00,19.98,0.002344125
5/7/2023 0:15,17.625,0.002067828
5/7/2023 0:30,22.9,0.00268671
5/7/2023 0:45,20.005,0.002347058
5/7/2023 1:00,17.25,0.002023832
5/7/2023 1:15,19.78,0.002320661
5/7/2023 1:30,19.295,0.002263759
5/7/2023 1:45,19.62,0.002301889
5/7/2023 2:00,17.15,0.0020121
5/7/2023 2:15,20.245,0.002375216
5/7/2023 2:30,20.245,0.002375216
5/7/2023 2:45,25.685,0.003013456
5/7/2023 3:00,20.635,0.002420972
5/7/2023 3:15,20.855,0.002446783
5/7/2023 3:30,18.88,0.002215069
5/7/2023 3:45,21.195,0.002486674
5/7/2023 4:00,23.775,0.002789368
5/7/2023 4:15,18.175,0.002132356
5/7/2023 4:30,17.53,0.002056683
5/7/2023 4:45,15.345,0.001800331
5/7/2023 5:00,16.405,0.001924694
5/7/2023 5:15,18.895,0.002216829
5/7/2023 5:30,18.495,0.0021699
5/7/2023 5:45,16.105,0.001889496
5/7/2023 6:00,16.585,0.001945812
5/7/2023 6:15,17.5,0.002053163
5/7/2023 6:30,15.605,0.001830835
5/7/2023 6:45,13.885,0.001629038
5/7/2023 7:00,26.44,0.003102036
5/7/2023 7:15,15.71,0.001843154
5/7/2023 7:30,16.215,0.001902402
5/7/2023 7:45,22.625,0.002654446
5/7/2023 8:00,18.81,0.002206857
5/7/2023 8:15,15.095,0.001771
5/7/2023 8:30,29.45,0.00345518
5/7/2023 8:45,14.275,0.001674794
5/7/2023 9:00,16.875,0.001979836
5/7/2023 9:15,15.475,0.001815583
5/7/2023 9:30,14.81,0.001737562
5/7/2023 9:45,13.075,0.001534006
5/7/2023 10:00,94.195,0.011051296
5/7/2023 10:15,14.42,0.001691806
5/7/2023 10:30,22.265,0.00261221
5/7/2023 10:45,15.985,0.001875418
5/7/2023 11:00,18.055,0.002118277
5/7/2023 11:15,15.46,0.001813823
5/7/2023 11:30,13.45,0.001578002
5/7/2023 11:45,13.195,0.001548085
5/7/2023 12:00,13.475,0.001580935
5/7/2023 12:15,14.55,0.001707058
5/7/2023 12:30,24.13,0.002831018
5/7/2023 12:45,15.355,0.001801504
5/7/2023 13:00,18.435,0.00216286
5/7/2023 13:15,17.115,0.002007993
5/7/2023 13:30,18.595,0.002181632
5/7/2023 13:45,16.395,0.00192352
5/7/2023 14:00,13.415,0.001573896
5/7/2023 14:15,15.68,0.001839634
5/7/2023 14:30,20.77,0.002436811
5/7/2023 14:45,16.84,0.001975729
5/7/2023 15:00,13.77,0.001615546
5/7/2023 15:15,15.61,0.001831421
5/7/2023 15:30,15.885,0.001863685
5/7/2023 15:45,14.135,0.001658369
5/7/2023 16:00,14.52,0.001703539
5/7/2023 16:15,16.295,0.001911788
5/7/2023 16:30,21.335,0.002503099
5/7/2023 16:45,15.12,0.001773933
5/7/2023 17:00,16.48,0.001933493
5/7/2023 17:15,13.835,0.001623172
5/7/2023 17:30,22.97,0.002694923
5/7/2023 17:45,18.99,0.002227975
5/7/2023 18:00,20.175,0.002367003
5/7/2023 18:15,21.38,0.002508378
5/7/2023 18:30,21.295,0.002498406
5/7/2023 18:45,22.08,0.002590505
5/7/2023 19:00,14.28,0.001675381
5/7/2023 19:15,14.29,0.001676554
5/7/2023 19:30,24.205,0.002839818
5/7/2023 19:45,14.675,0.001721724
5/7/2023 20:00,18.105,0.002124144
5/7/2023 20:15,14.1,0.001654263
5/7/2023 20:30,16.105,0.001889496
5/7/2023 20:45,16.675,0.001956371
5/7/2023 21:00,14.225,0.001668928
5/7/2023 21:15,16.325,0.001915308
5/7/2023 21:30,22.15,0.002598718
5/7/2023 21:45,15.525,0.001821449
5/7/2023 22:00,14.74,0.00172935
5/7/2023 22:15,20.58,0.002414519
5/7/2023 22:30,16.85,0.001976903
5/7/2023 22:45,15.315,0.001796811
5/7/2023 23:00,17.17,0.002014446
5/7/2023 23:15,16.235,0.001904748
5/7/2023 23:30,21.39,0.002509552
5/7/2023 23:45,13.85,0.001624932
5/8/2023 0:00,24.795,0.002909038
5/8/2023 0:15,15.05,0.00176572
5/8/2023 0:30,17.435,0.002045537
5/8/2023 0:45,14.75,0.001730523
5/8/2023 1:00,14.335,0.001681834
5/8/2023 1:15,16.585,0.001945812
5/8/2023 1:30,14.305,0.001678314
5/8/2023 1:45,16.47,0.00193232
5/8/2023 2:00,17.945,0.002105372
5/8/2023 2:15,16.705,0.001959891
5/8/2023 2:30,17.955,0.002106545
5/8/2023 2:45,14.385,0.0016877
5/8/2023 3:00,15.75,0.001847847
5/8/2023 3:15,19.07,0.002237361
5/8/2023 3:30,14.16,0.001661302
5/8/2023 3:45,18.26,0.002142329
5/8/2023 4:00,13.92,0.001633144
5/8/2023 4:15,13.34,0.001565097
5/8/2023 4:30,15.055,0.001766307
5/8/2023 4:45,15.125,0.001774519
5/8/2023 5:00,14.26,0.001673034
5/8/2023 5:15,23.04,0.002703136
5/8/2023 5:30,16.925,0.001985702
5/8/2023 5:45,18.725,0.002196884
5/8/2023 6:00,14.995,0.001759267
5/8/2023 6:15,15.55,0.001824382
5/8/2023 7:00,16.17,0.001897122
5/8/2023 7:15,18.985,0.002227388
5/8/2023 7:30,14.09,0.001653089
5/8/2023 7:45,13.415,0.001573896
5/8/2023 8:00,17.265,0.002025592
5/8/2023 8:15,13.695,0.001606747
5/8/2023 8:30,12.99,0.001524033
5/8/2023 8:45,13.92,0.001633144
5/8/2023 9:00,13.31,0.001561577
5/8/2023 9:15,13.45,0.001578002
5/8/2023 9:30,13.89,0.001629625
5/8/2023 9:45,13.4,0.001572136
5/8/2023 10:00,13.48,0.001581522
5/8/2023 10:15,12.37,0.001451293
5/8/2023 10:30,13.015,0.001526967
5/8/2023 10:45,15.9,0.001865445
5/8/2023 11:00,16.34,0.001917067
5/8/2023 11:15,16.625,0.001950505
5/8/2023 11:30,13.155,0.001543392
5/8/2023 11:45,17.395,0.002040844
5/8/2023 12:00,11.825,0.001387351
5/8/2023 12:15,13.57,0.001592081
5/8/2023 12:30,13.43,0.001575656
5/8/2023 12:45,11.42,0.001339835
5/8/2023 13:00,16.37,0.001920587
5/8/2023 13:15,16.625,0.001950505
5/8/2023 13:30,13.02,0.001527553
5/8/2023 13:45,21.235,0.002491366
5/8/2023 14:00,12.48,0.001464198
5/8/2023 14:15,12.775,0.001498809
5/8/2023 14:30,11.23,0.001317544
5/8/2023 14:45,11.935,0.001400257
5/8/2023 15:00,16.02,0.001879524
5/8/2023 15:15,12.645,0.001483557
5/8/2023 15:30,13.755,0.001613786
5/8/2023 15:45,14.09,0.001653089
5/8/2023 16:00,12.42,0.001457159
5/8/2023 16:15,25.45,0.002985885
5/8/2023 16:30,13.72,0.00160968
5/8/2023 16:45,12.235,0.001435454
5/8/2023 17:00,13.88,0.001628451
5/8/2023 17:15,16.67,0.001955784
5/8/2023 17:30,12.29,0.001441907
5/8/2023 17:45,12.745,0.001495289
5/8/2023 18:00,11.64,0.001365647
5/8/2023 18:15,13.42,0.001574483
5/8/2023 18:30,16.115,0.00189067
5/8/2023 18:45,15.56,0.001825555
5/8/2023 19:00,14.435,0.001693566
5/8/2023 19:15,12.47,0.001463025
5/8/2023 19:30,13.655,0.001602054
5/8/2023 19:45,12.535,0.001470651
5/8/2023 20:00,23.58,0.00276649
5/8/2023 20:15,18.985,0.002227388
5/8/2023 20:30,14.855,0.001742842
5/8/2023 20:45,24.745,0.002903172
5/8/2023 21:00,12.655,0.00148473
5/8/2023 21:15,16.22,0.001902989
5/8/2023 21:30,12.415,0.001456572
5/8/2023 21:45,66.465,0.007797912
5/8/2023 22:00,17.57,0.002061375
5/8/2023 22:15,11.95,0.001402017
5/8/2023 22:30,13.685,0.001605573
5/8/2023 22:45,14.79,0.001735216
5/8/2023 23:00,15.75,0.001847847
5/8/2023 23:15,16.755,0.001965757
5/8/2023 23:30,43.365,0.005087738
5/8/2023 23:45,19.905,0.002335326
5/9/2023 0:00,14.855,0.001742842
5/9/2023 0:15,15.335,0.001799157
5/9/2023 0:30,19.735,0.002315381
5/9/2023 0:45,21.95,0.002575253
5/9/2023 1:00,13.88,0.001628451
5/9/2023 1:15,16.4,0.001924107
5/9/2023 1:30,14.235,0.001670101
5/9/2023 1:45,14.54,0.001705885
5/9/2023 2:00,13.485,0.001582109
5/9/2023 2:15,24.89,0.002920184
5/9/2023 2:30,27.945,0.003278608
5/9/2023 2:45,15.84,0.001858406
5/9/2023 3:00,23.485,0.002755345
5/9/2023 3:15,14.835,0.001740495
5/9/2023 3:30,16.775,0.001968103
5/9/2023 3:45,32.86,0.003855253
5/9/2023 4:00,13.46,0.001579176
5/9/2023 4:15,19.875,0.002331806
5/9/2023 4:30,16.165,0.001896536
5/9/2023 4:45,14.685,0.001722897
5/9/2023 5:00,13.025,0.00152814
5/9/2023 5:15,14.28,0.001675381
5/9/2023 5:30,13.415,0.001573896
5/9/2023 5:45,14.05,0.001648396
5/9/2023 6:00,13.88,0.001628451
5/9/2023 6:15,13.255,0.001555124
5/9/2023 6:30,13.045,0.001530486
5/9/2023 6:45,14.475,0.001698259
5/9/2023 7:00,12.635,0.001482384
5/9/2023 7:15,15.235,0.001787425
5/9/2023 7:30,12.985,0.001523447
5/9/2023 7:45,15.625,0.001833181
5/9/2023 8:00,12.325,0.001446013
5/9/2023 8:15,14.415,0.00169122
5/9/2023 8:30,18.315,0.002148782
5/9/2023 8:45,13.92,0.001633144
5/9/2023 9:00,13.085,0.001535179
5/9/2023 9:15,12.28,0.001440734
5/9/2023 9:30,11.29,0.001324583
5/9/2023 9:45,16.305,0.001912961
5/9/2023 10:00,23.075,0.002707242
5/9/2023 10:15,13.005,0.001525793
5/9/2023 10:30,14.535,0.001705298
5/9/2023 10:45,16.925,0.001985702
5/9/2023 11:00,11.67,0.001369166
5/9/2023 11:15,10.22,0.001199047
5/9/2023 11:30,17.705,0.002077214
5/9/2023 11:45,19.44,0.002280771
5/9/2023 12:00,11.265,0.00132165
5/9/2023 12:15,10.795,0.001266508
5/9/2023 12:30,19.835,0.002327113
5/9/2023 12:45,11.325,0.00132869
5/9/2023 13:00,29.855,0.003502696
5/9/2023 13:15,30.33,0.003558425
5/9/2023 13:30,15.79,0.001852539
5/9/2023 13:45,18.39,0.002157581
5/9/2023 14:00,10.955,0.00128528
5/9/2023 14:15,15.325,0.001797984
5/9/2023 14:30,12.8,0.001501742
5/9/2023 14:45,13.37,0.001568616
5/9/2023 15:00,10.73,0.001258882
5/9/2023 15:15,15.385,0.001805023
5/9/2023 15:30,11.055,0.001297012
5/9/2023 15:45,10.65,0.001249496
5/9/2023 16:00,12.895,0.001512888
5/9/2023 16:15,13.21,0.001549845
5/9/2023 16:30,13.6,0.001595601
5/9/2023 16:45,24.395,0.002862109
5/9/2023 17:00,13.74,0.001612026
5/9/2023 17:15,15.725,0.001844913
5/9/2023 17:30,11.31,0.00132693
5/9/2023 17:45,13.605,0.001596187
5/9/2023 18:00,12.76,0.001497049
5/9/2023 18:15,14.135,0.001658369
5/9/2023 18:30,13.02,0.001527553
5/9/2023 18:45,14.3,0.001677727
5/9/2023 19:00,14.575,0.001709991
5/9/2023 19:15,12.96,0.001520514
5/9/2023 19:30,12.535,0.001470651
5/9/2023 19:45,15.655,0.001836701
5/9/2023 20:00,14.59,0.001711751
5/9/2023 20:15,13.36,0.001567443
5/9/2023 20:30,14.57,0.001709405
5/9/2023 20:45,25.965,0.003046307
5/9/2023 21:00,15.57,0.001826728
5/9/2023 21:15,13.435,0.001576242
5/9/2023 21:30,18.115,0.002125317
5/9/2023 21:45,14.375,0.001686527
5/9/2023 22:00,13.155,0.001543392
5/9/2023 22:15,16.89,0.001981595
5/9/2023 22:30,12.665,0.001485903
5/9/2023 22:45,12.21,0.001432521
5/9/2023 23:00,15.17,0.001779799
5/9/2023 23:15,15.945,0.001870725
5/9/2023 23:30,13.805,0.001619652
5/9/2023 23:45,14.135,0.001658369
5/10/2023 0:00,13.165,0.001544565
5/10/2023 0:15,14.175,0.001663062
5/10/2023 0:30,14.855,0.001742842
5/10/2023 0:45,22.955,0.002693163
5/10/2023 1:00,25.68,0.00301287
5/10/2023 1:15,17.5,0.002053163
5/10/2023 1:30,17.08,0.002003887
5/10/2023 1:45,13.415,0.001573896
5/10/2023 2:00,14.61,0.001714098
5/10/2023 2:15,12.47,0.001463025
5/10/2023 2:30,25.56,0.002998791
5/10/2023 2:45,21.015,0.002465555
5/10/2023 3:00,13.44,0.001576829
5/10/2023 3:15,13.21,0.001549845
5/10/2023 3:30,18.235,0.002139396
5/10/2023 3:45,13.805,0.001619652
5/10/2023 4:00,13.93,0.001634318
5/10/2023 4:15,14.05,0.001648396
5/10/2023 4:30,15.135,0.001775693
5/10/2023 4:45,13.695,0.001606747
5/10/2023 5:00,12.165,0.001427241
5/10/2023 5:15,14.56,0.001708231
5/10/2023 5:30,15.405,0.00180737
5/10/2023 5:45,12.115,0.001421375
5/10/2023 6:00,12.59,0.001477104
5/10/2023 6:15,12.945,0.001518754
5/10/2023 6:30,16.525,0.001938772
5/10/2023 6:45,35.285,0.004139763
5/10/2023 7:00,11.225,0.001316957
5/10/2023 7:15,15.655,0.001836701
5/10/2023 7:30,12.985,0.001523447
5/10/2023 7:45,16,0.001877177
5/10/2023 8:00,13.345,0.001565683
5/10/2023 8:15,11.9,0.001396151
5/10/2023 8:30,14.5,0.001701192
5/10/2023 8:45,12.13,0.001423135
5/10/2023 9:00,12.895,0.001512888
5/10/2023 9:15,11.4,0.001337489
5/10/2023 9:30,12.255,0.001437801
5/10/2023 9:45,11.18,0.001311678
5/10/2023 10:00,18.01,0.002112998
5/10/2023 10:15,13.825,0.001621999
5/10/2023 10:30,13.67,0.001603813
5/10/2023 10:45,13.615,0.001597361
5/10/2023 11:00,13.11,0.001538112
5/10/2023 11:15,12.91,0.001514648
5/10/2023 11:30,14.225,0.001668928
5/10/2023 11:45,12.485,0.001464785
5/10/2023 12:00,12.21,0.001432521
5/10/2023 12:15,13.66,0.00160264
5/10/2023 12:30,9.78,0.001147425
5/10/2023 12:45,11.03,0.001294079
5/10/2023 13:00,38.44,0.004509919
5/10/2023 13:15,12.69,0.001488836
5/10/2023 13:30,12.705,0.001490596
5/10/2023 13:45,17.665,0.002072521
5/10/2023 14:00,12.755,0.001496462
5/10/2023 14:15,13.38,0.00156979
5/10/2023 14:30,13.19,0.001547498
5/10/2023 14:45,10.57,0.00124011
5/10/2023 15:00,10.865,0.001274721
5/10/2023 15:15,11.855,0.001390871
5/10/2023 15:30,13.23,0.001552191
5/10/2023 15:45,13.61,0.001596774
5/10/2023 16:00,24.37,0.002859176
5/10/2023 16:15,13.615,0.001597361
5/10/2023 16:30,14.055,0.001648983
5/10/2023 16:45,26.93,0.003159524
5/10/2023 17:00,16.44,0.0019288
5/10/2023 17:15,15.17,0.001779799
5/10/2023 17:30,22.88,0.002684364
5/10/2023 17:45,12.3,0.00144308
5/10/2023 18:00,13.265,0.001556297
5/10/2023 18:15,12.665,0.001485903
5/10/2023 18:30,12.19,0.001430175
5/10/2023 18:45,30.66,0.003597141
5/10/2023 19:00,14.515,0.001702952
5/10/2023 19:15,14.495,0.001700605
5/10/2023 19:30,12.075,0.001416682
5/10/2023 19:45,38.79,0.004550982
5/10/2023 20:00,11.895,0.001395564
5/10/2023 20:15,11.915,0.001397911
5/10/2023 20:30,18.735,0.002198057
5/10/2023 20:45,16.475,0.001932906
5/10/2023 21:00,23.165,0.002717801
5/10/2023 21:15,14.095,0.001653676
5/10/2023 21:30,26.005,0.003051
5/10/2023 21:45,13.56,0.001590908
5/10/2023 22:00,13.8,0.001619066
5/10/2023 22:15,12.255,0.001437801
5/10/2023 22:30,12.53,0.001470065
5/10/2023 22:45,12.81,0.001502915
5/10/2023 23:00,11.195,0.001313438
5/10/2023 23:15,11.965,0.001403777
5/10/2023 23:30,13.615,0.001597361
5/10/2023 23:45,37.14,0.004357398
5/11/2023 0:00,15.715,0.00184374
5/11/2023 0:15,13.575,0.001592668
5/11/2023 0:30,24.84,0.002914318
5/11/2023 0:45,13.02,0.001527553
5/11/2023 1:00,12.17,0.001427828
5/11/2023 1:15,44.235,0.005189809
5/11/2023 1:30,9.79,0.001148598
5/11/2023 1:45,11.99,0.00140671
5/11/2023 2:00,13.315,0.001562164
5/11/2023 2:15,25.915,0.003040441
5/11/2023 2:30,17.265,0.002025592
5/11/2023 2:45,12.53,0.001470065
5/11/2023 3:00,18.32,0.002149368
5/11/2023 3:15,11.905,0.001396737
5/11/2023 3:30,11.075,0.001299359
5/11/2023 3:45,12.495,0.001465958
5/11/2023 4:00,12.045,0.001413163
5/11/2023 4:15,11.66,0.001367993
5/11/2023 4:30,10.07,0.001181449
5/11/2023 4:45,17.67,0.002073108
5/11/2023 5:00,15.005,0.00176044
5/11/2023 5:15,21.195,0.002486674
5/11/2023 5:30,11.84,0.001389111
5/11/2023 5:45,11.7,0.001372686
5/11/2023 6:00,16.41,0.00192528
5/11/2023 6:15,12.57,0.001474758
5/11/2023 6:30,10.015,0.001174996
5/11/2023 6:45,12.4,0.001454813
5/11/2023 7:00,30.06,0.003526747
5/11/2023 7:15,12.04,0.001412576
5/11/2023 7:30,12.175,0.001428415
5/11/2023 7:45,17.79,0.002087187
5/11/2023 8:00,17.2,0.002017966
5/11/2023 8:15,19.43,0.002279597
5/11/2023 8:30,27.035,0.003171843
5/11/2023 8:45,12.85,0.001507608
5/11/2023 9:00,11.98,0.001405537
5/11/2023 9:15,24.785,0.002907865
5/11/2023 9:30,27.42,0.003217013
5/11/2023 9:45,13.245,0.001553951
5/11/2023 10:00,22.53,0.002643301
5/11/2023 10:15,13.715,0.001609093
5/11/2023 10:30,11.765,0.001380312
5/11/2023 10:45,14.58,0.001710578
5/11/2023 11:00,15.05,0.00176572
5/11/2023 11:15,13.485,0.001582109
5/11/2023 11:30,28.4,0.00333199
5/11/2023 11:45,10.35,0.001214299
5/11/2023 12:00,12.8,0.001501742
5/11/2023 12:15,12.22,0.001433694
5/11/2023 12:30,11.685,0.001370926
5/11/2023 12:45,11.84,0.001389111
5/11/2023 13:00,18.72,0.002196298
5/11/2023 13:15,13.24,0.001553364
5/11/2023 13:30,11.84,0.001389111
5/11/2023 13:45,10.805,0.001267681
5/11/2023 14:00,13.835,0.001623172
5/11/2023 14:15,10.65,0.001249496
5/11/2023 14:30,19.365,0.002271971
5/11/2023 14:45,10.075,0.001182035
5/11/2023 15:00,12.68,0.001487663
5/11/2023 15:15,12.41,0.001455986
5/11/2023 15:30,15.565,0.001826142
5/11/2023 15:45,16.475,0.001932906
5/11/2023 16:00,34.505,0.00404825
5/11/2023 16:15,11.53,0.001352741
5/11/2023 16:30,20.055,0.002352925
5/11/2023 16:45,10.51,0.001233071
5/11/2023 17:00,13.445,0.001577416
5/11/2023 17:15,15.505,0.001819102
5/11/2023 17:30,18.215,0.002137049
5/11/2023 17:45,12.32,0.001445427
5/11/2023 18:00,12.07,0.001416096
5/11/2023 18:15,13.02,0.001527553
5/11/2023 18:30,14.865,0.001744015
5/11/2023 18:45,12.2,0.001431348
5/11/2023 19:00,28.815,0.003380679
5/11/2023 19:15,12.79,0.001500569
5/11/2023 19:30,11.61,0.001362127
5/11/2023 19:45,13.45,0.001578002
5/11/2023 20:00,13.45,0.001578002
5/11/2023 20:15,16.435,0.001928213
5/11/2023 20:30,35.21,0.004130964
5/11/2023 20:45,15.05,0.00176572
5/11/2023 21:00,12.34,0.001447773
5/11/2023 21:15,26.915,0.003157764
5/11/2023 21:30,12.44,0.001459505
5/11/2023 21:45,15.875,0.001862512
5/11/2023 22:00,11.445,0.001342768
5/11/2023 22:15,19.615,0.002301302
5/11/2023 22:30,11.935,0.001400257
5/11/2023 22:45,32.305,0.003790139
5/11/2023 23:00,13.405,0.001572723
5/11/2023 23:15,11.7,0.001372686
5/11/2023 23:30,11.32,0.001328103
5/11/2023 23:45,24.135,0.002831605
5/12/2023 0:00,16.625,0.001950505
5/12/2023 0:15,135.595,0.015908492
5/12/2023 0:30,16.53,0.001939359
5/12/2023 0:45,12.44,0.001459505
5/12/2023 1:00,53.415,0.00626684
5/12/2023 1:15,48.075,0.005640332
5/12/2023 1:30,16.47,0.00193232
5/12/2023 1:45,11.08,0.001299945
5/12/2023 2:00,22.555,0.002646234
5/12/2023 2:15,42.31,0.004963961
5/12/2023 2:30,13.09,0.001535766
5/12/2023 2:45,31.06,0.003644071
5/12/2023 3:00,10.655,0.001250083
5/12/2023 3:15,11.875,0.001393218
5/12/2023 3:30,28.745,0.003372467
5/12/2023 3:45,12.795,0.001501155
5/12/2023 4:00,12.57,0.001474758
5/12/2023 4:15,12.925,0.001516407
5/12/2023 4:30,13.33,0.001563923
5/12/2023 4:45,12.28,0.001440734
5/12/2023 5:00,22.81,0.002676151
5/12/2023 5:15,19.255,0.002259066
5/12/2023 5:30,13.965,0.001638424
5/12/2023 5:45,19.18,0.002250266
5/12/2023 6:00,15.495,0.001817929
5/12/2023 6:15,11.84,0.001389111
5/12/2023 6:30,17.885,0.002098332
5/12/2023 6:45,9.545,0.001119854
5/12/2023 7:00,19.595,0.002298956
5/12/2023 7:15,18.125,0.00212649
5/12/2023 7:30,12.245,0.001436627
5/12/2023 7:45,12.63,0.001481797
5/12/2023 8:00,27.015,0.003169497
5/12/2023 8:15,13.76,0.001614373
5/12/2023 8:30,19.18,0.002250266
5/12/2023 8:45,10.93,0.001282347
5/12/2023 9:00,14.535,0.001705298
5/12/2023 9:15,19.435,0.002280184
5/12/2023 9:30,37.1,0.004352705
5/12/2023 9:45,12.27,0.00143956
5/12/2023 10:00,22.55,0.002645647
5/12/2023 10:15,10.125,0.001187901
5/12/2023 10:30,10.115,0.001186728
5/12/2023 10:45,12.91,0.001514648
5/12/2023 11:00,13.295,0.001559817
5/12/2023 11:15,12.985,0.001523447
5/12/2023 11:30,9.855,0.001156224
5/12/2023 11:45,37.99,0.004457123
5/12/2023 12:00,29.35,0.003443447
5/12/2023 12:15,13.565,0.001591495
5/12/2023 12:30,11.715,0.001374446
5/12/2023 12:45,31.135,0.00365287
5/12/2023 13:00,12.495,0.001465958
5/12/2023 13:15,11.49,0.001348048
5/12/2023 13:30,12.695,0.001489423
5/12/2023 13:45,68.51,0.008037839
5/12/2023 14:00,12.36,0.00145012
5/12/2023 14:15,10.095,0.001184382
5/12/2023 14:30,11.565,0.001356847
5/12/2023 15:00,14.04,0.001647223
5/12/2023 15:15,20.055,0.002352925
5/12/2023 15:30,22.68,0.002660899
5/12/2023 15:45,17.655,0.002071348
5/12/2023 16:00,14.76,0.001731696
5/12/2023 16:15,10.75,0.001261229
5/12/2023 16:30,17.44,0.002046123
5/12/2023 16:45,13.49,0.001582695
5/12/2023 17:00,13.035,0.001529313
5/12/2023 17:15,15.88,0.001863099
5/12/2023 17:30,12.245,0.001436627
5/12/2023 17:45,16.015,0.001878937
5/12/2023 18:00,24.065,0.002823392
5/12/2023 18:15,13.9,0.001630798
5/12/2023 18:30,13.175,0.001545738
5/12/2023 18:45,79.32,0.009306107
5/12/2023 19:00,38.88,0.004561541
5/12/2023 19:15,24.8,0.002909625
5/12/2023 19:30,66.035,0.007747463
5/12/2023 19:45,18.58,0.002179872
5/12/2023 20:00,15.305,0.001795638
5/12/2023 20:15,16.675,0.001956371
5/12/2023 20:30,19.885,0.00233298
5/12/2023 20:45,25.08,0.002942476
5/12/2023 21:00,35.525,0.004167921
5/12/2023 21:15,15.125,0.001774519
5/12/2023 21:30,10.285,0.001206673
5/12/2023 21:45,12.525,0.001469478
5/12/2023 22:00,68.16,0.007996776
5/12/2023 22:15,17.515,0.002054923
5/12/2023 22:30,22.105,0.002593438
5/12/2023 22:45,47.95,0.005625666
5/12/2023 23:00,20.655,0.002423319
5/12/2023 23:15,70.2,0.008236116
5/12/2023 23:30,108.97,0.012784752
5/12/2023 23:45,36.425,0.004273512
5/13/2023 0:00,14.82,0.001738736
5/13/2023 0:15,19.54,0.002292503
5/13/2023 0:30,194.89,0.022865195
5/13/2023 0:45,10.605,0.001244217
5/13/2023 1:00,168.12,0.019724442
5/13/2023 1:15,11.205,0.001314611
5/13/2023 1:30,25.465,0.002987645
5/13/2023 1:45,366.335,0.042979738
5/13/2023 2:00,239.305,0.028076122
5/13/2023 2:15,71.46,0.008383944
5/13/2023 2:30,128.09,0.015027979
5/13/2023 2:45,72.19,0.00846959
5/13/2023 3:00,29.17,0.003422329
5/13/2023 3:15,32.05,0.003760221
5/13/2023 3:30,42.325,0.004965721
5/13/2023 3:45,17.44,0.002046123
5/13/2023 4:00,25.155,0.002951275
5/13/2023 4:15,68.775,0.00806893
5/13/2023 4:30,19.86,0.002330047
5/13/2023 4:45,14.085,0.001652503
5/13/2023 5:00,176.34,0.020688842
5/13/2023 5:15,23.45,0.002751238
5/13/2023 5:30,35.56,0.004172027
5/13/2023 5:45,29.305,0.003438168
5/13/2023 6:00,23.975,0.002812833
5/13/2023 6:15,11.36,0.001332796
5/13/2023 6:30,27.245,0.003196481
5/13/2023 6:45,28.15,0.003302659
5/13/2023 7:00,54.615,0.006407628
5/13/2023 7:15,47.565,0.005580497
5/13/2023 7:30,175.96,0.020644259
5/13/2023 7:45,36.115,0.004237141
5/13/2023 8:00,35.635,0.004180826
5/13/2023 8:15,17.605,0.002065482
5/13/2023 8:30,15.795,0.001853126
5/13/2023 8:45,12.755,0.001496462
5/13/2023 9:00,13.07,0.001533419
5/13/2023 9:15,10.505,0.001232484
5/13/2023 9:30,9.04,0.001060605
5/13/2023 9:45,11.97,0.001404363
5/13/2023 10:00,19.42,0.002278424
5/13/2023 10:15,8.715,0.001022475
5/13/2023 10:30,19.355,0.002270798
5/13/2023 10:45,9.875,0.00115857
5/13/2023 11:00,8.62,0.001011329
5/13/2023 11:15,26.64,0.0031255
5/13/2023 11:30,12.55,0.001472411
5/13/2023 11:45,14.4,0.00168946
5/13/2023 12:00,13.915,0.001632558
5/13/2023 12:15,11.72,0.001375032
5/13/2023 12:30,15.445,0.001812063
5/13/2023 12:45,36.05,0.004229515
5/13/2023 13:00,11.26,0.001321064
5/13/2023 13:15,12.05,0.001413749
5/13/2023 13:30,18.89,0.002216243
5/13/2023 13:45,17.925,0.002103025
5/13/2023 14:00,10.39,0.001218992
5/13/2023 14:15,12.355,0.001449533
5/13/2023 14:30,14.38,0.001687113
5/13/2023 14:45,13.795,0.001618479
5/13/2023 15:00,320.98,0.037658526
5/13/2023 15:15,46.96,0.005509516
5/13/2023 15:30,52.455,0.006154209
5/13/2023 15:45,19.795,0.00232242
5/13/2023 16:00,12.6,0.001478277
5/13/2023 16:15,10.97,0.00128704
5/13/2023 16:30,10.925,0.00128176
5/13/2023 16:45,9.915,0.001163263
5/13/2023 17:00,12.465,0.001462439
5/13/2023 17:15,11.115,0.001304052
5/13/2023 17:30,8.71,0.001021888
5/13/2023 17:45,10.59,0.001242457
5/13/2023 18:00,15.115,0.001773346
5/13/2023 18:15,25.915,0.003040441
5/13/2023 18:30,8.925,0.001047113
5/13/2023 18:45,8.66,0.001016022
5/13/2023 19:00,25.98,0.003048067
5/13/2023 19:15,25.485,0.002989992
5/13/2023 19:30,10.165,0.001192594
5/13/2023 19:45,10.815,0.001268855
5/13/2023 20:00,21.485,0.002520697
5/13/2023 20:15,26.965,0.003163631
5/13/2023 20:30,73.995,0.008681359
5/13/2023 20:45,31.74,0.003723851
5/13/2023 21:00,13.24,0.001553364
5/13/2023 21:15,27.585,0.003236371
5/13/2023 21:30,10.29,0.00120726
5/13/2023 21:45,13.5,0.001583868
5/13/2023 22:00,11.905,0.001396737
5/13/2023 22:15,16.705,0.001959891
5/13/2023 22:30,31.005,0.003637618
5/13/2023 22:45,35.045,0.004111605
5/13/2023 23:00,15.625,0.001833181
5/13/2023 23:15,17.255,0.002024419
5/13/2023 23:30,12.025,0.001410816
5/13/2023 23:45,25.65,0.00300935
5/14/2023 0:00,26.33,0.00308913
5/14/2023 0:15,30.435,0.003570743
5/14/2023 0:30,23.08,0.002707828
5/14/2023 0:45,23.77,0.002788782
5/14/2023 1:00,53.685,0.006298517
5/14/2023 1:15,22.3,0.002616316
5/14/2023 1:30,21.135,0.002479634
5/14/2023 1:45,22.075,0.002589918
5/14/2023 2:00,16.94,0.001987462
5/14/2023 2:15,24.37,0.002859176
5/14/2023 2:30,46.8,0.005490744
5/14/2023 2:45,21.58,0.002531843
5/14/2023 3:00,19.87,0.00233122
5/14/2023 3:15,10.99,0.001289386
5/14/2023 3:30,34.065,0.003996628
5/14/2023 3:45,16.88,0.001980422
5/14/2023 4:00,17.66,0.002071935
5/14/2023 4:15,14.34,0.00168242
5/14/2023 4:30,12.765,0.001497636
5/14/2023 4:45,134.885,0.015825193
5/14/2023 5:00,15.695,0.001841394
5/14/2023 5:15,38.14,0.004474722
5/14/2023 5:30,51.515,0.006043925
5/14/2023 5:45,102.345,0.012007483
5/14/2023 6:00,69.61,0.008166895
5/14/2023 6:15,19.62,0.002301889
5/14/2023 6:30,11.97,0.001404363
5/14/2023 6:45,40.66,0.004770377
5/14/2023 7:00,45.7,0.005361688
5/14/2023 7:15,13.81,0.001620239
5/14/2023 7:30,15.745,0.00184726
5/14/2023 7:45,13.64,0.001600294
5/14/2023 8:00,15.615,0.001832008
5/14/2023 8:15,14.33,0.001681247
5/14/2023 8:30,10.92,0.001281174
5/14/2023 8:45,12.205,0.001431934
5/14/2023 9:00,29.09,0.003412943
5/14/2023 9:15,48.95,0.00574299
5/14/2023 9:30,15.425,0.001809716
5/14/2023 9:45,15.325,0.001797984
5/14/2023 10:00,13.825,0.001621999
5/14/2023 10:15,19.075,0.002237947
5/14/2023 10:30,12.065,0.001415509
5/14/2023 10:45,10.5,0.001231898
5/14/2023 11:00,18.6,0.002182219
5/14/2023 11:15,15.865,0.001861339
5/14/2023 11:30,20.29,0.002380496
5/14/2023 11:45,10.515,0.001233658
5/14/2023 12:00,16.64,0.001952265
5/14/2023 12:15,8.92,0.001046526
5/14/2023 12:30,10.94,0.00128352
5/14/2023 12:45,8.91,0.001045353
5/14/2023 13:00,12.615,0.001480037
5/14/2023 13:15,13.475,0.001580935
5/14/2023 13:30,8.23,0.000965573
5/14/2023 13:45,11.845,0.001389698
5/14/2023 14:00,14.92,0.001750468
5/14/2023 14:15,16.17,0.001897122
5/14/2023 14:30,15.92,0.001867792
5/14/2023 14:45,28.055,0.003291513
5/14/2023 15:00,10.975,0.001287626
5/14/2023 15:15,11.105,0.001302878
5/14/2023 15:30,9.83,0.001153291
5/14/2023 15:45,39.095,0.004586766
5/14/2023 16:00,34.085,0.003998975
5/14/2023 16:15,14.34,0.00168242
5/14/2023 16:30,10.915,0.001280587
5/14/2023 16:45,14.675,0.001721724
5/14/2023 17:00,12.9,0.001513474
5/14/2023 17:15,14.83,0.001739909
5/14/2023 17:30,28.515,0.003345482
5/14/2023 17:45,15.99,0.001876004
5/14/2023 18:00,19.225,0.002255546
5/14/2023 18:15,24.88,0.002919011
5/14/2023 18:30,26.365,0.003093236
5/14/2023 18:45,22.22,0.00260693
5/14/2023 19:00,11.005,0.001291146
5/14/2023 19:15,12.49,0.001465372
5/14/2023 19:30,9.48,0.001112228
5/14/2023 19:45,11.5,0.001349221
5/14/2023 20:00,13.13,0.001540459
5/14/2023 20:15,20.98,0.002461449
5/14/2023 20:30,38.815,0.004553915
5/14/2023 20:45,13.275,0.001557471
5/14/2023 21:00,13.77,0.001615546
5/14/2023 21:15,9.975,0.001170303
5/14/2023 21:30,38.17,0.004478241
5/14/2023 21:45,14.925,0.001751055
5/14/2023 22:00,22.675,0.002660312
5/14/2023 22:15,8.255,0.000968506
5/14/2023 22:30,18.01,0.002112998
5/14/2023 22:45,13.755,0.001613786
5/14/2023 23:00,9.06,0.001062952
5/14/2023 23:15,27.28,0.003200588
5/14/2023 23:30,12.305,0.001443667
5/14/2023 23:45,113.78,0.013349078
5/15/2023 0:15,13.695,0.001606747
5/15/2023 0:30,16.63,0.001951091
5/15/2023 0:45,11.795,0.001383832
5/15/2023 1:00,11.225,0.001316957
5/15/2023 1:15,33.765,0.003961431
5/15/2023 1:30,12.725,0.001492943
5/15/2023 1:45,11.41,0.001338662
5/15/2023 2:00,12.82,0.001504088
5/15/2023 2:15,13.025,0.00152814
5/15/2023 2:30,9.635,0.001130413
5/15/2023 2:45,33.32,0.003909222
5/15/2023 3:00,20.96,0.002459102
5/15/2023 3:15,14.26,0.001673034
5/15/2023 3:30,11.355,0.001332209
5/15/2023 3:45,12.965,0.0015211
5/15/2023 4:00,14.01,0.001643704
5/15/2023 4:15,27.06,0.003174776
5/15/2023 4:30,18.895,0.002216829
5/15/2023 4:45,11.55,0.001355087
5/15/2023 5:00,17.69,0.002075454
5/15/2023 5:15,12.98,0.00152286
5/15/2023 5:30,21.495,0.002521871
5/15/2023 5:45,15.51,0.001819689
5/15/2023 6:00,29.9,0.003507975
5/15/2023 6:15,9.68,0.001135692
5/15/2023 6:30,22.305,0.002616903
5/15/2023 6:45,12.55,0.001472411
5/15/2023 7:00,8.25,0.00096792
5/15/2023 7:15,15.95,0.001871311
5/15/2023 7:30,13.15,0.001542805
5/15/2023 7:45,11.87,0.001392631
5/15/2023 8:00,10.045,0.001178515
5/15/2023 8:15,12.31,0.001444253
5/15/2023 8:30,12.93,0.001516994
5/15/2023 8:45,26.455,0.003103796
5/15/2023 9:00,13.445,0.001577416
5/15/2023 9:15,11.57,0.001357434
5/15/2023 9:30,17.775,0.002085427
5/15/2023 9:45,14.225,0.001668928
5/15/2023 10:00,9.205,0.001079964
5/15/2023 10:15,12.31,0.001444253
5/15/2023 10:30,11.69,0.001371513
5/15/2023 10:45,14.53,0.001704712
5/15/2023 11:00,15.26,0.001790358
5/15/2023 11:15,12.995,0.00152462
5/15/2023 11:30,28.085,0.003295033
5/15/2023 11:45,11.23,0.001317544
5/15/2023 12:00,16.415,0.001925867
5/15/2023 12:15,9.875,0.00115857
5/15/2023 12:30,24.17,0.002835711
5/15/2023 12:45,58.82,0.006900974
5/15/2023 13:00,37.85,0.004440698
5/15/2023 13:15,14.84,0.001741082
5/15/2023 13:30,9.165,0.001075271
5/15/2023 13:45,8.18,0.000959707
5/15/2023 14:00,58.81,0.0068998
5/15/2023 14:15,15.295,0.001794464
5/15/2023 14:30,13.19,0.001547498
5/15/2023 14:45,63.695,0.007472926
5/15/2023 15:00,14.64,0.001717617
5/15/2023 15:15,14.75,0.001730523
5/15/2023 15:30,12.055,0.001414336
5/15/2023 15:45,11.13,0.001305812
5/15/2023 16:00,13.4,0.001572136
5/15/2023 16:15,7.275,0.000853529
5/15/2023 16:30,20.535,0.00240924
5/15/2023 16:45,6.925,0.000812466
5/15/2023 17:00,11.205,0.001314611
5/15/2023 17:15,26.745,0.003137819
5/15/2023 17:30,22.065,0.002588745
5/15/2023 17:45,13.58,0.001593254
5/15/2023 18:00,13.93,0.001634318
5/15/2023 18:15,27.76,0.003256903
5/15/2023 18:30,15.195,0.001782732
5/15/2023 18:45,12.095,0.001419029
5/15/2023 19:00,21.24,0.002491953
5/15/2023 19:15,9.935,0.00116561
5/15/2023 19:30,12.885,0.001511714
5/15/2023 19:45,21.115,0.002477288
5/15/2023 20:00,22.205,0.00260517
5/15/2023 20:15,25.805,0.003027535
5/15/2023 20:30,14.895,0.001747535
5/15/2023 20:45,13.72,0.00160968
5/15/2023 21:00,26.865,0.003151898
5/15/2023 21:15,14.685,0.001722897
5/15/2023 21:30,8.53,0.00100077
5/15/2023 21:45,13.38,0.00156979
5/15/2023 22:00,15.8,0.001853713
5/15/2023 22:15,21.415,0.002512485
5/15/2023 22:30,11.08,0.001299945
5/15/2023 22:45,16.65,0.001953438
5/15/2023 23:00,27.385,0.003212907
5/15/2023 23:15,12.23,0.001434868
5/15/2023 23:30,16.83,0.001974556
5/15/2023 23:45,16.17,0.001897122
5/16/2023 0:00,13.02,0.001527553
5/16/2023 0:15,38.095,0.004469442
5/16/2023 0:30,14.455,0.001695913
5/16/2023 0:45,16.12,0.001891256
5/16/2023 1:00,23.085,0.002708415
5/16/2023 1:15,25.425,0.002982952
5/16/2023 1:30,25.475,0.002988818
5/16/2023 1:45,21.41,0.002511898
5/16/2023 2:00,31.085,0.003647004
5/16/2023 2:15,15.95,0.001871311
5/16/2023 2:30,10.25,0.001202567
5/16/2023 2:45,12.345,0.00144836
5/16/2023 3:00,35.995,0.004223063
5/16/2023 3:15,10.705,0.001255949
5/16/2023 3:30,17.205,0.002018552
5/16/2023 3:45,17.145,0.002011513
5/16/2023 4:00,18.47,0.002166967
5/16/2023 4:15,8.5,0.000997251
5/16/2023 4:30,25.675,0.003012283
5/16/2023 4:45,28.375,0.003329057
5/16/2023 5:00,11.005,0.001291146
5/16/2023 5:15,10.75,0.001261229
5/16/2023 5:30,13.05,0.001531073
5/16/2023 5:45,33.955,0.003983723
5/16/2023 6:00,28.31,0.003321431
5/16/2023 6:15,12.805,0.001502329
5/16/2023 6:30,12.43,0.001458332
5/16/2023 6:45,12.03,0.001411403
5/16/2023 7:00,7.97,0.000935069
5/16/2023 7:15,12.46,0.001461852
5/16/2023 7:30,25.225,0.002959488
5/16/2023 7:45,16.44,0.0019288
5/16/2023 8:00,17.47,0.002049643
5/16/2023 8:15,11.53,0.001352741
5/16/2023 8:30,9.575,0.001123373
5/16/2023 8:45,9.135,0.001071751
5/16/2023 9:00,32.675,0.003833548
5/16/2023 9:15,16.775,0.001968103
5/16/2023 9:30,17.345,0.002034978
5/16/2023 9:45,12.955,0.001519927
5/16/2023 10:00,11.73,0.001376206
5/16/2023 10:15,12.33,0.0014466
5/16/2023 10:30,22.05,0.002586985
5/16/2023 10:45,10.61,0.001244803
5/16/2023 11:00,15.935,0.001869551
5/16/2023 11:15,13.02,0.001527553
5/16/2023 11:30,12.04,0.001412576
5/16/2023 11:45,12.305,0.001443667
5/16/2023 12:00,10.64,0.001248323
5/16/2023 12:15,26.235,0.003077984
5/16/2023 12:30,8.17,0.000958534
5/16/2023 12:45,12.42,0.001457159
5/16/2023 13:00,11.055,0.001297012
5/16/2023 13:15,9.505,0.001115161
5/16/2023 13:30,47.355,0.005555859
5/16/2023 13:45,61.575,0.0072242
5/16/2023 14:00,10.48,0.001229551
5/16/2023 14:15,9.475,0.001111641
5/16/2023 14:30,24.225,0.002842164
5/16/2023 14:45,11.895,0.001395564
5/16/2023 15:00,13.445,0.001577416
5/16/2023 15:15,15.92,0.001867792
5/16/2023 15:30,12.455,0.001461265
5/16/2023 15:45,11.545,0.001354501
5/16/2023 16:00,10.13,0.001188488
5/16/2023 16:15,12.275,0.001440147
5/16/2023 16:30,21.495,0.002521871
5/16/2023 16:45,10.9,0.001278827
5/16/2023 17:00,20.935,0.002456169
5/16/2023 17:15,21.07,0.002472008
5/16/2023 17:30,9.4,0.001102842
5/16/2023 17:45,7.385,0.000866435
5/16/2023 18:00,11.02,0.001292906
5/16/2023 18:15,15.56,0.001825555
5/16/2023 18:30,17.945,0.002105372
5/16/2023 18:45,13.46,0.001579176
5/16/2023 19:00,40.66,0.004770377
5/16/2023 19:15,10.815,0.001268855
5/16/2023 19:30,13.82,0.001621412
5/16/2023 19:45,12.14,0.001424308
5/16/2023 20:00,15.345,0.001800331
5/16/2023 20:15,12.665,0.001485903
5/16/2023 20:30,12.15,0.001425482
5/16/2023 20:45,13.31,0.001561577
5/16/2023 21:00,37.885,0.004444804
5/16/2023 21:15,11.865,0.001392044
5/16/2023 21:30,65.21,0.007650671
5/16/2023 21:45,12.99,0.001524033
5/16/2023 22:00,32.805,0.0038488
5/16/2023 22:15,39.46,0.004629589
5/16/2023 22:30,14.115,0.001656022
5/16/2023 22:45,15.805,0.001854299
5/16/2023 23:00,35.425,0.004156188
5/16/2023 23:15,23.865,0.002799927
5/16/2023 23:30,15.475,0.001815583
5/16/2023 23:45,20.56,0.002412173
5/17/2023 0:00,23.915,0.002805794
5/17/2023 0:15,17.97,0.002108305
5/17/2023 0:30,11.555,0.001355674
5/17/2023 0:45,26.9,0.003156005
5/17/2023 1:00,46.505,0.005456134
5/17/2023 1:15,15.41,0.001807957
5/17/2023 1:30,14.7,0.001724657
5/17/2023 1:45,16.225,0.001903575
5/17/2023 2:00,14.21,0.001667168
5/17/2023 2:15,20.31,0.002382842
5/17/2023 2:30,12.245,0.001436627
5/17/2023 2:45,31.645,0.003712705
5/17/2023 3:00,14.045,0.00164781
5/17/2023 3:15,17.175,0.002015033
5/17/2023 3:30,14.395,0.001688873
5/17/2023 3:45,13.66,0.00160264
5/17/2023 4:00,14.645,0.001718204
5/17/2023 4:15,12.855,0.001508195
5/17/2023 4:30,27.805,0.003262182
5/17/2023 4:45,20.21,0.00237111
5/17/2023 5:00,11.86,0.001391458
5/17/2023 5:15,12.86,0.001508781
5/17/2023 5:30,12.89,0.001512301
5/17/2023 5:45,11.165,0.001309918
5/17/2023 6:00,11.61,0.001362127
5/17/2023 6:15,11.06,0.001297599
5/17/2023 6:30,13.83,0.001622585
5/17/2023 6:45,13.675,0.0016044
5/17/2023 7:00,11.945,0.00140143
5/17/2023 7:15,31.77,0.00372737
5/17/2023 7:30,13.165,0.001544565
5/17/2023 7:45,15.09,0.001770413
5/17/2023 8:00,14.805,0.001736976
5/17/2023 8:15,13.385,0.001570376
5/17/2023 8:30,19.815,0.002324767
5/17/2023 8:45,12.865,0.001509368
5/17/2023 9:00,12.73,0.001493529
5/17/2023 9:15,9.8,0.001149771
5/17/2023 9:30,15.48,0.001816169
5/17/2023 9:45,17.12,0.00200858
5/17/2023 10:00,17.34,0.002034391
5/17/2023 10:15,13.555,0.001590321
5/17/2023 10:30,19.21,0.002253786
5/17/2023 10:45,10.38,0.001217819
5/17/2023 11:00,94.685,0.011108784
5/17/2023 11:15,10.915,0.001280587
5/17/2023 11:30,11.91,0.001397324
5/17/2023 11:45,21.605,0.002534776
5/17/2023 12:00,9.62,0.001128653
5/17/2023 12:15,12.735,0.001494116
5/17/2023 12:30,10.225,0.001199634
5/17/2023 12:45,10.835,0.001271201
5/17/2023 13:00,10.68,0.001253016
5/17/2023 13:15,10.045,0.001178515
5/17/2023 13:30,12.535,0.001470651
5/17/2023 13:45,18.555,0.002176939
5/17/2023 14:00,13.555,0.001590321
5/17/2023 14:15,10.66,0.001250669
5/17/2023 14:30,33.175,0.00389221
5/17/2023 14:45,12.91,0.001514648
5/17/2023 15:00,13.775,0.001616132
5/17/2023 15:15,40.735,0.004779176
5/17/2023 15:30,24.47,0.002870908
5/17/2023 15:45,58.41,0.006852871
5/17/2023 16:00,28.595,0.003354868
5/17/2023 16:15,13.13,0.001540459
5/17/2023 16:30,27.105,0.003180056
5/17/2023 16:45,10.505,0.001232484
5/17/2023 17:00,35.065,0.004113952
5/17/2023 17:15,14.565,0.001708818
5/17/2023 17:30,36.255,0.004253567
5/17/2023 17:45,10.73,0.001258882
5/17/2023 18:00,17.03,0.001998021
5/17/2023 18:15,74.41,0.008730048
5/17/2023 18:30,27.825,0.003264529
5/17/2023 18:45,12.41,0.001455986
5/17/2023 19:00,15.33,0.001798571
5/17/2023 19:15,12.115,0.001421375
5/17/2023 19:30,17.74,0.002081321
5/17/2023 19:45,23.6,0.002768837
5/17/2023 20:00,17.265,0.002025592
5/17/2023 20:15,20.515,0.002406893
5/17/2023 20:30,13.895,0.001630211
5/17/2023 20:45,24.47,0.002870908
5/17/2023 21:00,21.795,0.002557068
5/17/2023 21:15,18.585,0.002180459
5/17/2023 21:30,21.67,0.002542402
5/17/2023 21:45,25.545,0.002997031
5/17/2023 22:00,16.225,0.001903575
5/17/2023 22:15,32.68,0.003834135
5/17/2023 22:30,22.09,0.002591678
5/17/2023 22:45,19.335,0.002268452
5/17/2023 23:00,20,0.002346472
5/17/2023 23:15,27.255,0.003197654
5/17/2023 23:30,20.83,0.00244385
5/17/2023 23:45,19.885,0.00233298
5/18/2023 0:00,39.19,0.004597912
5/18/2023 0:15,22.07,0.002589332
5/18/2023 0:30,24.165,0.002835125
5/18/2023 0:45,21.225,0.002490193
5/18/2023 1:00,20.13,0.002361724
5/18/2023 1:15,17.52,0.002055509
5/18/2023 1:30,22.16,0.002599891
5/18/2023 1:45,16.94,0.001987462
5/18/2023 2:00,19.26,0.002259652
5/18/2023 2:15,18.27,0.002143502
5/18/2023 2:30,16.03,0.001880697
5/18/2023 2:45,16.82,0.001973383
5/18/2023 3:00,16.69,0.001958131
5/18/2023 3:15,45.215,0.005304786
5/18/2023 3:30,30.34,0.003559598
5/18/2023 3:45,14.415,0.00169122
5/18/2023 4:00,14.885,0.001746362
5/18/2023 4:15,16.4,0.001924107
5/18/2023 4:30,17.78,0.002086013
5/18/2023 4:45,13.96,0.001637837
5/18/2023 5:00,13.21,0.001549845
5/18/2023 5:15,19.755,0.002317728
5/18/2023 5:30,19.56,0.002294849
5/18/2023 5:45,17.145,0.002011513
5/18/2023 6:00,19.805,0.002323594
5/18/2023 6:15,12.9,0.001513474
5/18/2023 6:30,59.94,0.007032376
5/18/2023 6:45,20.955,0.002458516
5/18/2023 7:00,11.565,0.001356847
5/18/2023 7:15,14.295,0.001677141
5/18/2023 7:30,13.93,0.001634318
5/18/2023 7:45,14.555,0.001707645
5/18/2023 8:00,17.995,0.002111238
5/18/2023 8:15,33.055,0.003878131
5/18/2023 8:30,12.265,0.001438974
5/18/2023 8:45,12.905,0.001514061
5/18/2023 9:00,16.255,0.001907095
5/18/2023 9:15,17.365,0.002037324
5/18/2023 9:30,13.09,0.001535766
5/18/2023 9:45,11.18,0.001311678
5/18/2023 10:00,13.05,0.001531073
5/18/2023 10:15,14.64,0.001717617
5/18/2023 10:30,37.1,0.004352705
5/18/2023 10:45,12.14,0.001424308
5/18/2023 11:00,25.615,0.003005244
5/18/2023 11:15,28.775,0.003375986
5/18/2023 11:30,12.485,0.001464785
5/18/2023 11:45,11.435,0.001341595
5/18/2023 12:00,9.96,0.001168543
5/18/2023 12:15,20.235,0.002374043
5/18/2023 12:30,11.74,0.001377379
5/18/2023 12:45,17.265,0.002025592
5/18/2023 13:00,13.15,0.001542805
5/18/2023 13:15,39.675,0.004654813
5/18/2023 13:30,13.015,0.001526967
5/18/2023 13:45,17.645,0.002070175
5/18/2023 14:00,14.54,0.001705885
5/18/2023 14:15,13.56,0.001590908
5/18/2023 14:30,12.4,0.001454813
5/18/2023 14:45,14.29,0.001676554
5/18/2023 15:30,113.94,0.01336785
5/18/2023 15:45,51.165,0.006002862
5/18/2023 16:00,36.105,0.004235968
5/18/2023 16:15,42.795,0.005020863
5/18/2023 16:30,30.37,0.003563117
5/18/2023 16:45,24.93,0.002924877
5/18/2023 17:00,26.1,0.003062146
5/18/2023 17:15,18.69,0.002192778
5/18/2023 17:30,20.225,0.00237287
5/18/2023 17:45,17.09,0.00200506
5/18/2023 18:00,19.01,0.002230321
5/18/2023 18:15,53.24,0.006246308
5/18/2023 18:30,23.12,0.002712521
5/18/2023 18:45,19.37,0.002272558
5/18/2023 19:00,19.015,0.002230908
5/18/2023 19:15,59.35,0.006963155
5/18/2023 19:45,19.27,0.002260826
5/18/2023 20:00,19.995,0.002345885
5/18/2023 20:15,36.57,0.004290524
5/18/2023 20:30,19.115,0.00224264
5/18/2023 20:45,24.045,0.002821046
5/18/2023 21:00,19.995,0.002345885
5/18/2023 21:15,20.29,0.002380496
5/18/2023 21:30,25.89,0.003037508
5/18/2023 21:45,26.825,0.003147205
5/18/2023 22:00,26.31,0.003086784
5/18/2023 22:15,21.55,0.002528323
5/18/2023 22:30,24.235,0.002843337
5/18/2023 22:45,29.64,0.003477471
5/18/2023 23:00,27.455,0.003221119
5/18/2023 23:15,36.53,0.004285831
5/18/2023 23:30,17.3,0.002029698
5/18/2023 23:45,33.06,0.003878718
5/19/2023 0:00,40.74,0.004779763
5/19/2023 0:15,17.185,0.002016206
5/19/2023 0:30,18.325,0.002149955
5/19/2023 0:45,44.835,0.005260203
5/19/2023 1:00,17.99,0.002110651
5/19/2023 1:15,17.26,0.002025005
5/19/2023 1:30,16.775,0.001968103
5/19/2023 1:45,26.76,0.003139579
5/19/2023 2:00,25.325,0.00297122
5/19/2023 2:15,24.88,0.002919011
5/19/2023 2:30,20.68,0.002426252
5/19/2023 2:45,17.175,0.002015033
5/19/2023 3:00,16.495,0.001935253
5/19/2023 3:15,17.99,0.002110651
5/19/2023 3:30,14.82,0.001738736
5/19/2023 3:45,15.265,0.001790945
5/19/2023 4:00,14.095,0.001653676
5/19/2023 4:15,17.31,0.002030871
5/19/2023 4:30,22.505,0.002640367
5/19/2023 4:45,19.55,0.002293676
5/19/2023 5:00,58.175,0.0068253
5/19/2023 5:15,18,0.002111825
5/19/2023 5:30,14.095,0.001653676
5/19/2023 5:45,12.295,0.001442494
5/19/2023 6:00,18.7,0.002193951
5/19/2023 6:15,17.32,0.002032045
5/19/2023 6:30,17.425,0.002044364
5/19/2023 6:45,14.265,0.001673621
5/19/2023 7:00,13.825,0.001621999
5/19/2023 7:15,18.75,0.002199817
5/19/2023 7:30,19.9,0.002334739
5/19/2023 7:45,12.84,0.001506435
5/19/2023 8:00,20.975,0.002460862
5/19/2023 8:15,54.85,0.006435199
5/19/2023 8:30,44.055,0.005168691
5/19/2023 8:45,22.625,0.002654446
5/19/2023 9:00,13.44,0.001576829
5/19/2023 9:15,57.15,0.006705043
5/19/2023 9:30,12.545,0.001471824
5/19/2023 9:45,13.25,0.001554538
5/19/2023 10:00,13.1,0.001536939
5/19/2023 10:15,13.77,0.001615546
5/19/2023 10:30,15.585,0.001828488
5/19/2023 10:45,13.17,0.001545152
5/19/2023 11:00,13.765,0.001614959
5/19/2023 11:15,14.375,0.001686527
5/19/2023 11:30,12.085,0.001417856
5/19/2023 11:45,12.395,0.001454226
5/19/2023 12:00,12.755,0.001496462
5/19/2023 12:15,18.44,0.002163447
5/19/2023 12:30,14.925,0.001751055
5/19/2023 12:45,14.4,0.00168946
5/19/2023 13:00,13.76,0.001614373
5/19/2023 13:15,15.905,0.001866032
5/19/2023 13:30,15.83,0.001857232
5/19/2023 13:45,15.87,0.001861925
5/19/2023 14:00,22.37,0.002624529
5/19/2023 14:15,13.86,0.001626105
5/19/2023 14:30,21.415,0.002512485
5/19/2023 14:45,17.5,0.002053163
5/19/2023 15:00,44.125,0.005176903
5/19/2023 15:15,25.425,0.002982952
5/19/2023 15:30,17.825,0.002091293
5/19/2023 15:45,15.44,0.001811476
5/19/2023 16:00,28.685,0.003365427
5/19/2023 16:15,25.145,0.002950102
5/19/2023 16:30,20.01,0.002347645
5/19/2023 16:45,18.11,0.00212473
5/19/2023 17:00,17.63,0.002068415
5/19/2023 17:15,18.795,0.002205097
5/19/2023 17:30,26.48,0.003106729
5/19/2023 17:45,21.475,0.002519524
5/19/2023 18:00,23.24,0.0027266
5/19/2023 18:15,22.785,0.002673218
5/19/2023 18:30,23.875,0.002801101
5/19/2023 18:45,22.965,0.002694336
5/19/2023 19:00,20.76,0.002435638
5/19/2023 19:15,26.065,0.003058039
5/19/2023 19:30,34.155,0.004007187
5/19/2023 19:45,25.685,0.003013456
5/19/2023 20:00,28.915,0.003392412
5/19/2023 20:15,34.24,0.00401716
5/19/2023 20:30,48.485,0.005688434
5/19/2023 20:45,33.135,0.003887517
5/19/2023 21:00,40.175,0.004713475
5/19/2023 21:15,38,0.004458296
5/19/2023 21:30,35.3,0.004141523
5/19/2023 21:45,39.855,0.004675932
5/19/2023 22:00,33.085,0.003881651
5/19/2023 22:15,53.64,0.006293237
5/19/2023 22:30,34.81,0.004084034
5/19/2023 22:45,39.645,0.004651294
5/19/2023 23:00,41.66,0.004887701
5/19/2023 23:15,32.5,0.003813017
5/19/2023 23:30,45.34,0.005319452
5/19/2023 23:45,34.115,0.004002494
5/20/2023 0:00,29.885,0.003506216
5/20/2023 0:15,44.515,0.00522266
5/20/2023 0:30,35.29,0.00414035
5/20/2023 0:45,35.51,0.004166161
5/20/2023 1:00,36.795,0.004316922
5/20/2023 1:15,41.585,0.004878902
5/20/2023 1:30,31.735,0.003723264
5/20/2023 1:45,30.535,0.003582476
5/20/2023 2:00,34.14,0.004005427
5/20/2023 2:15,28.86,0.003385959
5/20/2023 2:30,26.375,0.00309441
5/20/2023 2:45,26.225,0.003076811
5/20/2023 3:00,33.53,0.00393386
5/20/2023 3:15,31.375,0.003681028
5/20/2023 3:30,37.345,0.004381449
5/20/2023 3:45,24.725,0.002900826
5/20/2023 4:00,24.275,0.00284803
5/20/2023 4:15,25.535,0.002995858
5/20/2023 4:30,29.145,0.003419396
5/20/2023 4:45,24.02,0.002818113
5/20/2023 5:00,34.175,0.004009534
5/20/2023 5:15,26.51,0.003110248
5/20/2023 5:30,38.25,0.004487627
5/20/2023 5:45,27.18,0.003188855
5/20/2023 6:00,28.13,0.003300313
5/20/2023 6:15,24.465,0.002870322
5/20/2023 6:30,24.71,0.002899066
5/20/2023 6:45,43.785,0.005137013
5/20/2023 7:00,27.44,0.003219359
5/20/2023 7:15,23.64,0.00277353
5/20/2023 7:30,28.49,0.003342549
5/20/2023 7:45,30.705,0.003602421
5/20/2023 8:00,23.04,0.002703136
5/20/2023 8:15,24.475,0.002871495
5/20/2023 8:30,25.65,0.00300935
5/20/2023 8:45,22.88,0.002684364
5/20/2023 9:00,22.28,0.00261397
5/20/2023 9:15,26.845,0.003149552
5/20/2023 9:30,24.83,0.002913145
5/20/2023 9:45,27.21,0.003192375
5/20/2023 10:00,21.885,0.002567627
5/20/2023 10:15,23.115,0.002711935
5/20/2023 10:30,22.655,0.002657966
5/20/2023 10:45,22.655,0.002657966
5/20/2023 11:00,22.815,0.002676738
5/20/2023 11:15,21.52,0.002524804
5/20/2023 11:30,22.255,0.002611037
5/20/2023 11:45,21.94,0.00257408
5/20/2023 12:00,24.175,0.002836298
5/20/2023 12:15,26.17,0.003070358
5/20/2023 12:30,21.565,0.002530083
5/20/2023 12:45,25.27,0.002964767
5/20/2023 13:00,23.25,0.002727773
5/20/2023 13:15,21.94,0.00257408
5/20/2023 13:30,26.855,0.003150725
5/20/2023 13:45,23.68,0.002778223
5/20/2023 14:00,21.89,0.002568213
5/20/2023 14:15,35.605,0.004177306
5/20/2023 14:30,21.41,0.002511898
5/20/2023 14:45,22.79,0.002673805
5/20/2023 15:00,27.55,0.003232265
5/20/2023 15:15,30.825,0.0036165
5/20/2023 15:30,21.39,0.002509552
5/20/2023 15:45,24.645,0.00289144
5/20/2023 16:00,26.58,0.003118461
5/20/2023 16:15,36.285,0.004257086
5/20/2023 16:30,48.155,0.005649718
5/20/2023 16:45,26.585,0.003119048
5/20/2023 17:00,32.935,0.003864052
5/20/2023 17:15,21.835,0.002561761
5/20/2023 17:30,96.515,0.011323486
5/20/2023 17:45,22.06,0.002588158
5/20/2023 18:00,21.47,0.002518937
5/20/2023 18:15,21.26,0.0024943
5/20/2023 19:00,17.905,0.002100679
5/20/2023 19:15,19.465,0.002283704
5/20/2023 19:30,20.375,0.002390468
5/20/2023 19:45,19.475,0.002284877
5/20/2023 20:00,20.225,0.00237287
5/20/2023 20:15,36.565,0.004289937
5/20/2023 20:30,22.5,0.002639781
5/20/2023 20:45,24.895,0.002920771
5/20/2023 21:00,20.875,0.00244913
5/20/2023 21:15,20.385,0.002391641
5/20/2023 21:30,21.695,0.002545335
5/20/2023 21:45,22.945,0.00269199
5/20/2023 22:00,76.52,0.008977601
5/20/2023 22:15,26.47,0.003105555
5/20/2023 22:30,30.18,0.003540826
5/20/2023 22:45,24.475,0.002871495
5/20/2023 23:00,21.715,0.002547682
5/20/2023 23:15,29.27,0.003434062
5/20/2023 23:30,71.24,0.008358133
5/20/2023 23:45,41.51,0.004870102
5/21/2023 0:00,31.945,0.003747902
5/21/2023 0:15,44.48,0.005218553
5/21/2023 0:30,33.315,0.003908635
5/21/2023 0:45,21.135,0.002479634
5/21/2023 1:00,32.1,0.003766087
5/21/2023 1:15,23.45,0.002751238
5/21/2023 1:30,22.63,0.002655033
5/21/2023 1:45,24.15,0.002833365
5/21/2023 2:00,25.015,0.00293485
5/21/2023 2:15,44.99,0.005278388
5/21/2023 2:30,202.135,0.023715204
5/21/2023 3:00,30.245,0.003548452
5/21/2023 3:15,34.09,0.003999561
5/21/2023 3:30,35.615,0.00417848
5/21/2023 4:00,46.84,0.005495437
5/21/2023 4:15,56.475,0.00662585
5/21/2023 4:30,47.83,0.005611587
5/21/2023 4:45,32.835,0.00385232
5/21/2023 5:00,34.405,0.004036518
5/21/2023 5:15,32.33,0.003793072
5/21/2023 5:30,33.165,0.003891037
5/21/2023 5:45,29.775,0.00349331
5/21/2023 6:00,48.63,0.005705446
5/21/2023 6:15,235.895,0.027676048
5/21/2023 6:30,219.635,0.025768367
5/21/2023 6:45,219.22,0.025719678
5/21/2023 7:00,288.07,0.033797407
5/21/2023 7:15,358.7,0.042083972
5/21/2023 7:30,339.54,0.039836052
5/21/2023 8:15,339.82,0.039868903
5/21/2023 9:00,62.99,0.007390213
5/21/2023 9:15,56.28,0.006602972
5/21/2023 9:30,139.435,0.016359015
5/21/2023 9:45,43.025,0.005047847
5/21/2023 10:00,238.29,0.027957038
5/21/2023 10:15,177.07,0.020774488
5/21/2023 10:30,43.475,0.005100643
5/21/2023 10:45,23.93,0.002807554
5/21/2023 11:00,28.48,0.003341376
5/21/2023 11:15,24.06,0.002822806
5/21/2023 11:30,27.89,0.003272155
5/21/2023 11:45,22.75,0.002669112
5/21/2023 12:00,32.385,0.003799524
5/21/2023 12:15,27.87,0.003269808
5/21/2023 12:30,33.77,0.003962018
5/21/2023 12:45,23.385,0.002743612
5/21/2023 13:00,25.54,0.002996445
5/21/2023 13:15,21.905,0.002569973
5/21/2023 13:30,24.6,0.00288616
5/21/2023 13:45,25.11,0.002945995
5/21/2023 14:00,23.085,0.002708415
5/21/2023 14:15,24.935,0.002925464
5/21/2023 14:30,23.49,0.002755931
5/21/2023 14:45,22.47,0.002636261
5/21/2023 15:00,23.815,0.002794061
5/21/2023 15:15,21.02,0.002466142
5/21/2023 15:30,26.33,0.00308913
5/21/2023 15:45,38.165,0.004477655
5/21/2023 16:00,34.385,0.004034172
5/21/2023 16:15,23.125,0.002713108
5/21/2023 16:30,37.045,0.004346252
5/21/2023 16:45,23.76,0.002787609
5/21/2023 17:00,22.695,0.002662659
5/21/2023 17:15,26.27,0.003082091
5/21/2023 17:30,29.72,0.003486857
5/21/2023 17:45,22.82,0.002677324
5/21/2023 18:00,25.865,0.003034575
5/21/2023 18:15,28.165,0.003304419
5/21/2023 18:30,25.905,0.003039268
5/21/2023 18:45,37.55,0.004405501
5/21/2023 19:00,24.705,0.002898479
5/21/2023 19:15,24.08,0.002825152
5/21/2023 19:30,20.76,0.002435638
5/21/2023 19:45,25.285,0.002966527
5/21/2023 20:00,19.305,0.002264932
5/21/2023 20:15,31.555,0.003702146
5/21/2023 20:30,29.315,0.003439341
5/21/2023 20:45,27.09,0.003178296
5/21/2023 21:00,19.58,0.002297196
5/21/2023 21:15,20.305,0.002382256
5/21/2023 21:30,25.38,0.002977673
5/21/2023 21:45,26.465,0.003104969
5/21/2023 22:00,21.02,0.002466142
5/21/2023 22:15,24.175,0.002836298
5/21/2023 22:30,19.39,0.002274904
5/21/2023 22:45,22.09,0.002591678
5/21/2023 23:00,23.59,0.002767664
5/21/2023 23:15,24.495,0.002873841
5/21/2023 23:30,22.605,0.0026521
5/21/2023 23:45,24.165,0.002835125
5/22/2023 0:00,32.31,0.003790725
5/22/2023 0:15,22.425,0.002630982
5/22/2023 0:30,19.445,0.002281357
5/22/2023 0:45,22.31,0.002617489
5/22/2023 1:00,22.58,0.002649167
5/22/2023 1:15,23.585,0.002767077
5/22/2023 1:30,31.715,0.003720918
5/22/2023 1:45,36.76,0.004312815
5/22/2023 2:00,26.33,0.00308913
5/22/2023 2:15,24.805,0.002910212
5/22/2023 2:30,26.81,0.003145445
5/22/2023 2:45,29.71,0.003485684
5/22/2023 3:00,19.04,0.002233841
5/22/2023 3:15,30.04,0.003524401
5/22/2023 3:30,22.235,0.00260869
5/22/2023 3:45,23.34,0.002738333
5/22/2023 4:00,20.115,0.002359964
5/22/2023 4:15,28.38,0.003329644
5/22/2023 4:30,26.595,0.003120221
5/22/2023 4:45,23.73,0.002784089
5/22/2023 5:00,22.97,0.002694923
5/22/2023 5:15,21.15,0.002481394
5/22/2023 5:30,21.45,0.002516591
5/22/2023 5:45,33.385,0.003916848
5/22/2023 6:00,21.765,0.002553548
5/22/2023 6:15,23.4,0.002745372
5/22/2023 6:30,19.96,0.002341779
5/22/2023 6:45,17.815,0.00209012
5/22/2023 7:00,23.77,0.002788782
5/22/2023 7:15,20.235,0.002374043
5/22/2023 7:30,18.41,0.002159927
5/22/2023 7:45,35.735,0.004192559
5/22/2023 8:00,35.415,0.004155015
5/22/2023 8:15,19.49,0.002286637
5/22/2023 8:30,22.72,0.002665592
5/22/2023 8:45,23.995,0.00281518
5/22/2023 9:00,19.395,0.002275491
5/22/2023 9:15,26.845,0.003149552
5/22/2023 9:30,21.92,0.002571733
5/22/2023 9:45,32.23,0.003781339
5/22/2023 10:00,28.055,0.003291513
5/22/2023 10:15,28.235,0.003312632
5/22/2023 10:30,25.045,0.002938369
5/22/2023 10:45,23.335,0.002737746
5/22/2023 11:00,22.595,0.002650927
5/22/2023 11:15,23.125,0.002713108
5/22/2023 11:30,16.065,0.001884803
5/22/2023 11:45,19.74,0.002315968
5/22/2023 12:00,33.49,0.003929167
5/22/2023 12:15,28.82,0.003381266
5/22/2023 12:30,16.55,0.001941705
5/22/2023 12:45,26.61,0.003121981
5/22/2023 13:00,18.065,0.002119451
5/22/2023 13:15,15.7,0.00184198
5/22/2023 13:30,15.705,0.001842567
5/22/2023 13:45,21.845,0.002562934
5/22/2023 14:00,23.07,0.002706655
5/22/2023 14:15,18.515,0.002172246
5/22/2023 14:30,17.185,0.002016206
5/22/2023 14:45,18.835,0.00220979
5/22/2023 15:00,18.24,0.002139982
5/22/2023 15:15,18.27,0.002143502
5/22/2023 15:30,30.07,0.00352792
5/22/2023 15:45,30.9,0.003625299
5/22/2023 16:00,26.8,0.003144272
5/22/2023 16:15,86.57,0.010156703
5/22/2023 16:30,20.57,0.002413346
5/22/2023 16:45,31.05,0.003642897
5/22/2023 17:00,18.095,0.00212297
5/22/2023 17:15,17.455,0.002047883
5/22/2023 17:30,15.985,0.001875418
5/22/2023 17:45,12.81,0.001502915
5/22/2023 18:00,36.89,0.004328067
5/22/2023 18:15,19.78,0.002320661
5/22/2023 18:30,31.975,0.003751422
5/22/2023 18:45,39.89,0.004680038
5/22/2023 19:00,23.245,0.002727187
5/22/2023 19:15,19.895,0.002334153
5/22/2023 19:30,25.055,0.002939543
5/22/2023 19:45,17.54,0.002057856
5/22/2023 20:00,21.615,0.002535949
5/22/2023 20:15,17.355,0.002036151
5/22/2023 20:30,25.36,0.002975326
5/22/2023 20:45,17.005,0.001995088
5/22/2023 21:00,17.655,0.002071348
5/22/2023 21:15,26.24,0.003078571
5/22/2023 21:30,16.05,0.001883044
5/22/2023 21:45,20.535,0.00240924
5/22/2023 22:00,13.515,0.001585628
5/22/2023 22:15,16.8,0.001971036
5/22/2023 22:30,22.345,0.002621596
5/22/2023 22:45,14.31,0.001678901
5/22/2023 23:00,27.61,0.003239304
5/22/2023 23:15,17.015,0.001996261
5/22/2023 23:30,31.575,0.003704492
5/22/2023 23:45,26.015,0.003052173
5/23/2023 0:00,14.28,0.001675381
5/23/2023 0:15,15.965,0.001873071
5/23/2023 0:30,16.15,0.001894776
5/23/2023 0:45,17.03,0.001998021
5/23/2023 1:00,15.09,0.001770413
5/23/2023 1:15,17.16,0.002013273
5/23/2023 1:30,18.955,0.002223869
5/23/2023 1:45,20.1,0.002358204
5/23/2023 2:00,16.9,0.001982769
5/23/2023 2:15,14.655,0.001719377
5/23/2023 2:30,43.74,0.005131734
5/23/2023 2:45,29.3,0.003437581
5/23/2023 3:00,15.385,0.001805023
5/23/2023 3:15,16.185,0.001898882
5/23/2023 3:30,14.195,0.001665408
5/23/2023 3:45,16.855,0.001977489
5/23/2023 4:00,21.3,0.002498992
5/23/2023 4:15,15.375,0.00180385
5/23/2023 4:30,13.39,0.001570963
5/23/2023 4:45,17.63,0.002068415
5/23/2023 5:00,15.88,0.001863099
5/23/2023 5:15,12.9,0.001513474
5/23/2023 5:30,14.45,0.001695326
5/23/2023 5:45,13.63,0.001599121
5/23/2023 6:00,13.82,0.001621412
5/23/2023 6:15,12.465,0.001462439
5/23/2023 6:30,12.34,0.001447773
5/23/2023 6:45,14.315,0.001679487
5/23/2023 7:00,12.095,0.001419029
5/23/2023 7:15,12.785,0.001499982
5/23/2023 7:30,12.74,0.001494703
5/23/2023 7:45,15.11,0.001772759
5/23/2023 8:00,19.06,0.002236188
5/23/2023 8:15,13.615,0.001597361
5/23/2023 8:30,12.775,0.001498809
5/23/2023 8:45,32.88,0.0038576
5/23/2023 9:00,16.69,0.001958131
5/23/2023 9:15,13.27,0.001556884
5/23/2023 9:30,16.095,0.001888323
5/23/2023 9:45,13.46,0.001579176
5/23/2023 10:00,13.375,0.001569203
5/23/2023 10:15,13.46,0.001579176
5/23/2023 10:30,12.675,0.001487077
5/23/2023 10:45,11.395,0.001336902
5/23/2023 11:00,13.45,0.001578002
5/23/2023 11:15,10.825,0.001270028
5/23/2023 11:30,12.83,0.001505262
5/23/2023 11:45,17.66,0.002071935
5/23/2023 12:00,19.055,0.002235601
5/23/2023 12:15,12.775,0.001498809
5/23/2023 12:30,11.725,0.001375619
5/23/2023 12:45,10.825,0.001270028
5/23/2023 13:00,12.35,0.001448946
5/23/2023 13:15,12.015,0.001409643
5/23/2023 13:30,10.995,0.001289973
5/23/2023 13:45,12.085,0.001417856
5/23/2023 14:00,12.405,0.001455399
5/23/2023 14:15,11,0.001290559
5/23/2023 14:30,13.71,0.001608506
5/23/2023 14:45,19.125,0.002243814
5/23/2023 15:00,12.43,0.001458332
5/23/2023 15:15,16.85,0.001976903
5/23/2023 15:30,13.13,0.001540459
5/23/2023 15:45,14.205,0.001666582
5/23/2023 16:00,16.865,0.001978662
5/23/2023 16:15,26.12,0.003064492
5/23/2023 16:30,13.405,0.001572723
5/23/2023 16:45,12.8,0.001501742
5/23/2023 17:00,12.24,0.001436041
5/23/2023 17:15,17.35,0.002035564
5/23/2023 17:30,12.48,0.001464198
5/23/2023 17:45,12.005,0.00140847
5/23/2023 18:00,18.44,0.002163447
5/23/2023 18:15,32,0.003754355
5/23/2023 18:30,13.94,0.001635491
5/23/2023 18:45,33.66,0.003949112
5/23/2023 19:00,13.67,0.001603813
5/23/2023 19:15,14.025,0.001645463
5/23/2023 19:30,14.295,0.001677141
5/23/2023 19:45,16.395,0.00192352
5/23/2023 20:00,12.69,0.001488836
5/23/2023 20:15,38.315,0.004495253
5/23/2023 20:30,14.355,0.00168418
5/23/2023 20:45,29.785,0.003494483
5/23/2023 21:00,12.635,0.001482384
5/23/2023 21:15,12.515,0.001468305
5/23/2023 21:30,13.365,0.00156803
5/23/2023 21:45,13.455,0.001578589
5/23/2023 22:00,12.115,0.001421375
5/23/2023 22:15,13.255,0.001555124
5/23/2023 22:30,17.645,0.002070175
5/23/2023 22:45,24.435,0.002866802
5/23/2023 23:00,37.615,0.004413127
5/23/2023 23:15,13.615,0.001597361
5/23/2023 23:30,18.16,0.002130596
5/23/2023 23:45,11.935,0.001400257
5/24/2023 0:00,17.26,0.002025005
5/24/2023 0:15,17.92,0.002102439
5/24/2023 0:30,14.16,0.001661302
5/24/2023 0:45,15.56,0.001825555
5/24/2023 1:00,12.7,0.00149001
5/24/2023 1:15,13.985,0.00164077
5/24/2023 1:30,12.75,0.001495876
5/24/2023 1:45,18.46,0.002165793
5/24/2023 2:00,29.005,0.003402971
5/24/2023 2:15,14.355,0.00168418
5/24/2023 2:30,12.195,0.001430761
5/24/2023 2:45,11.875,0.001393218
5/24/2023 3:00,23.18,0.002719561
5/24/2023 3:15,15.185,0.001781559
5/24/2023 3:30,12.375,0.001451879
5/24/2023 3:45,29.29,0.003436408
5/24/2023 4:00,18.855,0.002212136
5/24/2023 4:15,12.565,0.001474171
5/24/2023 4:30,14.845,0.001741669
5/24/2023 4:45,21.645,0.002539469
5/24/2023 5:00,12.195,0.001430761
5/24/2023 5:15,15.185,0.001781559
5/24/2023 5:30,24.41,0.002863869
5/24/2023 5:45,22.45,0.002633915
5/24/2023 6:00,13.9,0.001630798
5/24/2023 6:15,19.06,0.002236188
5/24/2023 6:30,14.28,0.001675381
5/24/2023 6:45,19.445,0.002281357
5/24/2023 7:00,12.04,0.001412576
5/24/2023 7:15,12.68,0.001487663
5/24/2023 7:30,12.475,0.001463612
5/24/2023 7:45,20.85,0.002446197
5/24/2023 8:00,14.125,0.001657196
5/24/2023 8:15,12.49,0.001465372
5/24/2023 8:30,13.45,0.001578002
5/24/2023 8:45,17.2,0.002017966
5/24/2023 9:00,12.69,0.001488836
5/24/2023 9:15,12.265,0.001438974
5/24/2023 9:30,10.795,0.001266508
5/24/2023 9:45,15.01,0.001761027
5/24/2023 10:00,11.725,0.001375619
5/24/2023 10:15,11.955,0.001402604
5/24/2023 10:30,11.99,0.00140671
5/24/2023 10:45,11.34,0.00133045
5/24/2023 11:00,12.94,0.001518167
5/24/2023 11:15,14.09,0.001653089
5/24/2023 11:30,14.47,0.001697672
5/24/2023 11:45,12.26,0.001438387
5/24/2023 12:00,17.99,0.002110651
5/24/2023 12:15,12.59,0.001477104
5/24/2023 12:30,20.98,0.002461449
5/24/2023 12:45,13.665,0.001603227
5/24/2023 13:00,17.67,0.002073108
5/24/2023 14:30,18,0.002111825
5/24/2023 14:45,16.37,0.001920587
5/24/2023 15:00,13.48,0.001581522
5/24/2023 15:15,14.165,0.001661889
5/24/2023 15:30,13.485,0.001582109
5/24/2023 15:45,13.185,0.001546912
5/24/2023 16:00,14.08,0.001651916
5/24/2023 16:15,13.87,0.001627278
5/24/2023 16:30,13.34,0.001565097
5/24/2023 16:45,13.68,0.001604987
5/24/2023 17:00,14.51,0.001702365
5/24/2023 17:15,12.895,0.001512888
5/24/2023 17:30,14.97,0.001756334
5/24/2023 17:45,14.855,0.001742842
5/24/2023 18:00,11.98,0.001405537
5/24/2023 18:15,13.095,0.001536352
5/24/2023 18:30,15.105,0.001772173
5/24/2023 18:45,12.34,0.001447773
5/24/2023 19:00,14.57,0.001709405
5/24/2023 19:15,14,0.00164253
5/24/2023 19:30,11.775,0.001381485
5/24/2023 19:45,12.25,0.001437214
5/24/2023 20:00,25.515,0.002993511
5/24/2023 20:15,14.395,0.001688873
5/24/2023 20:30,13.255,0.001555124
5/24/2023 20:45,13.905,0.001631385
5/24/2023 21:00,13.125,0.001539872
5/24/2023 21:15,14.62,0.001715271
5/24/2023 21:30,13.905,0.001631385
5/24/2023 21:45,15.54,0.001823209
5/24/2023 22:00,15.71,0.001843154
5/24/2023 22:15,11.745,0.001377966
5/24/2023 22:30,16.78,0.00196869
5/24/2023 22:45,15.025,0.001762787
5/24/2023 23:00,15.42,0.00180913
5/24/2023 23:15,12.785,0.001499982
5/24/2023 23:30,20.21,0.00237111
5/24/2023 23:45,13.475,0.001580935
5/25/2023 0:00,13.61,0.001596774
5/25/2023 0:15,17.145,0.002011513
5/25/2023 0:30,15.05,0.00176572
5/25/2023 0:45,16.145,0.001894189
5/25/2023 1:00,17.3,0.002029698
5/25/2023 1:15,15.605,0.001830835
5/25/2023 1:30,36.775,0.004314575
5/25/2023 1:45,21.675,0.002542989
5/25/2023 2:00,17.18,0.002015619
5/25/2023 2:15,14.625,0.001715858
5/25/2023 2:30,13.935,0.001634904
5/25/2023 2:45,168.02,0.01971271
5/25/2023 3:00,16.275,0.001909441
5/25/2023 3:15,13.26,0.001555711
5/25/2023 3:30,18.95,0.002223282
5/25/2023 3:45,28.665,0.003363081
5/25/2023 4:00,13.415,0.001573896
5/25/2023 4:15,20.26,0.002376976
5/25/2023 4:30,19.68,0.002308928
5/25/2023 4:45,13.835,0.001623172
5/25/2023 5:00,56.965,0.006683338
5/25/2023 5:15,27.38,0.00321232
5/25/2023 5:30,21.195,0.002486674
5/25/2023 5:45,14.77,0.001732869
5/25/2023 6:00,12.955,0.001519927
5/25/2023 6:15,13.055,0.001531659
5/25/2023 6:30,14.44,0.001694153
5/25/2023 6:45,12.505,0.001467132
5/25/2023 7:00,29.06,0.003409424
5/25/2023 7:15,22.895,0.002686124
5/25/2023 7:30,14.215,0.001667755
5/25/2023 7:45,33.68,0.003951459
5/25/2023 8:00,48.755,0.005720112
5/25/2023 8:15,11.62,0.0013633
5/25/2023 8:30,15.26,0.001790358
5/25/2023 8:45,11.695,0.001372099
5/25/2023 9:00,11.775,0.001381485
5/25/2023 9:15,17.935,0.002104199
5/25/2023 9:30,10.125,0.001187901
5/25/2023 9:45,13.865,0.001626692
5/25/2023 10:00,13.605,0.001596187
5/25/2023 10:15,12.415,0.001456572
5/25/2023 10:30,15.04,0.001764547
5/25/2023 10:45,14.085,0.001652503
5/25/2023 11:00,14.595,0.001712338
5/25/2023 11:15,13.57,0.001592081
5/25/2023 11:30,15.09,0.001770413
5/25/2023 11:45,14.69,0.001723484
5/25/2023 12:00,12.295,0.001442494
5/25/2023 12:15,13.845,0.001624345
5/25/2023 12:30,14.69,0.001723484
5/25/2023 12:45,14.865,0.001744015
5/25/2023 13:00,13.225,0.001551604
5/25/2023 13:15,14.11,0.001655436
5/25/2023 13:30,12.485,0.001464785
5/25/2023 13:45,17.985,0.002110065
5/25/2023 14:00,21.645,0.002539469
5/25/2023 14:15,15.3,0.001795051
5/25/2023 14:30,15.265,0.001790945
5/25/2023 14:45,17.17,0.002014446
5/25/2023 15:00,15.95,0.001871311
5/25/2023 15:15,17.4,0.00204143
5/25/2023 15:30,10.935,0.001282933
5/25/2023 15:45,16.46,0.001931146
5/25/2023 16:00,12.1,0.001419615
5/25/2023 16:15,16.2,0.001900642
5/25/2023 16:30,13.09,0.001535766
5/25/2023 16:45,15.71,0.001843154
5/25/2023 17:00,12.39,0.001453639
5/25/2023 17:15,12.975,0.001522274
5/25/2023 17:30,14.46,0.001696499
5/25/2023 17:45,17.42,0.002043777
5/25/2023 18:00,14.255,0.001672448
5/25/2023 18:15,16.965,0.001990395
5/25/2023 18:30,13.41,0.001573309
5/25/2023 18:45,17.865,0.002095986
5/25/2023 19:00,15.1,0.001771586
5/25/2023 19:15,13.78,0.001616719
5/25/2023 19:30,18.105,0.002124144
5/25/2023 19:45,13.225,0.001551604
5/25/2023 20:00,13.79,0.001617892
5/25/2023 20:15,25.255,0.002963007
5/25/2023 20:30,20.845,0.00244561
5/25/2023 20:45,23.39,0.002744199
5/25/2023 21:00,16.295,0.001911788
5/25/2023 21:15,32.53,0.003816536
5/25/2023 21:30,17.505,0.002053749
5/25/2023 21:45,16.875,0.001979836
5/25/2023 22:00,18.295,0.002146435
5/25/2023 22:15,17.765,0.002084254
5/25/2023 22:30,17.075,0.0020033
5/25/2023 22:45,21.015,0.002465555
5/25/2023 23:00,14.2,0.001665995
5/25/2023 23:15,15.37,0.001803264
5/25/2023 23:30,18.265,0.002142915
5/25/2023 23:45,20.005,0.002347058
5/26/2023 0:00,13.82,0.001621412
5/26/2023 0:15,25.015,0.00293485
5/26/2023 0:30,20.355,0.002388122
5/26/2023 0:45,14.91,0.001749295
5/26/2023 1:00,19.33,0.002267865
5/26/2023 1:15,20.4,0.002393401
5/26/2023 1:30,21,0.002463795
5/26/2023 1:45,13.02,0.001527553
5/26/2023 2:00,16.655,0.001954024
5/26/2023 2:15,28.815,0.003380679
5/26/2023 2:30,17.11,0.002007407
5/26/2023 2:45,18.8,0.002205684
5/26/2023 3:00,16.99,0.001993328
5/26/2023 3:15,12.035,0.001411989
5/26/2023 3:30,17.21,0.002019139
5/26/2023 3:45,29.995,0.003519121
5/26/2023 4:00,10.955,0.00128528
5/26/2023 4:15,13.885,0.001629038
5/26/2023 4:30,19.72,0.002313621
5/26/2023 4:45,16.815,0.001972796
5/26/2023 5:00,15.895,0.001864858
5/26/2023 5:15,16.91,0.001983942
5/26/2023 5:30,18.08,0.002121211
5/26/2023 5:45,14.045,0.00164781
5/26/2023 6:00,24.405,0.002863282
5/26/2023 6:15,12.45,0.001460679
5/26/2023 6:30,15.36,0.00180209
5/26/2023 6:45,22.635,0.002655619
5/26/2023 7:00,32.005,0.003754942
5/26/2023 7:15,15.42,0.00180913
5/26/2023 7:30,13.26,0.001555711
5/26/2023 7:45,11.505,0.001349808
5/26/2023 8:00,15.8,0.001853713
5/26/2023 8:15,13.01,0.00152638
5/26/2023 8:30,12.485,0.001464785
5/26/2023 8:45,10.92,0.001281174
5/26/2023 9:00,13.455,0.001578589
5/26/2023 9:15,15.66,0.001837287
5/26/2023 9:30,11.89,0.001394977
5/26/2023 9:45,12.26,0.001438387
5/26/2023 10:00,14.59,0.001711751
5/26/2023 10:15,14.74,0.00172935
5/26/2023 10:30,11.79,0.001383245
5/26/2023 10:45,14.715,0.001726417
5/26/2023 11:00,12.11,0.001420789
5/26/2023 11:15,15.2,0.001783319
5/26/2023 11:30,30.125,0.003534373
5/26/2023 11:45,21.75,0.002551788
5/26/2023 12:00,16.475,0.001932906
5/26/2023 12:15,9.805,0.001150358
5/26/2023 12:30,12.155,0.001426068
5/26/2023 12:45,14.99,0.001758681
5/26/2023 13:00,14.65,0.001718791
5/26/2023 13:15,9.975,0.001170303
5/26/2023 13:30,12.88,0.001511128
5/26/2023 13:45,10.765,0.001262988
5/26/2023 14:00,11.215,0.001315784
5/26/2023 14:15,14.96,0.001755161
5/26/2023 14:30,30.555,0.003584822
5/26/2023 14:45,11.73,0.001376206
5/26/2023 15:00,12.585,0.001476517
5/26/2023 15:15,13.63,0.001599121
5/26/2023 15:30,15.2,0.001783319
5/26/2023 15:45,24.585,0.0028844
5/26/2023 16:00,14.19,0.001664822
5/26/2023 16:15,14.78,0.001734043
5/26/2023 16:30,15.345,0.001800331
5/26/2023 16:45,19,0.002229148
5/26/2023 17:00,12.485,0.001464785
5/26/2023 17:15,15.9,0.001865445
5/26/2023 17:30,12.7,0.00149001
5/26/2023 17:45,13.41,0.001573309
5/26/2023 18:00,13.465,0.001579762
5/26/2023 18:15,28.12,0.003299139
5/26/2023 18:30,23.765,0.002788195
5/26/2023 18:45,29.65,0.003478644
5/26/2023 19:00,14.36,0.001684767
5/26/2023 19:15,13.84,0.001623758
5/26/2023 19:30,10.965,0.001286453
5/26/2023 19:45,16.74,0.001963997
5/26/2023 20:00,12.275,0.001440147
5/26/2023 20:15,12.43,0.001458332
5/26/2023 20:30,13.91,0.001631971
5/26/2023 20:45,15.61,0.001831421
5/26/2023 21:00,14.36,0.001684767
5/26/2023 21:15,13.01,0.00152638
5/26/2023 21:30,25.96,0.00304572
5/26/2023 21:45,12.68,0.001487663
5/26/2023 22:00,15.755,0.001848433
5/26/2023 22:15,15.225,0.001786252
5/26/2023 22:30,16.805,0.001971623
5/26/2023 22:45,16.07,0.00188539
5/26/2023 23:00,36.675,0.004302843
5/26/2023 23:15,23.09,0.002709002
5/26/2023 23:30,13.79,0.001617892
5/26/2023 23:45,13.54,0.001588561
5/27/2023 0:00,16.8,0.001971036
5/27/2023 0:15,12.6,0.001478277
5/27/2023 0:30,17.145,0.002011513
5/27/2023 0:45,15.31,0.001796224
5/27/2023 1:00,13.105,0.001537526
5/27/2023 1:15,28.75,0.003373053
5/27/2023 1:30,17.73,0.002080147
5/27/2023 1:45,13.305,0.00156099
5/27/2023 2:00,13.265,0.001556297
5/27/2023 2:15,13.715,0.001609093
5/27/2023 2:30,12.49,0.001465372
5/27/2023 2:45,14.57,0.001709405
5/27/2023 3:00,11.085,0.001300532
5/27/2023 3:15,14.14,0.001658956
5/27/2023 3:30,15.645,0.001835528
5/27/2023 3:45,10.975,0.001287626
5/27/2023 4:00,25.85,0.003032815
5/27/2023 4:15,11.47,0.001345702
5/27/2023 4:30,21.52,0.002524804
5/27/2023 4:45,34.9,0.004094593
5/27/2023 5:00,18.685,0.002192191
5/27/2023 5:15,13.57,0.001592081
5/27/2023 5:30,23.395,0.002744785
5/27/2023 5:45,14.225,0.001668928
5/27/2023 6:00,14.415,0.00169122
5/27/2023 6:15,12.34,0.001447773
5/27/2023 6:30,12.715,0.001491769
5/27/2023 6:45,18.695,0.002193365
5/27/2023 7:00,14.115,0.001656022
5/27/2023 7:15,15.575,0.001827315
5/27/2023 7:30,30.2,0.003543172
5/27/2023 7:45,17.26,0.002025005
5/27/2023 8:00,15.555,0.001824968
5/27/2023 8:15,41.865,0.004911752
5/27/2023 8:30,11.845,0.001389698
5/27/2023 8:45,14.5,0.001701192
5/27/2023 9:00,11.035,0.001294666
5/27/2023 9:15,44.445,0.005214447
5/27/2023 9:30,13.92,0.001633144
5/27/2023 9:45,15.47,0.001814996
5/27/2023 10:00,12.195,0.001430761
5/27/2023 10:15,12.505,0.001467132
5/27/2023 10:30,15.975,0.001874244
5/27/2023 10:45,17.71,0.002077801
5/27/2023 11:00,12.48,0.001464198
5/27/2023 11:15,19.31,0.002265519
5/27/2023 11:30,13,0.001525207
5/27/2023 11:45,13.685,0.001605573
5/27/2023 12:00,14.395,0.001688873
5/27/2023 12:15,10.74,0.001260055
5/27/2023 12:30,12.175,0.001428415
5/27/2023 12:45,10,0.001173236
5/27/2023 13:00,13.09,0.001535766
5/27/2023 13:15,12.555,0.001472998
5/27/2023 13:30,13.905,0.001631385
5/27/2023 13:45,13.68,0.001604987
5/27/2023 14:00,11.12,0.001304638
5/27/2023 14:15,11.27,0.001322237
5/27/2023 14:30,14.645,0.001718204
5/27/2023 14:45,14.405,0.001690046
5/27/2023 15:00,14.85,0.001742255
5/27/2023 15:15,14.035,0.001646637
5/27/2023 15:30,14.855,0.001742842
5/27/2023 15:45,18.295,0.002146435
5/27/2023 16:00,14.11,0.001655436
5/27/2023 16:15,9.725,0.001140972
5/27/2023 16:30,13.42,0.001574483
5/27/2023 16:45,14.475,0.001698259
5/27/2023 17:00,14.1,0.001654263
5/27/2023 17:15,15.39,0.00180561
5/27/2023 17:30,15.055,0.001766307
5/27/2023 17:45,13.325,0.001563337
5/27/2023 18:00,12.33,0.0014466
5/27/2023 18:15,14.855,0.001742842
5/27/2023 18:30,10.02,0.001175582
5/27/2023 18:45,11.435,0.001341595
5/27/2023 19:00,19.27,0.002260826
5/27/2023 19:15,13.57,0.001592081
5/27/2023 19:30,16.97,0.001990981
5/27/2023 19:45,12.04,0.001412576
5/27/2023 20:00,11.725,0.001375619
5/27/2023 20:15,11.17,0.001310505
5/27/2023 20:30,17.265,0.002025592
5/27/2023 20:45,13.055,0.001531659
5/27/2023 21:00,22.025,0.002584052
5/27/2023 21:15,15.335,0.001799157
5/27/2023 21:30,15.115,0.001773346
5/27/2023 21:45,30.26,0.003550212
5/27/2023 22:00,13.945,0.001636077
5/27/2023 22:15,17.85,0.002094226
5/27/2023 22:30,21.86,0.002564694
5/27/2023 22:45,14.98,0.001757507
5/27/2023 23:00,24.385,0.002860936
5/27/2023 23:15,15.415,0.001808543
5/27/2023 23:30,14.23,0.001669515
5/27/2023 23:45,17.34,0.002034391
5/28/2023 0:00,19.57,0.002296023
5/28/2023 0:15,15.88,0.001863099
5/28/2023 0:30,15.505,0.001819102
5/28/2023 0:45,18.195,0.002134703
5/28/2023 1:00,13.265,0.001556297
5/28/2023 1:15,14.06,0.00164957
5/28/2023 1:30,15.37,0.001803264
5/28/2023 1:45,13.74,0.001612026
5/28/2023 2:00,14.57,0.001709405
5/28/2023 2:15,13.35,0.00156627
5/28/2023 2:30,14.735,0.001728763
5/28/2023 2:45,13.635,0.001599707
5/28/2023 3:00,13.375,0.001569203
5/28/2023 3:15,14.54,0.001705885
5/28/2023 3:30,12.99,0.001524033
5/28/2023 3:45,13.155,0.001543392
5/28/2023 4:00,13.8,0.001619066
5/28/2023 4:15,12.265,0.001438974
5/28/2023 4:30,20.07,0.002354684
5/28/2023 4:45,13.28,0.001558057
5/28/2023 5:00,40.01,0.004694117
5/28/2023 5:15,11.615,0.001362714
5/28/2023 5:30,14.065,0.001650156
5/28/2023 5:45,15.975,0.001874244
5/28/2023 6:00,14.965,0.001755748
5/28/2023 6:15,12.585,0.001476517
5/28/2023 6:30,17.54,0.002057856
5/28/2023 6:45,12.98,0.00152286
5/28/2023 7:00,20.365,0.002389295
5/28/2023 7:15,11.775,0.001381485
5/28/2023 7:30,11.005,0.001291146
5/28/2023 7:45,11.63,0.001364473
5/28/2023 8:00,14.805,0.001736976
5/28/2023 8:15,11.595,0.001360367
5/28/2023 8:30,26.145,0.003067425
5/28/2023 8:45,12.455,0.001461265
5/28/2023 9:00,14.265,0.001673621
5/28/2023 9:15,9.53,0.001118094
5/28/2023 9:30,14.045,0.00164781
5/28/2023 9:45,14.6,0.001712924
5/28/2023 10:00,10.985,0.0012888
5/28/2023 10:15,18.875,0.002214483
5/28/2023 10:30,12.96,0.001520514
5/28/2023 10:45,11.695,0.001372099
5/28/2023 11:00,26.93,0.003159524
5/28/2023 11:15,12.79,0.001500569
5/28/2023 11:30,15.15,0.001777452
5/28/2023 11:45,7.99,0.000937415
5/28/2023 12:00,8.995,0.001055326
5/28/2023 12:15,11.93,0.00139967
5/28/2023 12:30,9.3,0.001091109
5/28/2023 12:45,9.02,0.001058259
5/28/2023 13:00,10.53,0.001235417
5/28/2023 13:15,13.5,0.001583868
5/28/2023 13:30,14.38,0.001687113
5/28/2023 13:45,22.69,0.002662072
5/28/2023 14:00,14.785,0.001734629
5/28/2023 14:15,23.815,0.002794061
5/28/2023 14:30,14.88,0.001745775
5/28/2023 14:45,14.27,0.001674208
5/28/2023 15:00,15.085,0.001769826
5/28/2023 15:15,10.49,0.001230724
5/28/2023 15:30,14.61,0.001714098
5/28/2023 15:45,12.265,0.001438974
5/28/2023 16:00,8.615,0.001010743
5/28/2023 16:15,11.595,0.001360367
5/28/2023 16:30,11.37,0.001333969
5/28/2023 16:45,14.535,0.001705298
5/28/2023 17:00,14.37,0.00168594
5/28/2023 17:15,14.63,0.001716444
5/28/2023 17:30,10.61,0.001244803
5/28/2023 17:45,12.965,0.0015211
5/28/2023 18:00,11.735,0.001376792
5/28/2023 18:15,14.91,0.001749295
5/28/2023 18:30,14.815,0.001738149
5/28/2023 18:45,13.01,0.00152638
5/28/2023 19:00,13.73,0.001610853
5/28/2023 19:15,13.61,0.001596774
5/28/2023 19:30,10.41,0.001221339
5/28/2023 19:45,10.365,0.001216059
5/28/2023 20:00,14.625,0.001715858
5/28/2023 20:15,11.825,0.001387351
5/28/2023 20:30,14.87,0.001744602
5/28/2023 20:45,14.07,0.001650743
5/28/2023 21:00,13.44,0.001576829
5/28/2023 21:15,9.1,0.001067645
5/28/2023 21:30,12.57,0.001474758
5/28/2023 21:45,11.75,0.001378552
5/28/2023 22:00,11.885,0.001394391
5/28/2023 22:15,12.865,0.001509368
5/28/2023 22:30,14.28,0.001675381
5/28/2023 22:45,15.025,0.001762787
5/28/2023 23:00,14.515,0.001702952
5/28/2023 23:15,10.785,0.001265335
5/28/2023 23:30,11.6,0.001360954
5/28/2023 23:45,11.98,0.001405537
5/29/2023 0:00,14.42,0.001691806
5/29/2023 0:15,10.06,0.001180275
5/29/2023 0:30,19.215,0.002254373
5/29/2023 0:45,13.185,0.001546912
5/29/2023 1:00,11.925,0.001399084
5/29/2023 1:15,13.565,0.001591495
5/29/2023 1:30,10.385,0.001218405
5/29/2023 1:45,13.485,0.001582109
5/29/2023 2:00,13.705,0.00160792
5/29/2023 2:15,14.495,0.001700605
5/29/2023 2:30,10.005,0.001173823
5/29/2023 2:45,17.4,0.00204143
5/29/2023 3:00,13.305,0.00156099
5/29/2023 3:15,12.285,0.00144132
5/29/2023 3:30,11.885,0.001394391
5/29/2023 3:45,12.525,0.001469478
5/29/2023 4:00,14.145,0.001659542
5/29/2023 4:15,9.695,0.001137452
5/29/2023 4:30,13.065,0.001532833
5/29/2023 4:45,14.625,0.001715858
5/29/2023 5:00,13.805,0.001619652
5/29/2023 5:15,14.175,0.001663062
5/29/2023 5:30,15.12,0.001773933
5/29/2023 5:45,15.195,0.001782732
5/29/2023 6:00,13.705,0.00160792
5/29/2023 6:15,8.38,0.000983172
5/29/2023 6:30,9.7,0.001138039
5/29/2023 6:45,14.42,0.001691806
5/29/2023 7:00,14.4,0.00168946
5/29/2023 7:15,14.03,0.00164605
5/29/2023 7:30,13.87,0.001627278
5/29/2023 7:45,18.685,0.002192191
5/29/2023 8:00,19.14,0.002245574
5/29/2023 8:15,11.665,0.00136858
5/29/2023 8:30,13.195,0.001548085
5/29/2023 8:45,12.755,0.001496462
5/29/2023 9:00,10.405,0.001220752
5/29/2023 9:15,12.965,0.0015211
5/29/2023 9:30,11.19,0.001312851
5/29/2023 9:45,13.45,0.001578002
5/29/2023 10:00,10.105,0.001185555
5/29/2023 10:15,14.725,0.00172759
5/29/2023 10:30,11.45,0.001343355
5/29/2023 10:45,9.805,0.001150358
5/29/2023 11:00,11.85,0.001390285
5/29/2023 11:15,10.93,0.001282347
5/29/2023 11:30,12.51,0.001467718
5/29/2023 11:45,14.505,0.001701779
5/29/2023 12:00,13.68,0.001604987
5/29/2023 12:15,14.635,0.001717031
5/29/2023 12:30,12.2,0.001431348
5/29/2023 12:45,13.59,0.001594428
5/29/2023 13:00,14.96,0.001755161
5/29/2023 13:15,13.775,0.001616132
5/29/2023 13:30,13.15,0.001542805
5/29/2023 13:45,11.72,0.001375032
5/29/2023 14:00,12.305,0.001443667
5/29/2023 14:15,11.89,0.001394977
5/29/2023 14:30,14.395,0.001688873
5/29/2023 14:45,8.795,0.001031861
5/29/2023 15:00,14.33,0.001681247
5/29/2023 15:15,14.39,0.001688286
5/29/2023 15:30,13.25,0.001554538
5/29/2023 15:45,13.615,0.001597361
5/29/2023 16:00,13.14,0.001541632
5/29/2023 16:15,14.695,0.00172407
5/29/2023 16:30,11.75,0.001378552
5/29/2023 16:45,16.465,0.001931733
5/29/2023 17:00,13.455,0.001578589
5/29/2023 17:15,13.645,0.00160088
5/29/2023 17:30,13.7,0.001607333
5/29/2023 17:45,13.625,0.001598534
5/29/2023 18:00,14.115,0.001656022
5/29/2023 18:15,12.835,0.001505848
5/29/2023 18:30,11.195,0.001313438
5/29/2023 18:45,11.925,0.001399084
5/29/2023 19:00,12.955,0.001519927
5/29/2023 19:15,12.005,0.00140847
5/29/2023 19:30,11.625,0.001363887
5/29/2023 19:45,12.87,0.001509955
5/29/2023 20:00,12.255,0.001437801
5/29/2023 20:15,12.175,0.001428415
5/29/2023 20:30,12.775,0.001498809
5/29/2023 20:45,11.615,0.001362714
5/29/2023 21:00,13.92,0.001633144
5/29/2023 21:15,15.055,0.001766307
5/29/2023 21:30,12.22,0.001433694
5/29/2023 21:45,11.145,0.001307571
5/29/2023 22:00,14.445,0.001694739
5/29/2023 22:15,11.975,0.00140495
5/29/2023 22:30,13.715,0.001609093
5/29/2023 22:45,11.105,0.001302878
5/29/2023 23:00,14.325,0.00168066
5/29/2023 23:15,14.255,0.001672448
5/29/2023 23:30,9.95,0.00116737
5/29/2023 23:45,13.075,0.001534006
5/30/2023 0:00,13.13,0.001540459
5/30/2023 0:15,15.26,0.001790358
5/30/2023 0:30,11.3,0.001325757
5/30/2023 0:45,21.615,0.002535949
5/30/2023 1:00,12.065,0.001415509
5/30/2023 1:15,12.755,0.001496462
5/30/2023 1:30,13.565,0.001591495
5/30/2023 1:45,14.055,0.001648983
5/30/2023 2:00,11.94,0.001400844
5/30/2023 2:15,10.94,0.00128352
5/30/2023 2:30,12.36,0.00145012
5/30/2023 2:45,11.695,0.001372099
5/30/2023 3:00,15.09,0.001770413
5/30/2023 3:15,14.88,0.001745775
5/30/2023 3:30,11.455,0.001343942
5/30/2023 3:45,11.42,0.001339835
5/30/2023 4:00,10.47,0.001228378
5/30/2023 4:15,9.98,0.001170889
5/30/2023 4:30,12.36,0.00145012
5/30/2023 4:45,13.94,0.001635491
5/30/2023 5:00,12.83,0.001505262
5/30/2023 5:15,11.54,0.001353914
5/30/2023 5:30,13.535,0.001587975
5/30/2023 5:45,11.98,0.001405537
5/30/2023 6:00,12.92,0.001515821
5/30/2023 6:15,13.975,0.001639597
5/30/2023 6:30,13.025,0.00152814
5/30/2023 6:45,13.53,0.001587388
5/30/2023 7:00,13.45,0.001578002
5/30/2023 7:15,13.35,0.00156627
5/30/2023 7:30,10.09,0.001183795
5/30/2023 7:45,13.71,0.001608506
5/30/2023 8:00,10.935,0.001282933
5/30/2023 8:15,12.77,0.001498222
5/30/2023 8:30,14.54,0.001705885
5/30/2023 8:45,12.875,0.001510541
5/30/2023 9:00,12.055,0.001414336
5/30/2023 9:15,10.415,0.001221925
5/30/2023 9:30,11.905,0.001396737
5/30/2023 9:45,12,0.001407883
5/30/2023 10:00,12.55,0.001472411
5/30/2023 10:15,12.39,0.001453639
5/30/2023 10:30,10.85,0.001272961
5/30/2023 10:45,10.98,0.001288213
5/30/2023 11:00,11.61,0.001362127
5/30/2023 11:15,11.3,0.001325757
5/30/2023 11:30,10.285,0.001206673
5/30/2023 11:45,9.92,0.00116385
5/30/2023 12:00,10.77,0.001263575
5/30/2023 12:15,10.04,0.001177929
5/30/2023 12:30,12.495,0.001465958
5/30/2023 12:45,10.3,0.001208433
5/30/2023 13:00,10.87,0.001275307
5/30/2023 13:15,8.765,0.001028341
5/30/2023 13:30,9.205,0.001079964
5/30/2023 13:45,9.09,0.001066471
5/30/2023 14:00,9.955,0.001167956
5/30/2023 14:15,10.48,0.001229551
5/30/2023 14:30,10.25,0.001202567
5/30/2023 14:45,9.935,0.00116561
5/30/2023 15:00,8.825,0.001035381
5/30/2023 15:15,12.135,0.001423722
5/30/2023 15:30,10.85,0.001272961
5/30/2023 15:45,11.215,0.001315784
5/30/2023 16:00,7.645,0.000896939
5/30/2023 16:15,37.71,0.004424273
5/30/2023 16:30,9.965,0.00116913
5/30/2023 16:45,59.635,0.006996592
5/30/2023 17:00,10.17,0.001193181
5/30/2023 17:15,9.645,0.001131586
5/30/2023 17:30,9.805,0.001150358
5/30/2023 17:45,11.36,0.001332796
5/30/2023 18:00,11.1,0.001302292
5/30/2023 18:15,12.22,0.001433694
5/30/2023 18:30,12.865,0.001509368
5/30/2023 18:45,8.5,0.000997251
5/30/2023 19:00,6.915,0.000811293
5/30/2023 19:15,14.16,0.001661302
5/30/2023 19:30,10.38,0.001217819
5/30/2023 19:45,13.04,0.0015299
5/30/2023 20:00,10.22,0.001199047
5/30/2023 20:15,13.805,0.001619652
5/30/2023 20:30,9.655,0.001132759
5/30/2023 20:45,14.18,0.001663649
5/30/2023 21:00,11.205,0.001314611
5/30/2023 21:15,11.865,0.001392044
5/30/2023 21:30,10.685,0.001253603
5/30/2023 21:45,12.39,0.001453639
5/30/2023 22:00,10.94,0.00128352
5/30/2023 22:15,12.54,0.001471238
5/30/2023 22:30,23.22,0.002724254
5/30/2023 22:45,12.245,0.001436627
5/30/2023 23:00,12.01,0.001409056
5/30/2023 23:15,11.39,0.001336316
5/30/2023 23:30,13.665,0.001603227
5/30/2023 23:45,12.93,0.001516994
5/31/2023 0:00,11.43,0.001341009
5/31/2023 0:15,10.895,0.001278241
5/31/2023 0:30,11.83,0.001387938
5/31/2023 0:45,7.66,0.000898699
5/31/2023 1:00,11.27,0.001322237
5/31/2023 1:15,11.19,0.001312851
5/31/2023 1:30,12.895,0.001512888
5/31/2023 1:45,12.015,0.001409643
5/31/2023 2:00,11.025,0.001293493
5/31/2023 2:15,11.58,0.001358607
5/31/2023 2:30,10.07,0.001181449
5/31/2023 2:45,13.305,0.00156099
5/31/2023 3:00,13.115,0.001538699
5/31/2023 3:15,9.505,0.001115161
5/31/2023 3:30,13.335,0.00156451
5/31/2023 3:45,11.25,0.00131989
5/31/2023 4:00,10.61,0.001244803
5/31/2023 4:15,10.44,0.001224858
5/31/2023 4:30,12.025,0.001410816
5/31/2023 4:45,10.615,0.00124539
5/31/2023 5:00,10.965,0.001286453
5/31/2023 5:15,10.365,0.001216059
5/31/2023 5:30,14.15,0.001660129
5/31/2023 5:45,13.165,0.001544565
5/31/2023 6:00,10.35,0.001214299
5/31/2023 6:15,11.95,0.001402017
5/31/2023 6:30,11.22,0.001316371
5/31/2023 6:45,10.065,0.001180862
5/31/2023 7:00,14.335,0.001681834
5/31/2023 7:15,10.865,0.001274721
5/31/2023 7:30,13.25,0.001554538
5/31/2023 7:45,9.635,0.001130413
5/31/2023 8:00,14.03,0.00164605
5/31/2023 8:15,10.835,0.001271201
5/31/2023 8:30,13.24,0.001553364
5/31/2023 8:45,11.055,0.001297012
5/31/2023 9:00,8.565,0.001004877
5/31/2023 9:15,8.97,0.001052393
5/31/2023 9:30,10.795,0.001266508
5/31/2023 9:45,7.745,0.000908671
5/31/2023 10:00,15.055,0.001766307
5/31/2023 10:15,10.285,0.001206673
5/31/2023 10:30,14.24,0.001670688
5/31/2023 10:45,14.15,0.001660129
5/31/2023 11:00,8.58,0.001006636
5/31/2023 11:15,10.085,0.001183208
5/31/2023 11:30,11.21,0.001315197
5/31/2023 11:45,9.415,0.001104602
5/31/2023 12:00,8.455,0.000991971
5/31/2023 12:15,7.45,0.000874061
5/31/2023 12:30,9.415,0.001104602
5/31/2023 12:45,8.49,0.000996077
5/31/2023 13:00,12.165,0.001427241
5/31/2023 13:15,7.305,0.000857049
5/31/2023 13:30,12.44,0.001459505
5/31/2023 13:45,10.975,0.001287626
5/31/2023 14:00,9.585,0.001124547
5/31/2023 14:15,9.745,0.001143318
5/31/2023 14:30,8.875,0.001041247
5/31/2023 14:45,8.615,0.001010743
5/31/2023 15:00,9.25,0.001085243
5/31/2023 15:15,10.615,0.00124539
5/31/2023 15:30,10.66,0.001250669
5/31/2023 15:45,12.555,0.001472998
5/31/2023 16:00,9.92,0.00116385
5/31/2023 16:15,8.655,0.001015436
5/31/2023 16:30,7.695,0.000902805
5/31/2023 16:45,8.455,0.000991971
5/31/2023 17:00,9.79,0.001148598
5/31/2023 17:15,10.16,0.001192008
5/31/2023 17:30,15.04,0.001764547
5/31/2023 17:45,8.85,0.001038314
5/31/2023 18:00,9.25,0.001085243
5/31/2023 18:15,9.84,0.001154464
5/31/2023 18:30,9.06,0.001062952
5/31/2023 18:45,11.165,0.001309918
5/31/2023 19:00,8.505,0.000997837
5/31/2023 19:15,9.18,0.001077031
5/31/2023 19:30,14.315,0.001679487
5/31/2023 19:45,7.81,0.000916297
5/31/2023 20:00,13.17,0.001545152
5/31/2023 20:15,8.955,0.001050633
5/31/2023 20:30,9.705,0.001138625
5/31/2023 20:45,10.945,0.001284107
5/31/2023 21:00,9.635,0.001130413
5/31/2023 21:15,8.41,0.000986691
5/31/2023 21:30,8.365,0.000981412
5/31/2023 21:45,8.755,0.001027168
5/31/2023 22:00,8.8,0.001032448
5/31/2023 22:15,10,0.001173236
5/31/2023 22:30,9.09,0.001066471
5/31/2023 22:45,12.195,0.001430761
5/31/2023 23:00,9.435,0.001106948
5/31/2023 23:15,8.465,0.000993144
5/31/2023 23:30,9.175,0.001076444
5/31/2023 23:45,10.165,0.001192594
6/1/2023 0:00,9.665,0.001133933
6/1/2023 0:15,9.415,0.001104602
6/1/2023 0:30,8.04,0.000943282
6/1/2023 0:45,14.29,0.001676554
6/1/2023 1:00,8.265,0.000969679
6/1/2023 1:15,11.4,0.001337489
6/1/2023 1:30,8.465,0.000993144
6/1/2023 1:45,7.98,0.000936242
6/1/2023 2:00,11.645,0.001366233
6/1/2023 2:15,7.35,0.000862328
6/1/2023 2:30,9.37,0.001099322
6/1/2023 2:45,8.015,0.000940349
6/1/2023 3:00,9.345,0.001096389
6/1/2023 3:15,7.67,0.000899872
6/1/2023 3:30,9.385,0.001101082
6/1/2023 3:45,9.315,0.001092869
6/1/2023 4:00,8.665,0.001016609
6/1/2023 4:15,7.55,0.000885793
6/1/2023 4:30,11.865,0.001392044
6/1/2023 4:45,10.655,0.001250083
6/1/2023 5:00,8.65,0.001014849
6/1/2023 5:15,8.94,0.001048873
6/1/2023 5:30,11.18,0.001311678
6/1/2023 5:45,12.765,0.001497636
6/1/2023 6:00,8.635,0.001013089
6/1/2023 6:15,11.745,0.001377966
6/1/2023 6:30,9.97,0.001169716
6/1/2023 6:45,9.805,0.001150358
6/1/2023 7:00,13.62,0.001597947
6/1/2023 7:15,12.24,0.001436041
6/1/2023 7:30,11.935,0.001400257
6/1/2023 7:45,9.84,0.001154464
6/1/2023 8:00,8.105,0.000950908
6/1/2023 8:15,8.355,0.000980239
6/1/2023 8:30,8.28,0.000971439
6/1/2023 8:45,10.02,0.001175582
6/1/2023 9:00,9.085,0.001065885
6/1/2023 9:15,8.74,0.001025408
6/1/2023 9:30,9.135,0.001071751
6/1/2023 9:45,7.745,0.000908671
6/1/2023 10:00,10.26,0.00120374
6/1/2023 10:15,7.935,0.000930963
6/1/2023 10:30,7.25,0.000850596
6/1/2023 10:45,9.5,0.001114574
6/1/2023 11:00,9.34,0.001095802
6/1/2023 11:15,13.69,0.00160616
6/1/2023 11:30,11.095,0.001301705
6/1/2023 11:45,9.505,0.001115161
6/1/2023 12:00,10.09,0.001183795
6/1/2023 12:15,8.52,0.000999597
6/1/2023 12:30,9.755,0.001144492
6/1/2023 12:45,8.525,0.001000184
6/1/2023 13:00,7.665,0.000899285
6/1/2023 13:15,9.035,0.001060019
6/1/2023 13:30,10.41,0.001221339
6/1/2023 13:45,9.98,0.001170889
6/1/2023 14:00,7.11,0.000834171
6/1/2023 14:15,8.39,0.000984345
6/1/2023 14:30,6.985,0.000819505
6/1/2023 14:45,6.645,0.000779615
6/1/2023 15:00,5.785,0.000678717
6/1/2023 15:15,23.02,0.002700789
6/1/2023 15:30,7.775,0.000912191
6/1/2023 15:45,7.555,0.00088638
6/1/2023 16:00,11.83,0.001387938
6/1/2023 16:15,8.83,0.001035967
6/1/2023 16:30,9.44,0.001107535
6/1/2023 16:45,7.21,0.000845903
6/1/2023 17:00,10.445,0.001225445
6/1/2023 17:15,7.35,0.000862328
6/1/2023 17:30,7.78,0.000912778
6/1/2023 17:45,10.84,0.001271788
6/1/2023 18:00,6.88,0.000807186
6/1/2023 18:15,9.485,0.001112814
6/1/2023 18:30,8.13,0.000953841
6/1/2023 18:45,9.825,0.001152704
6/1/2023 19:00,5.525,0.000648213
6/1/2023 19:15,8.055,0.000945042
6/1/2023 19:30,8.075,0.000947388
6/1/2023 19:45,11.365,0.001333383
6/1/2023 20:00,7.275,0.000853529
6/1/2023 20:15,8.265,0.000969679
6/1/2023 20:30,6.91,0.000810706
6/1/2023 20:45,7.765,0.000911018
6/1/2023 21:00,12.285,0.00144132
6/1/2023 21:15,7.535,0.000884033
6/1/2023 21:30,7.495,0.00087934
6/1/2023 21:45,6.995,0.000820679
6/1/2023 22:00,8,0.000938589
6/1/2023 22:15,7.53,0.000883447
6/1/2023 22:30,6.455,0.000757324
6/1/2023 22:45,11.97,0.001404363
6/1/2023 23:00,10.945,0.001284107
6/1/2023 23:15,9.475,0.001111641
6/1/2023 23:30,8.19,0.00096088
6/1/2023 23:45,7.265,0.000852356
6/2/2023 0:00,10.29,0.00120726
6/2/2023 0:15,8.57,0.001005463
6/2/2023 0:30,9.08,0.001065298
6/2/2023 0:45,7.3,0.000856462
6/2/2023 1:00,7.71,0.000904565
6/2/2023 1:15,7.835,0.00091923
6/2/2023 1:30,9.36,0.001098149
6/2/2023 1:45,8.37,0.000981998
6/2/2023 2:00,8.975,0.001052979
6/2/2023 2:15,9.57,0.001122787
6/2/2023 2:30,8.835,0.001036554
6/2/2023 2:45,9.38,0.001100495
6/2/2023 3:00,9.315,0.001092869
6/2/2023 3:15,8.855,0.0010389
6/2/2023 3:30,7.68,0.000901045
6/2/2023 3:45,7.66,0.000898699
6/2/2023 4:00,7.775,0.000912191
6/2/2023 4:15,7.22,0.000847076
6/2/2023 4:30,7.275,0.000853529
6/2/2023 4:45,7.515,0.000881687
6/2/2023 5:00,8.695,0.001020129
6/2/2023 5:15,7.905,0.000927443
6/2/2023 5:30,7.335,0.000860569
6/2/2023 5:45,9.945,0.001166783
6/2/2023 6:00,8.545,0.00100253
6/2/2023 6:15,7.24,0.000849423
6/2/2023 6:30,8,0.000938589
6/2/2023 6:45,8.54,0.001001943
6/2/2023 7:00,6.9,0.000809533
6/2/2023 7:15,7.88,0.00092451
6/2/2023 7:30,7.335,0.000860569
6/2/2023 7:45,7.335,0.000860569
6/2/2023 8:00,7.34,0.000861155
6/2/2023 8:15,7.74,0.000908085
6/2/2023 8:30,7.275,0.000853529
6/2/2023 8:45,8.02,0.000940935
6/2/2023 9:00,7.035,0.000825371
6/2/2023 9:15,6.37,0.000747351
6/2/2023 9:30,9.08,0.001065298
6/2/2023 9:45,7.17,0.00084121
6/2/2023 10:00,5.785,0.000678717
6/2/2023 10:15,5.825,0.00068341
6/2/2023 10:30,5.865,0.000688103
6/2/2023 10:45,7.665,0.000899285
6/2/2023 11:00,6.76,0.000793107
6/2/2023 11:15,6.93,0.000813052
6/2/2023 11:30,5.645,0.000662292
6/2/2023 11:45,6.03,0.000707461
6/2/2023 12:00,5.6,0.000657012
6/2/2023 12:15,7.82,0.00091747
6/2/2023 12:30,6.7,0.000786068
6/2/2023 12:45,6.425,0.000753804
6/2/2023 13:00,5.19,0.000608909
6/2/2023 13:15,5.6,0.000657012
6/2/2023 13:30,6.315,0.000740898
6/2/2023 13:45,6.2,0.000727406
6/2/2023 14:00,5.705,0.000669331
6/2/2023 14:15,5.285,0.000620055
6/2/2023 14:30,8.31,0.000974959
6/2/2023 14:45,6.66,0.000781375
6/2/2023 15:00,5.8,0.000680477
6/2/2023 15:15,7.635,0.000895766
6/2/2023 15:30,6.16,0.000722713
6/2/2023 15:45,7.07,0.000829478
6/2/2023 16:00,6.985,0.000819505
6/2/2023 16:15,6.495,0.000762017
6/2/2023 16:30,6.36,0.000746178
6/2/2023 16:45,6.815,0.00079956
6/2/2023 17:00,7.795,0.000914537
6/2/2023 17:15,6.26,0.000734446
6/2/2023 17:30,6.29,0.000737965
6/2/2023 17:45,6.375,0.000747938
6/2/2023 18:00,6.06,0.000710981
6/2/2023 18:15,7.88,0.00092451
6/2/2023 18:30,6.605,0.000774922
6/2/2023 18:45,6.5,0.000762603
6/2/2023 19:00,5.985,0.000702182
6/2/2023 19:15,6.045,0.000709221
6/2/2023 19:30,6.485,0.000760843
6/2/2023 19:45,5.615,0.000658772
6/2/2023 20:00,6.055,0.000710394
6/2/2023 20:15,5.315,0.000623575
6/2/2023 20:30,5.69,0.000667571
6/2/2023 20:45,5.8,0.000680477
6/2/2023 21:00,6.17,0.000723887
6/2/2023 21:15,6.255,0.000733859
6/2/2023 21:30,7.235,0.000848836
6/2/2023 21:45,6.035,0.000708048
6/2/2023 22:00,6.18,0.00072506
6/2/2023 22:15,6.5,0.000762603
6/2/2023 22:30,5.925,0.000695142
6/2/2023 22:45,7.33,0.000859982
6/2/2023 23:00,5.935,0.000696316
6/2/2023 23:15,6.005,0.000704528
6/2/2023 23:30,5.97,0.000700422
6/2/2023 23:45,5.655,0.000663465
6/3/2023 0:00,6.71,0.000787241
6/3/2023 0:15,6.525,0.000765536
6/3/2023 0:30,6.94,0.000814226
6/3/2023 0:45,6.58,0.000771989
6/3/2023 1:00,6.675,0.000783135
6/3/2023 1:15,6.815,0.00079956
6/3/2023 1:30,7.32,0.000858809
6/3/2023 1:45,6.905,0.000810119
6/3/2023 2:00,7.5,0.000879927
6/3/2023 2:15,7.27,0.000852943
6/3/2023 2:30,6.445,0.000756151
6/3/2023 2:45,6.735,0.000790174
6/3/2023 3:00,6.975,0.000818332
6/3/2023 3:15,6.735,0.000790174
6/3/2023 3:30,7.16,0.000840037
6/3/2023 3:45,8.05,0.000944455
6/3/2023 4:00,6.145,0.000720953
6/3/2023 4:15,7.26,0.000851769
6/3/2023 4:30,7.6,0.000891659
6/3/2023 4:45,6.99,0.000820092
6/3/2023 5:00,6.45,0.000756737
6/3/2023 5:15,5.71,0.000669918
6/3/2023 5:30,6.24,0.000732099
6/3/2023 5:45,7.465,0.000875821
6/3/2023 6:00,6.94,0.000814226
6/3/2023 6:15,5.515,0.00064704
6/3/2023 6:30,6.8,0.0007978
6/3/2023 6:45,6.45,0.000756737
6/3/2023 7:00,6.365,0.000746765
6/3/2023 7:15,6.32,0.000741485
6/3/2023 7:30,5.89,0.000691036
6/3/2023 7:45,5.92,0.000694556
6/3/2023 8:00,5.515,0.00064704
6/3/2023 8:15,6.31,0.000740312
6/3/2023 8:30,5.635,0.000661118
6/3/2023 8:45,5.345,0.000627095
6/3/2023 9:00,5.6,0.000657012
6/3/2023 9:15,5.14,0.000603043
6/3/2023 9:30,6.535,0.00076671
6/3/2023 9:45,6.035,0.000708048
6/3/2023 10:00,6.23,0.000730926
6/3/2023 10:15,5.97,0.000700422
6/3/2023 10:30,8.745,0.001025995
6/3/2023 10:45,5.725,0.000671678
6/3/2023 11:00,5.835,0.000684583
6/3/2023 11:15,5.36,0.000628854
6/3/2023 11:30,6.39,0.000749698
6/3/2023 11:45,6.085,0.000713914
6/3/2023 12:00,5.19,0.000608909
6/3/2023 12:15,5.78,0.00067813
6/3/2023 12:30,5.365,0.000629441
6/3/2023 12:45,5.47,0.00064176
6/3/2023 13:00,5.785,0.000678717
6/3/2023 13:15,4.72,0.000553767
6/3/2023 13:30,5.53,0.000648799
6/3/2023 13:45,5.605,0.000657599
6/3/2023 14:00,5.06,0.000593657
6/3/2023 14:15,5.12,0.000600697
6/3/2023 14:30,5.15,0.000604216
6/3/2023 14:45,4.675,0.000548488
6/3/2023 15:00,6.485,0.000760843
6/3/2023 15:15,6.48,0.000760257
6/3/2023 15:30,5.67,0.000665225
6/3/2023 15:45,5.55,0.000651146
6/3/2023 16:00,5.445,0.000638827
6/3/2023 16:15,6.19,0.000726233
6/3/2023 16:30,5.025,0.000589551
6/3/2023 16:45,4.775,0.00056022
6/3/2023 17:00,4.91,0.000576059
6/3/2023 17:15,6.635,0.000778442
6/3/2023 17:30,4.69,0.000550248
6/3/2023 17:45,5.905,0.000692796
6/3/2023 18:00,5.1,0.00059835
6/3/2023 18:15,5.105,0.000598937
6/3/2023 18:30,5.005,0.000587205
6/3/2023 18:45,5.115,0.00060011
6/3/2023 19:00,5.56,0.000652319
6/3/2023 19:15,5.705,0.000669331
6/3/2023 19:30,5.52,0.000647626
6/3/2023 19:45,7.725,0.000906325
6/3/2023 20:00,8.17,0.000958534
6/3/2023 20:15,10.72,0.001257709
6/3/2023 20:30,354.87,0.041634623
6/3/2023 20:45,194.2,0.022784241
6/3/2023 21:00,24.64,0.002890853
6/3/2023 21:15,12.54,0.001471238
6/3/2023 21:30,12.6,0.001478277
6/3/2023 21:45,11.555,0.001355674
6/3/2023 22:00,12.27,0.00143956
6/3/2023 22:15,12.94,0.001518167
6/3/2023 22:30,13.745,0.001612613
6/3/2023 22:45,14.135,0.001658369
6/3/2023 23:00,12.6,0.001478277
6/3/2023 23:15,12.97,0.001521687
6/3/2023 23:30,10.31,0.001209606
6/3/2023 23:45,10.075,0.001182035
6/4/2023 0:00,9.9,0.001161504
6/4/2023 0:15,8.26,0.000969093
6/4/2023 0:30,8.11,0.000951494
6/4/2023 0:45,8.865,0.001040074
6/4/2023 1:00,8.01,0.000939762
6/4/2023 1:15,8.12,0.000952668
6/4/2023 1:30,7.89,0.000925683
6/4/2023 1:45,9.03,0.001059432
6/4/2023 2:00,7.575,0.000888726
6/4/2023 2:15,8.21,0.000963227
6/4/2023 2:30,6.895,0.000808946
6/4/2023 2:45,10.505,0.001232484
6/4/2023 3:00,7.425,0.000871128
6/4/2023 3:15,6.96,0.000816572
6/4/2023 3:30,8.195,0.000961467
6/4/2023 3:45,7.04,0.000825958
6/4/2023 4:00,6.955,0.000815986
6/4/2023 4:15,7.195,0.000844143
6/4/2023 4:30,6.76,0.000793107
6/4/2023 4:45,7.22,0.000847076
6/4/2023 5:00,6.545,0.000767883
6/4/2023 5:15,6.545,0.000767883
6/4/2023 5:30,6.96,0.000816572
6/4/2023 5:45,5.95,0.000698075
6/4/2023 6:00,6.145,0.000720953
6/4/2023 6:15,7.38,0.000865848
6/4/2023 6:30,6.265,0.000735032
6/4/2023 6:45,6.96,0.000816572
6/4/2023 7:00,6.035,0.000708048
6/4/2023 7:15,6.73,0.000789588
6/4/2023 7:30,6.085,0.000713914
6/4/2023 7:45,6.73,0.000789588
6/4/2023 8:00,5.915,0.000693969
6/4/2023 8:15,5.825,0.00068341
6/4/2023 8:30,5.37,0.000630028
6/4/2023 8:45,5.145,0.00060363
6/4/2023 9:00,5.645,0.000662292
6/4/2023 9:15,5.65,0.000662878
6/4/2023 9:30,6.01,0.000705115
6/4/2023 9:45,5.465,0.000641173
6/4/2023 10:00,5.615,0.000658772
6/4/2023 10:15,6,0.000703942
6/4/2023 10:30,5.735,0.000672851
6/4/2023 10:45,6.075,0.000712741
6/4/2023 11:00,5.24,0.000614776
6/4/2023 11:15,5.76,0.000675784
6/4/2023 11:30,5.21,0.000611256
6/4/2023 11:45,5.675,0.000665811
6/4/2023 12:00,4.44,0.000520917
6/4/2023 12:15,5.44,0.00063824
6/4/2023 12:30,4.715,0.000553181
6/4/2023 12:45,5.37,0.000630028
6/4/2023 13:00,4.725,0.000554354
6/4/2023 13:15,6.625,0.000777269
6/4/2023 13:30,5.21,0.000611256
6/4/2023 13:45,4.675,0.000548488
6/4/2023 14:00,5.03,0.000590138
6/4/2023 14:15,5.64,0.000661705
6/4/2023 14:30,4.475,0.000525023
6/4/2023 14:45,6.105,0.000716261
6/4/2023 15:00,4.44,0.000520917
6/4/2023 15:15,4.885,0.000573126
6/4/2023 15:30,4.585,0.000537929
6/4/2023 15:45,5.045,0.000591898
6/4/2023 16:00,4.765,0.000559047
6/4/2023 16:15,5.28,0.000619469
6/4/2023 16:30,4.865,0.000570779
6/4/2023 16:45,5.16,0.00060539
6/4/2023 17:00,4.475,0.000525023
6/4/2023 17:15,4.995,0.000586031
6/4/2023 17:30,5.285,0.000620055
6/4/2023 17:45,5.885,0.000690449
6/4/2023 18:00,5.04,0.000591311
6/4/2023 18:15,5.085,0.00059659
6/4/2023 18:30,5.19,0.000608909
6/4/2023 18:45,6.485,0.000760843
6/4/2023 19:00,5.46,0.000640587
6/4/2023 19:15,5.63,0.000660532
6/4/2023 19:30,5.395,0.000632961
6/4/2023 19:45,5.47,0.00064176
6/4/2023 20:00,6.235,0.000731513
6/4/2023 20:15,5.36,0.000628854
6/4/2023 20:30,5.495,0.000644693
6/4/2023 20:45,5.995,0.000703355
6/4/2023 21:00,5.61,0.000658185
6/4/2023 21:15,5.455,0.00064
6/4/2023 21:30,5.075,0.000595417
6/4/2023 21:45,6.085,0.000713914
6/4/2023 22:00,5.6,0.000657012
6/4/2023 22:15,4.935,0.000578992
6/4/2023 22:30,6.11,0.000716847
6/4/2023 22:45,6.165,0.0007233
6/4/2023 23:00,5.6,0.000657012
6/4/2023 23:15,6.045,0.000709221
6/4/2023 23:30,9.875,0.00115857
6/4/2023 23:45,21.02,0.002466142
6/5/2023 0:00,36.875,0.004326307
6/5/2023 0:15,47.37,0.005557618
6/5/2023 0:30,46.415,0.005445574
6/5/2023 0:45,39.125,0.004590285
6/5/2023 1:00,26.54,0.003113768
6/5/2023 1:15,23.135,0.002714281
6/5/2023 1:30,14.29,0.001676554
6/5/2023 1:45,11.33,0.001329276
6/5/2023 2:00,10.065,0.001180862
6/5/2023 2:15,9.88,0.001159157
6/5/2023 2:30,8.805,0.001033034
6/5/2023 2:45,8.675,0.001017782
6/5/2023 3:00,7.765,0.000911018
6/5/2023 3:15,8.23,0.000965573
6/5/2023 3:30,7.58,0.000889313
6/5/2023 3:45,7.81,0.000916297
6/5/2023 4:00,7.175,0.000841797
6/5/2023 4:15,7.015,0.000823025
6/5/2023 4:30,6.955,0.000815986
6/5/2023 4:45,6.6,0.000774336
6/5/2023 5:00,7.37,0.000864675
6/5/2023 5:15,6.825,0.000800734
6/5/2023 5:30,7.155,0.00083945
6/5/2023 5:45,6.69,0.000784895
6/5/2023 6:00,7.51,0.0008811
6/5/2023 6:15,5.92,0.000694556
6/5/2023 6:30,5.85,0.000686343
6/5/2023 6:45,5.69,0.000667571
6/5/2023 7:00,5.985,0.000702182
6/5/2023 7:15,6.565,0.000770229
6/5/2023 7:30,5.71,0.000669918
6/5/2023 7:45,5.775,0.000677544
6/5/2023 8:00,6.41,0.000752044
6/5/2023 8:15,5.34,0.000626508
6/5/2023 8:30,5.755,0.000675197
6/5/2023 8:45,5.105,0.000598937
6/5/2023 9:00,5.21,0.000611256
6/5/2023 9:15,5.245,0.000615362
6/5/2023 9:30,5.25,0.000615949
6/5/2023 9:45,6.21,0.000728579
6/5/2023 10:00,5.285,0.000620055
6/5/2023 10:15,6.385,0.000749111
6/5/2023 10:30,5.14,0.000603043
6/5/2023 10:45,5.04,0.000591311
6/5/2023 11:00,5.285,0.000620055
6/5/2023 11:15,5.15,0.000604216
6/5/2023 11:30,5.42,0.000635894
6/5/2023 11:45,5.02,0.000588964
6/5/2023 12:00,5.05,0.000592484
6/5/2023 12:15,4.85,0.000569019
6/5/2023 12:30,5.015,0.000588378
6/5/2023 12:45,4.62,0.000542035
6/5/2023 13:00,5.445,0.000638827
6/5/2023 13:15,4.57,0.000536169
6/5/2023 13:30,4.625,0.000542622
6/5/2023 13:45,4.415,0.000517984
6/5/2023 14:00,4.43,0.000519744
6/5/2023 14:15,4.45,0.00052209
6/5/2023 14:30,4.635,0.000543795
6/5/2023 14:45,4.385,0.000514464
6/5/2023 15:00,4.615,0.000541448
6/5/2023 15:15,4.115,0.000482787
6/5/2023 15:30,4.65,0.000545555
6/5/2023 15:45,4.835,0.00056726
6/5/2023 16:00,4.255,0.000499212
6/5/2023 16:15,4.37,0.000512704
6/5/2023 16:30,4.535,0.000532062
6/5/2023 16:45,4.47,0.000524436
6/5/2023 17:00,4.5,0.000527956
6/5/2023 17:15,4.61,0.000540862
6/5/2023 17:30,4.885,0.000573126
6/5/2023 17:45,4.72,0.000553767
6/5/2023 18:00,4.795,0.000562567
6/5/2023 18:15,4.915,0.000576645
6/5/2023 18:30,4.99,0.000585445
6/5/2023 18:45,5.545,0.000650559
6/5/2023 19:00,5.145,0.00060363
6/5/2023 19:15,5.015,0.000588378
6/5/2023 19:30,5.08,0.000596004
6/5/2023 19:45,5.41,0.000634721
6/5/2023 20:00,5.9,0.000692209
6/5/2023 20:15,6.67,0.000782548
6/5/2023 20:30,7.575,0.000888726
6/5/2023 20:45,9.895,0.001160917
6/5/2023 21:00,9.955,0.001167956
6/5/2023 21:15,12.015,0.001409643
6/5/2023 21:30,12.54,0.001471238
6/5/2023 21:45,13.075,0.001534006
6/5/2023 22:00,14.41,0.001690633
6/5/2023 22:15,17.185,0.002016206
6/5/2023 22:30,15.29,0.001793878
6/5/2023 22:45,17.265,0.002025592
6/5/2023 23:00,16.775,0.001968103
6/5/2023 23:15,19.565,0.002295436
6/5/2023 23:30,16.72,0.00196165
6/5/2023 23:45,16.09,0.001887737
6/6/2023 0:00,15.65,0.001836114
6/6/2023 0:15,15.16,0.001778626
6/6/2023 0:30,20.875,0.00244913
6/6/2023 0:45,19.26,0.002259652
6/6/2023 1:00,14.975,0.001756921
6/6/2023 1:15,14.095,0.001653676
6/6/2023 1:30,15.65,0.001836114
6/6/2023 1:45,14.825,0.001739322
6/6/2023 2:00,14.645,0.001718204
6/6/2023 2:15,14.205,0.001666582
6/6/2023 2:30,14.215,0.001667755
6/6/2023 2:45,15.28,0.001792704
6/6/2023 3:00,15.635,0.001834354
6/6/2023 3:15,19.455,0.00228253
6/6/2023 3:30,23.345,0.002738919
6/6/2023 3:45,26.61,0.003121981
6/6/2023 4:00,24.195,0.002838644
6/6/2023 4:15,20.625,0.002419799
6/6/2023 4:30,18.63,0.002185738
6/6/2023 4:45,16.26,0.001907682
6/6/2023 5:00,14.53,0.001704712
6/6/2023 5:15,14.69,0.001723484
6/6/2023 5:30,16.405,0.001924694
6/6/2023 5:45,16.855,0.001977489
6/6/2023 6:00,18.225,0.002138222
6/6/2023 6:15,17.985,0.002110065
6/6/2023 6:30,16.77,0.001967517
6/6/2023 6:45,20.1,0.002358204
6/6/2023 7:00,16.72,0.00196165
6/6/2023 7:15,18.82,0.00220803
6/6/2023 7:30,23.45,0.002751238
6/6/2023 7:45,16.76,0.001966343
6/6/2023 8:00,13.525,0.001586802
6/6/2023 8:15,16.155,0.001895363
6/6/2023 8:30,15.33,0.001798571
6/6/2023 8:45,14.405,0.001690046
6/6/2023 9:00,15.41,0.001807957
6/6/2023 9:15,13.4,0.001572136
6/6/2023 9:30,17.43,0.00204495
6/6/2023 9:45,17.325,0.002032631
6/6/2023 10:00,14.24,0.001670688
6/6/2023 10:15,13.245,0.001553951
6/6/2023 10:30,11.555,0.001355674
6/6/2023 10:45,14.71,0.00172583
6/6/2023 11:00,15.4,0.001806783
6/6/2023 11:15,12.845,0.001507022
6/6/2023 11:30,13.705,0.00160792
6/6/2023 11:45,11.355,0.001332209
6/6/2023 12:00,13.46,0.001579176
6/6/2023 12:15,12.245,0.001436627
6/6/2023 12:30,11.295,0.00132517
6/6/2023 12:45,11.62,0.0013633
6/6/2023 13:00,11.445,0.001342768
6/6/2023 13:15,13.145,0.001542219
6/6/2023 13:30,13.38,0.00156979
6/6/2023 13:45,11.13,0.001305812
6/6/2023 14:00,11.67,0.001369166
6/6/2023 14:15,12.87,0.001509955
6/6/2023 14:30,14.255,0.001672448
6/6/2023 14:45,12.54,0.001471238
6/6/2023 15:00,12.405,0.001455399
6/6/2023 15:15,13.53,0.001587388
6/6/2023 15:30,14.105,0.001654849
6/6/2023 15:45,13.035,0.001529313
6/6/2023 16:00,12.395,0.001454226
6/6/2023 16:15,10.775,0.001264162
6/6/2023 16:30,11.755,0.001379139
6/6/2023 16:45,13.855,0.001625518
6/6/2023 17:00,14.81,0.001737562
6/6/2023 17:15,9.45,0.001108708
6/6/2023 17:30,13.03,0.001528726
6/6/2023 17:45,24.42,0.002865042
6/6/2023 18:00,457.93,0.053725992
6/6/2023 18:15,1263.465,0.148234251
6/6/2023 18:30,691.095,0.081081747
6/6/2023 18:45,271.915,0.031902044
6/6/2023 19:00,71.11,0.008342881
6/6/2023 19:15,107.835,0.012651589
6/6/2023 19:30,221.01,0.025929687
6/6/2023 19:45,329.455,0.038652844
6/6/2023 20:00,86.575,0.01015729
6/6/2023 20:15,265.195,0.03111363
6/6/2023 20:30,310.68,0.036450093
6/6/2023 20:45,973.595,0.114225661
6/6/2023 21:00,1303.59,0.15294186
6/6/2023 21:15,1188.115,0.139393918
6/6/2023 21:30,1256.925,0.147466954
6/6/2023 21:45,1471.735,0.172669235
6/6/2023 22:00,1633.355,0.191631074
6/6/2023 22:15,1686.055,0.197814027
6/6/2023 22:30,1679.28,0.19701916
6/6/2023 22:45,1639.4,0.192340295
6/6/2023 23:00,1550.4,0.181898495
6/6/2023 23:15,1424.45,0.167121589
6/6/2023 23:30,1304.29,0.153023986
6/6/2023 23:45,1150.1,0.134933862
6/7/2023 0:00,1005.94,0.118020493
6/7/2023 0:15,854.165,0.100213705
6/7/2023 0:30,713.06,0.08365876
6/7/2023 0:45,667.565,0.078321123
6/7/2023 1:00,581.125,0.068179672
6/7/2023 1:15,521.165,0.061144949
6/7/2023 1:30,464.795,0.054531418
6/7/2023 1:45,410.25,0.048132003
6/7/2023 2:00,365.03,0.04282663
6/7/2023 2:15,334.945,0.03929695
6/7/2023 2:30,348.705,0.040911323
6/7/2023 3:15,340.305,0.039925805
6/7/2023 3:30,335.68,0.039383183
6/7/2023 3:45,207.115,0.024299476
6/7/2023 4:00,192.325,0.02256426
6/7/2023 4:15,189.945,0.022285029
6/7/2023 4:30,174.825,0.020511097
6/7/2023 4:45,181.25,0.021264901
6/7/2023 5:00,242.235,0.02841988
6/7/2023 5:15,229.685,0.026947469
6/7/2023 5:30,215.675,0.025303765
6/7/2023 5:45,205.59,0.024120557
6/7/2023 6:00,297.77,0.034935446
6/7/2023 6:15,174.575,0.020481766
6/7/2023 6:30,180.635,0.021192747
6/7/2023 6:45,185.045,0.021710144
6/7/2023 7:00,204.505,0.023993261
6/7/2023 7:15,163.95,0.019235203
6/7/2023 7:30,152.36,0.017875422
6/7/2023 7:45,155.395,0.018231499
6/7/2023 8:00,130.89,0.015356485
6/7/2023 8:15,101.225,0.01187608
6/7/2023 8:30,161.655,0.018965945
6/7/2023 8:45,117.125,0.013741526
6/7/2023 9:00,138.065,0.016198282
6/7/2023 9:15,112.92,0.01324818
6/7/2023 9:30,94.07,0.01103663
6/7/2023 9:45,95.64,0.011220828
6/7/2023 10:00,81.645,0.009578885
6/7/2023 10:15,105.44,0.012370599
6/7/2023 10:30,76.96,0.009029224
6/7/2023 10:45,84.27,0.009886859
6/7/2023 11:00,69.555,0.008160442
6/7/2023 11:15,68.095,0.00798915
6/7/2023 11:30,59.67,0.007000699
6/7/2023 11:45,67.84,0.007959232
6/7/2023 12:00,58.635,0.006879269
6/7/2023 12:15,73.01,0.008565795
6/7/2023 12:30,51.93,0.006092614
6/7/2023 12:45,50.955,0.005978224
6/7/2023 13:00,78.175,0.009171772
6/7/2023 13:15,108.425,0.01272081
6/7/2023 13:30,45.595,0.005349369
6/7/2023 13:45,55.29,0.006486821
6/7/2023 14:00,44.95,0.005273695
6/7/2023 14:15,74.435,0.008732981
6/7/2023 14:30,94.455,0.0110818
6/7/2023 15:45,168.985,0.019825927
6/7/2023 16:00,99.19,0.011637327
6/7/2023 16:15,52.23,0.006127811
6/7/2023 16:30,54.83,0.006432852
6/7/2023 16:45,35.65,0.004182586
6/7/2023 17:00,42.825,0.005024383
6/7/2023 17:15,32.96,0.003866986
6/7/2023 17:30,43.305,0.005080698
6/7/2023 17:45,53.125,0.006232816
6/7/2023 18:00,44.25,0.005191569
6/7/2023 18:15,306.795,0.035994291
6/7/2023 18:30,428.71,0.050297797
6/7/2023 18:45,35.56,0.004172027
6/7/2023 19:00,39.475,0.004631349
6/7/2023 19:15,53.82,0.006314356
6/7/2023 19:30,31.325,0.003675161
6/7/2023 19:45,53.72,0.006302623
6/7/2023 20:00,44.495,0.005220313
6/7/2023 20:15,27.68,0.003247517
6/7/2023 20:30,35.11,0.004119231
6/7/2023 20:45,31.915,0.003744382
6/7/2023 21:00,109.36,0.012830508
6/7/2023 21:15,60.11,0.007052321
6/7/2023 21:30,22.82,0.002677324
6/7/2023 21:45,29.145,0.003419396
6/7/2023 22:00,302.565,0.035498012
6/7/2023 22:15,41.975,0.004924658
6/7/2023 22:30,25.665,0.00301111
6/7/2023 23:00,37.38,0.004385556
6/7/2023 23:30,66.5,0.007802019
6/7/2023 23:45,39.935,0.004685318
6/8/2023 0:00,142.405,0.016707466
6/8/2023 0:15,86.23,0.010116813
6/8/2023 0:30,393.4,0.046155101
6/8/2023 1:00,39.07,0.004583833
6/8/2023 1:15,209.73,0.024606277
6/8/2023 1:45,644.345,0.075596869
6/8/2023 2:00,569.485,0.066814025
6/8/2023 2:15,511.91,0.060059119
6/8/2023 2:30,385.57,0.045236457
6/8/2023 2:45,203.785,0.023908788
6/8/2023 3:00,88.405,0.010371992
6/8/2023 3:15,347.73,0.040796932
6/8/2023 3:30,479.89,0.056302418
6/8/2023 3:45,158.49,0.018594616
6/8/2023 4:00,60.98,0.007154393
6/8/2023 4:30,72.91,0.008554063
6/8/2023 5:00,25.48,0.002989405
6/8/2023 5:15,40.91,0.004799708
6/8/2023 5:30,59.365,0.006964915
6/8/2023 5:45,27.23,0.003194721
6/8/2023 6:00,21.885,0.002567627
6/8/2023 6:15,91.965,0.010789664
6/8/2023 6:30,255.105,0.029929835
6/8/2023 6:45,49.49,0.005806345
6/8/2023 7:00,94.11,0.011041323
6/8/2023 7:15,152.545,0.017897127
6/8/2023 7:45,70.215,0.008237876
6/8/2023 8:00,136.58,0.016024056
6/8/2023 8:15,80.9,0.009491478
6/8/2023 8:30,242.82,0.028488514
6/8/2023 8:45,367.39,0.043103514
6/8/2023 9:15,351.125,0.041195246
6/8/2023 9:30,144.855,0.016994909
6/8/2023 9:45,83.265,0.009768949
6/8/2023 10:00,126.815,0.014878391
6/8/2023 10:15,14.455,0.001695913
6/8/2023 10:30,33.615,0.003943833
6/8/2023 10:45,20.84,0.002445024
6/8/2023 11:00,120.6,0.014149225
6/8/2023 11:15,671.84,0.078822681
6/8/2023 11:30,68.725,0.008063064
6/8/2023 11:45,220.365,0.025854013
6/8/2023 12:15,25.02,0.002935436
6/8/2023 12:30,63.665,0.007469406
6/8/2023 13:00,19.23,0.002256133
6/8/2023 13:15,40.545,0.004756885
6/8/2023 13:30,95.805,0.011240187
6/8/2023 13:45,74.625,0.008755273
6/8/2023 14:00,19.975,0.002343539
6/8/2023 14:15,181.135,0.021251409
6/8/2023 14:30,44.575,0.005229699
6/8/2023 14:45,34.045,0.003994282
6/8/2023 15:00,17.055,0.002000954
6/8/2023 15:15,161.11,0.018902004
6/8/2023 15:30,53.745,0.006305556
6/8/2023 15:45,17.875,0.002097159
6/8/2023 16:00,46.29,0.005430909
6/8/2023 16:15,18.425,0.002161687
6/8/2023 16:30,24.545,0.002879708
6/8/2023 16:45,35.26,0.00413683
6/8/2023 17:00,18.65,0.002188085
6/8/2023 17:15,17.26,0.002025005
6/8/2023 17:30,19.95,0.002340606
6/8/2023 17:45,15.255,0.001789771
6/8/2023 18:00,19.895,0.002334153
6/8/2023 18:15,15.67,0.001838461
6/8/2023 18:30,18.005,0.002112411
6/8/2023 18:45,16.445,0.001929386
6/8/2023 19:00,32.21,0.003778993
6/8/2023 19:15,46.435,0.005447921
6/8/2023 19:30,20.565,0.00241276
6/8/2023 19:45,23.285,0.00273188
6/8/2023 20:00,23.285,0.00273188
6/8/2023 20:15,18.87,0.002213896
6/8/2023 20:30,18.48,0.00216814
6/8/2023 20:45,29.01,0.003403557
6/8/2023 21:00,31.895,0.003742036
6/8/2023 21:15,16.775,0.001968103
6/8/2023 21:30,18.02,0.002114171
6/8/2023 21:45,34.355,0.004030652
6/8/2023 22:00,20.31,0.002382842
6/8/2023 22:15,25.175,0.002953621
6/8/2023 22:30,17.76,0.002083667
6/8/2023 22:45,17.805,0.002088947
6/8/2023 23:00,19.375,0.002273145
6/8/2023 23:15,26.805,0.003144859
6/8/2023 23:30,17.41,0.002042604
6/8/2023 23:45,20.945,0.002457343
6/9/2023 0:00,17.16,0.002013273
6/9/2023 0:15,20.965,0.002459689
6/9/2023 0:30,41.815,0.004905886
6/9/2023 0:45,25.63,0.003007004
6/9/2023 1:00,25.755,0.003021669
6/9/2023 1:15,30.75,0.0036077
6/9/2023 1:30,23.255,0.00272836
6/9/2023 1:45,29.665,0.003480404
6/9/2023 2:00,40.29,0.004726967
6/9/2023 2:15,24.365,0.002858589
6/9/2023 2:30,15.965,0.001873071
6/9/2023 2:45,19.355,0.002270798
6/9/2023 3:00,77.605,0.009104897
6/9/2023 3:15,14.95,0.001753988
6/9/2023 3:30,18.545,0.002175766
6/9/2023 3:45,16.26,0.001907682
6/9/2023 4:00,31.075,0.003645831
6/9/2023 4:15,38.46,0.004512265
6/9/2023 4:30,30.47,0.00357485
6/9/2023 4:45,14.74,0.00172935
6/9/2023 5:00,36.205,0.004247701
6/9/2023 5:15,25.08,0.002942476
6/9/2023 5:30,37.155,0.004359158
6/9/2023 5:45,26.485,0.003107315
6/9/2023 6:00,17.6,0.002064895
6/9/2023 6:15,14.645,0.001718204
6/9/2023 6:30,23,0.002698443
6/9/2023 6:45,14.65,0.001718791
6/9/2023 7:00,18.515,0.002172246
6/9/2023 7:15,16.03,0.001880697
6/9/2023 7:30,14.055,0.001648983
6/9/2023 7:45,31.92,0.003744969
6/9/2023 8:00,20.905,0.00245265
6/9/2023 8:15,13.43,0.001575656
6/9/2023 8:30,15.115,0.001773346
6/9/2023 8:45,43.92,0.005152852
6/9/2023 9:00,14.21,0.001667168
6/9/2023 9:15,19.065,0.002236774
6/9/2023 9:30,14.065,0.001650156
6/9/2023 9:45,11.5,0.001349221
6/9/2023 10:00,16.15,0.001894776
6/9/2023 10:15,11.975,0.00140495
6/9/2023 10:30,16.615,0.001949331
6/9/2023 10:45,32.96,0.003866986
6/9/2023 11:00,18.7,0.002193951
6/9/2023 11:15,16.815,0.001972796
6/9/2023 11:30,13.33,0.001563923
6/9/2023 11:45,15.63,0.001833768
6/9/2023 12:00,14.27,0.001674208
6/9/2023 12:15,12.985,0.001523447
6/9/2023 12:30,13.8,0.001619066
6/9/2023 12:45,15.685,0.001840221
6/9/2023 13:00,13.46,0.001579176
6/9/2023 13:15,15.66,0.001837287
6/9/2023 13:30,21.635,0.002538296
6/9/2023 13:45,14.185,0.001664235
6/9/2023 14:00,14.095,0.001653676
6/9/2023 14:15,14.56,0.001708231
6/9/2023 14:30,14.315,0.001679487
6/9/2023 14:45,16.45,0.001929973
6/9/2023 15:00,20.605,0.002417453
6/9/2023 15:15,15.85,0.001859579
6/9/2023 15:30,14.985,0.001758094
6/9/2023 15:45,15.585,0.001828488
6/9/2023 16:00,17.365,0.002037324
6/9/2023 16:15,14.185,0.001664235
6/9/2023 16:30,18.69,0.002192778
6/9/2023 16:45,11.84,0.001389111
6/9/2023 17:00,14.175,0.001663062
6/9/2023 17:15,11.45,0.001343355
6/9/2023 17:30,16.065,0.001884803
6/9/2023 17:45,15.015,0.001761614
6/9/2023 18:00,21.03,0.002467315
6/9/2023 18:15,26.17,0.003070358
6/9/2023 18:30,32.02,0.003756701
6/9/2023 18:45,31.59,0.003706252
6/9/2023 19:00,12.815,0.001503502
6/9/2023 19:15,23.835,0.002796408
6/9/2023 19:30,14.37,0.00168594
6/9/2023 19:45,11.175,0.001311091
6/9/2023 20:00,29.82,0.003498589
6/9/2023 20:15,15.295,0.001794464
6/9/2023 20:30,13.745,0.001612613
6/9/2023 20:45,13.02,0.001527553
6/9/2023 21:00,19.495,0.002287223
6/9/2023 21:15,12.81,0.001502915
6/9/2023 21:30,21.945,0.002574666
6/9/2023 21:45,14.71,0.00172583
6/9/2023 22:00,13.33,0.001563923
6/9/2023 22:15,13.46,0.001579176
6/9/2023 22:30,12.185,0.001429588
6/9/2023 22:45,82.055,0.009626987
6/9/2023 23:00,109.13,0.012803523
6/9/2023 23:15,66.765,0.00783311
6/9/2023 23:30,531.72,0.0623833
6/9/2023 23:45,39.755,0.004664199
6/10/2023 0:00,14.77,0.001732869
6/10/2023 0:15,15.79,0.001852539
6/10/2023 0:30,13.375,0.001569203
6/10/2023 0:45,14.54,0.001705885
6/10/2023 1:00,28.895,0.003390065
6/10/2023 1:15,11.865,0.001392044
6/10/2023 1:30,12.655,0.00148473
6/10/2023 1:45,14.5,0.001701192
6/10/2023 2:00,12.945,0.001518754
6/10/2023 2:15,15.13,0.001775106
6/10/2023 2:30,11.26,0.001321064
6/10/2023 2:45,11.42,0.001339835
6/10/2023 3:00,11.67,0.001369166
6/10/2023 3:15,13.29,0.001559231
6/10/2023 3:30,25.73,0.003018736
6/10/2023 3:45,12.94,0.001518167
6/10/2023 4:00,16.33,0.001915894
6/10/2023 4:15,27.405,0.003215253
6/10/2023 4:30,22.45,0.002633915
6/10/2023 4:45,26.005,0.003051
6/10/2023 5:00,10.55,0.001237764
6/10/2023 5:15,12.915,0.001515234
6/10/2023 5:30,12.22,0.001433694
6/10/2023 5:45,12.375,0.001451879
6/10/2023 6:00,20.145,0.002363484
6/10/2023 6:15,14.6,0.001712924
6/10/2023 6:30,9.775,0.001146838
6/10/2023 6:45,13.825,0.001621999
6/10/2023 7:00,12.32,0.001445427
6/10/2023 7:15,32.61,0.003825922
6/10/2023 7:30,13.77,0.001615546
6/10/2023 7:45,14.67,0.001721137
6/10/2023 8:00,13.49,0.001582695
6/10/2023 8:15,12.53,0.001470065
6/10/2023 8:30,12.145,0.001424895
6/10/2023 8:45,13.285,0.001558644
6/10/2023 9:00,11.87,0.001392631
6/10/2023 9:15,14.425,0.001692393
6/10/2023 9:30,10.92,0.001281174
6/10/2023 9:45,13.76,0.001614373
6/10/2023 10:00,40.17,0.004712889
6/10/2023 10:15,11.385,0.001335729
6/10/2023 10:30,13.1,0.001536939
6/10/2023 10:45,19.02,0.002231495
6/10/2023 11:00,12.255,0.001437801
6/10/2023 11:15,22.535,0.002643887
6/10/2023 11:30,27.115,0.003181229
6/10/2023 11:45,12.36,0.00145012
6/10/2023 12:00,40.205,0.004716995
6/10/2023 12:15,14.785,0.001734629
6/10/2023 12:30,13.485,0.001582109
6/10/2023 12:45,11.06,0.001297599
6/10/2023 13:00,13.425,0.001575069
6/10/2023 13:15,10.015,0.001174996
6/10/2023 13:30,10.235,0.001200807
6/10/2023 13:45,13.2,0.001548671
6/10/2023 14:00,12.155,0.001426068
6/10/2023 14:15,9.58,0.00112396
6/10/2023 14:30,8.99,0.001054739
6/10/2023 14:45,12.945,0.001518754
6/10/2023 15:00,11.915,0.001397911
6/10/2023 15:15,10.925,0.00128176
6/10/2023 15:30,13.07,0.001533419
6/10/2023 15:45,13.25,0.001554538
6/10/2023 16:00,11.29,0.001324583
6/10/2023 16:15,13.675,0.0016044
6/10/2023 16:30,28.67,0.003363667
6/10/2023 16:45,10.83,0.001270614
6/10/2023 17:00,20.24,0.002374629
6/10/2023 17:15,13.02,0.001527553
6/10/2023 17:30,9.735,0.001142145
6/10/2023 17:45,12.65,0.001484143
6/10/2023 18:00,16.81,0.00197221
6/10/2023 18:15,33.37,0.003915088
6/10/2023 18:30,14.185,0.001664235
6/10/2023 18:45,12.66,0.001485317
6/10/2023 19:00,18.265,0.002142915
6/10/2023 19:15,11.625,0.001363887
6/10/2023 19:30,14.78,0.001734043
6/10/2023 19:45,14.405,0.001690046
6/10/2023 20:00,16.405,0.001924694
6/10/2023 20:15,13.075,0.001534006
6/10/2023 20:30,13.355,0.001566857
6/10/2023 20:45,12.61,0.00147945
6/10/2023 21:00,11.04,0.001295252
6/10/2023 21:15,11.88,0.001393804
6/10/2023 21:30,13.095,0.001536352
6/10/2023 21:45,13.545,0.001589148
6/10/2023 22:00,12.77,0.001498222
6/10/2023 22:15,13.01,0.00152638
6/10/2023 22:30,13.12,0.001539286
6/10/2023 22:45,14.715,0.001726417
6/10/2023 23:00,13.585,0.001593841
6/10/2023 23:15,14.855,0.001742842
6/10/2023 23:30,14.25,0.001671861
6/10/2023 23:45,11.615,0.001362714
6/11/2023 0:00,12,0.001407883
6/11/2023 0:15,12.285,0.00144132
6/11/2023 0:30,14.9,0.001748122
6/11/2023 0:45,13.295,0.001559817
6/11/2023 1:00,14.165,0.001661889
6/11/2023 1:15,13.005,0.001525793
6/11/2023 1:30,13.68,0.001604987
6/11/2023 1:45,13.645,0.00160088
6/11/2023 2:00,12.285,0.00144132
6/11/2023 2:15,12.51,0.001467718
6/11/2023 2:30,11.935,0.001400257
6/11/2023 2:45,14.24,0.001670688
6/11/2023 3:00,14.375,0.001686527
6/11/2023 3:15,13.335,0.00156451
6/11/2023 3:30,13.825,0.001621999
6/11/2023 3:45,15.085,0.001769826
6/11/2023 4:00,11.415,0.001339249
6/11/2023 4:15,14.625,0.001715858
6/11/2023 4:30,9.605,0.001126893
6/11/2023 4:45,19.29,0.002263172
6/11/2023 5:00,9.855,0.001156224
6/11/2023 5:15,14.77,0.001732869
6/11/2023 5:30,9.545,0.001119854
6/11/2023 5:45,17.78,0.002086013
6/11/2023 6:00,9.925,0.001164437
6/11/2023 6:15,11.17,0.001310505
6/11/2023 6:30,11.12,0.001304638
6/11/2023 6:45,11.41,0.001338662
6/11/2023 7:00,13.99,0.001641357
6/11/2023 7:15,14.415,0.00169122
6/11/2023 7:30,9.64,0.001130999
6/11/2023 7:45,14.19,0.001664822
6/11/2023 8:00,11.17,0.001310505
6/11/2023 8:15,12.15,0.001425482
6/11/2023 8:30,23.815,0.002794061
6/11/2023 8:45,9.19,0.001078204
6/11/2023 9:00,11.695,0.001372099
6/11/2023 9:15,12.345,0.00144836
6/11/2023 9:30,12.96,0.001520514
6/11/2023 9:45,12.565,0.001474171
6/11/2023 10:00,12.745,0.001495289
6/11/2023 10:15,8.455,0.000991971
6/11/2023 10:30,8.675,0.001017782
6/11/2023 10:45,13.125,0.001539872
6/11/2023 11:00,13.335,0.00156451
6/11/2023 11:15,13.25,0.001554538
6/11/2023 11:30,14.55,0.001707058
6/11/2023 11:45,9.675,0.001135106
6/11/2023 12:00,11.99,0.00140671
6/11/2023 12:15,9.22,0.001081724
6/11/2023 12:30,11.995,0.001407296
6/11/2023 12:45,17.95,0.002105958
6/11/2023 13:00,10.62,0.001245977
6/11/2023 13:15,9.2,0.001079377
6/11/2023 13:30,13.165,0.001544565
6/11/2023 13:45,11.38,0.001335142
6/11/2023 14:00,9.505,0.001115161
6/11/2023 14:15,13,0.001525207
6/11/2023 14:30,12.535,0.001470651
6/11/2023 14:45,11.91,0.001397324
6/11/2023 15:00,8.595,0.001008396
6/11/2023 15:15,6.885,0.000807773
6/11/2023 15:30,13.695,0.001606747
6/11/2023 15:45,9.235,0.001083483
6/11/2023 16:00,12.305,0.001443667
6/11/2023 16:15,12.505,0.001467132
6/11/2023 16:30,14.085,0.001652503
6/11/2023 16:45,12.29,0.001441907
6/11/2023 17:00,12.185,0.001429588
6/11/2023 17:15,8.27,0.000970266
6/11/2023 17:30,10.05,0.001179102
6/11/2023 17:45,13.025,0.00152814
6/11/2023 18:00,11.76,0.001379725
6/11/2023 18:15,13.975,0.001639597
6/11/2023 18:30,14.495,0.001700605
6/11/2023 18:45,8.335,0.000977892
6/11/2023 19:00,12.425,0.001457746
6/11/2023 19:15,10.575,0.001240697
6/11/2023 19:30,12.72,0.001492356
6/11/2023 19:45,13.285,0.001558644
6/11/2023 20:00,8.18,0.000959707
6/11/2023 20:15,10.57,0.00124011
6/11/2023 20:30,13.31,0.001561577
6/11/2023 20:45,11.94,0.001400844
6/11/2023 21:00,13.575,0.001592668
6/11/2023 21:15,13.47,0.001580349
6/11/2023 21:30,12.06,0.001414923
6/11/2023 21:45,10.355,0.001214886
6/11/2023 22:00,13.5,0.001583868
6/11/2023 22:15,9.795,0.001149185
6/11/2023 22:30,13.62,0.001597947
6/11/2023 22:45,14.175,0.001663062
6/11/2023 23:00,10.965,0.001286453
6/11/2023 23:15,12.18,0.001429001
6/11/2023 23:30,12.4,0.001454813
6/11/2023 23:45,13.6,0.001595601
6/12/2023 0:00,13.82,0.001621412
6/12/2023 0:15,11.66,0.001367993
6/12/2023 0:30,14.355,0.00168418
6/12/2023 0:45,9.11,0.001068818
6/12/2023 1:00,12.385,0.001453053
6/12/2023 1:15,13.475,0.001580935
6/12/2023 1:30,12.35,0.001448946
6/12/2023 1:45,9.95,0.00116737
6/12/2023 2:00,13.735,0.00161144
6/12/2023 2:15,11.68,0.00137034
6/12/2023 2:30,12.23,0.001434868
6/12/2023 2:45,10.045,0.001178515
6/12/2023 3:00,13.74,0.001612026
6/12/2023 3:15,14,0.00164253
6/12/2023 3:30,13.155,0.001543392
6/12/2023 3:45,13.63,0.001599121
6/12/2023 4:00,12.08,0.001417269
6/12/2023 4:15,11.285,0.001323997
6/12/2023 4:30,12.725,0.001492943
6/12/2023 4:45,13.46,0.001579176
6/12/2023 5:00,12.87,0.001509955
6/12/2023 5:15,11.425,0.001340422
6/12/2023 5:30,14.715,0.001726417
6/12/2023 5:45,12.85,0.001507608
6/12/2023 6:00,12.365,0.001450706
6/12/2023 6:15,9.56,0.001121614
6/12/2023 6:30,15.23,0.001786838
6/12/2023 6:45,9.555,0.001121027
6/12/2023 7:00,14,0.00164253
6/12/2023 7:15,10.945,0.001284107
6/12/2023 7:30,10.825,0.001270028
6/12/2023 7:45,13.895,0.001630211
6/12/2023 8:00,13.195,0.001548085
6/12/2023 8:15,14.675,0.001721724
6/12/2023 8:30,11.75,0.001378552
6/12/2023 8:45,12.2,0.001431348
6/12/2023 9:00,14.06,0.00164957
6/12/2023 9:15,10.59,0.001242457
6/12/2023 9:30,13.2,0.001548671
6/12/2023 9:45,12.5,0.001466545
6/12/2023 10:00,12.885,0.001511714
6/12/2023 10:15,14.115,0.001656022
6/12/2023 10:30,14.21,0.001667168
6/12/2023 10:45,9,0.001055912
6/12/2023 11:00,8.62,0.001011329
6/12/2023 11:15,12.595,0.001477691
6/12/2023 11:30,11.07,0.001298772
6/12/2023 11:45,10.235,0.001200807
6/12/2023 12:00,12.44,0.001459505
6/12/2023 12:15,14.06,0.00164957
6/12/2023 12:30,10.33,0.001211953
6/12/2023 12:45,13.275,0.001557471
6/12/2023 13:00,11.015,0.001292319
6/12/2023 13:15,13.07,0.001533419
6/12/2023 13:30,12.545,0.001471824
6/12/2023 13:45,9.28,0.001088763
6/12/2023 14:00,10.4,0.001220165
6/12/2023 14:15,8.48,0.000994904
6/12/2023 14:30,11.755,0.001379139
6/12/2023 14:45,8.525,0.001000184
6/12/2023 15:00,8.1,0.000950321
6/12/2023 15:15,12.265,0.001438974
6/12/2023 15:30,10.7,0.001255362
6/12/2023 15:45,7.455,0.000874647
6/12/2023 16:00,7.9,0.000926856
6/12/2023 16:15,11.05,0.001296426
6/12/2023 16:30,9.815,0.001151531
6/12/2023 16:45,12.33,0.0014466
6/12/2023 17:00,11.415,0.001339249
6/12/2023 17:15,10.965,0.001286453
6/12/2023 17:30,9.67,0.001134519
6/12/2023 17:45,10.835,0.001271201
6/12/2023 18:00,9.45,0.001108708
6/12/2023 18:15,9.47,0.001111054
6/12/2023 18:30,9.93,0.001165023
6/12/2023 18:45,8.665,0.001016609
6/12/2023 19:00,9.35,0.001096976
6/12/2023 19:15,10.715,0.001257122
6/12/2023 19:30,10.235,0.001200807
6/12/2023 19:45,12.315,0.00144484
6/12/2023 20:00,10.115,0.001186728
6/12/2023 20:15,10.555,0.001238351
6/12/2023 20:30,10.11,0.001186142
6/12/2023 20:45,13.165,0.001544565
6/12/2023 21:00,10.04,0.001177929
6/12/2023 21:15,11.675,0.001369753
6/12/2023 21:30,12.445,0.001460092
6/12/2023 21:45,10.97,0.00128704
6/12/2023 22:00,11.705,0.001373273
6/12/2023 22:15,9.885,0.001159744
6/12/2023 22:30,10.79,0.001265922
6/12/2023 22:45,11.865,0.001392044
6/12/2023 23:00,10.26,0.00120374
6/12/2023 23:15,13.575,0.001592668
6/12/2023 23:30,11.145,0.001307571
6/12/2023 23:45,12.9,0.001513474
6/13/2023 0:00,11.205,0.001314611
6/13/2023 0:15,11.185,0.001312264
6/13/2023 0:30,12.865,0.001509368
6/13/2023 0:45,11.035,0.001294666
6/13/2023 1:00,10.145,0.001190248
6/13/2023 1:15,13.735,0.00161144
6/13/2023 1:30,11.695,0.001372099
6/13/2023 1:45,13.345,0.001565683
6/13/2023 2:00,11.435,0.001341595
6/13/2023 2:15,13.615,0.001597361
6/13/2023 2:30,11.415,0.001339249
6/13/2023 2:45,9.165,0.001075271
6/13/2023 3:00,10.265,0.001204327
6/13/2023 3:15,12.095,0.001419029
6/13/2023 3:30,11.02,0.001292906
6/13/2023 3:45,11.345,0.001331036
6/13/2023 4:00,9.59,0.001125133
6/13/2023 4:15,10.24,0.001201394
6/13/2023 4:30,10.22,0.001199047
6/13/2023 4:45,9.19,0.001078204
6/13/2023 5:00,10.84,0.001271788
6/13/2023 5:15,9.715,0.001139799
6/13/2023 5:30,11.35,0.001331623
6/13/2023 5:45,9.41,0.001104015
6/13/2023 6:00,10.61,0.001244803
6/13/2023 6:15,9.01,0.001057086
6/13/2023 6:30,12.265,0.001438974
6/13/2023 6:45,10.715,0.001257122
6/13/2023 7:00,11.66,0.001367993
6/13/2023 7:15,8.79,0.001031274
6/13/2023 7:30,9.435,0.001106948
6/13/2023 7:45,8.66,0.001016022
6/13/2023 8:00,11.465,0.001345115
6/13/2023 8:15,11.12,0.001304638
6/13/2023 8:30,13.58,0.001593254
6/13/2023 8:45,9.505,0.001115161
6/13/2023 9:00,9.54,0.001119267
6/13/2023 9:15,9.565,0.0011222
6/13/2023 9:30,9.295,0.001090523
6/13/2023 9:45,12.77,0.001498222
6/13/2023 10:00,8.89,0.001043007
6/13/2023 10:15,10.18,0.001194354
6/13/2023 10:30,8.64,0.001013676
6/13/2023 10:45,9.96,0.001168543
6/13/2023 11:00,10.29,0.00120726
6/13/2023 11:15,7.235,0.000848836
6/13/2023 11:30,10.205,0.001197287
6/13/2023 11:45,12.435,0.001458919
6/13/2023 12:00,8.355,0.000980239
6/13/2023 12:15,8.625,0.001011916
6/13/2023 12:30,8.665,0.001016609
6/13/2023 12:45,11.37,0.001333969
6/13/2023 13:00,8.825,0.001035381
6/13/2023 13:15,12.4,0.001454813
6/13/2023 13:30,8.41,0.000986691
6/13/2023 13:45,9.875,0.00115857
6/13/2023 14:00,8.075,0.000947388
6/13/2023 14:15,9.115,0.001069405
6/13/2023 14:30,9.23,0.001082897
6/13/2023 14:45,10.115,0.001186728
6/13/2023 15:00,10.48,0.001229551
6/13/2023 15:15,7.4,0.000868195
6/13/2023 15:30,6.82,0.000800147
6/13/2023 15:45,8.605,0.001009569
6/13/2023 16:00,8.19,0.00096088
6/13/2023 16:15,7.985,0.000936829
6/13/2023 16:30,8.665,0.001016609
6/13/2023 16:45,9.315,0.001092869
6/13/2023 17:00,8.415,0.000987278
6/13/2023 17:15,10.36,0.001215472
6/13/2023 17:30,6.425,0.000753804
6/13/2023 17:45,9.29,0.001089936
6/13/2023 18:00,8.48,0.000994904
6/13/2023 18:15,8.095,0.000949734
6/13/2023 18:30,8.66,0.001016022
6/13/2023 18:45,6.795,0.000797214
6/13/2023 19:00,7.31,0.000857635
6/13/2023 19:15,9.805,0.001150358
6/13/2023 19:30,7.99,0.000937415
6/13/2023 19:45,10.78,0.001264748
6/13/2023 20:00,8.41,0.000986691
6/13/2023 20:15,7.43,0.000871714
6/13/2023 20:30,8.215,0.000963813
6/13/2023 20:45,8.53,0.00100077
6/13/2023 21:00,8.86,0.001039487
6/13/2023 21:15,9.925,0.001164437
6/13/2023 21:30,8.025,0.000941522
6/13/2023 21:45,7.805,0.000915711
6/13/2023 22:00,8.27,0.000970266
6/13/2023 22:15,7.75,0.000909258
6/13/2023 22:30,8.51,0.000998424
6/13/2023 22:45,7.785,0.000913364
6/13/2023 23:00,8.6,0.001008983
6/13/2023 23:15,8.48,0.000994904
6/13/2023 23:30,9.75,0.001143905
6/13/2023 23:45,9.87,0.001157984
6/14/2023 0:00,8.625,0.001011916
6/14/2023 0:15,9.07,0.001064125
6/14/2023 0:30,9.795,0.001149185
6/14/2023 0:45,8.25,0.00096792
6/14/2023 1:00,8.42,0.000987865
6/14/2023 1:15,8.42,0.000987865
6/14/2023 1:30,8.125,0.000953254
6/14/2023 1:45,9.38,0.001100495
6/14/2023 2:00,9.07,0.001064125
6/14/2023 2:15,8.18,0.000959707
6/14/2023 2:30,8.69,0.001019542
6/14/2023 2:45,8.195,0.000961467
6/14/2023 3:00,8.715,0.001022475
6/14/2023 3:15,10.665,0.001251256
6/14/2023 3:30,9.235,0.001083483
6/14/2023 3:45,7.63,0.000895179
6/14/2023 4:00,8.58,0.001006636
6/14/2023 4:15,10.75,0.001261229
6/14/2023 4:30,11.435,0.001341595
6/14/2023 4:45,9.195,0.00107879
6/14/2023 5:00,10.48,0.001229551
6/14/2023 5:15,9.47,0.001111054
6/14/2023 5:30,10.285,0.001206673
6/14/2023 5:45,8.595,0.001008396
6/14/2023 6:00,8.295,0.000973199
6/14/2023 6:15,8.16,0.000957361
6/14/2023 6:30,7.625,0.000894592
6/14/2023 6:45,7.84,0.000919817
6/14/2023 7:00,8.615,0.001010743
6/14/2023 7:15,9.755,0.001144492
6/14/2023 7:30,7.875,0.000923923
6/14/2023 7:45,8.43,0.000989038
6/14/2023 8:00,8.35,0.000979652
6/14/2023 8:15,9.605,0.001126893
6/14/2023 8:30,9.7,0.001138039
6/14/2023 8:45,9.465,0.001110468
6/14/2023 9:00,8.005,0.000939175
6/14/2023 9:15,10.545,0.001237177
6/14/2023 9:30,7.97,0.000935069
6/14/2023 9:45,9.74,0.001142732
6/14/2023 10:00,7.68,0.000901045
6/14/2023 10:15,8.945,0.00104946
6/14/2023 10:30,7.44,0.000872888
6/14/2023 10:45,12.475,0.001463612
6/14/2023 11:00,8.2,0.000962053
6/14/2023 11:15,7.15,0.000838864
6/14/2023 11:30,6.125,0.000718607
6/14/2023 11:45,6.63,0.000777855
6/14/2023 12:00,6.815,0.00079956
6/14/2023 12:15,9.155,0.001074097
6/14/2023 12:30,5.23,0.000613602
6/14/2023 12:45,6.035,0.000708048
6/14/2023 13:00,7.15,0.000838864
6/14/2023 13:15,5.2,0.000610083
6/14/2023 13:30,5.975,0.000701008
6/14/2023 13:45,4.995,0.000586031
6/14/2023 14:00,5.8,0.000680477
6/14/2023 14:15,5.365,0.000629441
6/14/2023 14:30,5.76,0.000675784
6/14/2023 14:45,5.675,0.000665811
6/14/2023 15:00,5.35,0.000627681
6/14/2023 15:15,5.345,0.000627095
6/14/2023 15:30,6.23,0.000730926
6/14/2023 15:45,5.65,0.000662878
6/14/2023 16:00,5.32,0.000624162
6/14/2023 16:15,5.325,0.000624748
6/14/2023 16:30,5.405,0.000634134
6/14/2023 16:45,5.71,0.000669918
6/14/2023 17:00,6.09,0.000714501
6/14/2023 17:15,5.59,0.000655839
6/14/2023 17:30,5.795,0.00067989
6/14/2023 17:45,4.9,0.000574886
6/14/2023 18:00,5.795,0.00067989
6/14/2023 18:15,5.295,0.000621228
6/14/2023 18:30,6.035,0.000708048
6/14/2023 18:45,5.795,0.00067989
6/14/2023 19:00,6.6,0.000774336
6/14/2023 19:15,5.64,0.000661705
6/14/2023 19:30,6.425,0.000753804
6/14/2023 19:45,5.47,0.00064176
6/14/2023 20:00,6.005,0.000704528
6/14/2023 20:15,6.54,0.000767296
6/14/2023 20:30,6.075,0.000712741
6/14/2023 20:45,6.27,0.000735619
6/14/2023 21:00,7.39,0.000867021
6/14/2023 21:15,5.905,0.000692796
6/14/2023 21:30,6.915,0.000811293
6/14/2023 21:45,6.125,0.000718607
6/14/2023 22:00,6.21,0.000728579
6/14/2023 22:15,6.535,0.00076671
6/14/2023 22:30,6.84,0.000802493
6/14/2023 22:45,6.285,0.000737379
6/14/2023 23:00,6.485,0.000760843
6/14/2023 23:15,6.32,0.000741485
6/14/2023 23:30,6.89,0.00080836
6/14/2023 23:45,6.66,0.000781375
6/15/2023 0:00,7.21,0.000845903
6/15/2023 0:15,7.075,0.000830064
6/15/2023 0:30,10.935,0.001282933
6/15/2023 0:45,7.905,0.000927443
6/15/2023 1:00,7.14,0.00083769
6/15/2023 1:15,7.595,0.000891073
6/15/2023 1:30,7.35,0.000862328
6/15/2023 1:45,7.16,0.000840037
6/15/2023 2:00,7.315,0.000858222
6/15/2023 2:15,10.035,0.001177342
6/15/2023 2:30,7.4,0.000868195
6/15/2023 2:45,6.8,0.0007978
6/15/2023 3:00,6.89,0.00080836
6/15/2023 3:15,7.52,0.000882273
6/15/2023 3:30,7.07,0.000829478
6/15/2023 3:45,7.01,0.000822438
6/15/2023 4:00,6.555,0.000769056
6/15/2023 4:15,7.445,0.000873474
6/15/2023 4:30,7.33,0.000859982
6/15/2023 4:45,6.145,0.000720953
6/15/2023 5:00,6.28,0.000736792
6/15/2023 5:15,6.565,0.000770229
6/15/2023 5:30,6.62,0.000776682
6/15/2023 5:45,6.21,0.000728579
6/15/2023 6:00,6.17,0.000723887
6/15/2023 6:15,6.39,0.000749698
6/15/2023 6:30,10.085,0.001183208
6/15/2023 6:45,7.66,0.000898699
6/15/2023 7:00,6.46,0.00075791
6/15/2023 7:15,6.67,0.000782548
6/15/2023 7:30,7.18,0.000842383
6/15/2023 7:45,6.55,0.00076847
6/15/2023 8:00,7.15,0.000838864
6/15/2023 8:15,6.63,0.000777855
6/15/2023 8:30,6.975,0.000818332
6/15/2023 8:45,6.545,0.000767883
6/15/2023 9:00,6.76,0.000793107
6/15/2023 9:15,6.535,0.00076671
6/15/2023 9:30,6.34,0.000743832
6/15/2023 9:45,5.795,0.00067989
6/15/2023 10:00,6.385,0.000749111
6/15/2023 10:15,5.695,0.000668158
6/15/2023 10:30,5.49,0.000644107
6/15/2023 10:45,5.145,0.00060363
6/15/2023 11:00,5.865,0.000688103
6/15/2023 11:15,5.655,0.000663465
6/15/2023 11:30,5.76,0.000675784
6/15/2023 11:45,5.52,0.000647626
6/15/2023 12:00,5.44,0.00063824
6/15/2023 12:15,5.735,0.000672851
6/15/2023 12:30,4.84,0.000567846
6/15/2023 12:45,5.22,0.000612429
6/15/2023 13:00,5.255,0.000616535
6/15/2023 13:15,5.12,0.000600697
6/15/2023 13:30,4.82,0.0005655
6/15/2023 13:45,5.93,0.000695729
6/15/2023 14:00,5.395,0.000632961
6/15/2023 14:15,4.615,0.000541448
6/15/2023 14:30,4.795,0.000562567
6/15/2023 14:45,4.955,0.000581338
6/15/2023 15:00,5.72,0.000671091
6/15/2023 15:15,4.51,0.000529129
6/15/2023 15:30,4.425,0.000519157
6/15/2023 15:45,4.82,0.0005655
6/15/2023 16:00,4.595,0.000539102
6/15/2023 16:15,4.43,0.000519744
6/15/2023 16:30,4.45,0.00052209
6/15/2023 16:45,4.34,0.000509184
6/15/2023 17:00,5.965,0.000699835
6/15/2023 17:15,4.895,0.000574299
6/15/2023 17:30,4.295,0.000503905
6/15/2023 17:45,5.135,0.000602457
6/15/2023 18:00,4.77,0.000559634
6/15/2023 18:15,4.31,0.000505665
6/15/2023 18:30,4.505,0.000528543
6/15/2023 18:45,4.71,0.000552594
6/15/2023 19:00,4.425,0.000519157
6/15/2023 19:15,4.645,0.000544968
6/15/2023 19:30,5.145,0.00060363
6/15/2023 19:45,4.49,0.000526783
6/15/2023 20:00,4.475,0.000525023
6/15/2023 20:15,4.47,0.000524436
6/15/2023 20:30,4.565,0.000535582
6/15/2023 20:45,5.335,0.000625921
6/15/2023 21:00,5.16,0.00060539
6/15/2023 21:15,5.48,0.000642933
6/15/2023 21:30,5.215,0.000611843
6/15/2023 21:45,5.295,0.000621228
6/15/2023 22:00,5.31,0.000622988
6/15/2023 22:15,5.585,0.000655252
6/15/2023 22:30,5.555,0.000651733
6/15/2023 22:45,5.585,0.000655252
6/15/2023 23:00,5.49,0.000644107
6/15/2023 23:15,5.95,0.000698075
6/15/2023 23:30,5.95,0.000698075
6/15/2023 23:45,5.605,0.000657599
6/16/2023 0:00,5.725,0.000671678
6/16/2023 0:15,5.75,0.000674611
6/16/2023 0:30,5.93,0.000695729
6/16/2023 0:45,6.185,0.000725646
6/16/2023 1:00,6.125,0.000718607
6/16/2023 1:15,6.015,0.000705701
6/16/2023 1:30,6.435,0.000754977
6/16/2023 1:45,5.91,0.000693382
6/16/2023 2:00,6.25,0.000733272
6/16/2023 2:15,5.83,0.000683997
6/16/2023 2:30,6.17,0.000723887
6/16/2023 2:45,6.245,0.000732686
6/16/2023 3:00,6.005,0.000704528
6/16/2023 3:15,5.875,0.000689276
6/16/2023 3:30,6.69,0.000784895
6/16/2023 3:45,5.77,0.000676957
6/16/2023 4:00,6.4,0.000750871
6/16/2023 4:15,6.115,0.000717434
6/16/2023 4:30,6.215,0.000729166
6/16/2023 4:45,6.745,0.000791348
6/16/2023 5:00,6.915,0.000811293
6/16/2023 5:15,6.405,0.000751458
6/16/2023 5:30,6.675,0.000783135
6/16/2023 5:45,6.51,0.000763777
6/16/2023 6:00,6.36,0.000746178
6/16/2023 6:15,6.93,0.000813052
6/16/2023 6:30,6.325,0.000742072
6/16/2023 6:45,5.965,0.000699835
6/16/2023 7:00,6.585,0.000772576
6/16/2023 7:15,6.545,0.000767883
6/16/2023 7:30,5.25,0.000615949
6/16/2023 7:45,5.72,0.000671091
6/16/2023 8:00,5.145,0.00060363
6/16/2023 8:15,5.285,0.000620055
6/16/2023 8:30,5.685,0.000666985
6/16/2023 8:45,5.93,0.000695729
6/16/2023 9:00,5.17,0.000606563
6/16/2023 9:15,5.18,0.000607736
6/16/2023 9:30,5.2,0.000610083
6/16/2023 9:45,5.93,0.000695729
6/16/2023 10:00,5.01,0.000587791
6/16/2023 10:15,4.915,0.000576645
6/16/2023 10:30,4.935,0.000578992
6/16/2023 10:45,4.935,0.000578992
6/16/2023 11:00,5.16,0.00060539
6/16/2023 11:15,4.6,0.000539689
6/16/2023 11:30,4.705,0.000552007
6/16/2023 11:45,4.565,0.000535582
6/16/2023 12:00,4.525,0.000530889
6/16/2023 12:15,7.385,0.000866435
6/16/2023 12:30,5.445,0.000638827
6/16/2023 12:45,4.63,0.000543208
6/16/2023 13:00,5.02,0.000588964
6/16/2023 13:15,4.37,0.000512704
6/16/2023 13:30,4.45,0.00052209
6/16/2023 13:45,4.57,0.000536169
6/16/2023 14:00,3.905,0.000458149
6/16/2023 14:15,4.815,0.000564913
6/16/2023 14:30,5.145,0.00060363
6/16/2023 14:45,4.76,0.00055846
6/16/2023 15:00,3.945,0.000462842
6/16/2023 15:15,3.82,0.000448176
6/16/2023 15:30,3.85,0.000451696
6/16/2023 15:45,4.46,0.000523263
6/16/2023 16:00,3.775,0.000442897
6/16/2023 16:15,4.455,0.000522677
6/16/2023 16:30,3.685,0.000432337
6/16/2023 16:45,4.88,0.000572539
6/16/2023 17:00,3.71,0.000435271
6/16/2023 17:15,3.98,0.000466948
6/16/2023 17:30,6.325,0.000742072
6/16/2023 17:45,3.695,0.000433511
6/16/2023 18:00,4.51,0.000529129
6/16/2023 18:15,3.835,0.000449936
6/16/2023 18:30,3.54,0.000415326
6/16/2023 18:45,4.2,0.000492759
6/16/2023 19:00,3.85,0.000451696
6/16/2023 19:15,4.05,0.000475161
6/16/2023 19:30,4.24,0.000497452
6/16/2023 19:45,4.24,0.000497452
6/16/2023 20:00,3.98,0.000466948
6/16/2023 20:15,4.13,0.000484546
6/16/2023 20:30,4.195,0.000492172
6/16/2023 20:45,5.8,0.000680477
6/16/2023 21:00,4.28,0.000502145
6/16/2023 21:15,4.1,0.000481027
6/16/2023 21:30,4.425,0.000519157
6/16/2023 21:45,4.185,0.000490999
6/16/2023 22:00,4.285,0.000502732
6/16/2023 22:15,4.66,0.000546728
6/16/2023 22:30,4.555,0.000534409
6/16/2023 22:45,4.65,0.000545555
6/16/2023 23:00,4.62,0.000542035
6/16/2023 23:15,4.56,0.000534996
6/16/2023 23:30,4.82,0.0005655
6/16/2023 23:45,4.825,0.000566086
6/17/2023 0:00,4.945,0.000580165
6/17/2023 0:15,5.045,0.000591898
6/17/2023 0:30,5.225,0.000613016
6/17/2023 0:45,4.96,0.000581925
6/17/2023 1:00,5.115,0.00060011
6/17/2023 1:15,5.575,0.000654079
6/17/2023 1:30,5.12,0.000600697
6/17/2023 1:45,5.5,0.00064528
6/17/2023 2:00,5.42,0.000635894
6/17/2023 2:15,6.765,0.000793694
6/17/2023 2:30,5.415,0.000635307
6/17/2023 2:45,5.505,0.000645866
6/17/2023 3:00,5.215,0.000611843
6/17/2023 3:15,5.69,0.000667571
6/17/2023 3:30,5.515,0.00064704
6/17/2023 3:45,5.155,0.000604803
6/17/2023 4:00,5.14,0.000603043
6/17/2023 4:15,5.425,0.00063648
6/17/2023 4:30,6.525,0.000765536
6/17/2023 4:45,5.655,0.000663465
6/17/2023 5:00,5.545,0.000650559
6/17/2023 5:15,5.115,0.00060011
6/17/2023 5:30,5.195,0.000609496
6/17/2023 5:45,5.335,0.000625921
6/17/2023 6:00,5.18,0.000607736
6/17/2023 6:15,5.475,0.000642347
6/17/2023 6:30,5.36,0.000628854
6/17/2023 6:45,5.11,0.000599524
6/17/2023 7:00,5.77,0.000676957
6/17/2023 7:15,6.37,0.000747351
6/17/2023 7:30,5.56,0.000652319
6/17/2023 7:45,5.355,0.000628268
6/17/2023 8:00,6.69,0.000784895
6/17/2023 8:15,5.31,0.000622988
6/17/2023 8:30,4.99,0.000585445
6/17/2023 8:45,5.25,0.000615949
6/17/2023 9:00,5.415,0.000635307
6/17/2023 9:15,5.43,0.000637067
6/17/2023 9:30,5.75,0.000674611
6/17/2023 9:45,4.875,0.000571953
6/17/2023 10:00,4.775,0.00056022
6/17/2023 10:15,4.72,0.000553767
6/17/2023 10:30,7.805,0.000915711
6/17/2023 10:45,4.545,0.000533236
6/17/2023 11:00,4.76,0.00055846
6/17/2023 11:15,4.62,0.000542035
6/17/2023 11:30,4.58,0.000537342
6/17/2023 11:45,7.025,0.000824198
6/17/2023 12:00,5.645,0.000662292
6/17/2023 12:15,4.505,0.000528543
6/17/2023 12:30,4.47,0.000524436
6/17/2023 12:45,4.65,0.000545555
6/17/2023 13:00,4.98,0.000584271
6/17/2023 13:15,4.17,0.000489239
6/17/2023 13:30,4.045,0.000474574
6/17/2023 13:45,3.825,0.000448763
6/17/2023 14:00,4.23,0.000496279
6/17/2023 14:15,4,0.000469294
6/17/2023 14:30,3.755,0.00044055
6/17/2023 14:45,3.72,0.000436444
6/17/2023 15:00,3.39,0.000397727
6/17/2023 15:15,3.375,0.000395967
6/17/2023 15:30,3.415,0.00040066
6/17/2023 15:45,3.73,0.000437617
6/17/2023 16:00,3.42,0.000401247
6/17/2023 16:15,3.39,0.000397727
6/17/2023 16:30,4.94,0.000579579
6/17/2023 16:45,3.38,0.000396554
6/17/2023 17:00,3.46,0.00040594
6/17/2023 17:15,3.61,0.000423538
6/17/2023 17:30,3.4,0.0003989
6/17/2023 17:45,3.57,0.000418845
6/17/2023 18:00,3.62,0.000424711
6/17/2023 18:15,3.33,0.000390688
6/17/2023 18:30,3.49,0.000409459
6/17/2023 18:45,3.47,0.000407113
6/17/2023 19:00,3.53,0.000414152
6/17/2023 19:15,3.56,0.000417672
6/17/2023 19:30,3.6,0.000422365
6/17/2023 19:45,3.54,0.000415326
6/17/2023 20:00,3.7,0.000434097
6/17/2023 20:15,3.8,0.00044583
6/17/2023 20:30,3.765,0.000441723
6/17/2023 20:45,3.705,0.000434684
6/17/2023 21:00,4.28,0.000502145
6/17/2023 21:15,3.89,0.000456389
6/17/2023 21:30,7.895,0.00092627
6/17/2023 21:45,3.905,0.000458149
6/17/2023 22:00,4.095,0.00048044
6/17/2023 22:15,3.865,0.000453456
6/17/2023 22:30,4.18,0.000490413
6/17/2023 22:45,3.96,0.000464601
6/17/2023 23:00,4.15,0.000486893
6/17/2023 23:15,4.275,0.000501558
6/17/2023 23:30,4.435,0.00052033
6/17/2023 23:45,4.515,0.000529716
6/18/2023 0:00,4.62,0.000542035
6/18/2023 0:15,4.59,0.000538515
6/18/2023 0:30,4.875,0.000571953
6/18/2023 0:45,4.7,0.000551421
6/18/2023 1:00,4.84,0.000567846
6/18/2023 1:15,5.07,0.000594831
6/18/2023 1:30,4.9,0.000574886
6/18/2023 1:45,5.02,0.000588964
6/18/2023 2:00,4.86,0.000570193
6/18/2023 2:15,4.62,0.000542035
6/18/2023 2:30,5.075,0.000595417
6/18/2023 2:45,4.83,0.000566673
6/18/2023 3:00,4.74,0.000556114
6/18/2023 3:15,4.865,0.000570779
6/18/2023 3:30,4.965,0.000582512
6/18/2023 3:45,5.255,0.000616535
6/18/2023 4:00,5.38,0.000631201
6/18/2023 4:15,5.155,0.000604803
6/18/2023 4:30,5.46,0.000640587
6/18/2023 4:45,4.85,0.000569019
6/18/2023 5:00,5.4,0.000633547
6/18/2023 5:15,4.745,0.0005567
6/18/2023 5:30,4.66,0.000546728
6/18/2023 5:45,4.98,0.000584271
6/18/2023 6:00,4.745,0.0005567
6/18/2023 6:15,4.52,0.000530303
6/18/2023 6:30,4.515,0.000529716
6/18/2023 6:45,4.265,0.000500385
6/18/2023 7:00,5.19,0.000608909
6/18/2023 7:15,4.505,0.000528543
6/18/2023 7:30,4.45,0.00052209
6/18/2023 7:45,4.58,0.000537342
6/18/2023 8:00,4.515,0.000529716
6/18/2023 8:15,4.85,0.000569019
6/18/2023 8:30,4.88,0.000572539
6/18/2023 8:45,4.945,0.000580165
6/18/2023 9:00,5.71,0.000669918
6/18/2023 9:15,4.74,0.000556114
6/18/2023 9:30,5.085,0.00059659
6/18/2023 9:45,4.28,0.000502145
6/18/2023 10:00,4.44,0.000520917
6/18/2023 10:15,4.17,0.000489239
6/18/2023 10:30,4.28,0.000502145
6/18/2023 10:45,4.29,0.000503318
6/18/2023 11:00,4.265,0.000500385
6/18/2023 11:15,4.205,0.000493346
6/18/2023 11:30,4.14,0.00048572
6/18/2023 11:45,3.795,0.000445243
6/18/2023 12:00,3.655,0.000428818
6/18/2023 12:15,3.655,0.000428818
6/18/2023 12:30,3.62,0.000424711
6/18/2023 12:45,3.815,0.000447589
6/18/2023 13:00,3.77,0.00044231
6/18/2023 13:15,3.51,0.000411806
6/18/2023 13:30,3.365,0.000394794
6/18/2023 13:45,3.28,0.000384821
6/18/2023 14:00,3.55,0.000416499
6/18/2023 14:15,3.36,0.000394207
6/18/2023 14:30,2.925,0.000343172
6/18/2023 14:45,3.09,0.00036253
6/18/2023 15:00,2.955,0.000346691
6/18/2023 15:15,2.77,0.000324986
6/18/2023 15:30,2.935,0.000344345
6/18/2023 15:45,2.865,0.000336132
6/18/2023 16:00,3,0.000351971
6/18/2023 16:15,2.84,0.000333199
6/18/2023 16:30,2.815,0.000330266
6/18/2023 16:45,2.8,0.000328506
6/18/2023 17:00,2.61,0.000306215
6/18/2023 17:15,2.86,0.000335545
6/18/2023 17:30,2.835,0.000332612
6/18/2023 17:45,2.715,0.000318534
6/18/2023 18:00,3.285,0.000385408
6/18/2023 18:15,2.89,0.000339065
6/18/2023 18:30,2.785,0.000326746
6/18/2023 18:45,2.905,0.000340825
6/18/2023 19:00,3.025,0.000354904
6/18/2023 19:15,2.98,0.000349624
6/18/2023 19:30,3.17,0.000371916
6/18/2023 19:45,3.1,0.000363703
6/18/2023 20:00,3.08,0.000361357
6/18/2023 20:15,3.27,0.000383648
6/18/2023 20:30,3.07,0.000360183
6/18/2023 20:45,3.185,0.000373676
6/18/2023 21:00,3.37,0.000395381
6/18/2023 21:15,3.315,0.000388928
6/18/2023 21:30,3.435,0.000403007
6/18/2023 21:45,3.62,0.000424711
6/18/2023 22:00,3.85,0.000451696
6/18/2023 22:15,3.815,0.000447589
6/18/2023 22:30,3.67,0.000430578
6/18/2023 22:45,5.015,0.000588378
6/18/2023 23:00,4.17,0.000489239
6/18/2023 23:15,3.82,0.000448176
6/18/2023 23:30,4.005,0.000469881
6/18/2023 23:45,4.305,0.000505078
6/19/2023 0:00,4.88,0.000572539
6/19/2023 0:15,4.475,0.000525023
6/19/2023 0:30,5.21,0.000611256
6/19/2023 0:45,4.66,0.000546728
6/19/2023 1:00,4.71,0.000552594
6/19/2023 1:15,4.39,0.000515051
6/19/2023 1:30,4.605,0.000540275
6/19/2023 1:45,4.59,0.000538515
6/19/2023 2:00,5.405,0.000634134
6/19/2023 2:15,4.535,0.000532062
6/19/2023 2:30,4.645,0.000544968
6/19/2023 2:45,4.5,0.000527956
6/19/2023 3:00,4.4,0.000516224
6/19/2023 3:15,4.505,0.000528543
6/19/2023 3:30,4.355,0.000510944
6/19/2023 3:45,4.4,0.000516224
6/19/2023 4:00,4.385,0.000514464
6/19/2023 4:15,4.69,0.000550248
6/19/2023 4:30,4.395,0.000515637
6/19/2023 4:45,4.385,0.000514464
6/19/2023 5:00,4.35,0.000510358
6/19/2023 5:15,4.535,0.000532062
6/19/2023 5:30,4.32,0.000506838
6/19/2023 5:45,4.32,0.000506838
6/19/2023 6:00,4.155,0.00048748
6/19/2023 6:15,4.25,0.000498625
6/19/2023 6:30,4.2,0.000492759
6/19/2023 6:45,4.14,0.00048572
6/19/2023 7:00,4.24,0.000497452
6/19/2023 7:15,4.06,0.000476334
6/19/2023 7:30,4.08,0.00047868
6/19/2023 7:45,4.06,0.000476334
6/19/2023 8:00,4.02,0.000471641
6/19/2023 8:15,4.04,0.000473987
6/19/2023 8:30,4.145,0.000486306
6/19/2023 8:45,3.99,0.000468121
6/19/2023 9:00,4.115,0.000482787
6/19/2023 9:15,4.015,0.000471054
6/19/2023 9:30,4.12,0.000483373
6/19/2023 9:45,3.87,0.000454042
6/19/2023 10:00,3.705,0.000434684
6/19/2023 10:15,3.795,0.000445243
6/19/2023 10:30,3.85,0.000451696
6/19/2023 10:45,3.94,0.000462255
6/19/2023 11:00,4.095,0.00048044
6/19/2023 11:15,4.08,0.00047868
6/19/2023 11:30,3.755,0.00044055
6/19/2023 11:45,3.64,0.000427058
6/19/2023 12:00,3.37,0.000395381
6/19/2023 12:15,3.405,0.000399487
6/19/2023 12:30,3.315,0.000388928
6/19/2023 12:45,3.365,0.000394794
6/19/2023 13:00,3.36,0.000394207
6/19/2023 13:15,3.275,0.000384235
6/19/2023 13:30,3.28,0.000384821
6/19/2023 13:45,3.175,0.000372502
6/19/2023 14:00,3.065,0.000359597
6/19/2023 14:15,2.905,0.000340825
6/19/2023 14:30,2.9,0.000340238
6/19/2023 14:45,2.945,0.000345518
6/19/2023 15:00,5.52,0.000647626
6/19/2023 15:15,2.815,0.000330266
6/19/2023 15:30,2.75,0.00032264
6/19/2023 15:45,2.72,0.00031912
6/19/2023 16:00,2.8,0.000328506
6/19/2023 16:15,2.835,0.000332612
6/19/2023 16:30,2.6,0.000305041
6/19/2023 16:45,2.72,0.00031912
6/19/2023 17:00,2.685,0.000315014
6/19/2023 17:15,2.655,0.000311494
6/19/2023 17:30,2.605,0.000305628
6/19/2023 17:45,2.655,0.000311494
6/19/2023 18:00,2.63,0.000308561
6/19/2023 18:15,2.725,0.000319707
6/19/2023 18:30,2.64,0.000309734
6/19/2023 18:45,2.955,0.000346691
6/19/2023 19:00,2.69,0.0003156
6/19/2023 19:15,2.765,0.0003244
6/19/2023 19:30,2.8,0.000328506
6/19/2023 19:45,2.995,0.000351384
6/19/2023 20:00,3.31,0.000388341
6/19/2023 20:15,3.31,0.000388341
6/19/2023 20:30,3.225,0.000378369
6/19/2023 20:45,3.06,0.00035901
6/19/2023 21:00,3.295,0.000386581
6/19/2023 21:15,3.42,0.000401247
6/19/2023 21:30,3.41,0.000400073
6/19/2023 21:45,3.195,0.000374849
6/19/2023 22:00,3.265,0.000383062
6/19/2023 22:15,3.275,0.000384235
6/19/2023 22:30,3.42,0.000401247
6/19/2023 22:45,3.21,0.000376609
6/19/2023 23:00,3.49,0.000409459
6/19/2023 23:15,3.81,0.000447003
6/19/2023 23:30,3.38,0.000396554
6/19/2023 23:45,3.85,0.000451696
6/20/2023 0:00,3.79,0.000444656
6/20/2023 0:15,3.74,0.00043879
6/20/2023 0:30,3.945,0.000462842
6/20/2023 0:45,4.205,0.000493346
6/20/2023 1:00,3.96,0.000464601
6/20/2023 1:15,3.96,0.000464601
6/20/2023 1:30,4.085,0.000479267
6/20/2023 1:45,3.695,0.000433511
6/20/2023 2:00,4.18,0.000490413
6/20/2023 2:15,4.38,0.000513877
6/20/2023 2:30,4.24,0.000497452
6/20/2023 2:45,4.145,0.000486306
6/20/2023 3:00,3.95,0.000463428
6/20/2023 3:15,3.77,0.00044231
6/20/2023 3:30,3.825,0.000448763
6/20/2023 3:45,3.875,0.000454629
6/20/2023 4:00,3.84,0.000450523
6/20/2023 4:15,4.01,0.000470468
6/20/2023 4:30,4.165,0.000488653
6/20/2023 4:45,4.315,0.000506251
6/20/2023 5:00,4.15,0.000486893
6/20/2023 5:15,3.98,0.000466948
6/20/2023 5:30,4.065,0.00047692
6/20/2023 5:45,4.18,0.000490413
6/20/2023 6:00,5.515,0.00064704
6/20/2023 6:15,4.275,0.000501558
6/20/2023 6:30,4.405,0.00051681
6/20/2023 6:45,4.4,0.000516224
6/20/2023 7:00,4.495,0.00052737
6/20/2023 7:15,4.39,0.000515051
6/20/2023 7:30,4.24,0.000497452
6/20/2023 7:45,4.06,0.000476334
6/20/2023 8:00,4.04,0.000473987
6/20/2023 8:15,5.055,0.000593071
6/20/2023 8:30,4.09,0.000479853
6/20/2023 8:45,4.105,0.000481613
6/20/2023 9:00,4.17,0.000489239
6/20/2023 9:15,3.9,0.000457562
6/20/2023 9:30,3.85,0.000451696
6/20/2023 9:45,3.86,0.000452869
6/20/2023 10:00,3.94,0.000462255
6/20/2023 10:15,3.72,0.000436444
6/20/2023 10:30,3.675,0.000431164
6/20/2023 10:45,3.555,0.000417085
6/20/2023 11:00,3.435,0.000403007
6/20/2023 11:15,3.265,0.000383062
6/20/2023 11:30,3.12,0.00036605
6/20/2023 11:45,3.205,0.000376022
6/20/2023 12:00,3.19,0.000374262
6/20/2023 12:15,3.06,0.00035901
6/20/2023 12:30,3.195,0.000374849
6/20/2023 12:45,3.205,0.000376022
6/20/2023 13:00,3.19,0.000374262
6/20/2023 13:15,3.31,0.000388341
6/20/2023 13:30,3.505,0.000411219
6/20/2023 13:45,3.405,0.000399487
6/20/2023 14:00,3.19,0.000374262
6/20/2023 14:15,3.145,0.000368983
6/20/2023 14:30,3.255,0.000381888
6/20/2023 14:45,2.815,0.000330266
6/20/2023 15:00,2.77,0.000324986
6/20/2023 15:15,2.7,0.000316774
6/20/2023 15:30,2.56,0.000300348
6/20/2023 15:45,2.495,0.000292722
6/20/2023 16:00,2.455,0.000288029
6/20/2023 16:15,2.565,0.000300935
6/20/2023 16:30,2.43,0.000285096
6/20/2023 16:45,2.43,0.000285096
6/20/2023 17:00,2.35,0.00027571
6/20/2023 17:15,2.37,0.000278057
6/20/2023 17:30,2.84,0.000333199
6/20/2023 17:45,2.335,0.000273951
6/20/2023 18:00,2.345,0.000275124
6/20/2023 18:15,2.965,0.000347864
6/20/2023 18:30,2.46,0.000288616
6/20/2023 18:45,2.425,0.00028451
6/20/2023 19:00,4.875,0.000571953
6/20/2023 19:15,2.42,0.000283923
6/20/2023 19:30,3.59,0.000421192
6/20/2023 19:45,2.875,0.000337305
6/20/2023 20:00,3.505,0.000411219
6/20/2023 20:15,2.66,0.000312081
6/20/2023 20:30,4.695,0.000550834
6/20/2023 20:45,3.47,0.000407113
6/20/2023 21:00,3.02,0.000354317
6/20/2023 21:15,4.285,0.000502732
6/20/2023 21:30,2.72,0.00031912
6/20/2023 21:45,3.62,0.000424711
6/20/2023 22:00,2.76,0.000323813
6/20/2023 22:15,2.595,0.000304455
6/20/2023 22:30,3.46,0.00040594
6/20/2023 22:45,3.31,0.000388341
6/20/2023 23:00,2.995,0.000351384
6/20/2023 23:15,2.865,0.000336132
6/20/2023 23:30,3.01,0.000353144
6/20/2023 23:45,4.38,0.000513877
6/21/2023 0:00,3.73,0.000437617
6/21/2023 0:15,3.19,0.000374262
6/21/2023 0:30,3.27,0.000383648
6/21/2023 0:45,9.39,0.001101669
6/21/2023 1:00,3.545,0.000415912
6/21/2023 1:15,5.3,0.000621815
6/21/2023 1:30,3.61,0.000423538
6/21/2023 1:45,10.345,0.001213713
6/21/2023 2:00,3.65,0.000428231
6/21/2023 2:15,3.61,0.000423538
6/21/2023 2:30,3.69,0.000432924
6/21/2023 2:45,4.06,0.000476334
6/21/2023 3:00,3.695,0.000433511
6/21/2023 3:15,3.8,0.00044583
6/21/2023 3:30,3.76,0.000441137
6/21/2023 3:45,3.825,0.000448763
6/21/2023 4:00,3.955,0.000464015
6/21/2023 4:15,3.765,0.000441723
6/21/2023 4:30,3.735,0.000438204
6/21/2023 4:45,3.735,0.000438204
6/21/2023 5:00,3.63,0.000425885
6/21/2023 5:15,3.74,0.00043879
6/21/2023 5:30,3.68,0.000431751
6/21/2023 5:45,3.7,0.000434097
6/21/2023 6:00,3.73,0.000437617
6/21/2023 6:15,3.86,0.000452869
6/21/2023 6:30,3.71,0.000435271
6/21/2023 6:45,3.57,0.000418845
6/21/2023 7:00,3.425,0.000401833
6/21/2023 7:15,3.41,0.000400073
6/21/2023 7:30,3.605,0.000422952
6/21/2023 7:45,3.655,0.000428818
6/21/2023 8:00,3.81,0.000447003
6/21/2023 8:15,8.075,0.000947388
6/21/2023 8:30,3.79,0.000444656
6/21/2023 8:45,3.58,0.000420018
6/21/2023 9:00,3.8,0.00044583
6/21/2023 9:15,7.365,0.000864088
6/21/2023 9:30,3.74,0.00043879
6/21/2023 9:45,3.485,0.000408873
6/21/2023 10:00,3.36,0.000394207
6/21/2023 10:15,3.505,0.000411219
6/21/2023 10:30,4.08,0.00047868
6/21/2023 10:45,5.42,0.000635894
6/21/2023 11:00,4.505,0.000528543
6/21/2023 11:15,4.675,0.000548488
6/21/2023 11:30,3.505,0.000411219
6/21/2023 11:45,3.24,0.000380128
6/21/2023 12:00,2.92,0.000342585
6/21/2023 12:15,3.13,0.000367223
6/21/2023 12:30,3.185,0.000373676
6/21/2023 12:45,2.9,0.000340238
6/21/2023 13:00,2.98,0.000349624
6/21/2023 13:15,9.37,0.001099322
6/21/2023 13:30,2.86,0.000335545
6/21/2023 13:45,2.865,0.000336132
6/21/2023 14:00,3.48,0.000408286
6/21/2023 14:15,11.54,0.001353914
6/21/2023 14:30,2.47,0.000289789
6/21/2023 14:45,2.625,0.000307974
6/21/2023 15:00,2.83,0.000332026
6/21/2023 15:15,5.21,0.000611256
6/21/2023 15:30,3.885,0.000455802
6/21/2023 15:45,6.56,0.000769643
6/21/2023 16:00,10.655,0.001250083
6/21/2023 16:15,13.35,0.00156627
6/21/2023 16:30,87.29,0.010241176
6/21/2023 16:45,6.225,0.000730339
6/21/2023 17:00,4.435,0.00052033
6/21/2023 17:15,3.325,0.000390101
6/21/2023 17:30,3.74,0.00043879
6/21/2023 17:45,2.945,0.000345518
6/21/2023 18:00,2.725,0.000319707
6/21/2023 18:15,2.595,0.000304455
6/21/2023 18:30,2.675,0.000313841
6/21/2023 18:45,2.54,0.000298002
6/21/2023 19:00,3.535,0.000414739
6/21/2023 19:15,2.535,0.000297415
6/21/2023 19:30,2.39,0.000280403
6/21/2023 19:45,2.315,0.000271604
6/21/2023 20:00,2.265,0.000265738
6/21/2023 20:15,2.405,0.000282163
6/21/2023 20:30,2.41,0.00028275
6/21/2023 20:45,2.645,0.000310321
6/21/2023 21:00,2.585,0.000303281
6/21/2023 21:15,2.595,0.000304455
6/21/2023 21:30,2.435,0.000285683
6/21/2023 21:45,2.395,0.00028099
6/21/2023 22:00,2.515,0.000295069
6/21/2023 22:15,2.535,0.000297415
6/21/2023 22:30,2.515,0.000295069
6/21/2023 22:45,2.635,0.000309148
6/21/2023 23:00,2.625,0.000307974
6/21/2023 23:15,2.77,0.000324986
6/21/2023 23:30,2.715,0.000318534
6/21/2023 23:45,2.945,0.000345518
6/22/2023 0:00,3.505,0.000411219
6/22/2023 0:15,3.44,0.000403593
6/22/2023 0:30,3.27,0.000383648
6/22/2023 0:45,2.715,0.000318534
6/22/2023 1:00,3.135,0.000367809
6/22/2023 1:15,3.15,0.000369569
6/22/2023 1:30,3.155,0.000370156
6/22/2023 1:45,3.195,0.000374849
6/22/2023 2:00,3.13,0.000367223
6/22/2023 2:15,3.235,0.000379542
6/22/2023 2:30,3.335,0.000391274
6/22/2023 2:45,3.295,0.000386581
6/22/2023 3:00,3.37,0.000395381
6/22/2023 3:15,3.34,0.000391861
6/22/2023 3:30,3.38,0.000396554
6/22/2023 3:45,3.41,0.000400073
6/22/2023 4:00,3.415,0.00040066
6/22/2023 4:15,3.425,0.000401833
6/22/2023 4:30,3.955,0.000464015
6/22/2023 4:45,3.6,0.000422365
6/22/2023 5:00,3.35,0.000393034
6/22/2023 5:15,3.56,0.000417672
6/22/2023 5:30,3.8,0.00044583
6/22/2023 5:45,3.61,0.000423538
6/22/2023 6:00,3.555,0.000417085
6/22/2023 6:15,3.52,0.000412979
6/22/2023 6:30,3.61,0.000423538
6/22/2023 6:45,3.67,0.000430578
6/22/2023 7:00,3.43,0.00040242
6/22/2023 7:15,3.36,0.000394207
6/22/2023 7:30,3.28,0.000384821
6/22/2023 7:45,3.745,0.000439377
6/22/2023 8:00,3.475,0.000407699
6/22/2023 8:15,3.16,0.000370743
6/22/2023 8:30,3.3,0.000387168
6/22/2023 8:45,3.12,0.00036605
6/22/2023 9:00,3.245,0.000380715
6/22/2023 9:15,3.34,0.000391861
6/22/2023 9:30,3.27,0.000383648
6/22/2023 9:45,3.245,0.000380715
6/22/2023 10:00,3.285,0.000385408
6/22/2023 10:15,3.075,0.00036077
6/22/2023 10:30,3.14,0.000368396
6/22/2023 10:45,2.88,0.000337892
6/22/2023 11:00,2.845,0.000333786
6/22/2023 11:15,2.695,0.000316187
6/22/2023 11:30,2.645,0.000310321
6/22/2023 11:45,2.57,0.000301522
6/22/2023 12:00,42.255,0.004957508
6/22/2023 12:15,9.41,0.001104015
6/22/2023 12:30,8.225,0.000964987
6/22/2023 12:45,3.82,0.000448176
6/22/2023 13:00,3.035,0.000356077
6/22/2023 13:15,3,0.000351971
6/22/2023 13:30,3.03,0.00035549
6/22/2023 13:45,2.9,0.000340238
6/22/2023 14:00,2.56,0.000300348
6/22/2023 14:15,2.84,0.000333199
6/22/2023 14:30,2.4,0.000281577
6/22/2023 14:45,2.355,0.000276297
6/22/2023 15:00,2.82,0.000330853
6/22/2023 15:15,2.305,0.000270431
6/22/2023 15:30,2.145,0.000251659
6/22/2023 15:45,2.06,0.000241687
6/22/2023 16:00,2.055,0.0002411
6/22/2023 16:15,2.095,0.000245793
6/22/2023 16:30,2.045,0.000239927
6/22/2023 16:45,2.015,0.000236407
6/22/2023 17:00,1.93,0.000226435
6/22/2023 17:15,1.975,0.000231714
6/22/2023 17:30,1.875,0.000219982
6/22/2023 17:45,2.055,0.0002411
6/22/2023 18:00,1.905,0.000223501
6/22/2023 18:15,2.67,0.000313254
6/22/2023 18:30,1.855,0.000217635
6/22/2023 18:45,1.855,0.000217635
6/22/2023 19:00,1.895,0.000222328
6/22/2023 19:15,1.9,0.000222915
6/22/2023 19:30,1.835,0.000215289
6/22/2023 19:45,1.865,0.000218808
6/22/2023 20:00,1.86,0.000218222
6/22/2023 20:15,1.895,0.000222328
6/22/2023 20:30,1.96,0.000229954
6/22/2023 20:45,1.965,0.000230541
6/22/2023 21:00,2.045,0.000239927
6/22/2023 21:15,2.18,0.000255765
6/22/2023 21:30,2.195,0.000257525
6/22/2023 21:45,2.24,0.000262805
6/22/2023 22:00,2.165,0.000254006
6/22/2023 22:15,2.385,0.000279817
6/22/2023 22:30,2.25,0.000263978
6/22/2023 22:45,2.245,0.000263391
6/22/2023 23:00,2.22,0.000260458
6/22/2023 23:15,2.33,0.000273364
6/22/2023 23:30,2.34,0.000274537
6/22/2023 23:45,2.495,0.000292722
6/23/2023 0:00,2.59,0.000303868
6/23/2023 0:15,2.755,0.000323226
6/23/2023 0:30,3.07,0.000360183
6/23/2023 0:45,6.76,0.000793107
6/23/2023 1:00,3.245,0.000380715
6/23/2023 1:15,3.295,0.000386581
6/23/2023 1:30,3.425,0.000401833
6/23/2023 1:45,3.305,0.000387754
6/23/2023 2:00,3.235,0.000379542
6/23/2023 2:15,3.23,0.000378955
6/23/2023 2:30,3.4,0.0003989
6/23/2023 2:45,3.24,0.000380128
6/23/2023 3:00,3.55,0.000416499
6/23/2023 3:15,3.235,0.000379542
6/23/2023 3:30,3.525,0.000413566
6/23/2023 3:45,3.54,0.000415326
6/23/2023 4:00,8.805,0.001033034
6/23/2023 4:15,3.24,0.000380128
6/23/2023 4:30,3.21,0.000376609
6/23/2023 4:45,3.02,0.000354317
6/23/2023 5:00,3.18,0.000373089
6/23/2023 5:15,3.75,0.000439963
6/23/2023 5:30,3.59,0.000421192
6/23/2023 5:45,3.5,0.000410633
6/23/2023 6:00,3.46,0.00040594
6/23/2023 6:15,3.755,0.00044055
6/23/2023 6:30,5.915,0.000693969
6/23/2023 6:45,3.125,0.000366636
6/23/2023 7:00,3.365,0.000394794
6/23/2023 7:15,3.135,0.000367809
6/23/2023 7:30,3.085,0.000361943
6/23/2023 7:45,3.005,0.000352557
6/23/2023 8:00,3.11,0.000364876
6/23/2023 8:15,5.76,0.000675784
6/23/2023 8:30,2.935,0.000344345
6/23/2023 8:45,2.87,0.000336719
6/23/2023 9:00,2.85,0.000334372
6/23/2023 9:15,2.75,0.00032264
6/23/2023 9:30,3.055,0.000358424
6/23/2023 9:45,2.805,0.000329093
6/23/2023 10:00,2.78,0.00032616
6/23/2023 10:15,2.84,0.000333199
6/23/2023 10:30,8.885,0.00104242
6/23/2023 10:45,3.28,0.000384821
6/23/2023 11:00,2.915,0.000341998
6/23/2023 11:15,3.02,0.000354317
6/23/2023 11:30,2.94,0.000344931
6/23/2023 11:45,2.72,0.00031912
6/23/2023 12:00,2.685,0.000315014
6/23/2023 12:15,2.675,0.000313841
6/23/2023 12:30,2.64,0.000309734
6/23/2023 12:45,2.7,0.000316774
6/23/2023 13:00,2.685,0.000315014
6/23/2023 13:15,2.55,0.000299175
6/23/2023 13:30,2.645,0.000310321
6/23/2023 13:45,2.43,0.000285096
6/23/2023 14:00,2.485,0.000291549
6/23/2023 14:15,2.435,0.000285683
6/23/2023 14:30,2.335,0.000273951
6/23/2023 14:45,2.2,0.000258112
6/23/2023 15:00,2.715,0.000318534
6/23/2023 15:15,3.195,0.000374849
6/23/2023 15:30,1.955,0.000229368
6/23/2023 15:45,2.935,0.000344345
6/23/2023 16:00,11.01,0.001291733
6/23/2023 16:15,2.42,0.000283923
6/23/2023 16:30,3.725,0.00043703
6/23/2023 16:45,2.02,0.000236994
6/23/2023 17:00,5.9,0.000692209
6/23/2023 17:15,2.1,0.00024638
6/23/2023 17:30,11.475,0.001346288
6/23/2023 17:45,4.925,0.000577819
6/23/2023 18:00,2.63,0.000308561
6/23/2023 18:15,2.78,0.00032616
6/23/2023 18:30,2.16,0.000253419
6/23/2023 18:45,2,0.000234647
6/23/2023 19:00,2.535,0.000297415
6/23/2023 19:15,3.63,0.000425885
6/23/2023 19:30,1.92,0.000225261
6/23/2023 19:45,1.985,0.000232887
6/23/2023 20:00,2.25,0.000263978
6/23/2023 20:15,2.25,0.000263978
6/23/2023 20:30,1.955,0.000229368
6/23/2023 20:45,2.37,0.000278057
6/23/2023 21:00,2.815,0.000330266
6/23/2023 21:15,2.475,0.000290376
6/23/2023 21:30,2.465,0.000289203
6/23/2023 21:45,2.74,0.000321467
6/23/2023 22:00,2.15,0.000252246
6/23/2023 22:15,2.235,0.000262218
6/23/2023 22:30,2.2,0.000258112
6/23/2023 22:45,2.44,0.00028627
6/23/2023 23:00,3.125,0.000366636
6/23/2023 23:15,2.4,0.000281577
6/23/2023 23:30,2.695,0.000316187
6/23/2023 23:45,2.45,0.000287443
6/24/2023 0:00,3.465,0.000406526
6/24/2023 0:15,2.51,0.000294482
6/24/2023 0:30,2.485,0.000291549
6/24/2023 0:45,2.47,0.000289789
6/24/2023 1:00,2.475,0.000290376
6/24/2023 1:15,2.52,0.000295655
6/24/2023 1:30,2.735,0.00032088
6/24/2023 1:45,2.845,0.000333786
6/24/2023 2:00,2.635,0.000309148
6/24/2023 2:15,2.755,0.000323226
6/24/2023 2:30,2.685,0.000315014
6/24/2023 2:45,2.5,0.000293309
6/24/2023 3:00,2.56,0.000300348
6/24/2023 3:15,2.615,0.000306801
6/24/2023 3:30,2.7,0.000316774
6/24/2023 3:45,2.775,0.000325573
6/24/2023 4:00,2.755,0.000323226
6/24/2023 4:15,2.84,0.000333199
6/24/2023 4:30,2.935,0.000344345
6/24/2023 4:45,2.805,0.000329093
6/24/2023 5:00,2.885,0.000338479
6/24/2023 5:15,2.755,0.000323226
6/24/2023 5:30,3.02,0.000354317
6/24/2023 5:45,2.83,0.000332026
6/24/2023 6:00,2.76,0.000323813
6/24/2023 6:15,2.73,0.000320293
6/24/2023 6:30,2.92,0.000342585
6/24/2023 6:45,2.955,0.000346691
6/24/2023 7:00,3.025,0.000354904
6/24/2023 7:15,3.215,0.000377195
6/24/2023 7:30,3.345,0.000392447
6/24/2023 7:45,3.145,0.000368983
6/24/2023 8:00,2.95,0.000346105
6/24/2023 8:15,2.915,0.000341998
6/24/2023 8:30,2.96,0.000347278
6/24/2023 8:45,3,0.000351971
6/24/2023 9:00,3.14,0.000368396
6/24/2023 9:15,2.905,0.000340825
6/24/2023 9:30,2.91,0.000341412
6/24/2023 9:45,2.86,0.000335545
6/24/2023 10:00,3.52,0.000412979
6/24/2023 10:15,2.915,0.000341998
6/24/2023 10:30,2.89,0.000339065
6/24/2023 10:45,2.74,0.000321467
6/24/2023 11:00,2.715,0.000318534
6/24/2023 11:15,2.575,0.000302108
6/24/2023 11:30,2.44,0.00028627
6/24/2023 11:45,2.3,0.000269844
6/24/2023 12:00,2.295,0.000269258
6/24/2023 12:15,2.285,0.000268084
6/24/2023 12:30,2.225,0.000261045
6/24/2023 12:45,2.285,0.000268084
6/24/2023 13:00,2.3,0.000269844
6/24/2023 13:15,2.26,0.000265151
6/24/2023 13:30,2.36,0.000276884
6/24/2023 13:45,2.08,0.000244033
6/24/2023 14:00,2.055,0.0002411
6/24/2023 14:15,2.01,0.00023582
6/24/2023 14:30,1.98,0.000232301
6/24/2023 14:45,1.93,0.000226435
6/24/2023 15:00,2.095,0.000245793
6/24/2023 15:15,1.985,0.000232887
6/24/2023 15:30,1.875,0.000219982
6/24/2023 15:45,1.83,0.000214702
6/24/2023 16:00,1.91,0.000224088
6/24/2023 16:15,9.18,0.001077031
6/24/2023 16:30,18.825,0.002208617
6/24/2023 16:45,1.915,0.000224675
6/24/2023 17:00,1.93,0.000226435
6/24/2023 17:15,1.52,0.000178332
6/24/2023 17:30,1.745,0.00020473
6/24/2023 17:45,1.615,0.000189478
6/24/2023 18:00,2.69,0.0003156
6/24/2023 18:15,1.615,0.000189478
6/24/2023 18:30,1.525,0.000178918
6/24/2023 18:45,1.63,0.000191237
6/24/2023 19:00,1.515,0.000177745
6/24/2023 19:15,1.655,0.000194171
6/24/2023 19:30,1.56,0.000183025
6/24/2023 19:45,1.855,0.000217635
6/24/2023 20:00,2.605,0.000305628
6/24/2023 20:15,3.425,0.000401833
6/24/2023 20:30,1.685,0.00019769
6/24/2023 20:45,1.78,0.000208836
6/24/2023 21:00,1.7,0.00019945
6/24/2023 21:15,3.4,0.0003989
6/24/2023 21:30,1.705,0.000200037
6/24/2023 21:45,1.75,0.000205316
6/24/2023 22:00,1.77,0.000207663
6/24/2023 22:15,1.91,0.000224088
6/24/2023 22:30,1.79,0.000210009
6/24/2023 22:45,1.74,0.000204143
6/24/2023 23:00,1.815,0.000212942
6/24/2023 23:15,6.565,0.000770229
6/24/2023 23:30,2.165,0.000254006
6/24/2023 23:45,4.555,0.000534409
6/25/2023 0:00,2.77,0.000324986
6/25/2023 0:15,3.44,0.000403593
6/25/2023 0:30,3.13,0.000367223
6/25/2023 0:45,2.965,0.000347864
6/25/2023 1:00,4.67,0.000547901
6/25/2023 1:15,4.925,0.000577819
6/25/2023 1:30,4.315,0.000506251
6/25/2023 1:45,4.42,0.00051857
6/25/2023 2:00,3.16,0.000370743
6/25/2023 2:15,3.775,0.000442897
6/25/2023 2:30,2.96,0.000347278
6/25/2023 2:45,4.65,0.000545555
6/25/2023 3:00,3.155,0.000370156
6/25/2023 3:15,3.675,0.000431164
6/25/2023 3:30,3.06,0.00035901
6/25/2023 3:45,2.69,0.0003156
6/25/2023 4:00,2.735,0.00032088
6/25/2023 4:15,2.67,0.000313254
6/25/2023 4:30,2.725,0.000319707
6/25/2023 4:45,3.435,0.000403007
6/25/2023 5:00,3.45,0.000404766
6/25/2023 5:15,2.695,0.000316187
6/25/2023 5:30,2.67,0.000313254
6/25/2023 5:45,2.69,0.0003156
6/25/2023 6:00,2.62,0.000307388
6/25/2023 6:15,13.305,0.00156099
6/25/2023 6:30,2.59,0.000303868
6/25/2023 6:45,2.655,0.000311494
6/25/2023 7:00,2.56,0.000300348
6/25/2023 7:15,2.905,0.000340825
6/25/2023 7:30,2.965,0.000347864
6/25/2023 7:45,8.145,0.000955601
6/25/2023 8:00,2.85,0.000334372
6/25/2023 8:15,2.88,0.000337892
6/25/2023 8:30,2.93,0.000343758
6/25/2023 8:45,3.075,0.00036077
6/25/2023 9:00,3.59,0.000421192
6/25/2023 9:15,3.11,0.000364876
6/25/2023 9:30,3.09,0.00036253
6/25/2023 9:45,2.91,0.000341412
6/25/2023 10:00,2.79,0.000327333
6/25/2023 10:15,2.885,0.000338479
6/25/2023 10:30,2.87,0.000336719
6/25/2023 10:45,3.125,0.000366636
6/25/2023 11:00,2.85,0.000334372
6/25/2023 11:15,2.775,0.000325573
6/25/2023 11:30,11.745,0.001377966
6/25/2023 11:45,2.64,0.000309734
6/25/2023 12:00,2.68,0.000314427
6/25/2023 12:15,2.49,0.000292136
6/25/2023 12:30,3.045,0.00035725
6/25/2023 12:45,2.56,0.000300348
6/25/2023 13:00,2.37,0.000278057
6/25/2023 13:15,2.325,0.000272777
6/25/2023 13:30,2.115,0.000248139
6/25/2023 13:45,2.255,0.000264565
6/25/2023 14:00,1.96,0.000229954
6/25/2023 14:15,1.875,0.000219982
6/25/2023 14:30,1.965,0.000230541
6/25/2023 14:45,1.99,0.000233474
6/25/2023 15:00,1.76,0.00020649
6/25/2023 15:15,1.81,0.000212356
6/25/2023 15:30,1.695,0.000198863
6/25/2023 15:45,1.64,0.000192411
6/25/2023 16:00,1.69,0.000198277
6/25/2023 16:15,3.045,0.00035725
6/25/2023 16:30,8.125,0.000953254
6/25/2023 16:45,5.125,0.000601283
6/25/2023 17:00,2.47,0.000289789
6/25/2023 17:15,2.615,0.000306801
6/25/2023 17:30,3.4,0.0003989
6/25/2023 17:45,3.83,0.000449349
6/25/2023 18:00,7.72,0.000905738
6/25/2023 18:15,11.18,0.001311678
6/25/2023 18:30,11.065,0.001298186
6/25/2023 18:45,8.885,0.00104242
6/25/2023 19:00,6.32,0.000741485
6/25/2023 19:15,4.7,0.000551421
6/25/2023 19:30,3.72,0.000436444
6/25/2023 19:45,3.155,0.000370156
6/25/2023 20:00,2.82,0.000330853
6/25/2023 20:15,2.72,0.00031912
6/25/2023 20:30,2.62,0.000307388
6/25/2023 20:45,2.66,0.000312081
6/25/2023 21:00,2.72,0.00031912
6/25/2023 21:15,2.385,0.000279817
6/25/2023 21:30,2.49,0.000292136
6/25/2023 21:45,2.315,0.000271604
6/25/2023 22:00,2.34,0.000274537
6/25/2023 22:15,2.725,0.000319707
6/25/2023 22:30,3.21,0.000376609
6/25/2023 22:45,2.825,0.000331439
6/25/2023 23:00,3.33,0.000390688
6/25/2023 23:15,2.685,0.000315014
6/25/2023 23:30,2.52,0.000295655
6/25/2023 23:45,2.335,0.000273951
6/26/2023 0:00,2.39,0.000280403
6/26/2023 0:15,2.415,0.000283336
6/26/2023 0:30,2.225,0.000261045
6/26/2023 0:45,2.47,0.000289789
6/26/2023 1:00,2.41,0.00028275
6/26/2023 1:15,2.31,0.000271017
6/26/2023 1:30,2.425,0.00028451
6/26/2023 1:45,2.495,0.000292722
6/26/2023 2:00,2.595,0.000304455
6/26/2023 2:15,2.75,0.00032264
6/26/2023 2:30,2.72,0.00031912
6/26/2023 2:45,2.59,0.000303868
6/26/2023 3:00,2.72,0.00031912
6/26/2023 3:15,2.78,0.00032616
6/26/2023 3:30,2.89,0.000339065
6/26/2023 3:45,3.075,0.00036077
6/26/2023 4:00,2.815,0.000330266
6/26/2023 4:15,2.93,0.000343758
6/26/2023 4:30,2.815,0.000330266
6/26/2023 4:45,3.005,0.000352557
6/26/2023 5:00,2.97,0.000348451
6/26/2023 5:15,2.84,0.000333199
6/26/2023 5:30,2.835,0.000332612
6/26/2023 5:45,2.76,0.000323813
6/26/2023 6:00,2.75,0.00032264
6/26/2023 6:15,2.99,0.000350798
6/26/2023 6:30,3,0.000351971
6/26/2023 6:45,2.71,0.000317947
6/26/2023 7:00,2.81,0.000329679
6/26/2023 7:15,2.775,0.000325573
6/26/2023 7:30,2.885,0.000338479
6/26/2023 7:45,2.845,0.000333786
6/26/2023 8:00,2.98,0.000349624
6/26/2023 8:15,2.74,0.000321467
6/26/2023 8:30,3.12,0.00036605
6/26/2023 8:45,3.525,0.000413566
6/26/2023 9:00,2.805,0.000329093
6/26/2023 9:15,2.91,0.000341412
6/26/2023 9:30,2.75,0.00032264
6/26/2023 9:45,3.295,0.000386581
6/26/2023 10:00,3.625,0.000425298
6/26/2023 10:15,3.935,0.000461668
6/26/2023 10:30,2.98,0.000349624
6/26/2023 10:45,3.03,0.00035549
6/26/2023 11:00,3.05,0.000357837
6/26/2023 11:15,2.81,0.000329679
6/26/2023 11:30,3.225,0.000378369
6/26/2023 11:45,3.61,0.000423538
6/26/2023 12:00,2.425,0.00028451
6/26/2023 12:15,2.45,0.000287443
6/26/2023 12:30,2.56,0.000300348
6/26/2023 12:45,3.705,0.000434684
6/26/2023 13:00,3.215,0.000377195
6/26/2023 13:15,2.38,0.00027923
6/26/2023 13:30,4.145,0.000486306
6/26/2023 13:45,3.02,0.000354317
6/26/2023 14:00,2.675,0.000313841
6/26/2023 14:15,2.91,0.000341412
6/26/2023 14:30,2.885,0.000338479
6/26/2023 14:45,2.125,0.000249313
6/26/2023 15:00,3.12,0.00036605
6/26/2023 15:15,3.09,0.00036253
6/26/2023 15:30,2.475,0.000290376
6/26/2023 15:45,1.635,0.000191824
6/26/2023 16:00,2.24,0.000262805
6/26/2023 16:15,1.485,0.000174226
6/26/2023 16:30,5.225,0.000613016
6/26/2023 16:45,7.09,0.000831824
6/26/2023 17:00,12.64,0.00148297
6/26/2023 17:15,6.625,0.000777269
6/26/2023 17:30,5.67,0.000665225
6/26/2023 17:45,11.1,0.001302292
6/26/2023 18:00,4.97,0.000583098
6/26/2023 18:15,6.095,0.000715087
6/26/2023 18:30,9.63,0.001129826
6/26/2023 18:45,5.355,0.000628268
6/26/2023 19:00,1.395,0.000163666
6/26/2023 19:15,1.645,0.000192997
6/26/2023 19:30,1.5,0.000175985
6/26/2023 19:45,1.655,0.000194171
6/26/2023 20:00,1.61,0.000188891
6/26/2023 20:15,1.69,0.000198277
6/26/2023 20:30,1.69,0.000198277
6/26/2023 20:45,1.805,0.000211769
6/26/2023 21:00,1.52,0.000178332
6/26/2023 21:15,1.67,0.00019593
6/26/2023 21:30,1.73,0.00020297
6/26/2023 21:45,1.445,0.000169533
6/26/2023 22:00,1.52,0.000178332
6/26/2023 22:15,1.54,0.000180678
6/26/2023 22:30,1.53,0.000179505
6/26/2023 22:45,1.63,0.000191237
6/26/2023 23:00,1.61,0.000188891
6/26/2023 23:15,1.955,0.000229368
6/26/2023 23:30,1.515,0.000177745
6/26/2023 23:45,1.625,0.000190651
6/27/2023 0:00,1.6,0.000187718
6/27/2023 0:15,1.755,0.000205903
6/27/2023 0:30,1.835,0.000215289
6/27/2023 0:45,1.755,0.000205903
6/27/2023 1:00,2.025,0.00023758
6/27/2023 1:15,2.05,0.000240513
6/27/2023 1:30,2.005,0.000235234
6/27/2023 1:45,2.215,0.000259872
6/27/2023 2:00,2.32,0.000272191
6/27/2023 2:15,2.385,0.000279817
6/27/2023 2:30,2.435,0.000285683
6/27/2023 2:45,2.38,0.00027923
6/27/2023 3:00,2.365,0.00027747
6/27/2023 3:15,2.475,0.000290376
6/27/2023 3:30,2.3,0.000269844
6/27/2023 3:45,2.425,0.00028451
6/27/2023 4:00,2.24,0.000262805
6/27/2023 4:15,2.39,0.000280403
6/27/2023 4:30,2.55,0.000299175
6/27/2023 4:45,2.5,0.000293309
6/27/2023 5:00,3.38,0.000396554
6/27/2023 5:15,2.26,0.000265151
6/27/2023 5:30,2.325,0.000272777
6/27/2023 5:45,2.275,0.000266911
6/27/2023 6:00,2.575,0.000302108
6/27/2023 6:15,2.27,0.000266325
6/27/2023 6:30,2.56,0.000300348
6/27/2023 6:45,2.365,0.00027747
6/27/2023 7:00,2.1,0.00024638
6/27/2023 7:15,2.465,0.000289203
6/27/2023 7:30,2.76,0.000323813
6/27/2023 7:45,2.305,0.000270431
6/27/2023 8:00,2.205,0.000258699
6/27/2023 8:15,2.27,0.000266325
6/27/2023 8:30,2.075,0.000243446
6/27/2023 8:45,2.3,0.000269844
6/27/2023 9:00,2.3,0.000269844
6/27/2023 9:15,2.02,0.000236994
6/27/2023 9:30,2.31,0.000271017
6/27/2023 9:45,2.195,0.000257525
6/27/2023 10:00,2.12,0.000248726
6/27/2023 10:15,2.585,0.000303281
6/27/2023 10:30,2.115,0.000248139
6/27/2023 10:45,2.605,0.000305628
6/27/2023 11:00,2.325,0.000272777
6/27/2023 11:15,1.925,0.000225848
6/27/2023 11:30,2.07,0.00024286
6/27/2023 11:45,1.97,0.000231127
6/27/2023 12:00,1.825,0.000214116
6/27/2023 12:15,1.775,0.000208249
6/27/2023 12:30,2.015,0.000236407
6/27/2023 12:45,1.915,0.000224675
6/27/2023 13:00,1.76,0.00020649
6/27/2023 13:15,1.72,0.000201797
6/27/2023 13:30,1.92,0.000225261
6/27/2023 13:45,2.08,0.000244033
6/27/2023 14:00,1.98,0.000232301
6/27/2023 14:15,2.02,0.000236994
6/27/2023 14:30,1.705,0.000200037
6/27/2023 14:45,2.345,0.000275124
6/27/2023 15:00,2.085,0.00024462
6/27/2023 15:15,1.64,0.000192411
6/27/2023 15:30,1.875,0.000219982
6/27/2023 15:45,1.83,0.000214702
6/27/2023 16:00,2.37,0.000278057
6/27/2023 16:15,1.76,0.00020649
6/27/2023 16:30,1.535,0.000180092
6/27/2023 16:45,2.26,0.000265151
6/27/2023 17:00,1.795,0.000210596
6/27/2023 17:15,1.505,0.000176572
6/27/2023 17:30,2.28,0.000267498
6/27/2023 17:45,1.9,0.000222915
6/27/2023 18:00,1.955,0.000229368
6/27/2023 18:15,2.37,0.000278057
6/27/2023 18:30,1.575,0.000184785
6/27/2023 18:45,1.525,0.000178918
6/27/2023 19:00,1.89,0.000221742
6/27/2023 19:15,2.52,0.000295655
6/27/2023 19:30,1.72,0.000201797
6/27/2023 19:45,1.705,0.000200037
6/27/2023 20:00,1.92,0.000225261
6/27/2023 20:15,1.7,0.00019945
6/27/2023 20:30,1.845,0.000216462
6/27/2023 20:45,1.835,0.000215289
6/27/2023 21:00,1.975,0.000231714
6/27/2023 21:15,1.705,0.000200037
6/27/2023 21:30,1.685,0.00019769
6/27/2023 21:45,2.065,0.000242273
6/27/2023 22:00,1.61,0.000188891
6/27/2023 22:15,1.81,0.000212356
6/27/2023 22:30,1.755,0.000205903
6/27/2023 22:45,1.58,0.000185371
6/27/2023 23:00,2.065,0.000242273
6/27/2023 23:15,1.72,0.000201797
6/27/2023 23:30,2.105,0.000246966
6/27/2023 23:45,1.87,0.000219395
6/28/2023 0:00,3.715,0.000435857
6/28/2023 0:15,1.92,0.000225261
6/28/2023 0:30,2.245,0.000263391
6/28/2023 0:45,2.225,0.000261045
6/28/2023 1:00,2.015,0.000236407
6/28/2023 1:15,2.895,0.000339652
6/28/2023 1:30,2.175,0.000255179
6/28/2023 1:45,2.36,0.000276884
6/28/2023 2:00,2.225,0.000261045
6/28/2023 2:15,2.625,0.000307974
6/28/2023 2:30,2.01,0.00023582
6/28/2023 2:45,2.14,0.000251072
6/28/2023 3:00,2.2,0.000258112
6/28/2023 3:15,2.045,0.000239927
6/28/2023 3:30,2.82,0.000330853
6/28/2023 3:45,2.555,0.000299762
6/28/2023 4:00,2.31,0.000271017
6/28/2023 4:15,2.44,0.00028627
6/28/2023 4:30,2.58,0.000302695
6/28/2023 4:45,2.93,0.000343758
6/28/2023 5:00,2.265,0.000265738
6/28/2023 5:15,2.41,0.00028275
6/28/2023 5:30,2.585,0.000303281
6/28/2023 5:45,2.54,0.000298002
6/28/2023 6:00,2.32,0.000272191
6/28/2023 6:15,2.52,0.000295655
6/28/2023 6:30,2.23,0.000261632
6/28/2023 6:45,2.355,0.000276297
6/28/2023 7:00,2.105,0.000246966
6/28/2023 7:15,2.45,0.000287443
6/28/2023 7:30,2.515,0.000295069
6/28/2023 7:45,2.62,0.000307388
6/28/2023 8:00,2.195,0.000257525
6/28/2023 8:15,2.195,0.000257525
6/28/2023 8:30,2.52,0.000295655
6/28/2023 8:45,3.045,0.00035725
6/28/2023 9:00,2.34,0.000274537
6/28/2023 9:15,2.175,0.000255179
6/28/2023 9:30,2.665,0.000312667
6/28/2023 9:45,3.88,0.000455216
6/28/2023 10:00,2.84,0.000333199
6/28/2023 10:15,2.435,0.000285683
6/28/2023 10:30,2.575,0.000302108
6/28/2023 10:45,2.44,0.00028627
6/28/2023 11:00,2.665,0.000312667
6/28/2023 11:15,2.565,0.000300935
6/28/2023 11:30,2.3,0.000269844
6/28/2023 11:45,1.86,0.000218222
6/28/2023 12:00,1.75,0.000205316
6/28/2023 12:15,1.925,0.000225848
6/28/2023 12:30,2.075,0.000243446
6/28/2023 12:45,1.505,0.000176572
6/28/2023 13:00,1.475,0.000173052
6/28/2023 13:15,1.675,0.000196517
6/28/2023 13:30,1.55,0.000181852
6/28/2023 13:45,1.4,0.000164253
6/28/2023 14:00,1.21,0.000141962
6/28/2023 14:45,1.23,0.000144308
6/28/2023 15:00,1.285,0.000150761
6/28/2023 15:15,1.275,0.000149588
6/28/2023 15:30,1.215,0.000142548
6/28/2023 15:45,1.235,0.000144895
6/28/2023 16:00,1.19,0.000139615
6/28/2023 16:15,1.09,0.000127883
6/28/2023 16:30,1.1,0.000129056
6/28/2023 16:45,1.07,0.000125536
6/28/2023 17:00,1.06,0.000124363
6/28/2023 17:15,1.115,0.000130816
6/28/2023 17:30,1.045,0.000122603
6/28/2023 17:45,1.065,0.00012495
6/28/2023 18:00,0.965,0.000113217
6/28/2023 18:15,1.05,0.00012319
6/28/2023 18:30,1.11,0.000130229
6/28/2023 18:45,1.145,0.000134336
6/28/2023 19:00,1.385,0.000162493
6/28/2023 19:15,1.27,0.000149001
6/28/2023 19:30,1.34,0.000157214
6/28/2023 19:45,1.345,0.0001578
6/28/2023 20:00,1.46,0.000171292
6/28/2023 20:15,1.54,0.000180678
6/28/2023 20:30,1.53,0.000179505
6/28/2023 20:45,1.48,0.000173639
6/28/2023 21:00,1.73,0.00020297
6/28/2023 21:15,1.645,0.000192997
6/28/2023 21:30,1.665,0.000195344
6/28/2023 21:45,1.65,0.000193584
6/28/2023 22:00,1.52,0.000178332
6/28/2023 22:15,1.51,0.000177159
6/28/2023 22:30,1.47,0.000172466
6/28/2023 22:45,1.545,0.000181265
6/28/2023 23:00,1.64,0.000192411
6/28/2023 23:15,1.585,0.000185958
6/28/2023 23:30,2.465,0.000289203
6/28/2023 23:45,1.665,0.000195344
6/29/2023 0:00,1.69,0.000198277
6/29/2023 0:15,1.825,0.000214116
6/29/2023 0:30,2.505,0.000293896
6/29/2023 0:45,2.53,0.000296829
6/29/2023 1:00,1.94,0.000227608
6/29/2023 1:15,1.865,0.000218808
6/29/2023 1:30,1.91,0.000224088
6/29/2023 1:45,1.86,0.000218222
6/29/2023 2:00,1.9,0.000222915
6/29/2023 2:15,2.045,0.000239927
6/29/2023 2:30,2.005,0.000235234
6/29/2023 2:45,2.06,0.000241687
6/29/2023 3:00,2.135,0.000250486
6/29/2023 3:15,2.1,0.00024638
6/29/2023 3:30,2.155,0.000252832
6/29/2023 3:45,2.04,0.00023934
6/29/2023 4:00,2,0.000234647
6/29/2023 4:15,2.055,0.0002411
6/29/2023 4:30,1.995,0.000234061
6/29/2023 4:45,2.05,0.000240513
6/29/2023 5:00,2,0.000234647
6/29/2023 5:15,1.94,0.000227608
6/29/2023 5:30,1.99,0.000233474
6/29/2023 5:45,2.135,0.000250486
6/29/2023 6:00,2.17,0.000254592
6/29/2023 6:15,2.24,0.000262805
6/29/2023 6:30,2.21,0.000259285
6/29/2023 6:45,2.185,0.000256352
6/29/2023 7:00,2.24,0.000262805
6/29/2023 7:15,2.275,0.000266911
6/29/2023 7:30,2.34,0.000274537
6/29/2023 7:45,2.14,0.000251072
6/29/2023 8:00,2.025,0.00023758
6/29/2023 8:15,2.01,0.00023582
6/29/2023 8:30,2.09,0.000245206
6/29/2023 8:45,2.24,0.000262805
6/29/2023 9:00,2.41,0.00028275
6/29/2023 9:15,2.46,0.000288616
6/29/2023 9:30,2.32,0.000272191
6/29/2023 9:45,2.355,0.000276297
6/29/2023 10:00,2.21,0.000259285
6/29/2023 10:15,2.185,0.000256352
6/29/2023 10:30,2.19,0.000256939
6/29/2023 10:45,2.14,0.000251072
6/29/2023 11:00,2.05,0.000240513
6/29/2023 11:15,1.95,0.000228781
6/29/2023 11:30,1.92,0.000225261
6/29/2023 11:45,8.87,0.00104066
6/29/2023 12:00,1.76,0.00020649
6/29/2023 12:15,1.795,0.000210596
6/29/2023 12:30,1.85,0.000217049
6/29/2023 12:45,1.845,0.000216462
6/29/2023 13:00,1.83,0.000214702
6/29/2023 13:15,1.72,0.000201797
6/29/2023 13:30,1.745,0.00020473
6/29/2023 13:45,1.64,0.000192411
6/29/2023 14:00,1.65,0.000193584
6/29/2023 14:15,1.6,0.000187718
6/29/2023 14:30,1.53,0.000179505
6/29/2023 14:45,1.475,0.000173052
6/29/2023 15:00,1.44,0.000168946
6/29/2023 15:15,1.475,0.000173052
6/29/2023 15:30,1.495,0.000175399
6/29/2023 15:45,1.515,0.000177745
6/29/2023 16:00,1.505,0.000176572
6/29/2023 16:15,1.47,0.000172466
6/29/2023 16:30,1.47,0.000172466
6/29/2023 16:45,1.415,0.000166013
6/29/2023 17:00,1.495,0.000175399
6/29/2023 17:15,1.42,0.000166599
6/29/2023 17:30,1.48,0.000173639
6/29/2023 17:45,1.545,0.000181265
6/29/2023 18:00,1.655,0.000194171
6/29/2023 18:15,1.38,0.000161907
6/29/2023 18:30,1.475,0.000173052
6/29/2023 18:45,1.62,0.000190064
6/29/2023 19:00,1.8,0.000211182
6/29/2023 19:15,1.89,0.000221742
6/29/2023 19:30,2.015,0.000236407
6/29/2023 19:45,2.235,0.000262218
6/29/2023 20:00,2.14,0.000251072
6/29/2023 20:15,1.945,0.000228194
6/29/2023 20:30,1.88,0.000220568
6/29/2023 20:45,2.02,0.000236994
6/29/2023 21:00,2.06,0.000241687
6/29/2023 21:15,2.075,0.000243446
6/29/2023 21:30,2.075,0.000243446
6/29/2023 21:45,2.025,0.00023758
6/29/2023 22:00,1.915,0.000224675
6/29/2023 22:15,2.08,0.000244033
6/29/2023 22:30,3.635,0.000426471
6/29/2023 22:45,3.545,0.000415912
6/29/2023 23:00,3.58,0.000420018
6/29/2023 23:15,3.09,0.00036253
6/29/2023 23:30,3.03,0.00035549
6/29/2023 23:45,2.77,0.000324986
6/30/2023 0:00,2.745,0.000322053
6/30/2023 0:15,2.655,0.000311494
6/30/2023 0:30,2.7,0.000316774
6/30/2023 0:45,2.81,0.000329679
6/30/2023 1:00,3,0.000351971
6/30/2023 1:15,3.205,0.000376022
6/30/2023 1:30,3.185,0.000373676
6/30/2023 1:45,3.14,0.000368396
6/30/2023 2:00,3.09,0.00036253
6/30/2023 2:15,3.09,0.00036253
6/30/2023 2:30,3.515,0.000412392
6/30/2023 2:45,4.34,0.000509184
6/30/2023 3:00,5.405,0.000634134
6/30/2023 3:15,6.91,0.000810706
6/30/2023 3:30,8.27,0.000970266
6/30/2023 3:45,8.38,0.000983172
6/30/2023 4:00,7.8,0.000915124
6/30/2023 4:15,7.055,0.000827718
6/30/2023 4:30,6.41,0.000752044
6/30/2023 4:45,6.035,0.000708048
6/30/2023 5:00,5.705,0.000669331
6/30/2023 5:15,5.375,0.000630614
6/30/2023 5:30,5.15,0.000604216
6/30/2023 5:45,5,0.000586618
6/30/2023 6:00,4.86,0.000570193
6/30/2023 6:15,4.615,0.000541448
6/30/2023 6:30,4.655,0.000546141
6/30/2023 6:45,4.685,0.000549661
6/30/2023 7:00,4.59,0.000538515
6/30/2023 7:15,5.81,0.00068165
6/30/2023 7:30,4.61,0.000540862
6/30/2023 7:45,4.5,0.000527956
6/30/2023 8:00,4.635,0.000543795
6/30/2023 8:15,4.98,0.000584271
6/30/2023 8:30,5.055,0.000593071
6/30/2023 8:45,4.985,0.000584858
6/30/2023 9:00,4.92,0.000577232
6/30/2023 9:15,4.835,0.00056726
6/30/2023 9:30,4.76,0.00055846
6/30/2023 9:45,4.925,0.000577819
6/30/2023 10:00,4.855,0.000569606
6/30/2023 10:15,4.785,0.000561393
6/30/2023 10:30,4.705,0.000552007
6/30/2023 10:45,4.77,0.000559634
6/30/2023 11:00,4.675,0.000548488
6/30/2023 11:15,5.395,0.000632961
6/30/2023 11:30,11.735,0.001376792
6/30/2023 11:45,38.255,0.004488214
6/30/2023 12:00,90.665,0.010637143
6/30/2023 12:15,144.17,0.016914542
6/30/2023 12:30,148.45,0.017416687
6/30/2023 12:45,109.475,0.012844
6/30/2023 13:00,79.75,0.009356556
6/30/2023 13:15,48.385,0.005676702
6/30/2023 13:30,29.49,0.003459873
6/30/2023 13:45,20.21,0.00237111
6/30/2023 14:00,15.61,0.001831421
6/30/2023 14:15,13.44,0.001576829
6/30/2023 14:30,12.09,0.001418442
6/30/2023 14:45,11.085,0.001300532
6/30/2023 15:00,10.12,0.001187315
6/30/2023 15:15,9.35,0.001096976
6/30/2023 15:30,8.21,0.000963227
6/30/2023 15:45,8.25,0.00096792
6/30/2023 16:00,7.845,0.000920404
6/30/2023 16:15,7.575,0.000888726
6/30/2023 16:30,7.44,0.000872888
6/30/2023 16:45,7.445,0.000873474
6/30/2023 17:00,7.325,0.000859395
6/30/2023 17:15,7.22,0.000847076
6/30/2023 17:30,6.86,0.00080484
6/30/2023 17:45,6.72,0.000788415
6/30/2023 18:00,6.515,0.000764363
6/30/2023 18:15,6.285,0.000737379
6/30/2023 18:30,6.145,0.000720953
6/30/2023 18:45,5.965,0.000699835
6/30/2023 19:00,5.855,0.00068693
6/30/2023 19:15,5.595,0.000656425
6/30/2023 19:30,5.395,0.000632961
6/30/2023 19:45,5.105,0.000598937
6/30/2023 20:00,5.13,0.00060187
6/30/2023 20:15,4.98,0.000584271
6/30/2023 20:30,4.87,0.000571366
6/30/2023 20:45,4.88,0.000572539
6/30/2023 21:00,4.795,0.000562567
6/30/2023 21:15,4.74,0.000556114
6/30/2023 21:30,6.52,0.00076495
6/30/2023 21:45,9.655,0.001132759
6/30/2023 22:00,4.52,0.000530303
6/30/2023 22:15,4.41,0.000517397
6/30/2023 22:30,4.25,0.000498625
6/30/2023 22:45,4.215,0.000494519
6/30/2023 23:00,4.15,0.000486893
6/30/2023 23:15,4.2,0.000492759
6/30/2023 23:30,4.21,0.000493932
6/30/2023 23:45,4.18,0.000490413
7/1/2023 0:00,4.25,0.000498625
7/1/2023 0:15,4.29,0.000503318
7/1/2023 0:30,4.25,0.000498625
7/1/2023 0:45,4.29,0.000503318
7/1/2023 1:00,4.3,0.000504491
7/1/2023 1:15,4.35,0.000510358
7/1/2023 1:30,4.49,0.000526783
7/1/2023 1:45,5.225,0.000613016
7/1/2023 2:00,6.79,0.000796627
7/1/2023 2:15,8.52,0.000999597
7/1/2023 2:30,10.02,0.001175582
7/1/2023 2:45,9.96,0.001168543
7/1/2023 3:00,8.9,0.00104418
7/1/2023 3:15,7.655,0.000898112
7/1/2023 3:30,6.5,0.000762603
7/1/2023 3:45,5.59,0.000655839
7/1/2023 4:00,5.01,0.000587791
7/1/2023 4:15,4.59,0.000538515
7/1/2023 4:30,4.49,0.000526783
7/1/2023 4:45,4.33,0.000508011
7/1/2023 5:00,4.26,0.000499798
7/1/2023 5:15,4.07,0.000477507
7/1/2023 5:30,4.03,0.000472814
7/1/2023 5:45,3.985,0.000467535
7/1/2023 6:00,3.835,0.000449936
7/1/2023 6:15,3.785,0.00044407
7/1/2023 6:30,3.785,0.00044407
7/1/2023 6:45,3.705,0.000434684
7/1/2023 7:00,3.575,0.000419432
7/1/2023 7:15,3.525,0.000413566
7/1/2023 7:30,3.53,0.000414152
7/1/2023 7:45,3.44,0.000403593
7/1/2023 8:00,3.47,0.000407113
7/1/2023 8:15,3.415,0.00040066
7/1/2023 8:30,3.455,0.000405353
7/1/2023 8:45,3.42,0.000401247
7/1/2023 9:00,3.305,0.000387754
7/1/2023 9:15,3.32,0.000389514
7/1/2023 9:30,3.21,0.000376609
7/1/2023 9:45,3.075,0.00036077
7/1/2023 10:00,2.89,0.000339065
7/1/2023 10:15,2.9,0.000340238
7/1/2023 10:30,2.83,0.000332026
7/1/2023 10:45,2.75,0.00032264
7/1/2023 11:00,2.81,0.000329679
7/1/2023 11:15,2.76,0.000323813
7/1/2023 11:30,2.695,0.000316187
7/1/2023 11:45,2.68,0.000314427
7/1/2023 12:00,2.55,0.000299175
7/1/2023 12:15,2.49,0.000292136
7/1/2023 12:30,2.4,0.000281577
7/1/2023 12:45,2.305,0.000270431
7/1/2023 13:00,2.405,0.000282163
7/1/2023 13:15,2.09,0.000245206
7/1/2023 13:30,2.065,0.000242273
7/1/2023 13:45,2.01,0.00023582
7/1/2023 14:00,1.99,0.000233474
7/1/2023 14:15,2.08,0.000244033
7/1/2023 14:30,1.99,0.000233474
7/1/2023 14:45,2,0.000234647
7/1/2023 15:00,1.98,0.000232301
7/1/2023 15:15,1.935,0.000227021
7/1/2023 15:30,1.905,0.000223501
7/1/2023 15:45,1.87,0.000219395
7/1/2023 16:00,1.865,0.000218808
7/1/2023 16:15,1.77,0.000207663
7/1/2023 16:30,1.8,0.000211182
7/1/2023 16:45,1.82,0.000213529
7/1/2023 17:00,1.865,0.000218808
7/1/2023 17:15,1.94,0.000227608
7/1/2023 17:30,1.98,0.000232301
7/1/2023 17:45,1.85,0.000217049
7/1/2023 18:00,1.97,0.000231127
7/1/2023 18:15,1.97,0.000231127
7/1/2023 18:30,2.045,0.000239927
7/1/2023 18:45,2.08,0.000244033
7/1/2023 19:00,2.04,0.00023934
7/1/2023 19:15,2.015,0.000236407
7/1/2023 19:30,2,0.000234647
7/1/2023 19:45,2,0.000234647
7/1/2023 20:00,2.155,0.000252832
7/1/2023 20:15,2.14,0.000251072
7/1/2023 20:30,2.17,0.000254592
7/1/2023 20:45,2.09,0.000245206
7/1/2023 21:00,2.185,0.000256352
7/1/2023 21:15,2.35,0.00027571
7/1/2023 21:30,2.435,0.000285683
7/1/2023 21:45,2.415,0.000283336
7/1/2023 22:00,2.915,0.000341998
7/1/2023 22:15,2.8,0.000328506
7/1/2023 22:30,2.525,0.000296242
7/1/2023 22:45,2.495,0.000292722
7/1/2023 23:00,2.41,0.00028275
7/1/2023 23:15,2.415,0.000283336
7/1/2023 23:30,2.44,0.00028627
7/1/2023 23:45,2.545,0.000298589
7/2/2023 0:00,2.495,0.000292722
7/2/2023 0:15,2.565,0.000300935
7/2/2023 0:30,2.565,0.000300935
7/2/2023 0:45,2.535,0.000297415
7/2/2023 1:00,2.61,0.000306215
7/2/2023 1:15,2.625,0.000307974
7/2/2023 1:30,2.695,0.000316187
7/2/2023 1:45,2.815,0.000330266
7/2/2023 2:00,2.865,0.000336132
7/2/2023 2:15,2.905,0.000340825
7/2/2023 2:30,3.03,0.00035549
7/2/2023 2:45,3.08,0.000361357
7/2/2023 3:00,3.105,0.00036429
7/2/2023 3:15,3.095,0.000363117
7/2/2023 3:30,3.05,0.000357837
7/2/2023 3:45,4.31,0.000505665
7/2/2023 4:00,3.03,0.00035549
7/2/2023 4:15,3.14,0.000368396
7/2/2023 4:30,3.215,0.000377195
7/2/2023 4:45,3.17,0.000371916
7/2/2023 5:00,3.195,0.000374849
7/2/2023 5:15,3.135,0.000367809
7/2/2023 5:30,3.34,0.000391861
7/2/2023 5:45,3.47,0.000407113
7/2/2023 6:00,3.635,0.000426471
7/2/2023 6:15,3.58,0.000420018
7/2/2023 6:30,3.49,0.000409459
7/2/2023 6:45,3.54,0.000415326
7/2/2023 7:00,3.54,0.000415326
7/2/2023 7:15,3.485,0.000408873
7/2/2023 7:30,3.475,0.000407699
7/2/2023 7:45,3.41,0.000400073
7/2/2023 8:00,3.5,0.000410633
7/2/2023 8:15,3.5,0.000410633
7/2/2023 8:30,3.41,0.000400073
7/2/2023 8:45,4.09,0.000479853
7/2/2023 9:00,3.39,0.000397727
7/2/2023 9:15,3.64,0.000427058
7/2/2023 9:30,4.02,0.000471641
7/2/2023 9:45,4.285,0.000502732
7/2/2023 10:00,4.32,0.000506838
7/2/2023 10:15,3.965,0.000465188
7/2/2023 10:30,3.645,0.000427644
7/2/2023 10:45,3.825,0.000448763
7/2/2023 11:00,3.07,0.000360183
7/2/2023 11:15,2.71,0.000317947
7/2/2023 11:30,2.55,0.000299175
7/2/2023 11:45,2.43,0.000285096
7/2/2023 12:00,2.88,0.000337892
7/2/2023 12:15,3.05,0.000357837
7/2/2023 12:30,3.065,0.000359597
7/2/2023 12:45,3.065,0.000359597
7/2/2023 13:00,2.99,0.000350798
7/2/2023 13:15,2.85,0.000334372
7/2/2023 13:30,2.845,0.000333786
7/2/2023 13:45,3.805,0.000446416
7/2/2023 14:00,2.76,0.000323813
7/2/2023 14:15,2.785,0.000326746
7/2/2023 14:30,2.63,0.000308561
7/2/2023 14:45,2.47,0.000289789
7/2/2023 15:00,2.495,0.000292722
7/2/2023 15:15,2.425,0.00028451
7/2/2023 15:30,2.3,0.000269844
7/2/2023 15:45,2.24,0.000262805
7/2/2023 16:00,2.215,0.000259872
7/2/2023 16:15,2.26,0.000265151
7/2/2023 16:30,2.345,0.000275124
7/2/2023 16:45,2.335,0.000273951
7/2/2023 17:00,2.26,0.000265151
7/2/2023 17:15,2.075,0.000243446
7/2/2023 17:30,2.03,0.000238167
7/2/2023 17:45,2.48,0.000290963
7/2/2023 18:00,1.985,0.000232887
7/2/2023 18:15,1.915,0.000224675
7/2/2023 18:30,1.93,0.000226435
7/2/2023 18:45,1.865,0.000218808
7/2/2023 19:00,1.865,0.000218808
7/2/2023 19:15,1.895,0.000222328
7/2/2023 19:30,1.82,0.000213529
7/2/2023 19:45,1.845,0.000216462
7/2/2023 20:00,1.95,0.000228781
7/2/2023 20:15,1.965,0.000230541
7/2/2023 20:30,2.01,0.00023582
7/2/2023 20:45,2.08,0.000244033
7/2/2023 21:00,2.125,0.000249313
7/2/2023 21:15,2.43,0.000285096
7/2/2023 21:30,3.01,0.000353144
7/2/2023 21:45,2.22,0.000260458
7/2/2023 22:00,2.11,0.000247553
7/2/2023 22:15,2.09,0.000245206
7/2/2023 22:30,2.155,0.000252832
7/2/2023 22:45,3.29,0.000385995
7/2/2023 23:00,2.81,0.000329679
7/2/2023 23:15,2.39,0.000280403
7/2/2023 23:30,2.21,0.000259285
7/2/2023 23:45,2.12,0.000248726
7/3/2023 0:00,2.115,0.000248139
7/3/2023 0:15,2.15,0.000252246
7/3/2023 0:30,2.1,0.00024638
7/3/2023 0:45,2.235,0.000262218
7/3/2023 1:00,2.27,0.000266325
7/3/2023 1:15,2.375,0.000278644
7/3/2023 1:30,2.935,0.000344345
7/3/2023 1:45,2.5,0.000293309
7/3/2023 2:00,2.445,0.000286856
7/3/2023 2:15,2.48,0.000290963
7/3/2023 2:30,2.52,0.000295655
7/3/2023 2:45,2.535,0.000297415
7/3/2023 3:00,2.48,0.000290963
7/3/2023 3:15,2.605,0.000305628
7/3/2023 3:30,2.515,0.000295069
7/3/2023 3:45,2.595,0.000304455
7/3/2023 4:00,2.635,0.000309148
7/3/2023 4:15,2.68,0.000314427
7/3/2023 4:30,2.615,0.000306801
7/3/2023 4:45,2.645,0.000310321
7/3/2023 5:00,2.68,0.000314427
7/3/2023 5:15,2.83,0.000332026
7/3/2023 5:30,2.93,0.000343758
7/3/2023 5:45,3.07,0.000360183
7/3/2023 6:00,3.125,0.000366636
7/3/2023 6:15,2.98,0.000349624
7/3/2023 6:30,2.88,0.000337892
7/3/2023 6:45,2.74,0.000321467
7/3/2023 7:00,2.635,0.000309148
7/3/2023 7:15,2.595,0.000304455
7/3/2023 7:30,2.595,0.000304455
7/3/2023 7:45,2.57,0.000301522
7/3/2023 8:00,2.55,0.000299175
7/3/2023 8:15,2.62,0.000307388
7/3/2023 8:30,2.71,0.000317947
7/3/2023 8:45,2.66,0.000312081
7/3/2023 9:00,2.695,0.000316187
7/3/2023 9:15,2.575,0.000302108
7/3/2023 9:30,2.465,0.000289203
7/3/2023 9:45,2.445,0.000286856
7/3/2023 10:00,2.38,0.00027923
7/3/2023 10:15,2.33,0.000273364
7/3/2023 10:30,2.32,0.000272191
7/3/2023 10:45,2.26,0.000265151
7/3/2023 11:00,2.26,0.000265151
7/3/2023 11:15,2.24,0.000262805
7/3/2023 11:30,2.26,0.000265151
7/3/2023 11:45,2.31,0.000271017
7/3/2023 12:00,2.515,0.000295069
7/3/2023 12:15,2.065,0.000242273
7/3/2023 12:30,1.965,0.000230541
7/3/2023 12:45,1.82,0.000213529
7/3/2023 13:00,1.695,0.000198863
7/3/2023 13:15,1.605,0.000188304
7/3/2023 13:30,1.59,0.000186545
7/3/2023 13:45,1.485,0.000174226
7/3/2023 14:00,1.42,0.000166599
7/3/2023 14:15,1.45,0.000170119
7/3/2023 14:30,2.115,0.000248139
7/3/2023 14:45,1.375,0.00016132
7/3/2023 15:00,1.4,0.000164253
7/3/2023 15:15,1.37,0.000160733
7/3/2023 15:30,1.54,0.000180678
7/3/2023 15:45,1.53,0.000179505
7/3/2023 16:00,1.57,0.000184198
7/3/2023 16:15,1.61,0.000188891
7/3/2023 16:30,1.675,0.000196517
7/3/2023 16:45,1.685,0.00019769
7/3/2023 17:00,1.74,0.000204143
7/3/2023 17:15,1.69,0.000198277
7/3/2023 17:30,2.02,0.000236994
7/3/2023 17:45,1.93,0.000226435
7/3/2023 18:00,1.805,0.000211769
7/3/2023 18:15,1.675,0.000196517
7/3/2023 18:30,1.505,0.000176572
7/3/2023 18:45,1.365,0.000160147
7/3/2023 19:00,1.375,0.00016132
7/3/2023 19:15,1.425,0.000167186
7/3/2023 19:30,1.325,0.000155454
7/3/2023 19:45,1.38,0.000161907
7/3/2023 20:00,1.35,0.000158387
7/3/2023 20:15,1.415,0.000166013
7/3/2023 20:30,1.39,0.00016308
7/3/2023 20:45,1.435,0.000168359
7/3/2023 21:00,1.565,0.000183611
7/3/2023 21:15,1.715,0.00020121
7/3/2023 21:30,1.96,0.000229954
7/3/2023 21:45,2.3,0.000269844
7/3/2023 22:00,2.005,0.000235234
7/3/2023 22:15,1.78,0.000208836
7/3/2023 22:30,1.78,0.000208836
7/3/2023 22:45,1.9,0.000222915
7/3/2023 23:00,1.97,0.000231127
7/3/2023 23:15,2.02,0.000236994
7/3/2023 23:30,2.015,0.000236407
7/3/2023 23:45,2.04,0.00023934
7/4/2023 0:00,2.065,0.000242273
7/4/2023 0:15,2.25,0.000263978
7/4/2023 0:30,2.47,0.000289789
7/4/2023 0:45,2.205,0.000258699
7/4/2023 1:00,2.235,0.000262218
7/4/2023 1:15,2.275,0.000266911
7/4/2023 1:30,2.29,0.000268671
7/4/2023 1:45,2.345,0.000275124
7/4/2023 2:00,2.38,0.00027923
7/4/2023 2:15,2.54,0.000298002
7/4/2023 2:30,2.58,0.000302695
7/4/2023 2:45,2.595,0.000304455
7/4/2023 3:00,2.595,0.000304455
7/4/2023 3:15,2.66,0.000312081
7/4/2023 3:30,2.75,0.00032264
7/4/2023 3:45,2.79,0.000327333
7/4/2023 4:00,2.79,0.000327333
7/4/2023 4:15,2.845,0.000333786
7/4/2023 4:30,2.715,0.000318534
7/4/2023 4:45,2.67,0.000313254
7/4/2023 5:00,2.74,0.000321467
7/4/2023 5:15,2.86,0.000335545
7/4/2023 5:30,2.86,0.000335545
7/4/2023 5:45,2.825,0.000331439
7/4/2023 6:00,2.775,0.000325573
7/4/2023 6:15,2.635,0.000309148
7/4/2023 6:30,2.69,0.0003156
7/4/2023 6:45,2.665,0.000312667
7/4/2023 7:00,2.605,0.000305628
7/4/2023 7:15,2.495,0.000292722
7/4/2023 7:30,2.435,0.000285683
7/4/2023 7:45,2.39,0.000280403
7/4/2023 8:00,2.3,0.000269844
7/4/2023 8:15,2.255,0.000264565
7/4/2023 8:30,2.165,0.000254006
7/4/2023 8:45,2.145,0.000251659
7/4/2023 9:00,2.06,0.000241687
7/4/2023 9:15,2.06,0.000241687
7/4/2023 9:30,1.965,0.000230541
7/4/2023 9:45,1.91,0.000224088
7/4/2023 10:00,1.935,0.000227021
7/4/2023 10:15,1.9,0.000222915
7/4/2023 10:30,1.835,0.000215289
7/4/2023 10:45,1.77,0.000207663
7/4/2023 11:00,1.715,0.00020121
7/4/2023 11:15,1.76,0.00020649
7/4/2023 11:30,1.745,0.00020473
7/4/2023 11:45,1.7,0.00019945
7/4/2023 12:00,1.69,0.000198277
7/4/2023 12:15,1.67,0.00019593
7/4/2023 12:30,1.52,0.000178332
7/4/2023 12:45,1.465,0.000171879
7/4/2023 13:00,1.395,0.000163666
7/4/2023 13:15,1.44,0.000168946
7/4/2023 13:30,1.465,0.000171879
7/4/2023 13:45,1.38,0.000161907
7/4/2023 14:00,1.295,0.000151934
7/4/2023 14:15,1.31,0.000153694
7/4/2023 14:30,1.32,0.000154867
7/4/2023 14:45,1.28,0.000150174
7/4/2023 15:00,1.29,0.000151347
7/4/2023 15:15,1.315,0.000154281
7/4/2023 15:30,1.39,0.00016308
7/4/2023 15:45,1.325,0.000155454
7/4/2023 16:00,1.385,0.000162493
7/4/2023 16:15,1.415,0.000166013
7/4/2023 16:30,1.395,0.000163666
7/4/2023 16:45,1.35,0.000158387
7/4/2023 17:00,1.36,0.00015956
7/4/2023 17:15,1.365,0.000160147
7/4/2023 17:30,1.315,0.000154281
7/4/2023 17:45,1.29,0.000151347
7/4/2023 18:00,1.255,0.000147241
7/4/2023 18:15,1.255,0.000147241
7/4/2023 18:30,2.625,0.000307974
7/4/2023 18:45,1.275,0.000149588
7/4/2023 19:00,1.3,0.000152521
7/4/2023 19:15,1.315,0.000154281
7/4/2023 19:30,1.33,0.00015604
7/4/2023 19:45,1.31,0.000153694
7/4/2023 20:00,1.33,0.00015604
7/4/2023 20:15,1.24,0.000145481
7/4/2023 20:30,1.25,0.000146654
7/4/2023 20:45,1.28,0.000150174
7/4/2023 21:00,1.265,0.000148414
7/4/2023 21:15,1.42,0.000166599
7/4/2023 21:30,1.43,0.000167773
7/4/2023 21:45,1.46,0.000171292
7/4/2023 22:00,1.5,0.000175985
7/4/2023 22:15,1.47,0.000172466
7/4/2023 22:30,1.76,0.00020649
7/4/2023 22:45,1.885,0.000221155
7/4/2023 23:00,2.12,0.000248726
7/4/2023 23:15,2.345,0.000275124
7/4/2023 23:30,2.225,0.000261045
7/4/2023 23:45,2.135,0.000250486
7/5/2023 0:00,2.2,0.000258112
7/5/2023 0:15,2.265,0.000265738
7/5/2023 0:30,2.18,0.000255765
7/5/2023 0:45,2.17,0.000254592
7/5/2023 1:00,2.17,0.000254592
7/5/2023 1:15,2.39,0.000280403
7/5/2023 1:30,3.13,0.000367223
7/5/2023 1:45,3.21,0.000376609
7/5/2023 2:00,2.705,0.00031736
7/5/2023 2:15,2.525,0.000296242
7/5/2023 2:30,2.485,0.000291549
7/5/2023 2:45,2.385,0.000279817
7/5/2023 3:00,2.65,0.000310908
7/5/2023 3:15,2.745,0.000322053
7/5/2023 3:30,2.52,0.000295655
7/5/2023 3:45,2.7,0.000316774
7/5/2023 4:00,2.705,0.00031736
7/5/2023 4:15,2.45,0.000287443
7/5/2023 4:30,3.135,0.000367809
7/5/2023 4:45,3.46,0.00040594
7/5/2023 5:00,3.44,0.000403593
7/5/2023 5:15,3.095,0.000363117
7/5/2023 5:30,2.695,0.000316187
7/5/2023 5:45,2.465,0.000289203
7/5/2023 6:00,2.35,0.00027571
7/5/2023 6:15,2.45,0.000287443
7/5/2023 6:30,2.32,0.000272191
7/5/2023 6:45,2.33,0.000273364
7/5/2023 7:00,2.35,0.00027571
7/5/2023 7:15,2.455,0.000288029
7/5/2023 7:30,2.545,0.000298589
7/5/2023 7:45,2.44,0.00028627
7/5/2023 8:00,2.38,0.00027923
7/5/2023 8:15,2.265,0.000265738
7/5/2023 8:30,2.175,0.000255179
7/5/2023 8:45,2.27,0.000266325
7/5/2023 9:00,2.295,0.000269258
7/5/2023 9:15,2.34,0.000274537
7/5/2023 9:30,2.28,0.000267498
7/5/2023 9:45,2.185,0.000256352
7/5/2023 10:00,2.17,0.000254592
7/5/2023 10:15,2.2,0.000258112
7/5/2023 10:30,2.17,0.000254592
7/5/2023 10:45,3.14,0.000368396
7/5/2023 11:00,2.725,0.000319707
7/5/2023 11:15,2.665,0.000312667
7/5/2023 11:30,2.565,0.000300935
7/5/2023 11:45,3.16,0.000370743
7/5/2023 12:00,1.73,0.00020297
7/5/2023 12:15,1.62,0.000190064
7/5/2023 12:30,1.54,0.000180678
7/5/2023 12:45,1.44,0.000168946
7/5/2023 13:00,1.395,0.000163666
7/5/2023 13:15,1.465,0.000171879
7/5/2023 13:30,1.225,0.000143721
7/5/2023 13:45,1.235,0.000144895
7/5/2023 14:00,1.22,0.000143135
7/5/2023 14:15,1.465,0.000171879
7/5/2023 14:30,1.24,0.000145481
7/5/2023 14:45,1.19,0.000139615
7/5/2023 15:00,1.22,0.000143135
7/5/2023 15:15,1.24,0.000145481
7/5/2023 15:30,1.2,0.000140788
7/5/2023 15:45,1.25,0.000146654
7/5/2023 16:00,1.275,0.000149588
7/5/2023 16:15,1.3,0.000152521
7/5/2023 16:30,1.27,0.000149001
7/5/2023 16:45,1.19,0.000139615
7/5/2023 17:00,1.2,0.000140788
7/5/2023 17:15,1.21,0.000141962
7/5/2023 17:30,1.185,0.000139028
7/5/2023 17:45,1.16,0.000136095
7/5/2023 18:00,1.22,0.000143135
7/5/2023 18:15,1.225,0.000143721
7/5/2023 18:30,1.25,0.000146654
7/5/2023 18:45,1.2,0.000140788
7/5/2023 19:00,1.21,0.000141962
7/5/2023 19:15,1.295,0.000151934
7/5/2023 19:30,1.3,0.000152521
7/5/2023 19:45,1.4,0.000164253
7/5/2023 20:00,1.47,0.000172466
7/5/2023 20:15,1.395,0.000163666
7/5/2023 20:30,1.335,0.000156627
7/5/2023 20:45,1.25,0.000146654
7/5/2023 21:00,1.32,0.000154867
7/5/2023 21:15,1.405,0.00016484
7/5/2023 21:30,1.505,0.000176572
7/5/2023 21:45,2.005,0.000235234
7/5/2023 22:00,2.44,0.00028627
7/5/2023 22:15,2.415,0.000283336
7/5/2023 22:30,1.85,0.000217049
7/5/2023 22:45,1.62,0.000190064
7/5/2023 23:00,1.6,0.000187718
7/5/2023 23:15,1.675,0.000196517
7/5/2023 23:30,1.67,0.00019593
7/5/2023 23:45,1.72,0.000201797
7/6/2023 0:00,1.9,0.000222915
7/6/2023 0:15,1.71,0.000200623
7/6/2023 0:30,1.755,0.000205903
7/6/2023 0:45,1.76,0.00020649
7/6/2023 1:00,1.76,0.00020649
7/6/2023 1:15,1.81,0.000212356
7/6/2023 1:30,1.875,0.000219982
7/6/2023 1:45,1.91,0.000224088
7/6/2023 2:00,2.28,0.000267498
7/6/2023 2:15,2.44,0.00028627
7/6/2023 2:30,2.18,0.000255765
7/6/2023 2:45,2.265,0.000265738
7/6/2023 3:00,2.39,0.000280403
7/6/2023 3:15,2.45,0.000287443
7/6/2023 3:30,2.43,0.000285096
7/6/2023 3:45,2.435,0.000285683
7/6/2023 4:00,2.38,0.00027923
7/6/2023 4:15,2.33,0.000273364
7/6/2023 4:30,2.385,0.000279817
7/6/2023 4:45,2.295,0.000269258
7/6/2023 5:00,2.38,0.00027923
7/6/2023 5:15,2.305,0.000270431
7/6/2023 5:30,2.42,0.000283923
7/6/2023 5:45,2.405,0.000282163
7/6/2023 6:00,2.37,0.000278057
7/6/2023 6:15,2.52,0.000295655
7/6/2023 6:30,2.5,0.000293309
7/6/2023 6:45,2.335,0.000273951
7/6/2023 7:00,2.325,0.000272777
7/6/2023 7:15,2.395,0.00028099
7/6/2023 7:30,2.41,0.00028275
7/6/2023 7:45,2.35,0.00027571
7/6/2023 8:00,2.38,0.00027923
7/6/2023 8:15,2.395,0.00028099
7/6/2023 8:30,2.47,0.000289789
7/6/2023 8:45,2.515,0.000295069
7/6/2023 9:00,2.61,0.000306215
7/6/2023 9:15,2.625,0.000307974
7/6/2023 9:30,2.445,0.000286856
7/6/2023 9:45,2.35,0.00027571
7/6/2023 10:00,2.16,0.000253419
7/6/2023 10:15,2.115,0.000248139
7/6/2023 10:30,2.13,0.000249899
7/6/2023 10:45,1.975,0.000231714
7/6/2023 11:00,2.08,0.000244033
7/6/2023 11:15,2.03,0.000238167
7/6/2023 11:30,1.995,0.000234061
7/6/2023 11:45,1.975,0.000231714
7/6/2023 12:00,2.38,0.00027923
7/6/2023 12:15,1.915,0.000224675
7/6/2023 12:30,1.92,0.000225261
7/6/2023 12:45,1.995,0.000234061
7/6/2023 13:00,1.99,0.000233474
7/6/2023 13:15,1.91,0.000224088
7/6/2023 13:30,1.715,0.00020121
7/6/2023 13:45,1.565,0.000183611
7/6/2023 14:00,1.45,0.000170119
7/6/2023 14:15,1.43,0.000167773
7/6/2023 14:30,1.395,0.000163666
7/6/2023 14:45,1.355,0.000158973
7/6/2023 15:00,1.28,0.000150174
7/6/2023 15:15,1.265,0.000148414
7/6/2023 15:30,1.19,0.000139615
7/6/2023 15:45,1.16,0.000136095
7/6/2023 16:00,1.16,0.000136095
7/6/2023 16:15,1.155,0.000135509
7/6/2023 16:30,1.08,0.000126709
7/6/2023 16:45,1.065,0.00012495
7/6/2023 17:00,1.13,0.000132576
7/6/2023 17:15,1.13,0.000132576
7/6/2023 17:30,1.115,0.000130816
7/6/2023 17:45,1.165,0.000136682
7/6/2023 18:00,1.105,0.000129643
7/6/2023 18:15,1.085,0.000127296
7/6/2023 18:30,1.185,0.000139028
7/6/2023 18:45,1.3,0.000152521
7/6/2023 19:00,1.25,0.000146654
7/6/2023 19:15,1.335,0.000156627
7/6/2023 19:30,1.295,0.000151934
7/6/2023 19:45,1.285,0.000150761
7/6/2023 20:00,1.28,0.000150174
7/6/2023 20:15,1.305,0.000153107
7/6/2023 20:30,1.305,0.000153107
7/6/2023 20:45,1.32,0.000154867
7/6/2023 21:00,1.28,0.000150174
7/6/2023 21:15,1.615,0.000189478
7/6/2023 21:30,1.535,0.000180092
7/6/2023 21:45,1.405,0.00016484
7/6/2023 22:00,1.37,0.000160733
7/6/2023 22:15,1.44,0.000168946
7/6/2023 22:30,1.395,0.000163666
7/6/2023 22:45,1.385,0.000162493
7/6/2023 23:00,1.4,0.000164253
7/6/2023 23:15,1.36,0.00015956
7/6/2023 23:30,1.38,0.000161907
7/6/2023 23:45,1.455,0.000170706
7/7/2023 0:00,1.5,0.000175985
7/7/2023 0:15,1.605,0.000188304
7/7/2023 0:30,1.64,0.000192411
7/7/2023 0:45,1.62,0.000190064
7/7/2023 1:00,1.76,0.00020649
7/7/2023 1:15,1.925,0.000225848
7/7/2023 1:30,2.085,0.00024462
7/7/2023 1:45,2.01,0.00023582
7/7/2023 2:00,1.855,0.000217635
7/7/2023 2:15,1.94,0.000227608
7/7/2023 2:30,1.985,0.000232887
7/7/2023 2:45,2.31,0.000271017
7/7/2023 3:00,2.19,0.000256939
7/7/2023 3:15,2.145,0.000251659
7/7/2023 3:30,2.385,0.000279817
7/7/2023 3:45,2.46,0.000288616
7/7/2023 4:00,2.53,0.000296829
7/7/2023 4:15,2.61,0.000306215
7/7/2023 4:30,2.86,0.000335545
7/7/2023 4:45,2.505,0.000293896
7/7/2023 5:00,2.43,0.000285096
7/7/2023 5:15,2.46,0.000288616
7/7/2023 5:30,2.39,0.000280403
7/7/2023 5:45,2.51,0.000294482
7/7/2023 6:00,2.57,0.000301522
7/7/2023 6:15,2.615,0.000306801
7/7/2023 6:30,2.545,0.000298589
7/7/2023 6:45,2.53,0.000296829
7/7/2023 7:00,2.45,0.000287443
7/7/2023 7:15,2.29,0.000268671
7/7/2023 7:30,2.28,0.000267498
7/7/2023 7:45,2.25,0.000263978
7/7/2023 8:00,2.29,0.000268671
7/7/2023 8:15,2.295,0.000269258
7/7/2023 8:30,2.28,0.000267498
7/7/2023 8:45,2.205,0.000258699
7/7/2023 9:00,2.215,0.000259872
7/7/2023 9:15,2.18,0.000255765
7/7/2023 9:30,2.03,0.000238167
7/7/2023 9:45,2.03,0.000238167
7/7/2023 10:00,1.995,0.000234061
7/7/2023 10:15,1.94,0.000227608
7/7/2023 10:30,1.81,0.000212356
7/7/2023 10:45,1.865,0.000218808
7/7/2023 11:00,1.685,0.00019769
7/7/2023 11:15,1.705,0.000200037
7/7/2023 11:30,1.635,0.000191824
7/7/2023 11:45,1.645,0.000192997
7/7/2023 12:00,1.515,0.000177745
7/7/2023 12:15,1.49,0.000174812
7/7/2023 12:30,1.48,0.000173639
7/7/2023 12:45,1.435,0.000168359
7/7/2023 13:00,1.445,0.000169533
7/7/2023 13:15,1.455,0.000170706
7/7/2023 13:30,1.65,0.000193584
7/7/2023 13:45,1.47,0.000172466
7/7/2023 14:00,1.47,0.000172466
7/7/2023 14:15,1.425,0.000167186
7/7/2023 14:30,1.36,0.00015956
7/7/2023 14:45,1.29,0.000151347
7/7/2023 15:00,1.24,0.000145481
7/7/2023 15:15,1.305,0.000153107
7/7/2023 15:30,8.66,0.001016022
7/7/2023 15:45,29.525,0.003463979
7/7/2023 16:00,2.36,0.000276884
7/7/2023 16:15,2.425,0.00028451
7/7/2023 16:30,2.7,0.000316774
7/7/2023 16:45,2.425,0.00028451
7/7/2023 17:00,2.37,0.000278057
7/7/2023 17:15,2.335,0.000273951
7/7/2023 17:30,3.8,0.00044583
7/7/2023 17:45,3.62,0.000424711
7/7/2023 18:00,3.69,0.000432924
7/7/2023 18:15,3.405,0.000399487
7/7/2023 18:30,3.35,0.000393034
7/7/2023 18:45,3.46,0.00040594
7/7/2023 19:00,3.23,0.000378955
7/7/2023 19:15,3.27,0.000383648
7/7/2023 19:30,3.18,0.000373089
7/7/2023 19:45,3.19,0.000374262
7/7/2023 20:00,3.175,0.000372502
7/7/2023 20:15,3.165,0.000371329
7/7/2023 20:30,3.21,0.000376609
7/7/2023 20:45,3.14,0.000368396
7/7/2023 21:00,3.2,0.000375435
7/7/2023 21:15,3.21,0.000376609
7/7/2023 21:30,3.195,0.000374849
7/7/2023 21:45,3.12,0.00036605
7/7/2023 22:00,3.225,0.000378369
7/7/2023 22:15,3.285,0.000385408
7/7/2023 22:30,3.205,0.000376022
7/7/2023 22:45,3.19,0.000374262
7/7/2023 23:00,3.29,0.000385995
7/7/2023 23:15,3.195,0.000374849
7/7/2023 23:30,3.23,0.000378955
7/7/2023 23:45,3.305,0.000387754
7/8/2023 0:00,3.205,0.000376022
7/8/2023 0:15,3.23,0.000378955
7/8/2023 0:30,3.325,0.000390101
7/8/2023 0:45,3.2,0.000375435
7/8/2023 1:00,3.19,0.000374262
7/8/2023 1:15,3.265,0.000383062
7/8/2023 1:30,3.24,0.000380128
7/8/2023 1:45,3.385,0.00039714
7/8/2023 2:00,3.38,0.000396554
7/8/2023 2:15,3.44,0.000403593
7/8/2023 2:30,3.615,0.000424125
7/8/2023 2:45,3.755,0.00044055
7/8/2023 3:00,3.73,0.000437617
7/8/2023 3:15,3.825,0.000448763
7/8/2023 3:30,3.84,0.000450523
7/8/2023 3:45,3.915,0.000459322
7/8/2023 4:00,4.075,0.000478094
7/8/2023 4:15,3.865,0.000453456
7/8/2023 4:30,3.89,0.000456389
7/8/2023 4:45,4.12,0.000483373
7/8/2023 5:00,4.34,0.000509184
7/8/2023 5:15,4.585,0.000537929
7/8/2023 5:30,4.84,0.000567846
7/8/2023 5:45,4.72,0.000553767
7/8/2023 6:00,4.645,0.000544968
7/8/2023 6:15,4.695,0.000550834
7/8/2023 6:30,4.835,0.00056726
7/8/2023 6:45,4.885,0.000573126
7/8/2023 7:00,4.85,0.000569019
7/8/2023 7:15,4.72,0.000553767
7/8/2023 7:30,4.565,0.000535582
7/8/2023 7:45,4.46,0.000523263
7/8/2023 8:00,4.245,0.000498039
7/8/2023 8:15,4.16,0.000488066
7/8/2023 8:30,3.91,0.000458735
7/8/2023 8:45,3.77,0.00044231
7/8/2023 9:00,3.57,0.000418845
7/8/2023 9:15,3.54,0.000415326
7/8/2023 9:30,3.59,0.000421192
7/8/2023 9:45,3.6,0.000422365
7/8/2023 10:00,3.655,0.000428818
7/8/2023 10:15,3.61,0.000423538
7/8/2023 10:30,3.49,0.000409459
7/8/2023 10:45,3.46,0.00040594
7/8/2023 11:00,3.385,0.00039714
7/8/2023 11:15,3.39,0.000397727
7/8/2023 11:30,3.555,0.000417085
7/8/2023 11:45,3.495,0.000410046
7/8/2023 12:00,3.445,0.00040418
7/8/2023 12:15,3.44,0.000403593
7/8/2023 12:30,3.285,0.000385408
7/8/2023 12:45,3.11,0.000364876
7/8/2023 13:00,3.125,0.000366636
7/8/2023 13:15,3.05,0.000357837
7/8/2023 13:30,2.995,0.000351384
7/8/2023 13:45,2.895,0.000339652
7/8/2023 14:00,2.865,0.000336132
7/8/2023 14:15,2.805,0.000329093
7/8/2023 14:30,2.735,0.00032088
7/8/2023 14:45,2.665,0.000312667
7/8/2023 15:00,2.63,0.000308561
7/8/2023 15:15,2.66,0.000312081
7/8/2023 15:30,2.56,0.000300348
7/8/2023 15:45,2.59,0.000303868
7/8/2023 16:00,2.6,0.000305041
7/8/2023 16:15,2.59,0.000303868
7/8/2023 16:30,2.56,0.000300348
7/8/2023 16:45,2.57,0.000301522
7/8/2023 17:00,2.555,0.000299762
7/8/2023 17:15,2.545,0.000298589
7/8/2023 17:30,2.67,0.000313254
7/8/2023 17:45,2.6,0.000305041
7/8/2023 18:00,2.615,0.000306801
7/8/2023 18:15,2.645,0.000310321
7/8/2023 18:30,2.605,0.000305628
7/8/2023 18:45,2.68,0.000314427
7/8/2023 19:00,2.775,0.000325573
7/8/2023 19:15,2.75,0.00032264
7/8/2023 19:30,3.275,0.000384235
7/8/2023 19:45,2.61,0.000306215
7/8/2023 20:00,2.585,0.000303281
7/8/2023 20:15,2.63,0.000308561
7/8/2023 20:30,2.585,0.000303281
7/8/2023 20:45,2.595,0.000304455
7/8/2023 21:00,2.67,0.000313254
7/8/2023 21:15,2.84,0.000333199
7/8/2023 21:30,2.705,0.00031736
7/8/2023 21:45,2.795,0.000327919
7/8/2023 22:00,2.785,0.000326746
7/8/2023 22:15,2.72,0.00031912
7/8/2023 22:30,2.58,0.000302695
7/8/2023 22:45,2.635,0.000309148
7/8/2023 23:00,2.76,0.000323813
7/8/2023 23:15,2.75,0.00032264
7/8/2023 23:30,2.89,0.000339065
7/8/2023 23:45,3.01,0.000353144
7/9/2023 0:00,2.8,0.000328506
7/9/2023 0:15,3.09,0.00036253
7/9/2023 0:30,3.54,0.000415326
7/9/2023 0:45,3.09,0.00036253
7/9/2023 1:00,3.085,0.000361943
7/9/2023 1:15,2.93,0.000343758
7/9/2023 1:30,2.975,0.000349038
7/9/2023 1:45,2.975,0.000349038
7/9/2023 2:00,2.945,0.000345518
7/9/2023 2:15,2.97,0.000348451
7/9/2023 2:30,2.985,0.000350211
7/9/2023 2:45,2.915,0.000341998
7/9/2023 3:00,3.105,0.00036429
7/9/2023 3:15,3.29,0.000385995
7/9/2023 3:30,3.395,0.000398314
7/9/2023 3:45,3.35,0.000393034
7/9/2023 4:00,3.425,0.000401833
7/9/2023 4:15,3.6,0.000422365
7/9/2023 4:30,3.455,0.000405353
7/9/2023 4:45,3.475,0.000407699
7/9/2023 5:00,3.37,0.000395381
7/9/2023 5:15,3.3,0.000387168
7/9/2023 5:30,3.305,0.000387754
7/9/2023 5:45,3.25,0.000381302
7/9/2023 6:00,3.235,0.000379542
7/9/2023 6:15,3.315,0.000388928
7/9/2023 6:30,3.365,0.000394794
7/9/2023 6:45,3.36,0.000394207
7/9/2023 7:00,3.39,0.000397727
7/9/2023 7:15,3.205,0.000376022
7/9/2023 7:30,3.145,0.000368983
7/9/2023 7:45,2.995,0.000351384
7/9/2023 8:00,2.875,0.000337305
7/9/2023 8:15,2.84,0.000333199
7/9/2023 8:30,3.01,0.000353144
7/9/2023 8:45,3.08,0.000361357
7/9/2023 9:00,3.085,0.000361943
7/9/2023 9:15,3.085,0.000361943
7/9/2023 9:30,3.04,0.000356664
7/9/2023 9:45,2.995,0.000351384
7/9/2023 10:00,2.9,0.000340238
7/9/2023 10:15,2.875,0.000337305
7/9/2023 10:30,2.72,0.00031912
7/9/2023 10:45,2.825,0.000331439
7/9/2023 11:00,2.84,0.000333199
7/9/2023 11:15,2.915,0.000341998
7/9/2023 11:30,2.775,0.000325573
7/9/2023 11:45,2.77,0.000324986
7/9/2023 12:00,2.645,0.000310321
7/9/2023 12:15,2.69,0.0003156
7/9/2023 12:30,2.73,0.000320293
7/9/2023 12:45,2.64,0.000309734
7/9/2023 13:00,2.575,0.000302108
7/9/2023 13:15,2.565,0.000300935
7/9/2023 13:30,2.46,0.000288616
7/9/2023 13:45,2.45,0.000287443
7/9/2023 14:00,2.47,0.000289789
7/9/2023 14:15,2.39,0.000280403
7/9/2023 14:30,2.365,0.00027747
7/9/2023 14:45,2.48,0.000290963
7/9/2023 15:00,2.485,0.000291549
7/9/2023 15:15,2.25,0.000263978
7/9/2023 15:30,2.27,0.000266325
7/9/2023 15:45,2.295,0.000269258
7/9/2023 16:00,2.43,0.000285096
7/9/2023 16:15,2.29,0.000268671
7/9/2023 16:30,2.36,0.000276884
7/9/2023 16:45,2.53,0.000296829
7/9/2023 17:00,2.435,0.000285683
7/9/2023 17:15,2.445,0.000286856
7/9/2023 17:30,2.42,0.000283923
7/9/2023 17:45,2.35,0.00027571
7/9/2023 18:00,2.21,0.000259285
7/9/2023 18:15,2.24,0.000262805
7/9/2023 18:30,2.235,0.000262218
7/9/2023 18:45,2.315,0.000271604
7/9/2023 19:00,2.39,0.000280403
7/9/2023 19:15,4.635,0.000543795
7/9/2023 19:30,6.315,0.000740898
7/9/2023 19:45,3.54,0.000415326
7/9/2023 20:00,4.965,0.000582512
7/9/2023 20:15,3.55,0.000416499
7/9/2023 20:30,2.605,0.000305628
7/9/2023 20:45,2.45,0.000287443
7/9/2023 21:00,2.395,0.00028099
7/9/2023 21:15,2.435,0.000285683
7/9/2023 21:30,2.42,0.000283923
7/9/2023 21:45,2.425,0.00028451
7/9/2023 22:00,2.365,0.00027747
7/9/2023 22:15,2.45,0.000287443
7/9/2023 22:30,2.435,0.000285683
7/9/2023 22:45,2.485,0.000291549
7/9/2023 23:00,2.42,0.000283923
7/9/2023 23:15,2.58,0.000302695
7/9/2023 23:30,2.635,0.000309148
7/9/2023 23:45,2.61,0.000306215
7/10/2023 0:00,2.465,0.000289203
7/10/2023 0:15,2.415,0.000283336
7/10/2023 0:30,2.42,0.000283923
7/10/2023 0:45,2.41,0.00028275
7/10/2023 1:00,2.39,0.000280403
7/10/2023 1:15,2.435,0.000285683
7/10/2023 1:30,2.42,0.000283923
7/10/2023 1:45,2.44,0.00028627
7/10/2023 2:00,2.45,0.000287443
7/10/2023 2:15,2.495,0.000292722
7/10/2023 2:30,2.545,0.000298589
7/10/2023 2:45,2.75,0.00032264
7/10/2023 3:00,2.975,0.000349038
7/10/2023 3:15,2.8,0.000328506
7/10/2023 3:30,2.685,0.000315014
7/10/2023 3:45,2.63,0.000308561
7/10/2023 4:00,2.685,0.000315014
7/10/2023 4:15,2.77,0.000324986
7/10/2023 4:30,2.735,0.00032088
7/10/2023 4:45,2.75,0.00032264
7/10/2023 5:00,2.66,0.000312081
7/10/2023 5:15,2.745,0.000322053
7/10/2023 5:30,2.795,0.000327919
7/10/2023 5:45,2.8,0.000328506
7/10/2023 6:00,2.82,0.000330853
7/10/2023 6:15,2.82,0.000330853
7/10/2023 6:30,2.935,0.000344345
7/10/2023 6:45,2.85,0.000334372
7/10/2023 7:00,2.83,0.000332026
7/10/2023 7:15,2.745,0.000322053
7/10/2023 7:30,2.73,0.000320293
7/10/2023 7:45,2.73,0.000320293
7/10/2023 8:00,2.775,0.000325573
7/10/2023 8:15,2.89,0.000339065
7/10/2023 8:30,2.87,0.000336719
7/10/2023 8:45,2.98,0.000349624
7/10/2023 9:00,3.07,0.000360183
7/10/2023 9:15,3.135,0.000367809
7/10/2023 9:30,3.085,0.000361943
7/10/2023 9:45,2.985,0.000350211
7/10/2023 10:00,2.88,0.000337892
7/10/2023 10:15,2.795,0.000327919
7/10/2023 10:30,2.76,0.000323813
7/10/2023 10:45,2.685,0.000315014
7/10/2023 11:00,2.62,0.000307388
7/10/2023 11:15,2.62,0.000307388
7/10/2023 11:30,2.565,0.000300935
7/10/2023 11:45,2.51,0.000294482
7/10/2023 12:00,2.36,0.000276884
7/10/2023 12:15,2.36,0.000276884
7/10/2023 12:30,2.17,0.000254592
7/10/2023 12:45,2.19,0.000256939
7/10/2023 13:00,2.16,0.000253419
7/10/2023 13:15,2.175,0.000255179
7/10/2023 13:30,2.025,0.00023758
7/10/2023 13:45,2.03,0.000238167
7/10/2023 14:00,0.99,0.00011615
7/10/2023 14:15,1,0.000117324
7/10/2023 14:30,0.975,0.000114391
7/10/2023 14:45,0.96,0.000112631
7/10/2023 15:00,0.865,0.000101485
7/10/2023 15:15,0.86,0.000100898
7/10/2023 15:30,0.865,0.000101485
7/10/2023 15:45,0.91,0.000106764
7/10/2023 16:00,0.85,9.97251E-05
7/10/2023 16:15,0.8,9.38589E-05
7/10/2023 16:30,0.815,9.56187E-05
7/10/2023 16:45,0.885,0.000103831
7/10/2023 17:00,0.835,9.79652E-05
7/10/2023 17:15,0.92,0.000107938
7/10/2023 17:30,0.9,0.000105591
7/10/2023 17:45,0.94,0.000110284
7/10/2023 18:00,1.04,0.000122017
7/10/2023 18:15,0.99,0.00011615
7/10/2023 18:30,0.94,0.000110284
7/10/2023 18:45,0.97,0.000113804
7/10/2023 19:00,0.96,0.000112631
7/10/2023 19:15,0.86,0.000100898
7/10/2023 19:30,0.9,0.000105591
7/10/2023 19:45,0.9,0.000105591
7/10/2023 20:00,0.94,0.000110284
7/10/2023 20:15,0.965,0.000113217
7/10/2023 20:30,0.99,0.00011615
7/10/2023 20:45,1.005,0.00011791
7/10/2023 21:00,1.03,0.000120843
7/10/2023 21:15,1.11,0.000130229
7/10/2023 21:30,1.195,0.000140202
7/10/2023 21:45,1.17,0.000137269
7/10/2023 22:00,1.09,0.000127883
7/10/2023 22:15,1.15,0.000134922
7/10/2023 22:30,1.16,0.000136095
7/10/2023 22:45,1.135,0.000133162
7/10/2023 23:00,1.19,0.000139615
7/10/2023 23:15,1.35,0.000158387
7/10/2023 23:30,1.265,0.000148414
7/10/2023 23:45,1.18,0.000138442
7/11/2023 0:00,1.16,0.000136095
7/11/2023 0:15,1.155,0.000135509
7/11/2023 0:30,1.19,0.000139615
7/11/2023 0:45,1.2,0.000140788
7/11/2023 1:00,1.24,0.000145481
7/11/2023 1:15,1.295,0.000151934
7/11/2023 1:30,1.715,0.00020121
7/11/2023 1:45,1.8,0.000211182
7/11/2023 2:00,1.655,0.000194171
7/11/2023 2:15,1.71,0.000200623
7/11/2023 2:30,3.015,0.000353731
7/11/2023 2:45,3.065,0.000359597
7/11/2023 3:00,2.765,0.0003244
7/11/2023 3:15,2.46,0.000288616
7/11/2023 3:30,2.03,0.000238167
7/11/2023 3:45,1.955,0.000229368
7/11/2023 4:00,1.83,0.000214702
7/11/2023 4:15,1.855,0.000217635
7/11/2023 4:30,1.885,0.000221155
7/11/2023 4:45,1.89,0.000221742
7/11/2023 5:00,1.895,0.000222328
7/11/2023 5:15,1.87,0.000219395
7/11/2023 5:30,1.93,0.000226435
7/11/2023 5:45,2.015,0.000236407
7/11/2023 6:00,2.08,0.000244033
7/11/2023 6:15,2.25,0.000263978
7/11/2023 6:30,2.29,0.000268671
7/11/2023 6:45,2.4,0.000281577
7/11/2023 7:00,2.42,0.000283923
7/11/2023 7:15,2.385,0.000279817
7/11/2023 7:30,2.27,0.000266325
7/11/2023 7:45,2.155,0.000252832
7/11/2023 8:00,2.325,0.000272777
7/11/2023 8:15,1.96,0.000229954
7/11/2023 8:30,1.93,0.000226435
7/11/2023 8:45,1.895,0.000222328
7/11/2023 9:00,1.8,0.000211182
7/11/2023 9:15,1.78,0.000208836
7/11/2023 9:30,1.75,0.000205316
7/11/2023 9:45,1.725,0.000202383
7/11/2023 10:00,1.725,0.000202383
7/11/2023 10:15,1.675,0.000196517
7/11/2023 10:30,1.52,0.000178332
7/11/2023 10:45,1.445,0.000169533
7/11/2023 11:00,1.31,0.000153694
7/11/2023 11:15,1.285,0.000150761
7/11/2023 11:30,1.31,0.000153694
7/11/2023 11:45,1.185,0.000139028
7/11/2023 12:00,1.62,0.000190064
7/11/2023 12:15,1.545,0.000181265
7/11/2023 12:30,1.335,0.000156627
7/11/2023 12:45,1.195,0.000140202
7/11/2023 13:00,1.145,0.000134336
7/11/2023 13:15,1.22,0.000143135
7/11/2023 13:30,1.22,0.000143135
7/11/2023 13:45,1.155,0.000135509
7/11/2023 14:00,1.21,0.000141962
7/11/2023 14:15,1.09,0.000127883
7/11/2023 14:30,1.025,0.000120257
7/11/2023 14:45,0.95,0.000111457
7/11/2023 15:00,0.975,0.000114391
7/11/2023 15:15,0.955,0.000112044
7/11/2023 15:30,0.98,0.000114977
7/11/2023 15:45,0.865,0.000101485
7/11/2023 16:00,0.925,0.000108524
7/11/2023 16:15,0.89,0.000104418
7/11/2023 16:30,0.865,0.000101485
7/11/2023 16:45,0.81,9.50321E-05
7/11/2023 17:00,0.875,0.000102658
7/11/2023 17:15,0.83,9.73786E-05
7/11/2023 17:30,0.85,9.97251E-05
7/11/2023 17:45,0.88,0.000103245
7/11/2023 18:00,0.96,0.000112631
7/11/2023 18:15,0.885,0.000103831
7/11/2023 18:30,0.885,0.000103831
7/11/2023 18:45,0.84,9.85518E-05
7/11/2023 19:00,1.955,0.000229368
7/11/2023 19:15,2.04,0.00023934
7/11/2023 19:30,1.255,0.000147241
7/11/2023 19:45,0.97,0.000113804
7/11/2023 20:00,0.965,0.000113217
7/11/2023 20:15,0.965,0.000113217
7/11/2023 20:30,0.895,0.000105005
7/11/2023 20:45,0.94,0.000110284
7/11/2023 21:00,0.99,0.00011615
7/11/2023 21:15,1.03,0.000120843
7/11/2023 21:30,1.11,0.000130229
7/11/2023 21:45,1.09,0.000127883
7/11/2023 22:00,1.065,0.00012495
7/11/2023 22:15,1.175,0.000137855
7/11/2023 22:30,1.245,0.000146068
7/11/2023 22:45,1.545,0.000181265
7/11/2023 23:00,1.48,0.000173639
7/11/2023 23:15,1.59,0.000186545
7/11/2023 23:30,1.56,0.000183025
7/11/2023 23:45,1.66,0.000194757
7/12/2023 0:00,2.205,0.000258699
7/12/2023 0:15,1.88,0.000220568
7/12/2023 0:30,1.67,0.00019593
7/12/2023 0:45,1.485,0.000174226
7/12/2023 1:00,1.5,0.000175985
7/12/2023 1:15,1.495,0.000175399
7/12/2023 1:30,1.465,0.000171879
7/12/2023 1:45,1.505,0.000176572
7/12/2023 2:00,1.415,0.000166013
7/12/2023 2:15,1.495,0.000175399
7/12/2023 2:30,1.48,0.000173639
7/12/2023 2:45,1.49,0.000174812
7/12/2023 3:00,2.575,0.000302108
7/12/2023 3:15,2.54,0.000298002
7/12/2023 3:30,1.95,0.000228781
7/12/2023 3:45,1.955,0.000229368
7/12/2023 4:00,2.33,0.000273364
7/12/2023 4:15,2.92,0.000342585
7/12/2023 4:30,4.095,0.00048044
7/12/2023 4:45,4.615,0.000541448
7/12/2023 5:00,3.375,0.000395967
7/12/2023 5:15,2.415,0.000283336
7/12/2023 5:30,2.12,0.000248726
7/12/2023 5:45,2.12,0.000248726
7/12/2023 6:00,2.52,0.000295655
7/12/2023 6:15,2.975,0.000349038
7/12/2023 6:30,3.985,0.000467535
7/12/2023 6:45,5.23,0.000613602
7/12/2023 7:00,5.97,0.000700422
7/12/2023 7:15,4.14,0.00048572
7/12/2023 7:30,2.615,0.000306801
7/12/2023 7:45,2.145,0.000251659
7/12/2023 8:00,2.005,0.000235234
7/12/2023 8:15,1.91,0.000224088
7/12/2023 8:30,1.82,0.000213529
7/12/2023 8:45,1.87,0.000219395
7/12/2023 9:00,1.77,0.000207663
7/12/2023 9:15,1.655,0.000194171
7/12/2023 9:30,1.6,0.000187718
7/12/2023 9:45,1.51,0.000177159
7/12/2023 10:00,1.51,0.000177159
7/12/2023 10:15,1.515,0.000177745
7/12/2023 10:30,1.52,0.000178332
7/12/2023 10:45,1.475,0.000173052
7/12/2023 11:00,1.425,0.000167186
7/12/2023 11:15,1.32,0.000154867
7/12/2023 11:30,1.35,0.000158387
7/12/2023 11:45,1.36,0.00015956
7/12/2023 12:00,1.265,0.000148414
7/12/2023 12:15,1.245,0.000146068
7/12/2023 12:30,1.215,0.000142548
7/12/2023 12:45,1.18,0.000138442
7/12/2023 13:00,1.13,0.000132576
7/12/2023 13:15,1.13,0.000132576
7/12/2023 13:30,1.055,0.000123776
7/12/2023 13:45,1.03,0.000120843
7/12/2023 14:00,1.03,0.000120843
7/12/2023 14:15,1.065,0.00012495
7/12/2023 14:30,1.035,0.00012143
7/12/2023 14:45,0.985,0.000115564
7/12/2023 15:00,0.99,0.00011615
7/12/2023 15:15,0.89,0.000104418
7/12/2023 15:30,0.91,0.000106764
7/12/2023 15:45,0.91,0.000106764
7/12/2023 16:00,0.87,0.000102072
7/12/2023 16:15,0.845,9.91384E-05
7/12/2023 16:30,0.835,9.79652E-05
7/12/2023 16:45,0.87,0.000102072
7/12/2023 17:00,0.9,0.000105591
7/12/2023 17:15,0.905,0.000106178
7/12/2023 17:30,0.91,0.000106764
7/12/2023 17:45,0.91,0.000106764
7/12/2023 18:00,0.94,0.000110284
7/12/2023 18:15,0.85,9.97251E-05
7/12/2023 18:30,0.895,0.000105005
7/12/2023 18:45,0.905,0.000106178
7/12/2023 19:00,0.885,0.000103831
7/12/2023 19:15,0.915,0.000107351
7/12/2023 19:30,1.025,0.000120257
7/12/2023 19:45,1.04,0.000122017
7/12/2023 20:00,0.93,0.000109111
7/12/2023 20:15,0.93,0.000109111
7/12/2023 20:30,1.01,0.000118497
7/12/2023 20:45,0.96,0.000112631
7/12/2023 21:00,0.95,0.000111457
7/12/2023 21:15,1.405,0.00016484
7/12/2023 21:30,1.965,0.000230541
7/12/2023 21:45,1.955,0.000229368
7/12/2023 22:00,1.425,0.000167186
7/12/2023 22:15,1.135,0.000133162
7/12/2023 22:30,1.11,0.000130229
7/12/2023 22:45,1.06,0.000124363
7/12/2023 23:00,1.145,0.000134336
7/12/2023 23:15,1.21,0.000141962
7/12/2023 23:30,1.25,0.000146654
7/12/2023 23:45,1.155,0.000135509
7/13/2023 0:00,1.155,0.000135509
7/13/2023 0:15,1.15,0.000134922
7/13/2023 0:30,1.19,0.000139615
7/13/2023 0:45,1.14,0.000133749
7/13/2023 1:00,1.23,0.000144308
7/13/2023 1:15,1.79,0.000210009
7/13/2023 1:30,2.295,0.000269258
7/13/2023 1:45,1.83,0.000214702
7/13/2023 2:00,1.55,0.000181852
7/13/2023 2:15,1.455,0.000170706
7/13/2023 2:30,1.53,0.000179505
7/13/2023 2:45,1.62,0.000190064
7/13/2023 3:00,1.635,0.000191824
7/13/2023 3:15,1.515,0.000177745
7/13/2023 3:30,1.52,0.000178332
7/13/2023 3:45,1.545,0.000181265
7/13/2023 4:00,1.735,0.000203556
7/13/2023 4:15,1.97,0.000231127
7/13/2023 4:30,2.12,0.000248726
7/13/2023 4:45,2.6,0.000305041
7/13/2023 5:00,2.52,0.000295655
7/13/2023 5:15,2.665,0.000312667
7/13/2023 5:30,2.5,0.000293309
7/13/2023 5:45,2.685,0.000315014
7/13/2023 6:00,2.435,0.000285683
7/13/2023 6:15,2.055,0.0002411
7/13/2023 6:30,2.01,0.00023582
7/13/2023 6:45,1.81,0.000212356
7/13/2023 7:00,1.835,0.000215289
7/13/2023 7:15,1.8,0.000211182
7/13/2023 7:30,1.74,0.000204143
7/13/2023 7:45,1.74,0.000204143
7/13/2023 8:00,1.72,0.000201797
7/13/2023 8:15,1.715,0.00020121
7/13/2023 8:30,1.66,0.000194757
7/13/2023 8:45,1.57,0.000184198
7/13/2023 9:00,1.47,0.000172466
7/13/2023 9:15,1.445,0.000169533
7/13/2023 9:30,1.405,0.00016484
7/13/2023 9:45,1.42,0.000166599
7/13/2023 10:00,1.37,0.000160733
7/13/2023 10:15,1.39,0.00016308
7/13/2023 10:30,1.395,0.000163666
7/13/2023 10:45,1.285,0.000150761
7/13/2023 11:00,1.295,0.000151934
7/13/2023 11:15,1.27,0.000149001
7/13/2023 11:30,1.305,0.000153107
7/13/2023 11:45,1.465,0.000171879
7/13/2023 12:00,1.43,0.000167773
7/13/2023 12:15,1.285,0.000150761
7/13/2023 12:30,1.275,0.000149588
7/13/2023 12:45,1.215,0.000142548
7/13/2023 13:00,1.27,0.000149001
7/13/2023 13:15,1.155,0.000135509
7/13/2023 13:30,1.105,0.000129643
7/13/2023 13:45,1.06,0.000124363
7/13/2023 14:00,1.055,0.000123776
7/13/2023 14:15,1.13,0.000132576
7/13/2023 14:30,1,0.000117324
7/13/2023 14:45,0.925,0.000108524
7/13/2023 15:00,0.905,0.000106178
7/13/2023 15:15,0.825,9.6792E-05
7/13/2023 15:30,0.93,0.000109111
7/13/2023 15:45,0.82,9.62053E-05
7/13/2023 16:00,0.8,9.38589E-05
7/13/2023 16:15,0.82,9.62053E-05
7/13/2023 16:30,0.81,9.50321E-05
7/13/2023 16:45,0.86,0.000100898
7/13/2023 17:00,0.73,8.56462E-05
7/13/2023 17:15,0.86,0.000100898
7/13/2023 17:30,0.745,8.74061E-05
7/13/2023 17:45,0.765,8.97525E-05
7/13/2023 18:00,0.885,0.000103831
7/13/2023 18:15,0.9,0.000105591
7/13/2023 18:30,0.88,0.000103245
7/13/2023 18:45,0.895,0.000105005
7/13/2023 19:00,0.84,9.85518E-05
7/13/2023 19:15,0.895,0.000105005
7/13/2023 19:30,1.4,0.000164253
7/13/2023 19:45,0.86,0.000100898
7/13/2023 20:00,0.88,0.000103245
7/13/2023 20:15,0.865,0.000101485
7/13/2023 20:30,0.92,0.000107938
7/13/2023 20:45,0.9,0.000105591
7/13/2023 21:00,0.95,0.000111457
7/13/2023 21:15,0.94,0.000110284
7/13/2023 21:30,0.93,0.000109111
7/13/2023 21:45,0.975,0.000114391
7/13/2023 22:00,0.99,0.00011615
7/13/2023 22:15,0.98,0.000114977
7/13/2023 22:30,0.98,0.000114977
7/13/2023 22:45,1.105,0.000129643
7/13/2023 23:00,1.11,0.000130229
7/13/2023 23:15,1.28,0.000150174
7/13/2023 23:30,1.345,0.0001578
7/13/2023 23:45,1.26,0.000147828
7/14/2023 0:00,1.585,0.000185958
7/14/2023 0:15,1.33,0.00015604
7/14/2023 0:30,1.515,0.000177745
7/14/2023 0:45,1.705,0.000200037
7/14/2023 1:00,2.595,0.000304455
7/14/2023 1:15,2.42,0.000283923
7/14/2023 1:30,1.7,0.00019945
7/14/2023 1:45,1.55,0.000181852
7/14/2023 2:00,1.61,0.000188891
7/14/2023 2:15,2.675,0.000313841
7/14/2023 2:30,3.34,0.000391861
7/14/2023 2:45,2.8,0.000328506
7/14/2023 3:00,2.26,0.000265151
7/14/2023 3:15,2.005,0.000235234
7/14/2023 3:30,2.16,0.000253419
7/14/2023 3:45,2.115,0.000248139
7/14/2023 4:00,2.33,0.000273364
7/14/2023 4:15,2.51,0.000294482
7/14/2023 4:30,2.31,0.000271017
7/14/2023 4:45,2.27,0.000266325
7/14/2023 5:00,2.23,0.000261632
7/14/2023 5:15,2.41,0.00028275
7/14/2023 5:30,2.415,0.000283336
7/14/2023 5:45,2.43,0.000285096
7/14/2023 6:00,2.48,0.000290963
7/14/2023 6:15,2.5,0.000293309
7/14/2023 6:30,2.4,0.000281577
7/14/2023 6:45,2.435,0.000285683
7/14/2023 7:00,2.25,0.000263978
7/14/2023 7:15,2.26,0.000265151
7/14/2023 7:30,2.11,0.000247553
7/14/2023 7:45,1.99,0.000233474
7/14/2023 8:00,1.9,0.000222915
7/14/2023 8:15,1.84,0.000215875
7/14/2023 8:30,1.695,0.000198863
7/14/2023 8:45,1.635,0.000191824
7/14/2023 9:00,1.59,0.000186545
7/14/2023 9:15,1.525,0.000178918
7/14/2023 9:30,1.43,0.000167773
7/14/2023 9:45,1.375,0.00016132
7/14/2023 10:00,1.32,0.000154867
7/14/2023 10:15,1.35,0.000158387
7/14/2023 10:30,1.375,0.00016132
7/14/2023 10:45,1.43,0.000167773
7/14/2023 11:00,1.46,0.000171292
7/14/2023 11:15,1.38,0.000161907
7/14/2023 11:30,1.34,0.000157214
7/14/2023 11:45,1.19,0.000139615
7/14/2023 12:00,1.165,0.000136682
7/14/2023 12:15,1.1,0.000129056
7/14/2023 12:30,1.015,0.000119083
7/14/2023 12:45,0.985,0.000115564
7/14/2023 13:00,0.98,0.000114977
7/14/2023 13:15,0.955,0.000112044
7/14/2023 13:30,0.84,9.85518E-05
7/14/2023 13:45,0.82,9.62053E-05
7/14/2023 14:00,0.85,9.97251E-05
7/14/2023 14:15,0.905,0.000106178
7/14/2023 14:30,0.84,9.85518E-05
7/14/2023 14:45,0.72,8.4473E-05
7/14/2023 15:00,0.81,9.50321E-05
7/14/2023 15:15,0.95,0.000111457
7/14/2023 15:30,1.025,0.000120257
7/14/2023 15:45,0.935,0.000109698
7/14/2023 16:00,0.845,9.91384E-05
7/14/2023 16:15,0.88,0.000103245
7/14/2023 16:30,0.77,9.03392E-05
7/14/2023 16:45,0.85,9.97251E-05
7/14/2023 17:00,0.695,8.15399E-05
7/14/2023 17:15,0.755,8.85793E-05
7/14/2023 17:30,0.94,0.000110284
7/14/2023 17:45,0.795,9.32723E-05
7/14/2023 18:00,0.71,8.32997E-05
7/14/2023 18:15,0.64,7.50871E-05
7/14/2023 18:30,1.395,0.000163666
7/14/2023 18:45,1.21,0.000141962
7/14/2023 19:00,0.91,0.000106764
7/14/2023 19:15,0.8,9.38589E-05
7/14/2023 19:30,0.81,9.50321E-05
7/14/2023 19:45,0.79,9.26856E-05
7/14/2023 20:00,0.805,9.44455E-05
7/14/2023 20:15,0.815,9.56187E-05
7/14/2023 20:30,0.82,9.62053E-05
7/14/2023 20:45,0.905,0.000106178
7/14/2023 21:00,0.915,0.000107351
7/14/2023 21:15,0.935,0.000109698
7/14/2023 21:30,0.945,0.000110871
7/14/2023 21:45,0.985,0.000115564
7/14/2023 22:00,1.135,0.000133162
7/14/2023 22:15,1.06,0.000124363
7/14/2023 22:30,1.24,0.000145481
7/14/2023 22:45,1.145,0.000134336
7/14/2023 23:00,1.03,0.000120843
7/14/2023 23:15,1.145,0.000134336
7/14/2023 23:30,1.04,0.000122017
7/14/2023 23:45,1.09,0.000127883
7/15/2023 0:00,1.08,0.000126709
7/15/2023 0:15,1.095,0.000128469
7/15/2023 0:30,1.1,0.000129056
7/15/2023 0:45,1.71,0.000200623
7/15/2023 1:00,2.525,0.000296242
7/15/2023 1:15,1.58,0.000185371
7/15/2023 1:30,1.34,0.000157214
7/15/2023 1:45,1.25,0.000146654
7/15/2023 2:00,1.22,0.000143135
7/15/2023 2:15,1.26,0.000147828
7/15/2023 2:30,1.355,0.000158973
7/15/2023 2:45,1.35,0.000158387
7/15/2023 3:00,2.65,0.000310908
7/15/2023 3:15,3.41,0.000400073
7/15/2023 3:30,2.87,0.000336719
7/15/2023 3:45,3.335,0.000391274
7/15/2023 4:00,2.19,0.000256939
7/15/2023 4:15,1.67,0.00019593
7/15/2023 4:30,1.535,0.000180092
7/15/2023 4:45,1.505,0.000176572
7/15/2023 5:00,1.495,0.000175399
7/15/2023 5:15,1.495,0.000175399
7/15/2023 5:30,1.6,0.000187718
7/15/2023 5:45,1.7,0.00019945
7/15/2023 6:00,1.65,0.000193584
7/15/2023 6:15,1.62,0.000190064
7/15/2023 6:30,1.59,0.000186545
7/15/2023 6:45,1.54,0.000180678
7/15/2023 7:00,1.645,0.000192997
7/15/2023 7:15,1.585,0.000185958
7/15/2023 7:30,1.645,0.000192997
7/15/2023 7:45,1.625,0.000190651
7/15/2023 8:00,1.64,0.000192411
7/15/2023 8:15,1.59,0.000186545
7/15/2023 8:30,1.66,0.000194757
7/15/2023 8:45,1.675,0.000196517
7/15/2023 9:00,1.68,0.000197104
7/15/2023 9:15,1.635,0.000191824
7/15/2023 9:30,1.67,0.00019593
7/15/2023 9:45,1.7,0.00019945
7/15/2023 10:00,1.595,0.000187131
7/15/2023 10:15,1.515,0.000177745
7/15/2023 10:30,1.44,0.000168946
7/15/2023 10:45,1.385,0.000162493
7/15/2023 11:00,1.245,0.000146068
7/15/2023 11:15,1.24,0.000145481
7/15/2023 11:30,1.135,0.000133162
7/15/2023 11:45,1.125,0.000131989
7/15/2023 12:00,1.085,0.000127296
7/15/2023 12:15,1.075,0.000126123
7/15/2023 12:30,1.07,0.000125536
7/15/2023 12:45,0.97,0.000113804
7/15/2023 13:00,0.915,0.000107351
7/15/2023 13:15,1.25,0.000146654
7/15/2023 13:30,1.39,0.00016308
7/15/2023 13:45,2.3,0.000269844
7/15/2023 14:00,1.715,0.00020121
7/15/2023 14:15,1.57,0.000184198
7/15/2023 14:30,1.48,0.000173639
7/15/2023 14:45,1.415,0.000166013
7/15/2023 15:00,1.375,0.00016132
7/15/2023 15:15,1.385,0.000162493
7/15/2023 15:30,1.31,0.000153694
7/15/2023 15:45,5.085,0.00059659
7/15/2023 16:00,1.24,0.000145481
7/15/2023 16:15,1.205,0.000141375
7/15/2023 16:30,1.19,0.000139615
7/15/2023 16:45,1.15,0.000134922
7/15/2023 17:00,1.175,0.000137855
7/15/2023 17:15,1.055,0.000123776
7/15/2023 17:30,1.085,0.000127296
7/15/2023 17:45,1.105,0.000129643
7/15/2023 18:00,1.01,0.000118497
7/15/2023 18:15,1.005,0.00011791
7/15/2023 18:30,0.96,0.000112631
7/15/2023 18:45,0.9,0.000105591
7/15/2023 19:00,0.905,0.000106178
7/15/2023 19:15,0.985,0.000115564
7/15/2023 19:30,1.11,0.000130229
7/15/2023 19:45,1.37,0.000160733
7/15/2023 20:00,1.155,0.000135509
7/15/2023 20:15,0.99,0.00011615
7/15/2023 20:30,1.01,0.000118497
7/15/2023 20:45,0.99,0.00011615
7/15/2023 21:00,1.145,0.000134336
7/15/2023 21:15,1.09,0.000127883
7/15/2023 21:30,1.075,0.000126123
7/15/2023 21:45,1.005,0.00011791
7/15/2023 22:00,1.07,0.000125536
7/15/2023 22:15,1.085,0.000127296
7/15/2023 22:30,1.095,0.000128469
7/15/2023 22:45,1.3,0.000152521
7/15/2023 23:00,1.3,0.000152521
7/15/2023 23:15,1.41,0.000165426
7/15/2023 23:30,1.28,0.000150174
7/15/2023 23:45,1.195,0.000140202
7/16/2023 0:00,1.87,0.000219395
7/16/2023 0:15,1.67,0.00019593
7/16/2023 0:30,1.48,0.000173639
7/16/2023 0:45,1.385,0.000162493
7/16/2023 1:00,1.22,0.000143135
7/16/2023 1:15,1.275,0.000149588
7/16/2023 1:30,1.245,0.000146068
7/16/2023 1:45,1.18,0.000138442
7/16/2023 2:00,1.225,0.000143721
7/16/2023 2:15,1.64,0.000192411
7/16/2023 2:30,1.525,0.000178918
7/16/2023 2:45,1.305,0.000153107
7/16/2023 3:00,1.33,0.00015604
7/16/2023 3:15,1.645,0.000192997
7/16/2023 3:30,1.35,0.000158387
7/16/2023 3:45,1.35,0.000158387
7/16/2023 4:00,1.785,0.000209423
7/16/2023 4:15,2.11,0.000247553
7/16/2023 4:30,1.97,0.000231127
7/16/2023 4:45,2.34,0.000274537
7/16/2023 5:00,1.955,0.000229368
7/16/2023 5:15,1.685,0.00019769
7/16/2023 5:30,1.7,0.00019945
7/16/2023 5:45,1.945,0.000228194
7/16/2023 6:00,1.69,0.000198277
7/16/2023 6:15,1.65,0.000193584
7/16/2023 6:30,1.64,0.000192411
7/16/2023 6:45,1.52,0.000178332
7/16/2023 7:00,1.49,0.000174812
7/16/2023 7:15,1.475,0.000173052
7/16/2023 7:30,1.52,0.000178332
7/16/2023 7:45,1.585,0.000185958
7/16/2023 8:00,1.56,0.000183025
7/16/2023 8:15,1.58,0.000185371
7/16/2023 8:30,1.65,0.000193584
7/16/2023 8:45,1.61,0.000188891
7/16/2023 9:00,1.6,0.000187718
7/16/2023 9:15,1.67,0.00019593
7/16/2023 9:30,1.785,0.000209423
7/16/2023 9:45,1.73,0.00020297
7/16/2023 10:00,1.835,0.000215289
7/16/2023 10:15,1.945,0.000228194
7/16/2023 10:30,2.075,0.000243446
7/16/2023 10:45,2.22,0.000260458
7/16/2023 11:00,2.25,0.000263978
7/16/2023 11:15,2.015,0.000236407
7/16/2023 11:30,1.825,0.000214116
7/16/2023 11:45,1.57,0.000184198
7/16/2023 12:00,1.375,0.00016132
7/16/2023 12:15,1.215,0.000142548
7/16/2023 12:30,1.145,0.000134336
7/16/2023 12:45,1.07,0.000125536
7/16/2023 13:00,0.905,0.000106178
7/16/2023 13:15,0.945,0.000110871
7/16/2023 13:30,0.845,9.91384E-05
7/16/2023 13:45,0.855,0.000100312
7/16/2023 14:00,0.78,9.15124E-05
7/16/2023 14:15,0.66,7.74336E-05
7/16/2023 14:30,0.725,8.50596E-05
7/16/2023 14:45,0.725,8.50596E-05
7/16/2023 15:00,0.68,7.978E-05
7/16/2023 15:15,0.69,8.09533E-05
7/16/2023 15:30,0.645,7.56737E-05
7/16/2023 15:45,0.62,7.27406E-05
7/16/2023 16:00,0.595,6.98075E-05
7/16/2023 16:15,0.585,6.86343E-05
7/16/2023 16:30,0.585,6.86343E-05
7/16/2023 16:45,0.675,7.91934E-05
7/16/2023 17:00,0.66,7.74336E-05
7/16/2023 17:15,0.735,8.62328E-05
7/16/2023 17:30,0.765,8.97525E-05
7/16/2023 17:45,0.715,8.38864E-05
7/16/2023 18:00,0.705,8.27131E-05
7/16/2023 18:15,0.69,8.09533E-05
7/16/2023 18:30,0.76,8.91659E-05
7/16/2023 18:45,1.15,0.000134922
7/16/2023 19:00,1.26,0.000147828
7/16/2023 19:15,2.025,0.00023758
7/16/2023 19:30,4.98,0.000584271
7/16/2023 19:45,3.25,0.000381302
7/16/2023 20:00,2.12,0.000248726
7/16/2023 20:15,1.765,0.000207076
7/16/2023 20:30,1.695,0.000198863
7/16/2023 20:45,1.955,0.000229368
7/16/2023 21:00,1.64,0.000192411
7/16/2023 21:15,1.58,0.000185371
7/16/2023 21:30,1.56,0.000183025
7/16/2023 21:45,1.93,0.000226435
7/16/2023 22:00,1.71,0.000200623
7/16/2023 22:15,1.605,0.000188304
7/16/2023 22:30,1.97,0.000231127
7/16/2023 22:45,2.1,0.00024638
7/16/2023 23:00,1.87,0.000219395
7/16/2023 23:15,1.72,0.000201797
7/16/2023 23:30,2.055,0.0002411
7/16/2023 23:45,1.985,0.000232887
7/17/2023 0:00,2.41,0.00028275
7/17/2023 0:15,2.09,0.000245206
7/17/2023 0:30,1.95,0.000228781
7/17/2023 0:45,1.83,0.000214702
7/17/2023 1:00,1.78,0.000208836
7/17/2023 1:15,1.98,0.000232301
7/17/2023 1:30,1.995,0.000234061
7/17/2023 1:45,2,0.000234647
7/17/2023 2:00,2.14,0.000251072
7/17/2023 2:15,2.31,0.000271017
7/17/2023 2:30,2.465,0.000289203
7/17/2023 2:45,2.65,0.000310908
7/17/2023 3:00,2.605,0.000305628
7/17/2023 3:15,2.47,0.000289789
7/17/2023 3:30,2.34,0.000274537
7/17/2023 3:45,2.165,0.000254006
7/17/2023 4:00,2.085,0.00024462
7/17/2023 4:15,2.045,0.000239927
7/17/2023 4:30,2,0.000234647
7/17/2023 4:45,2.17,0.000254592
7/17/2023 5:00,2.15,0.000252246
7/17/2023 5:15,2.36,0.000276884
7/17/2023 5:30,2.55,0.000299175
7/17/2023 5:45,2.345,0.000275124
7/17/2023 6:00,2.19,0.000256939
7/17/2023 6:15,2.08,0.000244033
7/17/2023 6:30,1.98,0.000232301
7/17/2023 6:45,1.905,0.000223501
7/17/2023 7:00,1.87,0.000219395
7/17/2023 7:15,1.79,0.000210009
7/17/2023 7:30,1.755,0.000205903
7/17/2023 7:45,1.645,0.000192997
7/17/2023 8:00,1.7,0.00019945
7/17/2023 8:15,1.7,0.00019945
7/17/2023 8:30,1.705,0.000200037
7/17/2023 8:45,1.76,0.00020649
7/17/2023 9:00,1.645,0.000192997
7/17/2023 9:15,1.655,0.000194171
7/17/2023 9:30,1.635,0.000191824
7/17/2023 9:45,1.73,0.00020297
7/17/2023 10:00,1.63,0.000191237
7/17/2023 10:15,1.6,0.000187718
7/17/2023 10:30,1.665,0.000195344
7/17/2023 10:45,1.635,0.000191824
7/17/2023 11:00,1.755,0.000205903
7/17/2023 11:15,1.9,0.000222915
7/17/2023 11:30,1.87,0.000219395
7/17/2023 11:45,1.765,0.000207076
7/17/2023 12:00,1.66,0.000194757
7/17/2023 12:15,1.565,0.000183611
7/17/2023 12:30,1.38,0.000161907
7/17/2023 12:45,1.32,0.000154867
7/17/2023 13:00,1.255,0.000147241
7/17/2023 13:15,1.125,0.000131989
7/17/2023 13:30,1.21,0.000141962
7/17/2023 13:45,1.4,0.000164253
7/17/2023 14:00,1.355,0.000158973
7/17/2023 14:15,1.22,0.000143135
7/17/2023 14:30,1.11,0.000130229
7/17/2023 14:45,1.11,0.000130229
7/17/2023 15:00,1.23,0.000144308
7/17/2023 15:15,1.175,0.000137855
7/17/2023 15:30,1.065,0.00012495
7/17/2023 15:45,1.07,0.000125536
7/17/2023 16:00,1.01,0.000118497
7/17/2023 16:15,0.975,0.000114391
7/17/2023 16:30,0.975,0.000114391
7/17/2023 16:45,1,0.000117324
7/17/2023 17:00,0.955,0.000112044
7/17/2023 17:15,0.925,0.000108524
7/17/2023 17:30,0.89,0.000104418
7/17/2023 17:45,0.87,0.000102072
7/17/2023 18:00,0.89,0.000104418
7/17/2023 18:15,0.905,0.000106178
7/17/2023 18:30,0.83,9.73786E-05
7/17/2023 18:45,0.87,0.000102072
7/17/2023 19:00,0.865,0.000101485
7/17/2023 19:15,0.775,9.09258E-05
7/17/2023 19:30,0.785,9.2099E-05
7/17/2023 19:45,0.83,9.73786E-05
7/17/2023 20:00,0.765,8.97525E-05
7/17/2023 20:15,0.805,9.44455E-05
7/17/2023 20:30,0.785,9.2099E-05
7/17/2023 20:45,0.86,0.000100898
7/17/2023 21:00,0.915,0.000107351
7/17/2023 21:15,0.97,0.000113804
7/17/2023 21:30,1.31,0.000153694
7/17/2023 21:45,1.09,0.000127883
7/17/2023 22:00,1.03,0.000120843
7/17/2023 22:15,1.07,0.000125536
7/17/2023 22:30,0.985,0.000115564
7/17/2023 22:45,1.22,0.000143135
7/17/2023 23:00,1.35,0.000158387
7/17/2023 23:15,1.67,0.00019593
7/17/2023 23:30,2.435,0.000285683
7/17/2023 23:45,1.795,0.000210596
7/18/2023 0:00,1.56,0.000183025
7/18/2023 0:15,1.47,0.000172466
7/18/2023 0:30,1.5,0.000175985
7/18/2023 0:45,1.37,0.000160733
7/18/2023 1:00,1.435,0.000168359
7/18/2023 1:15,1.345,0.0001578
7/18/2023 1:30,1.43,0.000167773
7/18/2023 1:45,1.57,0.000184198
7/18/2023 2:00,2.02,0.000236994
7/18/2023 2:15,1.96,0.000229954
7/18/2023 2:30,1.705,0.000200037
7/18/2023 2:45,2.005,0.000235234
7/18/2023 3:00,1.82,0.000213529
7/18/2023 3:15,2.17,0.000254592
7/18/2023 3:30,2.03,0.000238167
7/18/2023 3:45,1.595,0.000187131
7/18/2023 4:00,1.54,0.000180678
7/18/2023 4:15,1.53,0.000179505
7/18/2023 4:30,1.51,0.000177159
7/18/2023 4:45,1.46,0.000171292
7/18/2023 5:00,1.47,0.000172466
7/18/2023 5:15,1.53,0.000179505
7/18/2023 5:30,1.675,0.000196517
7/18/2023 5:45,1.71,0.000200623
7/18/2023 6:00,1.635,0.000191824
7/18/2023 6:15,1.64,0.000192411
7/18/2023 6:30,1.7,0.00019945
7/18/2023 6:45,1.79,0.000210009
7/18/2023 7:00,1.665,0.000195344
7/18/2023 7:15,1.615,0.000189478
7/18/2023 7:30,1.435,0.000168359
7/18/2023 7:45,1.3,0.000152521
7/18/2023 8:00,1.315,0.000154281
7/18/2023 8:15,1.23,0.000144308
7/18/2023 8:30,1.215,0.000142548
7/18/2023 8:45,1.14,0.000133749
7/18/2023 9:00,1.155,0.000135509
7/18/2023 9:15,1.16,0.000136095
7/18/2023 9:30,1.135,0.000133162
7/18/2023 9:45,1.125,0.000131989
7/18/2023 10:00,1.14,0.000133749
7/18/2023 10:15,1.1,0.000129056
7/18/2023 10:30,1.01,0.000118497
7/18/2023 10:45,0.995,0.000116737
7/18/2023 11:00,1.015,0.000119083
7/18/2023 11:15,1.01,0.000118497
7/18/2023 11:30,0.98,0.000114977
7/18/2023 11:45,1.1,0.000129056
7/18/2023 12:00,1.155,0.000135509
7/18/2023 12:15,1,0.000117324
7/18/2023 12:30,1.02,0.00011967
7/18/2023 12:45,1.13,0.000132576
7/18/2023 13:00,1.085,0.000127296
7/18/2023 13:15,1.07,0.000125536
7/18/2023 13:30,1.05,0.00012319
7/18/2023 13:45,0.92,0.000107938
7/18/2023 14:00,0.89,0.000104418
7/18/2023 14:15,0.79,9.26856E-05
7/18/2023 14:30,0.765,8.97525E-05
7/18/2023 14:45,0.78,9.15124E-05
7/18/2023 15:00,0.65,7.62603E-05
7/18/2023 15:15,0.655,7.6847E-05
7/18/2023 15:30,0.56,6.57012E-05
7/18/2023 15:45,0.575,6.74611E-05
7/18/2023 16:00,0.49,5.74886E-05
7/18/2023 16:15,0.55,6.4528E-05
7/18/2023 16:30,0.555,6.51146E-05
7/18/2023 16:45,0.5,5.86618E-05
7/18/2023 17:00,0.51,5.9835E-05
7/18/2023 17:15,0.51,5.9835E-05
7/18/2023 17:30,0.515,6.04216E-05
7/18/2023 17:45,0.5,5.86618E-05
7/18/2023 18:00,0.495,5.80752E-05
7/18/2023 18:15,0.57,6.68744E-05
7/18/2023 18:30,0.495,5.80752E-05
7/18/2023 18:45,0.55,6.4528E-05
7/18/2023 19:00,0.58,6.80477E-05
7/18/2023 19:15,0.565,6.62878E-05
7/18/2023 19:30,0.585,6.86343E-05
7/18/2023 19:45,0.545,6.39414E-05
7/18/2023 20:00,0.62,7.27406E-05
7/18/2023 20:15,0.68,7.978E-05
7/18/2023 20:30,0.63,7.39139E-05
7/18/2023 20:45,0.79,9.26856E-05
7/18/2023 21:00,1.35,0.000158387
7/18/2023 21:15,1.37,0.000160733
7/18/2023 21:30,1.02,0.00011967
7/18/2023 21:45,1.59,0.000186545
7/18/2023 22:00,1.295,0.000151934
7/18/2023 22:15,1.1,0.000129056
7/18/2023 22:30,0.865,0.000101485
7/18/2023 22:45,0.805,9.44455E-05
7/18/2023 23:00,0.825,9.6792E-05
7/18/2023 23:15,1.01,0.000118497
7/18/2023 23:30,1.09,0.000127883
7/18/2023 23:45,1.06,0.000124363
7/19/2023 0:00,1,0.000117324
7/19/2023 0:15,0.965,0.000113217
7/19/2023 0:30,0.945,0.000110871
7/19/2023 0:45,1.025,0.000120257
7/19/2023 1:00,0.94,0.000110284
7/19/2023 1:15,0.84,9.85518E-05
7/19/2023 1:30,1.44,0.000168946
7/19/2023 1:45,1.21,0.000141962
7/19/2023 2:00,1.415,0.000166013
7/19/2023 2:15,1.42,0.000166599
7/19/2023 2:30,1.14,0.000133749
7/19/2023 2:45,1.315,0.000154281
7/19/2023 3:00,1.29,0.000151347
7/19/2023 3:15,1.035,0.00012143
7/19/2023 3:30,1.08,0.000126709
7/19/2023 3:45,1.02,0.00011967
7/19/2023 4:00,0.94,0.000110284
7/19/2023 4:15,0.985,0.000115564
7/19/2023 4:30,1.005,0.00011791
7/19/2023 4:45,0.965,0.000113217
7/19/2023 5:00,0.94,0.000110284
7/19/2023 5:15,0.99,0.00011615
7/19/2023 5:30,1.01,0.000118497
7/19/2023 5:45,1.05,0.00012319
7/19/2023 6:00,1.16,0.000136095
7/19/2023 6:15,1.22,0.000143135
7/19/2023 6:30,1.12,0.000131402
7/19/2023 6:45,1.13,0.000132576
7/19/2023 7:00,1.095,0.000128469
7/19/2023 7:15,1.035,0.00012143
7/19/2023 7:30,1.055,0.000123776
7/19/2023 7:45,1.035,0.00012143
7/19/2023 8:00,0.97,0.000113804
7/19/2023 8:15,0.965,0.000113217
7/19/2023 8:30,1.095,0.000128469
7/19/2023 8:45,1.43,0.000167773
7/19/2023 9:00,1.92,0.000225261
7/19/2023 9:15,2.285,0.000268084
7/19/2023 9:30,2.325,0.000272777
7/19/2023 9:45,2.32,0.000272191
7/19/2023 10:00,2.38,0.00027923
7/19/2023 10:15,1.98,0.000232301
7/19/2023 10:30,1.765,0.000207076
7/19/2023 10:45,1.445,0.000169533
7/19/2023 11:00,1.3,0.000152521
7/19/2023 11:15,1.33,0.00015604
7/19/2023 11:30,1.395,0.000163666
7/19/2023 11:45,1.395,0.000163666
7/19/2023 12:00,1.35,0.000158387
7/19/2023 12:15,1.19,0.000139615
7/19/2023 12:30,1.245,0.000146068
7/19/2023 12:45,1.15,0.000134922
7/19/2023 13:00,1.135,0.000133162
7/19/2023 13:15,1.045,0.000122603
7/19/2023 13:30,1.065,0.00012495
7/19/2023 13:45,1,0.000117324
7/19/2023 14:00,0.87,0.000102072
7/19/2023 14:15,0.86,0.000100898
7/19/2023 14:30,0.87,0.000102072
7/19/2023 14:45,0.755,8.85793E-05
7/19/2023 15:00,0.74,8.68195E-05
7/19/2023 15:15,0.865,0.000101485
7/19/2023 15:30,1.155,0.000135509
7/19/2023 15:45,1.18,0.000138442
7/19/2023 16:00,1.06,0.000124363
7/19/2023 16:15,0.965,0.000113217
7/19/2023 16:30,0.905,0.000106178
7/19/2023 16:45,0.91,0.000106764
7/19/2023 17:00,0.865,0.000101485
7/19/2023 17:15,0.915,0.000107351
7/19/2023 17:30,0.825,9.6792E-05
7/19/2023 17:45,0.865,0.000101485
7/19/2023 18:00,0.86,0.000100898
7/19/2023 18:15,0.86,0.000100898
7/19/2023 18:30,0.83,9.73786E-05
7/19/2023 18:45,0.82,9.62053E-05
7/19/2023 19:00,0.83,9.73786E-05
7/19/2023 19:15,0.79,9.26856E-05
7/19/2023 19:30,0.84,9.85518E-05
7/19/2023 19:45,0.71,8.32997E-05
7/19/2023 20:00,0.81,9.50321E-05
7/19/2023 20:15,2.95,0.000346105
7/19/2023 20:30,1.36,0.00015956
7/19/2023 20:45,1.14,0.000133749
7/19/2023 21:00,1.11,0.000130229
7/19/2023 21:15,1.07,0.000125536
7/19/2023 21:30,0.99,0.00011615
7/19/2023 21:45,0.94,0.000110284
7/19/2023 22:00,0.875,0.000102658
7/19/2023 22:15,0.855,0.000100312
7/19/2023 22:30,0.96,0.000112631
7/19/2023 22:45,1.11,0.000130229
7/19/2023 23:00,1.305,0.000153107
7/19/2023 23:15,1.51,0.000177159
7/19/2023 23:30,1.58,0.000185371
7/19/2023 23:45,1.42,0.000166599
7/20/2023 0:00,1.31,0.000153694
7/20/2023 0:15,1.25,0.000146654
7/20/2023 0:30,1.2,0.000140788
7/20/2023 0:45,1.14,0.000133749
7/20/2023 1:00,1.11,0.000130229
7/20/2023 1:15,1.07,0.000125536
7/20/2023 1:30,1.075,0.000126123
7/20/2023 1:45,1.09,0.000127883
7/20/2023 2:00,1.02,0.00011967
7/20/2023 2:15,1.415,0.000166013
7/20/2023 2:30,1.015,0.000119083
7/20/2023 2:45,1.005,0.00011791
7/20/2023 3:00,1.01,0.000118497
7/20/2023 3:15,1.075,0.000126123
7/20/2023 3:30,1.11,0.000130229
7/20/2023 3:45,1.055,0.000123776
7/20/2023 4:00,1.08,0.000126709
7/20/2023 4:15,1.13,0.000132576
7/20/2023 4:30,1.62,0.000190064
7/20/2023 4:45,1.375,0.00016132
7/20/2023 5:00,1.165,0.000136682
7/20/2023 5:15,1.2,0.000140788
7/20/2023 5:30,1.26,0.000147828
7/20/2023 5:45,1.3,0.000152521
7/20/2023 6:00,1.38,0.000161907
7/20/2023 6:15,1.43,0.000167773
7/20/2023 6:30,1.485,0.000174226
7/20/2023 6:45,1.665,0.000195344
7/20/2023 7:00,1.78,0.000208836
7/20/2023 7:15,1.73,0.00020297
7/20/2023 7:30,1.52,0.000178332
7/20/2023 7:45,1.335,0.000156627
7/20/2023 8:00,1.32,0.000154867
7/20/2023 8:15,1.355,0.000158973
7/20/2023 8:30,1.4,0.000164253
7/20/2023 8:45,1.37,0.000160733
7/20/2023 9:00,1.4,0.000164253
7/20/2023 9:15,1.265,0.000148414
7/20/2023 9:30,1.265,0.000148414
7/20/2023 9:45,1.17,0.000137269
7/20/2023 10:00,1.1,0.000129056
7/20/2023 10:15,1.07,0.000125536
7/20/2023 10:30,1.015,0.000119083
7/20/2023 10:45,1.03,0.000120843
7/20/2023 11:00,1.01,0.000118497
7/20/2023 11:15,0.985,0.000115564
7/20/2023 11:30,0.97,0.000113804
7/20/2023 11:45,0.975,0.000114391
7/20/2023 12:00,0.89,0.000104418
7/20/2023 12:15,1.28,0.000150174
7/20/2023 12:30,0.97,0.000113804
7/20/2023 12:45,3.2,0.000375435
7/20/2023 13:00,0.745,8.74061E-05
7/20/2023 13:15,0.75,8.79927E-05
7/20/2023 13:30,0.835,9.79652E-05
7/20/2023 13:45,0.785,9.2099E-05
7/20/2023 14:00,0.765,8.97525E-05
7/20/2023 14:15,0.72,8.4473E-05
7/20/2023 14:30,0.75,8.79927E-05
7/20/2023 14:45,0.745,8.74061E-05
7/20/2023 15:00,0.625,7.33272E-05
7/20/2023 15:15,0.71,8.32997E-05
7/20/2023 15:30,0.65,7.62603E-05
7/20/2023 15:45,0.64,7.50871E-05
7/20/2023 16:00,0.61,7.15674E-05
7/20/2023 16:15,0.67,7.86068E-05
7/20/2023 16:30,0.555,6.51146E-05
7/20/2023 16:45,0.565,6.62878E-05
7/20/2023 17:00,0.58,6.80477E-05
7/20/2023 17:15,0.63,7.39139E-05
7/20/2023 17:30,0.62,7.27406E-05
7/20/2023 17:45,0.67,7.86068E-05
7/20/2023 18:00,0.585,6.86343E-05
7/20/2023 18:15,0.64,7.50871E-05
7/20/2023 18:30,0.875,0.000102658
7/20/2023 18:45,0.87,0.000102072
7/20/2023 19:00,0.79,9.26856E-05
7/20/2023 19:15,0.775,9.09258E-05
7/20/2023 19:30,0.955,0.000112044
7/20/2023 19:45,0.975,0.000114391
7/20/2023 20:00,1.005,0.00011791
7/20/2023 20:15,1.07,0.000125536
7/20/2023 20:30,1.105,0.000129643
7/20/2023 20:45,1.225,0.000143721
7/20/2023 21:00,1.28,0.000150174
7/20/2023 21:15,1.395,0.000163666
7/20/2023 21:30,1.49,0.000174812
7/20/2023 21:45,1.45,0.000170119
7/20/2023 22:00,1.31,0.000153694
7/20/2023 22:15,1.97,0.000231127
7/20/2023 22:30,1.31,0.000153694
7/20/2023 22:45,9.755,0.001144492
7/20/2023 23:00,27.325,0.003205867
7/20/2023 23:15,23.135,0.002714281
7/20/2023 23:30,23.99,0.002814593
7/20/2023 23:45,23.835,0.002796408
7/21/2023 0:00,19.34,0.002269038
7/21/2023 0:15,16.225,0.001903575
7/21/2023 0:30,14.675,0.001721724
7/21/2023 0:45,14.355,0.00168418
7/21/2023 1:00,15.465,0.001814409
7/21/2023 1:15,16.61,0.001948745
7/21/2023 1:30,17.605,0.002065482
7/21/2023 1:45,17.69,0.002075454
7/21/2023 2:00,18.995,0.002228562
7/21/2023 2:15,21.485,0.002520697
7/21/2023 2:30,16.14,0.001893603
7/21/2023 2:45,15.715,0.00184374
7/21/2023 3:00,15.64,0.001834941
7/21/2023 3:15,16.575,0.001944639
7/21/2023 3:30,23.305,0.002734226
7/21/2023 3:45,52.685,0.006181193
7/21/2023 4:00,139.76,0.016397145
7/21/2023 4:15,342.34,0.040164558
7/21/2023 4:30,624.345,0.073250397
7/21/2023 4:45,987.77,0.115888723
7/21/2023 5:00,1399.125,0.164150369
7/21/2023 5:15,1741.23,0.204287356
7/21/2023 5:30,1924.62,0.225803329
7/21/2023 5:45,2007.065,0.235476073
7/21/2023 6:00,2006.765,0.235440876
7/21/2023 6:15,2024.665,0.237540968
7/21/2023 6:30,2032.77,0.238491876
7/21/2023 6:45,2038.24,0.239133636
7/21/2023 7:00,2054.305,0.241018439
7/21/2023 7:15,2047.06,0.24016843
7/21/2023 7:30,2006.075,0.235359922
7/21/2023 7:45,1959.985,0.229952478
7/21/2023 8:00,1884.87,0.221139717
7/21/2023 8:15,1793.62,0.210433939
7/21/2023 8:30,1720.305,0.20183236
7/21/2023 8:45,1624.04,0.190538204
7/21/2023 9:00,1497.445,0.175685624
7/21/2023 9:15,1384.34,0.16241574
7/21/2023 9:30,1250.305,0.146690272
7/21/2023 9:45,1118.725,0.131252834
7/21/2023 10:00,986.66,0.115758494
7/21/2023 10:15,870.02,0.10207387
7/21/2023 10:30,766.965,0.089983088
7/21/2023 10:45,665.77,0.078110527
7/21/2023 11:00,583.655,0.0684765
7/21/2023 11:15,513.2,0.060210467
7/21/2023 11:30,447.415,0.052492334
7/21/2023 11:45,399.59,0.046881334
7/21/2023 12:00,355.895,0.041754879
7/21/2023 12:15,328.14,0.038498563
7/21/2023 12:30,305.58,0.035851743
7/21/2023 12:45,280.58,0.032918653
7/21/2023 13:00,253.875,0.029785527
7/21/2023 13:15,225.61,0.026469375
7/21/2023 13:30,199.47,0.023402537
7/21/2023 13:45,173.74,0.020383801
7/21/2023 14:00,152.615,0.01790534
7/21/2023 14:15,136.115,0.015969501
7/21/2023 14:30,124.365,0.014590948
7/21/2023 14:45,115.68,0.013571993
7/21/2023 15:00,114.385,0.013420059
7/21/2023 15:15,122.955,0.014425522
7/21/2023 15:30,164.27,0.019272746
7/21/2023 15:45,247.295,0.029013537
7/21/2023 16:00,371.335,0.043566356
7/21/2023 16:15,506.35,0.0594068
7/21/2023 16:30,617.08,0.072398041
7/21/2023 16:45,690.37,0.080996687
7/21/2023 17:00,697.985,0.081890107
7/21/2023 17:15,643.175,0.075459601
7/21/2023 17:30,557.75,0.065437233
7/21/2023 17:45,466.4,0.054719723
7/21/2023 18:00,378.78,0.04443983
7/21/2023 18:15,305.145,0.035800707
7/21/2023 18:30,247.76,0.029068093
7/21/2023 18:45,202.275,0.023731629
7/21/2023 19:00,171.515,0.020122756
7/21/2023 19:15,144.885,0.016998428
7/21/2023 19:30,128.185,0.015039124
7/21/2023 19:45,116.39,0.013655293
7/21/2023 20:00,107.45,0.01260642
7/21/2023 20:15,100.475,0.011788088
7/21/2023 20:30,95.23,0.011172726
7/21/2023 20:45,90.935,0.010668821
7/21/2023 21:00,87.205,0.010231204
7/21/2023 21:15,83.585,0.009806492
7/21/2023 21:30,92.63,0.010867684
7/21/2023 21:45,81.825,0.009600003
7/21/2023 22:00,77.235,0.009061488
7/21/2023 22:15,75.195,0.008822147
7/21/2023 22:30,75.255,0.008829187
7/21/2023 22:45,78.555,0.009216355
7/21/2023 23:00,82.01,0.009621708
7/21/2023 23:15,85.48,0.010028821
7/21/2023 23:30,90.135,0.010574962
7/21/2023 23:45,92.99,0.010909921
7/22/2023 0:00,93.92,0.011019032
7/22/2023 0:15,91.55,0.010740975
7/22/2023 0:30,87.705,0.010289866
7/22/2023 0:45,83.67,0.009816465
7/22/2023 1:00,79.2,0.009292028
7/22/2023 1:15,74.625,0.008755273
7/22/2023 1:30,70.48,0.008268967
7/22/2023 1:45,67.605,0.007931661
7/22/2023 2:00,64.28,0.00754156
7/22/2023 2:15,62.275,0.007306327
7/22/2023 2:30,60.3,0.007074613
7/22/2023 2:45,58.135,0.006820607
7/22/2023 3:00,56.685,0.006650488
7/22/2023 3:15,55.74,0.006539617
7/22/2023 3:30,54.22,0.006361285
7/22/2023 3:45,53.325,0.00625628
7/22/2023 4:00,51.31,0.006019873
7/22/2023 4:15,50.09,0.005876739
7/22/2023 4:30,49.65,0.005825116
7/22/2023 4:45,49.485,0.005805758
7/22/2023 5:00,48.245,0.005660277
7/22/2023 5:15,48.325,0.005669663
7/22/2023 5:30,48.01,0.005632706
7/22/2023 5:45,48.89,0.00573595
7/22/2023 6:00,49.355,0.005790506
7/22/2023 6:15,49.295,0.005783466
7/22/2023 6:30,48.23,0.005658517
7/22/2023 6:45,47.325,0.005552339
7/22/2023 7:00,46.63,0.005470799
7/22/2023 7:15,45.785,0.005371661
7/22/2023 7:30,45.49,0.00533705
7/22/2023 7:45,45.22,0.005305373
7/22/2023 8:00,45.22,0.005305373
7/22/2023 8:15,44.56,0.005227939
7/22/2023 8:30,44.42,0.005211514
7/22/2023 8:45,43.115,0.005058407
7/22/2023 9:00,42.305,0.004963375
7/22/2023 9:15,41.815,0.004905886
7/22/2023 9:30,40.91,0.004799708
7/22/2023 9:45,40.39,0.0047387
7/22/2023 10:00,39.825,0.004672412
7/22/2023 10:15,39.66,0.004653054
7/22/2023 10:30,38.865,0.004559781
7/22/2023 10:45,38.865,0.004559781
7/22/2023 11:00,38.32,0.00449584
7/22/2023 11:15,37.22,0.004366784
7/22/2023 11:30,36.09,0.004234208
7/22/2023 11:45,35.47,0.004161468
7/22/2023 12:00,34.52,0.00405001
7/22/2023 12:15,33.98,0.003986656
7/22/2023 12:30,33.19,0.00389397
7/22/2023 12:45,33.08,0.003881064
7/22/2023 13:00,33.185,0.003893383
7/22/2023 13:15,33.015,0.003873438
7/22/2023 13:30,33.11,0.003884584
7/22/2023 13:45,33.305,0.003907462
7/22/2023 14:00,32.745,0.003841761
7/22/2023 14:15,32.52,0.003815363
7/22/2023 14:30,32.66,0.003831788
7/22/2023 14:45,32.675,0.003833548
7/22/2023 15:00,33.305,0.003907462
7/22/2023 15:15,33.85,0.003971404
7/22/2023 15:30,33.97,0.003985482
7/22/2023 15:45,33.805,0.003966124
7/22/2023 16:00,33.59,0.003940899
7/22/2023 16:15,33.515,0.0039321
7/22/2023 16:30,33.285,0.003905116
7/22/2023 16:45,33.28,0.003904529
7/22/2023 17:00,32.785,0.003846454
7/22/2023 17:15,32.57,0.003821229
7/22/2023 17:30,32.665,0.003832375
7/22/2023 17:45,31.985,0.003752595
7/22/2023 18:00,32.07,0.003762568
7/22/2023 18:15,32.435,0.003805391
7/22/2023 18:30,182.355,0.021394543
7/22/2023 18:45,249.465,0.02926813
7/22/2023 19:00,254.96,0.029912823
7/22/2023 19:15,253.675,0.029762062
7/22/2023 19:30,413.46,0.048508612
7/22/2023 19:45,540.43,0.063405188
7/22/2023 20:00,615.94,0.072264293
7/22/2023 20:15,706.945,0.082941326
7/22/2023 20:30,653.75,0.076700297
7/22/2023 20:45,851.49,0.099899864
7/22/2023 21:00,587.225,0.068895346
7/22/2023 21:15,316.59,0.037143476
7/22/2023 21:30,384.82,0.045148464
7/22/2023 21:45,318.395,0.037355245
7/22/2023 22:30,238.69,0.028003968
7/22/2023 22:45,348.695,0.040910149
7/22/2023 23:00,482.435,0.056601007
7/22/2023 23:15,502.355,0.058938092
7/22/2023 23:30,475.72,0.055813179
7/22/2023 23:45,444.01,0.052092848
7/23/2023 0:00,422.965,0.049623773
7/23/2023 0:15,415.195,0.048712168
7/23/2023 0:30,445.76,0.052298164
7/23/2023 0:45,430.645,0.050524818
7/23/2023 1:00,429.485,0.050388722
7/23/2023 1:15,475.045,0.055733985
7/23/2023 1:30,525.065,0.061602511
7/23/2023 1:45,596.755,0.070013439
7/23/2023 2:00,705.83,0.08281051
7/23/2023 2:15,874.05,0.102546685
7/23/2023 2:30,1008.17,0.118282125
7/23/2023 2:45,1181.995,0.138675898
7/23/2023 3:00,1333.55,0.156456874
7/23/2023 3:15,1408.65,0.165267876
7/23/2023 3:45,1374.605,0.161273595
7/23/2023 4:00,1292.945,0.15169295
7/23/2023 4:15,1192.9,0.139955311
7/23/2023 4:30,1092.79,0.128210047
7/23/2023 4:45,1043.53,0.122430687
7/23/2023 5:00,967.59,0.113521133
7/23/2023 5:15,906.965,0.106408391
7/23/2023 5:30,850.53,0.099787234
7/23/2023 5:45,803.555,0.094275958
7/23/2023 6:00,759.89,0.089153023
7/23/2023 6:15,732.905,0.085987046
7/23/2023 6:30,700.425,0.082176376
7/23/2023 6:45,642.985,0.075437309
7/23/2023 7:00,605.675,0.071059966
7/23/2023 7:15,574.83,0.06744112
7/23/2023 7:30,730.75,0.085734214
7/23/2023 7:45,671.365,0.078766953
7/23/2023 8:00,624.215,0.073235145
7/23/2023 8:15,511.775,0.060043281
7/23/2023 8:30,521.725,0.06121065
7/23/2023 8:45,485.625,0.056975269
7/23/2023 9:00,438.46,0.051441702
7/23/2023 9:15,433.22,0.050826926
7/23/2023 9:30,430.935,0.050558842
7/23/2023 9:45,402.955,0.047276128
7/23/2023 10:00,377.77,0.044321333
7/23/2023 10:15,373.785,0.043853798
7/23/2023 10:30,360.88,0.042339737
7/23/2023 10:45,377.835,0.044328959
7/23/2023 11:00,355.155,0.04166806
7/23/2023 11:15,348.075,0.040837409
7/23/2023 11:30,341.945,0.040118215
7/23/2023 11:45,324.075,0.038021643
7/23/2023 12:00,315.865,0.037058416
7/23/2023 12:15,300.055,0.03520353
7/23/2023 12:30,295.715,0.034694346
7/23/2023 12:45,289.84,0.03400507
7/23/2023 13:00,276.925,0.032489835
7/23/2023 13:15,278.95,0.032727416
7/23/2023 13:30,273.64,0.032104427
7/23/2023 13:45,270.235,0.031704941
7/23/2023 14:00,262.045,0.03074406
7/23/2023 14:15,252.2,0.02958901
7/23/2023 14:30,247.48,0.029035242
7/23/2023 14:45,242.235,0.02841988
7/23/2023 15:00,239.51,0.028100173
7/23/2023 15:15,234.115,0.027467212
7/23/2023 15:30,226.035,0.026519238
7/23/2023 15:45,225.65,0.026474068
7/23/2023 16:00,221.495,0.025986589
7/23/2023 16:15,226.625,0.026588459
7/23/2023 16:30,224.545,0.026344426
7/23/2023 16:45,224.11,0.02629339
7/23/2023 17:00,220.03,0.02581471
7/23/2023 17:15,219.67,0.025772473
7/23/2023 17:30,210.065,0.02464558
7/23/2023 17:45,203.665,0.023894709
7/23/2023 18:00,197.98,0.023227725
7/23/2023 18:15,195.25,0.022907431
7/23/2023 18:30,196.805,0.023089869
7/23/2023 18:45,190.315,0.022328439
7/23/2023 19:00,183.9,0.021575808
7/23/2023 19:15,191.71,0.022492106
7/23/2023 19:30,194.195,0.022783655
7/23/2023 19:45,171.705,0.020145047
7/23/2023 20:00,174.83,0.020511683
7/23/2023 20:15,174.36,0.020456541
7/23/2023 20:30,176.015,0.020650712
7/23/2023 20:45,210.53,0.024700136
7/23/2023 21:00,176.645,0.020724626
7/23/2023 21:15,170.635,0.020019511
7/23/2023 21:30,370.495,0.043467804
7/23/2023 21:45,237.32,0.027843235
7/23/2023 22:00,175.365,0.020574451
7/23/2023 22:15,175.885,0.02063546
7/23/2023 22:30,157.575,0.018487265
7/23/2023 22:45,152.48,0.017889501
7/23/2023 23:00,146.585,0.017197879
7/23/2023 23:15,142.08,0.016669336
7/23/2023 23:30,137.45,0.016126128
7/23/2023 23:45,139.11,0.016320885
7/24/2023 0:00,143.325,0.016815404
7/24/2023 0:15,145.445,0.01706413
7/24/2023 0:30,140.71,0.016508602
7/24/2023 0:45,131.285,0.015402828
7/24/2023 1:00,131.26,0.015399895
7/24/2023 1:15,138.58,0.016258703
7/24/2023 1:30,135.695,0.015920225
7/24/2023 1:45,126.925,0.014891297
7/24/2023 2:00,122.41,0.014361581
7/24/2023 2:15,125.435,0.014716485
7/24/2023 2:30,125.85,0.014765174
7/24/2023 2:45,129.335,0.015174047
7/24/2023 3:00,142.515,0.016720372
7/24/2023 3:15,146.41,0.017177347
7/24/2023 3:30,180.865,0.021219731
7/24/2023 3:45,176.85,0.020748677
7/24/2023 4:00,181.095,0.021246716
7/24/2023 4:15,158.825,0.018633919
7/24/2023 4:30,133.65,0.015680298
7/24/2023 4:45,126.17,0.014802717
7/24/2023 5:00,121.085,0.014206127
7/24/2023 5:15,115.89,0.013596631
7/24/2023 5:30,115.335,0.013531516
7/24/2023 5:45,115.26,0.013522717
7/24/2023 6:00,119.33,0.014000224
7/24/2023 6:15,120.87,0.014180902
7/24/2023 6:30,111.33,0.013061635
7/24/2023 6:45,102.27,0.011998684
7/24/2023 7:00,110.185,0.0129273
7/24/2023 7:15,110.14,0.01292202
7/24/2023 7:30,106.59,0.012505522
7/24/2023 7:45,107.905,0.012659802
7/24/2023 8:00,111.425,0.013072781
7/24/2023 8:15,110.83,0.013002974
7/24/2023 8:30,110.105,0.012917914
7/24/2023 8:45,111.305,0.013058702
7/24/2023 9:00,107.645,0.012629298
7/24/2023 9:15,104.745,0.01228906
7/24/2023 9:30,103.885,0.012188161
7/24/2023 9:45,107.805,0.01264807
7/24/2023 10:00,108.21,0.012695586
7/24/2023 10:15,108.3,0.012706145
7/24/2023 10:30,103.23,0.012111314
7/24/2023 10:45,108.68,0.012750728
7/24/2023 11:00,132.035,0.01549082
7/24/2023 11:15,92.99,0.010909921
7/24/2023 11:30,90.125,0.010573789
7/24/2023 11:45,90.755,0.010647702
7/24/2023 12:00,90.49,0.010616612
7/24/2023 12:15,91.2,0.010699911
7/24/2023 12:30,83.42,0.009787134
7/24/2023 12:45,78.195,0.009174118
7/24/2023 13:00,78.57,0.009218115
7/24/2023 13:15,81.885,0.009607042
7/24/2023 13:30,87.78,0.010298665
7/24/2023 13:45,84.045,0.009860461
7/24/2023 14:00,78.155,0.009169425
7/24/2023 14:15,84.425,0.009905044
7/24/2023 14:30,72.93,0.008556409
7/24/2023 14:45,74.815,0.008777564
7/24/2023 15:00,70.33,0.008251368
7/24/2023 15:15,71.615,0.008402129
7/24/2023 15:30,62.44,0.007325685
7/24/2023 15:45,70.29,0.008246675
7/24/2023 16:00,66.485,0.007800259
7/24/2023 16:15,58.51,0.006864603
7/24/2023 16:30,72.155,0.008465484
7/24/2023 16:45,64.165,0.007528068
7/24/2023 17:00,70.605,0.008283632
7/24/2023 17:15,84.55,0.00991971
7/24/2023 17:30,71.36,0.008372211
7/24/2023 17:45,81,0.009503211
7/24/2023 18:00,69.335,0.008134631
7/24/2023 18:15,76.275,0.008948857
7/24/2023 18:30,72.47,0.008502441
7/24/2023 18:45,67.405,0.007908197
7/24/2023 19:00,70.76,0.008301817
7/24/2023 19:15,67.61,0.007932248
7/24/2023 19:30,68.14,0.007994429
7/24/2023 19:45,77.22,0.009059728
7/24/2023 20:00,65.07,0.007634246
7/24/2023 20:15,69.945,0.008206199
7/24/2023 20:30,64.555,0.007573824
7/24/2023 20:45,68.75,0.008065997
7/24/2023 21:00,62.205,0.007298114
7/24/2023 21:15,51.325,0.006021633
7/24/2023 21:30,49.195,0.005771734
7/24/2023 21:45,48.37,0.005674942
7/24/2023 22:00,60.45,0.007092211
7/24/2023 22:15,48.07,0.005639745
7/24/2023 22:30,49.405,0.005796372
7/24/2023 22:45,50.01,0.005867353
7/24/2023 23:00,53.14,0.006234576
7/24/2023 23:15,51.215,0.006008728
7/24/2023 23:30,53.845,0.006317289
7/24/2023 23:45,52.5,0.006159489
7/25/2023 0:00,50.71,0.005949479
7/25/2023 0:15,55.58,0.006520845
7/25/2023 0:30,54.29,0.006369498
7/25/2023 0:45,47.39,0.005559965
7/25/2023 1:00,47.575,0.00558167
7/25/2023 1:15,47.26,0.005544713
7/25/2023 1:30,49.82,0.005845061
7/25/2023 1:45,47.045,0.005519488
7/25/2023 2:00,50.125,0.005880845
7/25/2023 2:15,54.3,0.006370671
7/25/2023 2:30,58.475,0.006860497
7/25/2023 2:45,61.52,0.007217747
7/25/2023 3:00,61.72,0.007241212
7/25/2023 3:15,59.8,0.007015951
7/25/2023 3:30,55.36,0.006495034
7/25/2023 3:45,101.675,0.011928876
7/25/2023 4:00,52.765,0.006190579
7/25/2023 4:15,59.04,0.006926785
7/25/2023 4:30,52.54,0.006164181
7/25/2023 4:45,49.02,0.005751202
7/25/2023 5:00,49.27,0.005780533
7/25/2023 5:15,48.71,0.005714832
7/25/2023 5:30,48.755,0.005720112
7/25/2023 5:45,48.21,0.00565617
7/25/2023 6:00,48.41,0.005679635
7/25/2023 6:15,47.94,0.005624493
7/25/2023 6:30,47.315,0.005551166
7/25/2023 6:45,47.745,0.005601615
7/25/2023 7:00,47.305,0.005549992
7/25/2023 7:15,46.42,0.005446161
7/25/2023 7:30,46.105,0.005409204
7/25/2023 7:45,45.49,0.00533705
7/25/2023 8:00,45.585,0.005348196
7/25/2023 8:15,45.41,0.005327664
7/25/2023 8:30,61.135,0.007172578
7/25/2023 8:45,44.76,0.005251404
7/25/2023 9:00,44.01,0.005163411
7/25/2023 9:15,44.095,0.005173384
7/25/2023 9:30,43.365,0.005087738
7/25/2023 9:45,43.46,0.005098883
7/25/2023 10:00,43.18,0.005066033
7/25/2023 10:15,43.77,0.005135254
7/25/2023 10:30,44.78,0.00525375
7/25/2023 10:45,44.69,0.005243191
7/25/2023 11:00,44.59,0.005231459
7/25/2023 11:15,44.995,0.005278975
7/25/2023 11:30,44.695,0.005243778
7/25/2023 11:45,43.6,0.005115309
7/25/2023 12:00,42.345,0.004968067
7/25/2023 12:15,41.055,0.00481672
7/25/2023 12:30,40.385,0.004738113
7/25/2023 12:45,41.355,0.004851917
7/25/2023 13:00,40.205,0.004716995
7/25/2023 13:15,39.645,0.004651294
7/25/2023 13:30,39.605,0.004646601
7/25/2023 13:45,39.785,0.004667719
7/25/2023 14:00,39.905,0.004681798
7/25/2023 14:15,40.42,0.00474222
7/25/2023 14:30,39.635,0.004650121
7/25/2023 14:45,39.425,0.004625483
7/25/2023 15:00,39.145,0.004592632
7/25/2023 15:15,38.82,0.004554502
7/25/2023 15:30,38.815,0.004553915
7/25/2023 15:45,38.28,0.004491147
7/25/2023 16:00,37.525,0.004402568
7/25/2023 16:15,37.385,0.004386142
7/25/2023 16:30,37.585,0.004409607
7/25/2023 16:45,36.69,0.004304603
7/25/2023 17:00,36.2,0.004247114
7/25/2023 17:15,38.53,0.004520478
7/25/2023 17:30,35.975,0.004220716
7/25/2023 17:45,35.36,0.004148562
7/25/2023 18:00,35.3,0.004141523
7/25/2023 18:15,37.035,0.004345079
7/25/2023 18:30,36.125,0.004238315
7/25/2023 18:45,34.93,0.004098113
7/25/2023 19:00,71.125,0.00834464
7/25/2023 19:15,34.82,0.004085207
7/25/2023 19:30,34.87,0.004091074
7/25/2023 19:45,34.635,0.004063503
7/25/2023 20:00,35.085,0.004116298
7/25/2023 20:15,35.725,0.004191385
7/25/2023 20:30,35.43,0.004156775
7/25/2023 20:45,35.885,0.004210157
7/25/2023 21:00,35.49,0.004163814
7/25/2023 21:15,35.78,0.004197838
7/25/2023 21:30,36.19,0.004245941
7/25/2023 21:45,36.13,0.004238901
7/25/2023 22:00,47.155,0.005532394
7/25/2023 22:15,47.31,0.005550579
7/25/2023 22:30,35.335,0.004145629
7/25/2023 22:45,35.1,0.004118058
7/25/2023 23:00,35.235,0.004133897
7/25/2023 23:15,37.14,0.004357398
7/25/2023 23:30,38.975,0.004572687
7/25/2023 23:45,40.43,0.004743393
7/26/2023 0:00,47.19,0.0055365
7/26/2023 0:15,54.375,0.00637947
7/26/2023 0:30,54.225,0.006361872
7/26/2023 0:45,78.37,0.00919465
7/26/2023 1:00,62.79,0.007366748
7/26/2023 1:15,55.795,0.00654607
7/26/2023 1:30,46.31,0.005433255
7/26/2023 1:45,58.475,0.006860497
7/26/2023 2:00,54.115,0.006348966
7/26/2023 2:15,36.565,0.004289937
7/26/2023 2:30,56.87,0.006672193
7/26/2023 2:45,47.15,0.005531807
7/26/2023 3:00,55.505,0.006512046
7/26/2023 3:15,65.575,0.007693494
7/26/2023 3:30,64.525,0.007570305
7/26/2023 3:45,71.965,0.008443192
7/26/2023 4:00,60.34,0.007079305
7/26/2023 4:15,61.105,0.007169058
7/26/2023 4:30,64.15,0.007526308
7/26/2023 4:45,54.98,0.006450451
7/26/2023 5:00,51.96,0.006096134
7/26/2023 5:15,56.025,0.006573054
7/26/2023 5:30,55.54,0.006516152
7/26/2023 5:45,51.54,0.006046858
7/26/2023 6:00,50.175,0.005886711
7/26/2023 6:15,46.975,0.005511276
7/26/2023 6:30,53.67,0.006296757
7/26/2023 6:45,50.95,0.005977637
7/26/2023 7:00,52.15,0.006118425
7/26/2023 7:15,50.27,0.005897857
7/26/2023 7:30,53.035,0.006222257
7/26/2023 7:45,43.295,0.005079525
7/26/2023 8:00,50.305,0.005901963
7/26/2023 8:15,48.145,0.005648544
7/26/2023 8:30,48.465,0.005686088
7/26/2023 8:45,45,0.005279562
7/26/2023 9:00,49.18,0.005769974
7/26/2023 9:15,50.49,0.005923668
7/26/2023 9:30,53.005,0.006218737
7/26/2023 9:45,52.055,0.00610728
7/26/2023 10:00,51.415,0.006032192
7/26/2023 10:15,56.995,0.006686858
7/26/2023 10:30,44.625,0.005235565
7/26/2023 10:45,40.495,0.004751019
7/26/2023 11:00,53.47,0.006273292
7/26/2023 11:15,51.845,0.006082642
7/26/2023 11:30,43.97,0.005158718
7/26/2023 11:45,47.125,0.005528874
7/26/2023 12:00,47.645,0.005589882
7/26/2023 12:15,40.575,0.004760405
7/26/2023 12:30,46.515,0.005457307
7/26/2023 12:45,48.645,0.005707206
7/26/2023 13:00,46.225,0.005423283
7/26/2023 13:15,49.305,0.00578464
7/26/2023 13:30,47.47,0.005569351
7/26/2023 13:45,50.175,0.005886711
7/26/2023 14:00,49.405,0.005796372
7/26/2023 14:15,71.55,0.008394503
7/26/2023 14:30,72.215,0.008472523
7/26/2023 14:45,78.09,0.009161799
7/26/2023 15:00,84.325,0.009893312
7/26/2023 15:15,74.4,0.008728875
7/26/2023 15:30,77.685,0.009114283
7/26/2023 15:45,72.395,0.008493641
7/26/2023 16:00,63.77,0.007481725
7/26/2023 16:15,64.88,0.007611955
7/26/2023 16:30,60.83,0.007136794
7/26/2023 16:45,53.415,0.00626684
7/26/2023 17:00,52.37,0.006144236
7/26/2023 17:15,54.01,0.006336647
7/26/2023 17:30,271.675,0.031873887
7/26/2023 17:45,478.975,0.056195067
7/26/2023 18:00,454.77,0.053355249
7/26/2023 18:15,448.525,0.052622564
7/26/2023 18:30,503.555,0.059078881
7/26/2023 18:45,520.57,0.061075142
7/26/2023 19:00,530.685,0.06226187
7/26/2023 19:15,548.93,0.064402439
7/26/2023 19:30,595.56,0.069873238
7/26/2023 19:45,688.935,0.080828328
7/26/2023 20:00,934.88,0.109683479
7/26/2023 20:15,1317.775,0.154606095
7/26/2023 20:30,1468.54,0.172294386
7/26/2023 20:45,1492.095,0.175057943
7/26/2023 21:00,1429.66,0.167732845
7/26/2023 21:15,1424.45,0.167121589
7/26/2023 21:30,1550.64,0.181926653
7/26/2023 21:45,1644.495,0.192938058
7/26/2023 22:00,1644.7,0.19296211
7/26/2023 22:15,1631.305,0.19139056
7/26/2023 22:30,1618.385,0.189874739
7/26/2023 22:45,1608.45,0.18870913
7/26/2023 23:00,1637.39,0.192104474
7/26/2023 23:15,1682.495,0.197396355
7/26/2023 23:30,1708.175,0.200409225
7/26/2023 23:45,1676.48,0.196690653
7/27/2023 0:00,1601.1,0.187846801
7/27/2023 0:15,1553.605,0.182274517
7/27/2023 0:30,1552.355,0.182127863
7/27/2023 0:45,1579.17,0.185273895
7/27/2023 1:00,1602.75,0.188040385
7/27/2023 1:15,1614.75,0.189448268
7/27/2023 1:30,1613.54,0.189306307
7/27/2023 1:45,1568.66,0.184040824
7/27/2023 2:00,1504.535,0.176517449
7/27/2023 2:15,1414.59,0.165964778
7/27/2023 2:30,1305.105,0.153119605
7/27/2023 2:45,1182.345,0.138716961
7/27/2023 3:00,1053.82,0.123637946
7/27/2023 3:15,926.72,0.108726118
7/27/2023 3:30,805.83,0.094542869
7/27/2023 3:45,700.19,0.082148805
7/27/2023 4:00,615.13,0.07216926
7/27/2023 4:15,539.995,0.063354152
7/27/2023 4:30,476.67,0.055924636
7/27/2023 4:45,434.87,0.05102051
7/27/2023 5:00,401.285,0.047080197
7/27/2023 5:15,371.175,0.043547584
7/27/2023 5:30,347.385,0.040756456
7/27/2023 5:45,323.72,0.037979993
7/27/2023 6:00,304.255,0.035696289
7/27/2023 6:15,286.245,0.033583291
7/27/2023 6:30,270.47,0.031732512
7/27/2023 6:45,256.51,0.030094674
7/27/2023 7:00,245.44,0.028795902
7/27/2023 7:15,238.165,0.027942373
7/27/2023 7:30,237.47,0.027860833
7/27/2023 7:45,247.28,0.029011778
7/27/2023 8:00,264.53,0.031035609
7/27/2023 8:15,287.715,0.033755757
7/27/2023 8:30,304.035,0.035670478
7/27/2023 8:45,309.71,0.036336289
7/27/2023 9:00,303.59,0.035618269
7/27/2023 9:15,297.64,0.034920194
7/27/2023 9:30,285.085,0.033447196
7/27/2023 9:45,269.685,0.031640413
7/27/2023 10:00,251.255,0.029478139
7/27/2023 10:15,234.72,0.027538193
7/27/2023 10:30,220.455,0.025864572
7/27/2023 10:45,207.345,0.02432646
7/27/2023 11:00,192.61,0.022597697
7/27/2023 11:15,183.05,0.021476083
7/27/2023 11:30,173.1,0.020308714
7/27/2023 11:45,163.59,0.019192966
7/27/2023 12:00,157.61,0.018491371
7/27/2023 12:15,150.82,0.017694744
7/27/2023 12:30,144.575,0.016962058
7/27/2023 12:45,137.885,0.016177163
7/27/2023 13:00,137.84,0.016171884
7/27/2023 13:15,130.255,0.015281984
7/27/2023 13:30,124.195,0.014571003
7/27/2023 13:45,119.405,0.014009023
7/27/2023 14:00,118.485,0.013901086
7/27/2023 14:15,113.06,0.013264605
7/27/2023 14:30,109.31,0.012824642
7/27/2023 14:45,108.78,0.01276246
7/27/2023 15:00,104.86,0.012302552
7/27/2023 15:15,102.89,0.012071424
7/27/2023 15:30,102.36,0.012009243
7/27/2023 15:45,100.62,0.0118051
7/27/2023 16:00,98.28,0.011530563
7/27/2023 16:15,97.725,0.011465448
7/27/2023 16:30,94.275,0.011060682
7/27/2023 16:45,93.61,0.010982661
7/27/2023 17:00,94.44,0.01108004
7/27/2023 17:15,95.985,0.011261305
7/27/2023 17:30,95.15,0.01116334
7/27/2023 17:45,93.465,0.010965649
7/27/2023 18:00,93.76,0.01100026
7/27/2023 18:15,91.48,0.010732762
7/27/2023 18:30,91.19,0.010698738
7/27/2023 18:45,93.66,0.010988528
7/27/2023 19:00,90.59,0.010628344
7/27/2023 19:15,85.49,0.010029994
7/27/2023 19:30,82.9,0.009726126
7/27/2023 19:45,91.51,0.010736282
7/27/2023 20:00,286.61,0.033626114
7/27/2023 20:15,324.95,0.038124301
7/27/2023 20:30,333.545,0.039132697
7/27/2023 20:45,330.245,0.038745529
7/27/2023 21:00,324.14,0.038029269
7/27/2023 21:15,330.205,0.038740836
7/27/2023 21:30,369.66,0.043369839
7/27/2023 21:45,405.805,0.0476105
7/27/2023 22:00,426.98,0.050094827
7/27/2023 22:15,431.19,0.050588759
7/27/2023 22:30,443.62,0.052047091
7/27/2023 22:45,425.79,0.049955212
7/27/2023 23:00,423.31,0.049664249
7/27/2023 23:15,403.705,0.04736412
7/27/2023 23:30,391.855,0.045973836
7/27/2023 23:45,399.945,0.046922984
7/28/2023 0:00,438.385,0.051432902
7/28/2023 0:15,559.61,0.065655455
7/28/2023 0:30,764.42,0.089684499
7/28/2023 0:45,1058.11,0.124141265
7/28/2023 1:00,1374.795,0.161295886
7/28/2023 1:15,1608.865,0.188757819
7/28/2023 1:30,1729.425,0.202902351
7/28/2023 1:45,1785.125,0.209437275
7/28/2023 2:00,1758.98,0.20636985
7/28/2023 2:15,1695.975,0.198977877
7/28/2023 2:30,1640.745,0.192498095
7/28/2023 2:45,1554.81,0.182415892
7/28/2023 3:00,1458.285,0.171091233
7/28/2023 3:15,1358.7,0.159407563
7/28/2023 3:30,1266.665,0.148609686
7/28/2023 3:45,1167.055,0.136923083
7/28/2023 4:00,1067.59,0.125253492
7/28/2023 4:15,954.075,0.111935505
7/28/2023 4:30,833.475,0.09778628
7/28/2023 5:00,579.855,0.068030671
7/28/2023 5:15,467.7,0.054872243
7/28/2023 5:30,379.53,0.044527822
7/28/2023 5:45,305.9,0.035889286
7/28/2023 6:00,265.13,0.031106004
7/28/2023 6:15,220.26,0.025841694
7/28/2023 6:30,190.7,0.022373609
7/28/2023 6:45,178.48,0.020939914
7/28/2023 7:00,153.345,0.017990986
7/28/2023 7:15,140.53,0.016487484
7/28/2023 7:30,132.005,0.015487301
7/28/2023 7:45,130.495,0.015310142
7/28/2023 8:00,122.95,0.014424935
7/28/2023 8:15,119.285,0.013994945
7/28/2023 8:30,115.93,0.013601324
7/28/2023 8:45,114.18,0.013396008
7/28/2023 9:00,110.165,0.012924953
7/28/2023 9:15,110.98,0.013020572
7/28/2023 9:30,109.84,0.012886823
7/28/2023 9:45,103.085,0.012094302
7/28/2023 10:00,99.525,0.01167663
7/28/2023 10:15,100.04,0.011737052
7/28/2023 10:30,97.815,0.011476007
7/28/2023 10:45,95.655,0.011222588
7/28/2023 11:00,94.05,0.011034284
7/28/2023 11:15,94.25,0.011057748
7/28/2023 11:30,94.76,0.011117583
7/28/2023 11:45,93.46,0.010965063
7/28/2023 12:00,90.775,0.010650049
7/28/2023 12:15,90.135,0.010574962
7/28/2023 12:30,88.645,0.01040015
7/28/2023 12:45,87.34,0.010247042
7/28/2023 13:00,85.815,0.010068124
7/28/2023 13:15,82.745,0.009707941
7/28/2023 13:30,80.63,0.009459801
7/28/2023 13:45,79.71,0.009351863
7/28/2023 14:00,78.505,0.009210488
7/28/2023 14:15,78.28,0.009184091
7/28/2023 14:30,78.025,0.009154173
7/28/2023 14:45,75.135,0.008815108
7/28/2023 15:00,75.495,0.008857344
7/28/2023 15:15,74.865,0.008783431
7/28/2023 15:30,73.13,0.008579874
7/28/2023 15:45,72.81,0.008542331
7/28/2023 16:00,71.055,0.008336428
7/28/2023 16:15,70.795,0.008305924
7/28/2023 16:30,70.78,0.008304164
7/28/2023 16:45,69.44,0.00814695
7/28/2023 17:00,70.45,0.008265447
7/28/2023 17:15,69.125,0.008109993
7/28/2023 17:30,67.895,0.007965685
7/28/2023 17:45,65.68,0.007705813
7/28/2023 18:00,67.415,0.00790937
7/28/2023 18:15,70.5,0.008271313
7/28/2023 18:30,68.925,0.008086528
7/28/2023 18:45,66.885,0.007847188
7/28/2023 19:00,65.6,0.007696428
7/28/2023 19:15,64.975,0.0076231
7/28/2023 19:30,65.885,0.007729865
7/28/2023 19:45,62.67,0.007352669
7/28/2023 20:00,63.475,0.007447115
7/28/2023 20:15,63.05,0.007397252
7/28/2023 20:30,63.35,0.007432449
7/28/2023 20:45,64.015,0.00751047
7/28/2023 21:00,130.6,0.015322461
7/28/2023 21:15,222.125,0.026060503
7/28/2023 21:30,244.21,0.028651594
7/28/2023 21:45,239.555,0.028105453
7/28/2023 22:00,238.615,0.027995169
7/28/2023 22:15,235.535,0.027633812
7/28/2023 22:30,231.73,0.027187396
7/28/2023 22:45,233.535,0.027399165
7/28/2023 23:00,240.325,0.028195792
7/28/2023 23:15,246.09,0.028872162
7/28/2023 23:30,246.53,0.028923785
7/28/2023 23:45,254.14,0.029816617
7/29/2023 0:00,247.245,0.029007671
7/29/2023 0:15,240.255,0.028187579
7/29/2023 0:30,228.06,0.026756818
7/29/2023 0:45,242.545,0.02845625
7/29/2023 1:00,231.215,0.027126974
7/29/2023 1:15,247.475,0.029034656
7/29/2023 1:30,238.025,0.027925948
7/29/2023 1:45,254.185,0.029821897
7/29/2023 2:00,256.575,0.0301023
7/29/2023 2:15,262.695,0.030820321
7/29/2023 2:30,271.98,0.03190967
7/29/2023 2:45,287.115,0.033685363
7/29/2023 3:00,297.96,0.034957737
7/29/2023 3:15,310.16,0.036389085
7/29/2023 3:30,318.725,0.037393961
7/29/2023 3:45,313.265,0.036753375
7/29/2023 4:00,314.86,0.036940506
7/29/2023 4:15,296.065,0.034735409
7/29/2023 4:30,292.525,0.034320083
7/29/2023 4:45,279.83,0.03283066
7/29/2023 5:00,275.75,0.03235198
7/29/2023 5:15,256.36,0.030077076
7/29/2023 5:30,247.405,0.029026443
7/29/2023 5:45,238.92,0.028030952
7/29/2023 6:00,235.43,0.027621493
7/29/2023 6:15,236.365,0.027731191
7/29/2023 6:30,249.215,0.029238799
7/29/2023 6:45,265.385,0.031135921
7/29/2023 7:00,309.25,0.03628232
7/29/2023 7:15,359.765,0.042208922
7/29/2023 7:30,429.865,0.050433305
7/29/2023 7:45,488.63,0.057327826
7/29/2023 8:00,508.965,0.059713601
7/29/2023 8:15,517.27,0.060687974
7/29/2023 8:30,510.365,0.059877854
7/29/2023 8:45,481.755,0.056521226
7/29/2023 9:00,449.08,0.052687678
7/29/2023 9:15,401.46,0.047100729
7/29/2023 9:30,370.03,0.043413248
7/29/2023 9:45,354.345,0.041573028
7/29/2023 10:00,357.785,0.041976621
7/29/2023 10:15,376.53,0.044175852
7/29/2023 10:30,400.075,0.046938236
7/29/2023 10:45,400.935,0.047039134
7/29/2023 11:00,409.295,0.048019959
7/29/2023 11:15,403.685,0.047361774
7/29/2023 11:30,410.375,0.048146669
7/29/2023 11:45,401.885,0.047150591
7/29/2023 12:00,377.93,0.044340105
7/29/2023 12:15,358.885,0.042105677
7/29/2023 12:30,334.695,0.039267619
7/29/2023 12:45,311.885,0.036591468
7/29/2023 13:00,315.865,0.037058416
7/29/2023 13:15,293.3,0.034411009
7/29/2023 13:30,271.465,0.031849249
7/29/2023 13:45,205.29,0.02408536
7/29/2023 14:00,194.67,0.022839383
7/29/2023 14:15,181.005,0.021236157
7/29/2023 14:30,171.41,0.020110437
7/29/2023 14:45,157.99,0.018535954
7/29/2023 15:00,151.38,0.017760445
7/29/2023 15:15,143.3,0.016812471
7/29/2023 15:30,136.425,0.016005871
7/29/2023 15:45,129.96,0.015247374
7/29/2023 16:00,124.87,0.014650197
7/29/2023 16:15,118.095,0.013855329
7/29/2023 16:30,114.805,0.013469335
7/29/2023 16:45,112.505,0.013199491
7/29/2023 17:00,111.79,0.013115604
7/29/2023 17:15,104.155,0.012219839
7/29/2023 17:30,100.525,0.011793954
7/29/2023 17:45,95.2,0.011169206
7/29/2023 18:00,91.79,0.010769132
7/29/2023 18:15,89.265,0.01047289
7/29/2023 18:30,86.785,0.010181928
7/29/2023 18:45,86.915,0.01019718
7/29/2023 19:00,85.635,0.010047006
7/29/2023 19:15,81.51,0.009563046
7/29/2023 19:30,77.84,0.009132468
7/29/2023 19:45,75.155,0.008817454
7/29/2023 20:00,74.06,0.008688985
7/29/2023 20:15,73.745,0.008652028
7/29/2023 20:30,72,0.008447299
7/29/2023 20:45,71.46,0.008383944
7/29/2023 21:00,69.745,0.008182734
7/29/2023 21:15,69.19,0.008117619
7/29/2023 21:30,75.705,0.008881982
7/29/2023 21:45,81.035,0.009507317
7/29/2023 22:00,81.79,0.009595896
7/29/2023 22:15,82.225,0.009646932
7/29/2023 22:30,82.27,0.009652212
7/29/2023 22:45,80.84,0.009484439
7/29/2023 23:00,79.06,0.009275603
7/29/2023 23:15,80.285,0.009419324
7/29/2023 23:30,77.84,0.009132468
7/29/2023 23:45,78.08,0.009160626
7/30/2023 0:00,93.51,0.010970929
7/30/2023 0:15,93.78,0.011002606
7/30/2023 0:30,85.1,0.009984238
7/30/2023 0:45,82.315,0.009657491
7/30/2023 1:00,81.865,0.009604696
7/30/2023 1:15,81.16,0.009521983
7/30/2023 1:30,78.63,0.009225154
7/30/2023 1:45,76.535,0.008979361
7/30/2023 2:00,77.22,0.009059728
7/30/2023 2:15,78.01,0.009152413
7/30/2023 2:30,78.805,0.009245686
7/30/2023 2:45,78.42,0.009200516
7/30/2023 3:00,78.81,0.009246272
7/30/2023 3:15,77.305,0.0090697
7/30/2023 3:30,78.495,0.009209315
7/30/2023 3:45,80.35,0.009426951
7/30/2023 4:00,80.865,0.009487372
7/30/2023 4:15,81.605,0.009574192
7/30/2023 4:30,84.835,0.009953147
7/30/2023 4:45,88.16,0.010343248
7/30/2023 5:00,92.545,0.010857712
7/30/2023 5:15,95.91,0.011252506
7/30/2023 5:30,95.78,0.011237254
7/30/2023 5:45,98.14,0.011514137
7/30/2023 6:00,97.625,0.011453716
7/30/2023 6:15,96.08,0.011272451
7/30/2023 6:30,97.945,0.011491259
7/30/2023 6:45,115.13,0.013507465
7/30/2023 7:00,105.055,0.01232543
7/30/2023 7:15,101.9,0.011955274
7/30/2023 7:30,102.215,0.011992231
7/30/2023 7:45,101.015,0.011851443
7/30/2023 8:00,92.155,0.010811956
7/30/2023 8:15,87.67,0.010285759
7/30/2023 8:30,89.695,0.010523339
7/30/2023 8:45,100.495,0.011790434
7/30/2023 9:00,116.315,0.013646493
7/30/2023 9:15,155.07,0.018193369
7/30/2023 9:30,217.735,0.025545452
7/30/2023 9:45,284.74,0.033406719
7/30/2023 10:00,369.275,0.043324669
7/30/2023 10:15,395.345,0.046383295
7/30/2023 10:30,404.33,0.047437447
7/30/2023 10:45,366.015,0.042942194
7/30/2023 11:00,327.82,0.03846102
7/30/2023 11:15,279.91,0.032840046
7/30/2023 11:30,230.375,0.027028422
7/30/2023 11:45,196.655,0.023072271
7/30/2023 12:00,161.74,0.018975918
7/30/2023 12:15,129.26,0.015165247
7/30/2023 12:30,111.8,0.013116777
7/30/2023 12:45,101.15,0.011867281
7/30/2023 13:00,97.91,0.011487153
7/30/2023 13:15,99.61,0.011686603
7/30/2023 13:30,100.89,0.011836777
7/30/2023 13:45,85.395,0.010018848
7/30/2023 14:00,82.945,0.009731405
7/30/2023 14:15,79.84,0.009367115
7/30/2023 14:30,76.43,0.008967042
7/30/2023 14:45,77.45,0.009086712
7/30/2023 15:00,67.99,0.007976831
7/30/2023 15:15,72.885,0.00855113
7/30/2023 15:30,63.92,0.007499324
7/30/2023 15:45,63.04,0.007396079
7/30/2023 16:00,60.775,0.007130341
7/30/2023 16:15,59.75,0.007010085
7/30/2023 16:30,58.41,0.006852871
7/30/2023 16:45,57.43,0.006737894
7/30/2023 17:00,56.57,0.006636996
7/30/2023 17:15,55.235,0.006480369
7/30/2023 17:30,54.18,0.006356592
7/30/2023 17:45,53.28,0.006251001
7/30/2023 18:00,51.885,0.006087335
7/30/2023 18:15,51.135,0.005999342
7/30/2023 18:30,50.015,0.005867939
7/30/2023 18:45,49.87,0.005850927
7/30/2023 19:00,49.28,0.005781707
7/30/2023 19:15,49.04,0.005753549
7/30/2023 19:30,47.24,0.005542366
7/30/2023 19:45,46.625,0.005470212
7/30/2023 20:00,46.595,0.005466693
7/30/2023 20:15,45.73,0.005365208
7/30/2023 20:30,45.955,0.005391606
7/30/2023 20:45,46.1,0.005408618
7/30/2023 21:00,46.125,0.005411551
7/30/2023 21:15,45.38,0.005324145
7/30/2023 21:30,44.55,0.005226766
7/30/2023 21:45,44.855,0.00526255
7/30/2023 22:00,44.315,0.005199195
7/30/2023 22:15,44.215,0.005187463
7/30/2023 22:30,44.73,0.005247884
7/30/2023 22:45,48.085,0.005641505
7/30/2023 23:00,45.665,0.005357582
7/30/2023 23:15,43.74,0.005131734
7/30/2023 23:30,44.885,0.005266069
7/30/2023 23:45,46.755,0.005485464
7/31/2023 0:00,45.96,0.005392192
7/31/2023 0:15,44.64,0.005237325
7/31/2023 0:30,42.63,0.005001505
7/31/2023 0:45,41.49,0.004867756
7/31/2023 1:00,41.44,0.00486189
7/31/2023 1:15,41.37,0.004853677
7/31/2023 1:30,41.3,0.004845464
7/31/2023 1:45,40.66,0.004770377
7/31/2023 2:00,39.845,0.004674758
7/31/2023 2:15,39.955,0.004687664
7/31/2023 2:30,40.565,0.004759231
7/31/2023 2:45,39.69,0.004656573
7/31/2023 3:00,41.72,0.00489474
7/31/2023 3:15,40.98,0.004807921
7/31/2023 3:30,41.485,0.004867169
7/31/2023 3:45,40.705,0.004775657
7/31/2023 4:00,40.87,0.004795015
7/31/2023 4:15,40.625,0.004766271
7/31/2023 4:30,40.495,0.004751019
7/31/2023 4:45,40.15,0.004710542
7/31/2023 5:00,39.985,0.004691184
7/31/2023 5:15,39.67,0.004654227
7/31/2023 5:30,39.805,0.004670066
7/31/2023 5:45,40.525,0.004754539
7/31/2023 6:00,40.29,0.004726967
7/31/2023 6:15,40.43,0.004743393
7/31/2023 6:30,40.66,0.004770377
7/31/2023 6:45,40.955,0.004804988
7/31/2023 7:00,40.66,0.004770377
7/31/2023 7:15,40.37,0.004736353
7/31/2023 7:30,40.305,0.004728727
7/31/2023 7:45,39.175,0.004596152
7/31/2023 8:00,38.98,0.004573274
7/31/2023 8:15,39.6,0.004646014
7/31/2023 8:30,39.11,0.004588526
7/31/2023 8:45,39.35,0.004616683
7/31/2023 9:00,39.365,0.004618443
7/31/2023 9:15,39.32,0.004613164
7/31/2023 9:30,39.745,0.004663026
7/31/2023 9:45,38.91,0.004565061
7/31/2023 10:00,38.515,0.004518718
7/31/2023 10:15,38.25,0.004487627
7/31/2023 10:30,38.24,0.004486454
7/31/2023 10:45,38.385,0.004503466
7/31/2023 11:00,37.885,0.004444804
7/31/2023 11:15,37.765,0.004430725
7/31/2023 11:30,37.975,0.004455363
7/31/2023 11:45,37.13,0.004356225
7/31/2023 12:00,37.08,0.004350359
7/31/2023 12:15,36.105,0.004235968
7/31/2023 12:30,35.335,0.004145629
7/31/2023 12:45,35.195,0.004129204
7/31/2023 13:00,34.96,0.004101633
7/31/2023 13:15,34.805,0.004083448
7/31/2023 13:30,34.655,0.004065849
7/31/2023 13:45,33.925,0.003980203
7/31/2023 14:00,33.34,0.003911569
7/31/2023 14:15,33.05,0.003877545
7/31/2023 14:30,32.855,0.003854667
7/31/2023 14:45,32.275,0.003786619
7/31/2023 15:00,41.98,0.004925244
7/31/2023 15:15,48.255,0.00566145
7/31/2023 15:30,31.465,0.003691587
7/31/2023 15:45,31.45,0.003689827
7/31/2023 16:00,31.625,0.003710359
7/31/2023 16:15,31.355,0.003678681
7/31/2023 16:30,31.445,0.00368924
7/31/2023 16:45,31.675,0.003716225
7/31/2023 17:00,31.485,0.003693933
7/31/2023 17:15,31.25,0.003666362
7/31/2023 17:30,30.735,0.003605941
7/31/2023 17:45,30.985,0.003635271
7/31/2023 18:00,30.505,0.003578956
7/31/2023 18:15,30.215,0.003544932
7/31/2023 18:30,30.105,0.003532027
7/31/2023 18:45,30.43,0.003570157
7/31/2023 19:00,30.52,0.003580716
7/31/2023 19:15,30.87,0.003621779
7/31/2023 19:30,31.25,0.003666362
7/31/2023 19:45,30.57,0.003586582
7/31/2023 20:00,30.69,0.003600661
7/31/2023 20:15,30.21,0.003544346
7/31/2023 20:30,30.125,0.003534373
7/31/2023 20:45,30.46,0.003573677
7/31/2023 21:00,30.405,0.003567224
7/31/2023 21:15,30.525,0.003581303
7/31/2023 21:30,30.34,0.003559598
7/31/2023 21:45,29.595,0.003472192
7/31/2023 22:00,30.045,0.003524987
7/31/2023 22:15,30.84,0.00361826
7/31/2023 22:30,31.145,0.003654043
7/31/2023 22:45,30.31,0.003556078
7/31/2023 23:00,30.205,0.003543759
7/31/2023 23:15,30.06,0.003526747
7/31/2023 23:30,30.62,0.003592448
7/31/2023 23:45,31.035,0.003641138
8/1/2023 0:00,31.48,0.003693347
8/1/2023 0:15,31.62,0.003709772
8/1/2023 0:30,31.75,0.003725024
8/1/2023 0:45,32.01,0.003755528
8/1/2023 1:00,32.3,0.003789552
8/1/2023 1:15,32.88,0.0038576
8/1/2023 1:30,33.02,0.003874025
8/1/2023 1:45,33.175,0.00389221
8/1/2023 2:00,33.01,0.003872852
8/1/2023 2:15,33.1,0.003883411
8/1/2023 2:30,32.515,0.003814777
8/1/2023 2:45,32.32,0.003791898
8/1/2023 3:00,32.34,0.003794245
8/1/2023 3:15,32.355,0.003796005
8/1/2023 3:30,31.905,0.003743209
8/1/2023 3:45,31.74,0.003723851
8/1/2023 4:00,31.565,0.003703319
8/1/2023 4:15,32.12,0.003768434
8/1/2023 4:30,31.33,0.003675748
8/1/2023 4:45,31.665,0.003715052
8/1/2023 5:00,31.645,0.003712705
8/1/2023 5:15,31.505,0.00369628
8/1/2023 5:30,31.685,0.003717398
8/1/2023 5:45,31.77,0.00372737
8/1/2023 6:00,32.62,0.003827096
8/1/2023 6:15,32.97,0.003868159
8/1/2023 6:30,33.28,0.003904529
8/1/2023 6:45,33.64,0.003946766
8/1/2023 7:00,33.305,0.003907462
8/1/2023 7:15,33.045,0.003876958
8/1/2023 7:30,32.23,0.003781339
8/1/2023 7:45,31.895,0.003742036
8/1/2023 8:00,31.415,0.003685721
8/1/2023 8:15,30.75,0.0036077
8/1/2023 8:30,30.41,0.00356781
8/1/2023 8:45,29.38,0.003446967
8/1/2023 9:00,29.515,0.003462806
8/1/2023 9:15,29.27,0.003434062
8/1/2023 9:30,29.175,0.003422916
8/1/2023 9:45,28.575,0.003352522
8/1/2023 10:00,28.755,0.00337364
8/1/2023 10:15,29.255,0.003432302
8/1/2023 10:30,29.655,0.003479231
8/1/2023 10:45,30.15,0.003537306
8/1/2023 11:00,30.59,0.003588929
8/1/2023 11:15,30.76,0.003608874
8/1/2023 11:30,30.485,0.00357661
8/1/2023 11:45,29.92,0.003510322
8/1/2023 12:00,29.77,0.003492723
8/1/2023 12:15,29.205,0.003426435
8/1/2023 12:30,29,0.003402384
8/1/2023 12:45,37.545,0.004404914
8/1/2023 13:00,29.05,0.00340825
8/1/2023 13:15,28.585,0.003353695
8/1/2023 13:30,28.79,0.003377746
8/1/2023 13:45,28.465,0.003339616
8/1/2023 14:00,27.945,0.003278608
8/1/2023 14:15,27.07,0.00317595
8/1/2023 14:30,26.965,0.003163631
8/1/2023 14:45,26.595,0.003120221
8/1/2023 15:00,26.63,0.003124327
8/1/2023 15:15,26.68,0.003130193
8/1/2023 15:30,26.915,0.003157764
8/1/2023 15:45,25.91,0.003039854
8/1/2023 16:00,25.545,0.002997031
8/1/2023 16:15,25.435,0.002984126
8/1/2023 16:30,25.16,0.002951862
8/1/2023 16:45,25.565,0.002999378
8/1/2023 17:00,25.735,0.003019323
8/1/2023 17:15,25.485,0.002989992
8/1/2023 17:30,25.105,0.002945409
8/1/2023 17:45,24.92,0.002923704
8/1/2023 18:00,24.99,0.002931917
8/1/2023 18:15,24.95,0.002927224
8/1/2023 18:30,24.87,0.002917838
8/1/2023 18:45,24.81,0.002910798
8/1/2023 19:00,24.775,0.002906692
8/1/2023 19:15,24.45,0.002868562
8/1/2023 19:30,24.185,0.002837471
8/1/2023 19:45,24.185,0.002837471
8/1/2023 20:00,24.56,0.002881467
8/1/2023 20:15,24.44,0.002867389
8/1/2023 20:30,24.62,0.002888507
8/1/2023 20:45,24.61,0.002887334
8/1/2023 21:00,25.17,0.002953035
8/1/2023 21:15,25.33,0.002971807
8/1/2023 21:30,25.38,0.002977673
8/1/2023 21:45,25.445,0.002985299
8/1/2023 22:00,25.92,0.003041027
8/1/2023 22:15,25.73,0.003018736
8/1/2023 22:30,25.58,0.003001137
8/1/2023 22:45,26.025,0.003053346
8/1/2023 23:00,25.645,0.003008763
8/1/2023 23:15,25.785,0.003025189
8/1/2023 23:30,25.915,0.003040441
8/1/2023 23:45,25.545,0.002997031
8/2/2023 0:00,25.675,0.003012283
8/2/2023 0:15,26.31,0.003086784
8/2/2023 0:30,26.835,0.003148379
8/2/2023 0:45,26.33,0.00308913
8/2/2023 1:00,27.01,0.00316891
8/2/2023 1:15,27.15,0.003185335
8/2/2023 1:30,26.87,0.003152485
8/2/2023 1:45,26.745,0.003137819
8/2/2023 2:00,27.075,0.003176536
8/2/2023 2:15,26.97,0.003164217
8/2/2023 2:30,27.3,0.003202934
8/2/2023 2:45,28.105,0.00329738
8/2/2023 3:00,28.675,0.003364254
8/2/2023 3:15,28.83,0.003382439
8/2/2023 3:30,28.275,0.003317325
8/2/2023 3:45,27.785,0.003259836
8/2/2023 4:00,27.245,0.003196481
8/2/2023 4:15,27.535,0.003230505
8/2/2023 4:30,27.595,0.003237544
8/2/2023 4:45,27.475,0.003223466
8/2/2023 5:00,27.625,0.003241064
8/2/2023 5:15,27.44,0.003219359
8/2/2023 5:30,27.45,0.003220533
8/2/2023 5:45,27.44,0.003219359
8/2/2023 6:00,27.475,0.003223466
8/2/2023 6:15,27.36,0.003209973
8/2/2023 6:30,27.665,0.003245757
8/2/2023 6:45,27.575,0.003235198
8/2/2023 7:00,27.39,0.003213493
8/2/2023 7:15,27.59,0.003236958
8/2/2023 7:30,27.625,0.003241064
8/2/2023 7:45,27.32,0.003205281
8/2/2023 8:00,27.36,0.003209973
8/2/2023 8:15,26.92,0.003158351
8/2/2023 8:30,26.985,0.003165977
8/2/2023 8:45,26.62,0.003123154
8/2/2023 9:00,26.31,0.003086784
8/2/2023 9:15,27.095,0.003178883
8/2/2023 9:30,27.48,0.003224052
8/2/2023 9:45,28.245,0.003313805
8/2/2023 10:00,28.02,0.003287407
8/2/2023 10:15,37.035,0.004345079
8/2/2023 10:30,28.555,0.003350175
8/2/2023 10:45,29.06,0.003409424
8/2/2023 11:00,28.725,0.00337012
8/2/2023 11:15,27.85,0.003267462
8/2/2023 11:30,27.03,0.003171257
8/2/2023 11:45,26.12,0.003064492
8/2/2023 12:00,24.83,0.002913145
8/2/2023 12:15,25.12,0.002947169
8/2/2023 12:30,24.82,0.002911972
8/2/2023 12:45,26.37,0.003093823
8/2/2023 13:00,25.705,0.003015803
8/2/2023 13:15,25.035,0.002937196
8/2/2023 13:30,25.19,0.002955381
8/2/2023 13:45,25.345,0.002973566
8/2/2023 14:00,25.1,0.002944822
8/2/2023 14:15,25.04,0.002937783
8/2/2023 14:30,25.3,0.002968287
8/2/2023 14:45,26.205,0.003074465
8/2/2023 15:00,26.42,0.003099689
8/2/2023 15:15,26.635,0.003124914
8/2/2023 15:30,26.59,0.003119634
8/2/2023 15:45,26.36,0.00309265
8/2/2023 16:00,25.39,0.002978846
8/2/2023 16:15,24.755,0.002904345
8/2/2023 16:30,24.25,0.002845097
8/2/2023 16:45,23.785,0.002790542
8/2/2023 17:00,23.335,0.002737746
8/2/2023 17:15,23.01,0.002699616
8/2/2023 17:30,22.61,0.002652686
8/2/2023 17:45,22.95,0.002692576
8/2/2023 18:00,23.54,0.002761797
8/2/2023 18:15,23.55,0.002762971
8/2/2023 18:45,32.88,0.0038576
8/2/2023 19:00,25.64,0.003008177
8/2/2023 19:15,25.57,0.002999964
8/2/2023 19:30,24.385,0.002860936
8/2/2023 19:45,23.54,0.002761797
8/2/2023 20:00,23.08,0.002707828
8/2/2023 20:15,22.62,0.00265386
8/2/2023 20:30,22.43,0.002631568
8/2/2023 20:45,22.675,0.002660312
8/2/2023 21:00,22.21,0.002605757
8/2/2023 21:15,22.265,0.00261221
8/2/2023 21:30,22.88,0.002684364
8/2/2023 21:45,22.9,0.00268671
8/2/2023 22:00,21.815,0.002559414
8/2/2023 22:15,22.22,0.00260693
8/2/2023 22:30,23.155,0.002716628
8/2/2023 22:45,22.915,0.00268847
8/2/2023 23:00,22.665,0.002659139
8/2/2023 23:15,22.225,0.002607517
8/2/2023 23:30,22.065,0.002588745
8/2/2023 23:45,21.93,0.002572906
8/3/2023 0:00,22.08,0.002590505
8/3/2023 0:15,21.98,0.002578773
8/3/2023 0:30,21.925,0.00257232
8/3/2023 0:45,22.095,0.002592265
8/3/2023 1:00,22.38,0.002625702
8/3/2023 1:15,22.29,0.002615143
8/3/2023 1:30,22.68,0.002660899
8/3/2023 1:45,23.355,0.002740092
8/3/2023 2:00,24.03,0.002819286
8/3/2023 2:15,25.505,0.002992338
8/3/2023 2:30,28.08,0.003294446
8/3/2023 2:45,30.12,0.003533787
8/3/2023 3:00,32.325,0.003792485
8/3/2023 3:15,33.135,0.003887517
8/3/2023 3:30,32.355,0.003796005
8/3/2023 3:45,29.77,0.003492723
8/3/2023 4:00,28.68,0.003364841
8/3/2023 4:15,26.53,0.003112595
8/3/2023 4:30,25.4,0.002980019
8/3/2023 4:45,25.5,0.002991752
8/3/2023 5:00,23.885,0.002802274
8/3/2023 5:15,23.705,0.002781156
8/3/2023 5:30,24.19,0.002838058
8/3/2023 5:45,23.82,0.002794648
8/3/2023 6:00,24.405,0.002863282
8/3/2023 6:15,23.875,0.002801101
8/3/2023 6:30,23.97,0.002812246
8/3/2023 6:45,24.045,0.002821046
8/3/2023 7:00,23.855,0.002798754
8/3/2023 7:15,23.93,0.002807554
8/3/2023 7:30,23.425,0.002748305
8/3/2023 7:45,24.1,0.002827499
8/3/2023 8:00,24.32,0.00285331
8/3/2023 8:15,24.535,0.002878534
8/3/2023 8:30,24.105,0.002828085
8/3/2023 8:45,23.785,0.002790542
8/3/2023 9:00,23.565,0.00276473
8/3/2023 9:15,23.305,0.002734226
8/3/2023 9:30,22.485,0.002638021
8/3/2023 9:45,22.425,0.002630982
8/3/2023 10:00,22.575,0.00264858
8/3/2023 10:15,22.58,0.002649167
8/3/2023 10:30,23.045,0.002703722
8/3/2023 10:45,22.475,0.002636848
8/3/2023 11:00,22.58,0.002649167
8/3/2023 11:15,22.25,0.00261045
8/3/2023 11:30,22.02,0.002583465
8/3/2023 11:45,21.54,0.00252715
8/3/2023 12:00,20.99,0.002462622
8/3/2023 12:15,20.53,0.002408653
8/3/2023 12:30,20.49,0.00240396
8/3/2023 12:45,20.405,0.002393988
8/3/2023 13:00,20.3,0.002381669
8/3/2023 13:15,19.525,0.002290743
8/3/2023 13:30,19.525,0.002290743
8/3/2023 13:45,19.055,0.002235601
8/3/2023 14:00,19.19,0.00225144
8/3/2023 14:15,19.125,0.002243814
8/3/2023 14:30,19.295,0.002263759
8/3/2023 14:45,19.28,0.002261999
8/3/2023 15:00,19.075,0.002237947
8/3/2023 15:15,19.615,0.002301302
8/3/2023 15:30,19.825,0.00232594
8/3/2023 15:45,19.44,0.002280771
8/3/2023 16:00,19.355,0.002270798
8/3/2023 16:15,18.79,0.00220451
8/3/2023 16:30,18.47,0.002166967
8/3/2023 16:45,18.04,0.002116518
8/3/2023 17:00,17.62,0.002067242
8/3/2023 17:15,17.86,0.002095399
8/3/2023 17:30,17.435,0.002045537
8/3/2023 17:45,17.31,0.002030871
8/3/2023 18:00,17.22,0.002020312
8/3/2023 18:15,17.2,0.002017966
8/3/2023 18:30,17.17,0.002014446
8/3/2023 18:45,17.255,0.002024419
8/3/2023 19:00,17.31,0.002030871
8/3/2023 19:15,17.1,0.002006233
8/3/2023 19:30,17.23,0.002021485
8/3/2023 19:45,17.145,0.002011513
8/3/2023 20:00,17.37,0.002037911
8/3/2023 20:30,17.395,0.002040844
8/3/2023 20:45,17.54,0.002057856
8/3/2023 21:00,17.56,0.002060202
8/3/2023 21:15,17.91,0.002101266
8/3/2023 21:30,18.29,0.002145848
8/3/2023 21:45,18.365,0.002154648
8/3/2023 22:00,18.565,0.002178112
8/3/2023 22:15,18.635,0.002186325
8/3/2023 22:30,19.125,0.002243814
8/3/2023 22:45,19.28,0.002261999
8/3/2023 23:00,19.465,0.002283704
8/3/2023 23:15,19.375,0.002273145
8/3/2023 23:30,19.28,0.002261999
8/3/2023 23:45,19.23,0.002256133
8/4/2023 0:00,19.41,0.002277251
8/4/2023 0:15,19.215,0.002254373
8/4/2023 0:30,19.505,0.002288397
8/4/2023 0:45,19.635,0.002303649
8/4/2023 1:00,19.96,0.002341779
8/4/2023 1:15,19.77,0.002319487
8/4/2023 1:30,19.775,0.002320074
8/4/2023 1:45,20.055,0.002352925
8/4/2023 2:00,20.12,0.002360551
8/4/2023 2:15,20.475,0.002402201
8/4/2023 2:30,20.28,0.002379322
8/4/2023 2:45,20.28,0.002379322
8/4/2023 3:00,20.095,0.002357618
8/4/2023 3:15,19.89,0.002333566
8/4/2023 3:30,19.435,0.002280184
8/4/2023 3:45,19.345,0.002269625
8/4/2023 4:00,19.51,0.002288983
8/4/2023 4:15,19.245,0.002257893
8/4/2023 4:30,19.14,0.002245574
8/4/2023 4:45,19.305,0.002264932
8/4/2023 5:00,19.59,0.002298369
8/4/2023 5:15,19.355,0.002270798
8/4/2023 5:30,19.575,0.002296609
8/4/2023 5:45,19.79,0.002321834
8/4/2023 6:00,19.86,0.002330047
8/4/2023 6:15,20.225,0.00237287
8/4/2023 6:30,20.1,0.002358204
8/4/2023 6:45,19.785,0.002321247
8/4/2023 7:00,19.94,0.002339432
8/4/2023 7:15,19.4,0.002276078
8/4/2023 7:30,19.485,0.00228605
8/4/2023 7:45,18.99,0.002227975
8/4/2023 8:00,18.91,0.002218589
8/4/2023 8:15,19.005,0.002229735
8/4/2023 8:30,19.085,0.002239121
8/4/2023 8:45,19.075,0.002237947
8/4/2023 9:00,19.265,0.002260239
8/4/2023 9:15,18.67,0.002190431
8/4/2023 9:30,18.32,0.002149368
8/4/2023 9:45,18.475,0.002167553
8/4/2023 10:00,18.95,0.002223282
8/4/2023 10:15,17.9,0.002100092
8/4/2023 10:30,17.405,0.002042017
8/4/2023 10:45,17.35,0.002035564
8/4/2023 11:00,17.035,0.001998607
8/4/2023 11:15,16.885,0.001981009
8/4/2023 11:30,16.855,0.001977489
8/4/2023 11:45,16.555,0.001942292
8/4/2023 12:00,16.525,0.001938772
8/4/2023 12:15,15.91,0.001866618
8/4/2023 12:30,15.885,0.001863685
8/4/2023 12:45,15.63,0.001833768
8/4/2023 13:00,15.6,0.001830248
8/4/2023 13:15,15.295,0.001794464
8/4/2023 13:30,14.915,0.001749881
8/4/2023 13:45,14.78,0.001734043
8/4/2023 14:00,14.63,0.001716444
8/4/2023 14:15,16.625,0.001950505
8/4/2023 14:30,14.4,0.00168946
8/4/2023 14:45,14.145,0.001659542
8/4/2023 15:00,14.195,0.001665408
8/4/2023 15:15,14.145,0.001659542
8/4/2023 15:30,14.115,0.001656022
8/4/2023 15:45,14.025,0.001645463
8/4/2023 16:00,14.165,0.001661889
8/4/2023 16:15,14.005,0.001643117
8/4/2023 16:30,14.185,0.001664235
8/4/2023 16:45,14.2,0.001665995
8/4/2023 17:00,14.245,0.001671275
8/4/2023 17:15,14.24,0.001670688
8/4/2023 17:30,14.59,0.001711751
8/4/2023 17:45,14.52,0.001703539
8/4/2023 18:00,14.595,0.001712338
8/4/2023 18:15,14.75,0.001730523
8/4/2023 18:30,14.575,0.001709991
8/4/2023 18:45,14.42,0.001691806
8/4/2023 19:00,14.36,0.001684767
8/4/2023 19:15,14.57,0.001709405
8/4/2023 19:30,14.47,0.001697672
8/4/2023 19:45,14.485,0.001699432
8/4/2023 20:00,14.495,0.001700605
8/4/2023 20:15,14.78,0.001734043
8/4/2023 20:30,15.12,0.001773933
8/4/2023 20:45,15.73,0.0018455
8/4/2023 21:00,16.045,0.001882457
8/4/2023 21:15,16.05,0.001883044
8/4/2023 21:30,16.065,0.001884803
8/4/2023 21:45,16.195,0.001900056
8/4/2023 22:00,16.135,0.001893016
8/4/2023 22:15,16.34,0.001917067
8/4/2023 22:30,16.46,0.001931146
8/4/2023 22:45,16.405,0.001924694
8/4/2023 23:00,16.455,0.00193056
8/4/2023 23:15,16.57,0.001944052
8/4/2023 23:30,16.545,0.001941119
8/4/2023 23:45,17.11,0.002007407
8/5/2023 0:00,16.765,0.00196693
8/5/2023 0:15,16.785,0.001969276
8/5/2023 0:30,17.05,0.002000367
8/5/2023 0:45,17.505,0.002053749
8/5/2023 1:00,17.265,0.002025592
8/5/2023 1:15,17.3,0.002029698
8/5/2023 1:30,17.13,0.002009753
8/5/2023 1:45,17.605,0.002065482
8/5/2023 2:00,17.195,0.002017379
8/5/2023 2:15,17.25,0.002023832
8/5/2023 2:30,17.17,0.002014446
8/5/2023 2:45,17.02,0.001996848
8/5/2023 3:00,17.175,0.002015033
8/5/2023 3:15,17.06,0.00200154
8/5/2023 3:30,17.055,0.002000954
8/5/2023 3:45,17.04,0.001999194
8/5/2023 4:00,16.92,0.001985115
8/5/2023 4:15,17.14,0.002010926
8/5/2023 4:30,17.255,0.002024419
8/5/2023 4:45,17.42,0.002043777
8/5/2023 5:00,17.555,0.002059616
8/5/2023 5:15,17.55,0.002059029
8/5/2023 5:30,17.57,0.002061375
8/5/2023 5:45,17.58,0.002062549
8/5/2023 6:00,17.6,0.002064895
8/5/2023 6:15,17.395,0.002040844
8/5/2023 6:30,17.2,0.002017966
8/5/2023 6:45,17.085,0.002004474
8/5/2023 7:00,16.79,0.001969863
8/5/2023 7:15,16.745,0.001964584
8/5/2023 7:30,16.52,0.001938186
8/5/2023 7:45,16.41,0.00192528
8/5/2023 8:00,16.365,0.001920001
8/5/2023 8:15,16.415,0.001925867
8/5/2023 8:30,16.44,0.0019288
8/5/2023 8:45,16.245,0.001905922
8/5/2023 9:00,16.27,0.001908855
8/5/2023 9:15,16.045,0.001882457
8/5/2023 9:30,15.94,0.001870138
8/5/2023 9:45,15.675,0.001839047
8/5/2023 10:00,15.275,0.001792118
8/5/2023 10:15,15.005,0.00176044
8/5/2023 10:30,14.775,0.001733456
8/5/2023 10:45,14.315,0.001679487
8/5/2023 11:00,14.315,0.001679487
8/5/2023 11:15,14.135,0.001658369
8/5/2023 11:30,13.915,0.001632558
8/5/2023 11:45,13.745,0.001612613
8/5/2023 12:00,13.715,0.001609093
8/5/2023 12:15,13.455,0.001578589
8/5/2023 12:30,13.235,0.001552778
8/5/2023 12:45,13.465,0.001579762
8/5/2023 13:00,13.53,0.001587388
8/5/2023 13:15,13.37,0.001568616
8/5/2023 13:30,13.425,0.001575069
8/5/2023 13:45,13.26,0.001555711
8/5/2023 14:00,13.045,0.001530486
8/5/2023 14:15,13.375,0.001569203
8/5/2023 14:30,13.585,0.001593841
8/5/2023 14:45,13.01,0.00152638
8/5/2023 15:00,12.765,0.001497636
8/5/2023 15:15,12.595,0.001477691
8/5/2023 15:30,12.455,0.001461265
8/5/2023 15:45,12.6,0.001478277
8/5/2023 16:00,12.255,0.001437801
8/5/2023 16:15,12.415,0.001456572
8/5/2023 16:30,12.185,0.001429588
8/5/2023 16:45,12.11,0.001420789
8/5/2023 17:00,12.005,0.00140847
8/5/2023 17:15,12.09,0.001418442
8/5/2023 17:30,11.98,0.001405537
8/5/2023 17:45,12.195,0.001430761
8/5/2023 18:00,12.105,0.001420202
8/5/2023 18:15,12.055,0.001414336
8/5/2023 18:30,12.235,0.001435454
8/5/2023 18:45,12.265,0.001438974
8/5/2023 19:00,12.09,0.001418442
8/5/2023 19:15,12.365,0.001450706
8/5/2023 19:30,12.4,0.001454813
8/5/2023 19:45,11.965,0.001403777
8/5/2023 20:00,12.18,0.001429001
8/5/2023 20:15,12.225,0.001434281
8/5/2023 20:30,12.79,0.001500569
8/5/2023 20:45,12.82,0.001504088
8/5/2023 21:00,13.07,0.001533419
8/5/2023 21:15,13.02,0.001527553
8/5/2023 21:30,13.515,0.001585628
8/5/2023 21:45,13.605,0.001596187
8/5/2023 22:00,13.51,0.001585042
8/5/2023 22:15,16.37,0.001920587
8/5/2023 22:30,13.78,0.001616719
8/5/2023 22:45,13.74,0.001612026
8/5/2023 23:00,13.765,0.001614959
8/5/2023 23:15,13.71,0.001608506
8/5/2023 23:30,13.54,0.001588561
8/5/2023 23:45,13.61,0.001596774
8/6/2023 0:00,13.475,0.001580935
8/6/2023 0:15,13.51,0.001585042
8/6/2023 0:30,13.61,0.001596774
8/6/2023 0:45,13.93,0.001634318
8/6/2023 1:00,14.21,0.001667168
8/6/2023 1:15,14.325,0.00168066
8/6/2023 1:30,14.235,0.001670101
8/6/2023 1:45,15.035,0.00176396
8/6/2023 2:00,27.555,0.003232852
8/6/2023 2:15,14.38,0.001687113
8/6/2023 2:30,14.88,0.001745775
8/6/2023 2:45,14.945,0.001753401
8/6/2023 3:00,14.97,0.001756334
8/6/2023 3:15,14.85,0.001742255
8/6/2023 3:30,14.95,0.001753988
8/6/2023 3:45,15.085,0.001769826
8/6/2023 4:00,14.7,0.001724657
8/6/2023 4:15,14.545,0.001706472
8/6/2023 4:30,14.84,0.001741082
8/6/2023 4:45,14.86,0.001743429
8/6/2023 5:00,14.72,0.001727003
8/6/2023 5:15,14.905,0.001748708
8/6/2023 5:30,14.845,0.001741669
8/6/2023 5:45,14.905,0.001748708
8/6/2023 6:00,15.02,0.0017622
8/6/2023 6:15,15.27,0.001791531
8/6/2023 6:30,15.19,0.001782145
8/6/2023 6:45,15.165,0.001779212
8/6/2023 7:00,14.89,0.001746948
8/6/2023 7:15,14.675,0.001721724
8/6/2023 7:30,14.7,0.001724657
8/6/2023 7:45,14.8,0.001736389
8/6/2023 8:00,14.07,0.001650743
8/6/2023 8:15,13.525,0.001586802
8/6/2023 8:30,14.11,0.001655436
8/6/2023 8:45,13.91,0.001631971
8/6/2023 9:00,13.695,0.001606747
8/6/2023 9:15,13.055,0.001531659
8/6/2023 9:30,12.68,0.001487663
8/6/2023 9:45,12.465,0.001462439
8/6/2023 10:00,12.67,0.00148649
8/6/2023 10:15,12.475,0.001463612
8/6/2023 10:30,12.51,0.001467718
8/6/2023 10:45,12.395,0.001454226
8/6/2023 11:00,12.315,0.00144484
8/6/2023 11:15,11.965,0.001403777
8/6/2023 11:30,11.885,0.001394391
8/6/2023 11:45,11.75,0.001378552
8/6/2023 12:00,11.455,0.001343942
8/6/2023 12:15,11.405,0.001338076
8/6/2023 12:30,11.22,0.001316371
8/6/2023 12:45,11.04,0.001295252
8/6/2023 13:00,10.76,0.001262402
8/6/2023 13:15,10.755,0.001261815
8/6/2023 13:30,10.34,0.001213126
8/6/2023 13:45,10.28,0.001206087
8/6/2023 14:00,10.355,0.001214886
8/6/2023 14:15,10.26,0.00120374
8/6/2023 14:30,10.185,0.001194941
8/6/2023 14:45,10.18,0.001194354
8/6/2023 15:00,10.08,0.001182622
8/6/2023 15:15,10.24,0.001201394
8/6/2023 15:30,10.215,0.00119846
8/6/2023 15:45,10.18,0.001194354
8/6/2023 16:00,10.05,0.001179102
8/6/2023 16:15,10.03,0.001176756
8/6/2023 16:30,10,0.001173236
8/6/2023 16:45,9.885,0.001159744
8/6/2023 17:00,9.765,0.001145665
8/6/2023 17:15,9.71,0.001139212
8/6/2023 17:30,9.605,0.001126893
8/6/2023 17:45,9.73,0.001141559
8/6/2023 18:00,9.75,0.001143905
8/6/2023 18:15,10.08,0.001182622
8/6/2023 18:30,9.885,0.001159744
8/6/2023 18:45,10.245,0.00120198
8/6/2023 19:00,15.36,0.00180209
8/6/2023 19:15,13.62,0.001597947
8/6/2023 19:30,13.37,0.001568616
8/6/2023 19:45,14.14,0.001658956
8/6/2023 20:00,14.23,0.001669515
8/6/2023 20:15,14.94,0.001752814
8/6/2023 20:30,14.815,0.001738149
8/6/2023 20:45,15.155,0.001778039
8/6/2023 21:00,15.035,0.00176396
8/6/2023 21:15,14.93,0.001751641
8/6/2023 21:30,14.8,0.001736389
8/6/2023 21:45,14.505,0.001701779
8/6/2023 22:00,15.38,0.001804437
8/6/2023 22:15,15.675,0.001839047
8/6/2023 22:30,15.055,0.001766307
8/6/2023 22:45,15.04,0.001764547
8/6/2023 23:00,14.785,0.001734629
8/6/2023 23:15,14.405,0.001690046
8/6/2023 23:30,14.605,0.001713511
8/6/2023 23:45,14.495,0.001700605
8/7/2023 0:00,14.38,0.001687113
8/7/2023 0:15,14.505,0.001701779
8/7/2023 0:30,14.37,0.00168594
8/7/2023 0:45,14.95,0.001753988
8/7/2023 1:00,14.685,0.001722897
8/7/2023 1:15,14.52,0.001703539
8/7/2023 1:30,14.685,0.001722897
8/7/2023 1:45,14.995,0.001759267
8/7/2023 2:00,14.955,0.001754574
8/7/2023 2:30,14.7,0.001724657
8/7/2023 2:45,14.72,0.001727003
8/7/2023 3:00,14.655,0.001719377
8/7/2023 3:15,14.605,0.001713511
8/7/2023 3:30,14.58,0.001710578
8/7/2023 3:45,14.795,0.001735803
8/7/2023 4:00,14.6,0.001712924
8/7/2023 4:15,14.615,0.001714684
8/7/2023 4:30,14.63,0.001716444
8/7/2023 4:45,14.91,0.001749295
8/7/2023 5:00,14.62,0.001715271
8/7/2023 5:15,13.99,0.001641357
8/7/2023 5:30,11.54,0.001353914
8/7/2023 5:45,12.36,0.00145012
8/7/2023 6:00,11.165,0.001309918
8/7/2023 6:15,11.69,0.001371513
8/7/2023 6:30,11.395,0.001336902
8/7/2023 6:45,11.96,0.00140319
8/7/2023 7:00,11.87,0.001392631
8/7/2023 7:15,11.68,0.00137034
8/7/2023 7:30,11.665,0.00136858
8/7/2023 7:45,11.785,0.001382659
8/7/2023 8:00,11.77,0.001380899
8/7/2023 8:15,11.39,0.001336316
8/7/2023 8:30,11.29,0.001324583
8/7/2023 8:45,11.19,0.001312851
8/7/2023 9:00,10.86,0.001274134
8/7/2023 9:15,10.295,0.001207846
8/7/2023 9:30,10.085,0.001183208
8/7/2023 9:45,9.885,0.001159744
8/7/2023 10:00,9.675,0.001135106
8/7/2023 10:15,9.16,0.001074684
8/7/2023 10:30,9.26,0.001086416
8/7/2023 10:45,9.105,0.001068231
8/7/2023 11:00,9.205,0.001079964
8/7/2023 11:15,9.205,0.001079964
8/7/2023 11:30,9.515,0.001116334
8/7/2023 11:45,9.095,0.001067058
8/7/2023 12:00,8.51,0.000998424
8/7/2023 12:15,7.885,0.000925097
8/7/2023 12:30,7.55,0.000885793
8/7/2023 12:45,7.64,0.000896352
8/7/2023 13:00,7.25,0.000850596
8/7/2023 13:15,6.99,0.000820092
8/7/2023 13:30,6.83,0.00080132
8/7/2023 13:45,6.76,0.000793107
8/7/2023 14:00,6.97,0.000817745
8/7/2023 14:15,12.67,0.00148649
8/7/2023 14:30,6.725,0.000789001
8/7/2023 14:45,6.825,0.000800734
8/7/2023 15:00,7.02,0.000823612
8/7/2023 15:15,7.385,0.000866435
8/7/2023 15:30,7.41,0.000869368
8/7/2023 15:45,7.135,0.000837104
8/7/2023 16:00,7.27,0.000852943
8/7/2023 16:15,7.055,0.000827718
8/7/2023 16:30,7.135,0.000837104
8/7/2023 16:45,6.94,0.000814226
8/7/2023 17:00,6.81,0.000798974
8/7/2023 17:15,7,0.000821265
8/7/2023 17:30,6.755,0.000792521
8/7/2023 17:45,7.6,0.000891659
8/7/2023 18:00,8.045,0.000943868
8/7/2023 18:15,5.805,0.000681063
8/7/2023 18:30,5.82,0.000682823
8/7/2023 18:45,6.56,0.000769643
8/7/2023 19:00,6.86,0.00080484
8/7/2023 19:15,6.59,0.000773162
8/7/2023 19:30,6.21,0.000728579
8/7/2023 19:45,7.095,0.000832411
8/7/2023 20:00,7.995,0.000938002
8/7/2023 20:15,10.63,0.00124715
8/7/2023 20:30,9.22,0.001081724
8/7/2023 20:45,7.915,0.000928616
8/7/2023 21:00,7.77,0.000911604
8/7/2023 21:15,7.695,0.000902805
8/7/2023 21:30,8.285,0.000972026
8/7/2023 21:45,8.545,0.00100253
8/7/2023 22:00,7.505,0.000880514
8/7/2023 22:15,7.805,0.000915711
8/7/2023 22:30,7.335,0.000860569
8/7/2023 22:45,7.18,0.000842383
8/7/2023 23:00,7.16,0.000840037
8/7/2023 23:15,7.41,0.000869368
8/7/2023 23:30,7.145,0.000838277
8/7/2023 23:45,7.465,0.000875821
8/8/2023 0:00,7.11,0.000834171
8/8/2023 0:15,7.31,0.000857635
8/8/2023 0:30,7.19,0.000843557
8/8/2023 0:45,5.395,0.000632961
8/8/2023 1:00,5.32,0.000624162
8/8/2023 1:15,5.3,0.000621815
8/8/2023 1:30,5.23,0.000613602
8/8/2023 1:45,5.045,0.000591898
8/8/2023 2:00,5.05,0.000592484
8/8/2023 2:15,5.205,0.000610669
8/8/2023 2:30,5.21,0.000611256
8/8/2023 2:45,5.07,0.000594831
8/8/2023 3:00,4.995,0.000586031
8/8/2023 3:15,5.165,0.000605976
8/8/2023 3:30,4.955,0.000581338
8/8/2023 3:45,4.745,0.0005567
8/8/2023 4:00,4.925,0.000577819
8/8/2023 4:15,4.87,0.000571366
8/8/2023 4:30,4.81,0.000564326
8/8/2023 4:45,4.78,0.000560807
8/8/2023 5:00,4.74,0.000556114
8/8/2023 5:15,4.94,0.000579579
8/8/2023 5:30,5.265,0.000617709
8/8/2023 5:45,5.33,0.000625335
8/8/2023 6:00,5.48,0.000642933
8/8/2023 6:15,5.685,0.000666985
8/8/2023 6:30,5.77,0.000676957
8/8/2023 6:45,5.74,0.000673437
8/8/2023 7:00,5.605,0.000657599
8/8/2023 7:15,5.545,0.000650559
8/8/2023 7:30,5.47,0.00064176
8/8/2023 7:45,5.485,0.00064352
8/8/2023 8:00,5.285,0.000620055
8/8/2023 8:15,5.205,0.000610669
8/8/2023 8:30,5.255,0.000616535
8/8/2023 8:45,4.97,0.000583098
8/8/2023 9:00,4.925,0.000577819
8/8/2023 9:15,4.78,0.000560807
8/8/2023 9:30,4.9,0.000574886
8/8/2023 9:45,4.87,0.000571366
8/8/2023 10:00,4.85,0.000569019
8/8/2023 10:15,4.77,0.000559634
8/8/2023 10:30,4.79,0.00056198
8/8/2023 10:45,4.715,0.000553181
8/8/2023 11:00,4.63,0.000543208
8/8/2023 11:15,4.845,0.000568433
8/8/2023 11:30,8.77,0.001028928
8/8/2023 11:45,12.645,0.001483557
8/8/2023 12:00,12.18,0.001429001
8/8/2023 12:15,8.715,0.001022475
8/8/2023 12:30,13.935,0.001634904
8/8/2023 12:45,9.115,0.001069405
8/8/2023 13:00,8.815,0.001034207
8/8/2023 13:15,6.59,0.000773162
8/8/2023 13:30,6.33,0.000742658
8/8/2023 13:45,6.145,0.000720953
8/8/2023 14:00,4.385,0.000514464
8/8/2023 14:15,4.215,0.000494519
8/8/2023 14:30,4.125,0.00048396
8/8/2023 14:45,7.41,0.000869368
8/8/2023 15:00,5.085,0.00059659
8/8/2023 15:15,3.955,0.000464015
8/8/2023 15:30,3.975,0.000466361
8/8/2023 15:45,3.855,0.000452282
8/8/2023 16:00,4.105,0.000481613
8/8/2023 16:15,4.85,0.000569019
8/8/2023 16:30,4.425,0.000519157
8/8/2023 16:45,5.425,0.00063648
8/8/2023 17:00,5.965,0.000699835
8/8/2023 17:15,5.345,0.000627095
8/8/2023 17:30,5.02,0.000588964
8/8/2023 17:45,5.67,0.000665225
8/8/2023 18:00,5.32,0.000624162
8/8/2023 18:15,5.8,0.000680477
8/8/2023 18:30,6.395,0.000750284
8/8/2023 18:45,5.605,0.000657599
8/8/2023 19:00,6.43,0.000754391
8/8/2023 19:15,7.66,0.000898699
8/8/2023 19:30,6.195,0.00072682
8/8/2023 19:45,6.295,0.000738552
8/8/2023 20:00,6.325,0.000742072
8/8/2023 20:15,6.19,0.000726233
8/8/2023 20:30,6.135,0.00071978
8/8/2023 20:45,8.435,0.000989624
8/8/2023 21:00,8.415,0.000987278
8/8/2023 21:15,7.365,0.000864088
8/8/2023 21:30,8.955,0.001050633
8/8/2023 21:45,7.905,0.000927443
8/8/2023 22:00,8.755,0.001027168
8/8/2023 22:15,6.43,0.000754391
8/8/2023 22:30,6.18,0.00072506
8/8/2023 22:45,6.285,0.000737379
8/8/2023 23:00,6.515,0.000764363
8/8/2023 23:15,6.435,0.000754977
8/8/2023 23:30,6.47,0.000759084
8/8/2023 23:45,6.63,0.000777855
8/9/2023 0:00,6.41,0.000752044
8/9/2023 0:15,6.205,0.000727993
8/9/2023 0:30,6.115,0.000717434
8/9/2023 0:45,5.975,0.000701008
8/9/2023 1:00,6.02,0.000706288
8/9/2023 1:15,6.06,0.000710981
8/9/2023 1:30,6.325,0.000742072
8/9/2023 1:45,5.96,0.000699249
8/9/2023 2:00,6.295,0.000738552
8/9/2023 2:15,6.33,0.000742658
8/9/2023 2:30,7.585,0.000889899
8/9/2023 2:45,6.65,0.000780202
8/9/2023 3:00,6.55,0.00076847
8/9/2023 3:15,33.365,0.003914502
8/9/2023 3:30,6.91,0.000810706
8/9/2023 3:45,6.665,0.000781962
8/9/2023 4:00,7.02,0.000823612
8/9/2023 4:15,7.63,0.000895179
8/9/2023 4:30,8.115,0.000952081
8/9/2023 4:45,8,0.000938589
8/9/2023 5:00,12.245,0.001436627
8/9/2023 5:15,7.21,0.000845903
8/9/2023 5:30,7.095,0.000832411
8/9/2023 5:45,6.795,0.000797214
8/9/2023 6:00,6.865,0.000805426
8/9/2023 6:15,7.53,0.000883447
8/9/2023 6:30,7.705,0.000903978
8/9/2023 6:45,8.335,0.000977892
8/9/2023 7:00,7.13,0.000836517
8/9/2023 7:15,6.965,0.000817159
8/9/2023 7:30,7.2,0.00084473
8/9/2023 7:45,7.395,0.000867608
8/9/2023 8:00,7.755,0.000909844
8/9/2023 8:15,7.765,0.000911018
8/9/2023 8:30,11.815,0.001386178
8/9/2023 8:45,6.31,0.000740312
8/9/2023 9:00,6.295,0.000738552
8/9/2023 9:15,6.235,0.000731513
8/9/2023 9:30,6.06,0.000710981
8/9/2023 9:45,5.955,0.000698662
8/9/2023 10:00,5.99,0.000702768
8/9/2023 10:15,5.93,0.000695729
8/9/2023 10:30,5.81,0.00068165
8/9/2023 10:45,5.785,0.000678717
8/9/2023 11:00,7.125,0.000835931
8/9/2023 11:15,6.66,0.000781375
8/9/2023 11:30,8.485,0.000995491
8/9/2023 11:45,6.48,0.000760257
8/9/2023 12:00,6.65,0.000780202
8/9/2023 12:15,7.775,0.000912191
8/9/2023 12:30,7.695,0.000902805
8/9/2023 12:45,8.87,0.00104066
8/9/2023 13:00,7.565,0.000887553
8/9/2023 13:15,10.15,0.001190834
8/9/2023 13:30,9.92,0.00116385
8/9/2023 13:45,9.76,0.001145078
8/9/2023 14:00,11.46,0.001344528
8/9/2023 14:15,8.365,0.000981412
8/9/2023 14:30,12.2,0.001431348
8/9/2023 14:45,12.675,0.001487077
8/9/2023 15:00,9.34,0.001095802
8/9/2023 15:15,15.32,0.001797397
8/9/2023 15:30,9.335,0.001095216
8/9/2023 15:45,14.245,0.001671275
8/9/2023 16:00,15.085,0.001769826
8/9/2023 16:15,7.77,0.000911604
8/9/2023 16:30,7.915,0.000928616
8/9/2023 16:45,12.025,0.001410816
8/9/2023 17:00,11.75,0.001378552
8/9/2023 17:15,7.99,0.000937415
8/9/2023 17:30,9.5,0.001114574
8/9/2023 17:45,6.07,0.000712154
8/9/2023 18:00,11.595,0.001360367
8/9/2023 18:15,11.835,0.001388525
8/9/2023 18:30,10.27,0.001204913
8/9/2023 18:45,10.75,0.001261229
8/9/2023 19:00,12.905,0.001514061
8/9/2023 19:15,11.56,0.001356261
8/9/2023 19:30,7.08,0.000830651
8/9/2023 19:45,8.35,0.000979652
8/9/2023 20:00,8.97,0.001052393
8/9/2023 20:15,9.53,0.001118094
8/9/2023 20:30,17.765,0.002084254
8/9/2023 20:45,5.17,0.000606563
8/9/2023 21:00,9.84,0.001154464
8/9/2023 21:15,42.53,0.004989772
8/9/2023 21:30,12.745,0.001495289
8/9/2023 21:45,22.755,0.002669698
8/9/2023 22:00,16.525,0.001938772
8/9/2023 22:15,6.96,0.000816572
8/9/2023 22:30,4.995,0.000586031
8/9/2023 22:45,9.645,0.001131586
8/9/2023 23:00,7.93,0.000930376
8/9/2023 23:15,10.585,0.00124187
8/9/2023 23:30,9.765,0.001145665
8/9/2023 23:45,36.025,0.004226582
8/10/2023 0:00,10.565,0.001239524
8/10/2023 0:15,18.985,0.002227388
8/10/2023 0:30,9.685,0.001136279
8/10/2023 0:45,3.92,0.000459908
8/10/2023 1:00,34.385,0.004034172
8/10/2023 1:15,5.525,0.000648213
8/10/2023 1:30,11.37,0.001333969
8/10/2023 1:45,14.66,0.001719964
8/10/2023 2:00,12.505,0.001467132
8/10/2023 2:15,4.14,0.00048572
8/10/2023 2:30,14.62,0.001715271
8/10/2023 2:45,13.325,0.001563337
8/10/2023 3:00,7.7,0.000903392
8/10/2023 3:15,11.08,0.001299945
8/10/2023 3:30,12.165,0.001427241
8/10/2023 3:45,13.04,0.0015299
8/10/2023 4:00,8.285,0.000972026
8/10/2023 4:15,8.855,0.0010389
8/10/2023 4:30,4.335,0.000508598
8/10/2023 4:45,4.25,0.000498625
8/10/2023 5:00,4.45,0.00052209
8/10/2023 5:15,4.565,0.000535582
8/10/2023 5:30,4.58,0.000537342
8/10/2023 5:45,4.71,0.000552594
8/10/2023 6:00,4.785,0.000561393
8/10/2023 6:15,4.98,0.000584271
8/10/2023 6:30,4.98,0.000584271
8/10/2023 6:45,12.095,0.001419029
8/10/2023 7:00,13.215,0.001550431
8/10/2023 7:15,4.775,0.00056022
8/10/2023 7:30,4.61,0.000540862
8/10/2023 7:45,4.59,0.000538515
8/10/2023 8:00,4.52,0.000530303
8/10/2023 8:15,4.39,0.000515051
8/10/2023 8:30,4.3,0.000504491
8/10/2023 8:45,4.32,0.000506838
8/10/2023 9:00,4.045,0.000474574
8/10/2023 9:15,3.96,0.000464601
8/10/2023 9:30,3.965,0.000465188
8/10/2023 9:45,3.875,0.000454629
8/10/2023 10:00,3.875,0.000454629
8/10/2023 10:15,3.83,0.000449349
8/10/2023 10:30,4,0.000469294
8/10/2023 10:45,4.05,0.000475161
8/10/2023 11:00,4.055,0.000475747
8/10/2023 11:15,4.105,0.000481613
8/10/2023 11:30,4.115,0.000482787
8/10/2023 11:45,3.92,0.000459908
8/10/2023 12:00,3.845,0.000451109
8/10/2023 12:15,3.765,0.000441723
8/10/2023 12:30,3.685,0.000432337
8/10/2023 12:45,3.585,0.000420605
8/10/2023 13:00,4.43,0.000519744
8/10/2023 13:15,4.7,0.000551421
8/10/2023 13:30,4.38,0.000513877
8/10/2023 13:45,4.35,0.000510358
8/10/2023 14:00,3.785,0.00044407
8/10/2023 14:15,3.995,0.000468708
8/10/2023 14:30,4.065,0.00047692
8/10/2023 14:45,3.385,0.00039714
8/10/2023 15:00,3.64,0.000427058
8/10/2023 15:15,5.56,0.000652319
8/10/2023 15:30,4.625,0.000542622
8/10/2023 15:45,7.605,0.000892246
8/10/2023 16:00,5.51,0.000646453
8/10/2023 16:15,7.71,0.000904565
8/10/2023 16:30,6.875,0.0008066
8/10/2023 16:45,6.85,0.000803667
8/10/2023 17:00,10.335,0.001212539
8/10/2023 17:15,8.145,0.000955601
8/10/2023 17:30,9.54,0.001119267
8/10/2023 17:45,9.87,0.001157984
8/10/2023 18:00,9.52,0.001116921
8/10/2023 18:15,9.47,0.001111054
8/10/2023 18:30,2.555,0.000299762
8/10/2023 18:45,2.46,0.000288616
8/10/2023 19:00,2.4,0.000281577
8/10/2023 19:15,2.51,0.000294482
8/10/2023 19:30,2.48,0.000290963
8/10/2023 19:45,2.465,0.000289203
8/10/2023 20:00,2.51,0.000294482
8/10/2023 20:15,2.52,0.000295655
8/10/2023 20:30,2.565,0.000300935
8/10/2023 20:45,2.68,0.000314427
8/10/2023 21:00,2.81,0.000329679
8/10/2023 21:15,2.795,0.000327919
8/10/2023 21:30,2.795,0.000327919
8/10/2023 21:45,2.785,0.000326746
8/10/2023 22:00,2.855,0.000334959
8/10/2023 22:15,2.98,0.000349624
8/10/2023 22:30,2.95,0.000346105
8/10/2023 22:45,3.02,0.000354317
8/10/2023 23:00,2.995,0.000351384
8/10/2023 23:15,3.09,0.00036253
8/10/2023 23:30,3.075,0.00036077
8/10/2023 23:45,3.105,0.00036429
8/11/2023 0:00,2.985,0.000350211
8/11/2023 0:15,3.07,0.000360183
8/11/2023 0:30,3.125,0.000366636
8/11/2023 0:45,3.13,0.000367223
8/11/2023 1:00,2.99,0.000350798
8/11/2023 1:15,3.035,0.000356077
8/11/2023 1:30,3.09,0.00036253
8/11/2023 1:45,2.97,0.000348451
8/11/2023 2:00,2.885,0.000338479
8/11/2023 2:15,2.91,0.000341412
8/11/2023 2:30,2.985,0.000350211
8/11/2023 2:45,2.935,0.000344345
8/11/2023 3:00,3.02,0.000354317
8/11/2023 3:15,3.09,0.00036253
8/11/2023 3:30,3.105,0.00036429
8/11/2023 3:45,3.145,0.000368983
8/11/2023 4:00,3.14,0.000368396
8/11/2023 4:15,3.115,0.000365463
8/11/2023 4:30,3.305,0.000387754
8/11/2023 4:45,3.185,0.000373676
8/11/2023 5:00,3.1,0.000363703
8/11/2023 5:15,3.295,0.000386581
8/11/2023 5:30,3.265,0.000383062
8/11/2023 5:45,3.33,0.000390688
8/11/2023 6:00,3.39,0.000397727
8/11/2023 6:15,3.615,0.000424125
8/11/2023 6:30,3.545,0.000415912
8/11/2023 6:45,3.41,0.000400073
8/11/2023 7:00,3.335,0.000391274
8/11/2023 7:15,3.785,0.00044407
8/11/2023 7:30,3.295,0.000386581
8/11/2023 7:45,3.375,0.000395967
8/11/2023 8:00,3.275,0.000384235
8/11/2023 8:15,3.275,0.000384235
8/11/2023 8:30,3.155,0.000370156
8/11/2023 8:45,3.07,0.000360183
8/11/2023 9:00,3.075,0.00036077
8/11/2023 9:15,3.065,0.000359597
8/11/2023 9:30,2.9,0.000340238
8/11/2023 9:45,2.87,0.000336719
8/11/2023 10:00,2.86,0.000335545
8/11/2023 10:15,2.705,0.00031736
8/11/2023 10:30,2.76,0.000323813
8/11/2023 10:45,2.835,0.000332612
8/11/2023 11:00,2.835,0.000332612
8/11/2023 11:15,2.835,0.000332612
8/11/2023 11:30,2.915,0.000341998
8/11/2023 11:45,2.905,0.000340825
8/11/2023 12:00,2.905,0.000340825
8/11/2023 12:15,2.87,0.000336719
8/11/2023 12:30,2.825,0.000331439
8/11/2023 12:45,2.905,0.000340825
8/11/2023 13:00,2.725,0.000319707
8/11/2023 13:15,2.875,0.000337305
8/11/2023 13:30,2.94,0.000344931
8/11/2023 13:45,2.85,0.000334372
8/11/2023 14:00,2.86,0.000335545
8/11/2023 14:15,2.81,0.000329679
8/11/2023 14:30,2.72,0.00031912
8/11/2023 14:45,2.69,0.0003156
8/11/2023 15:00,2.73,0.000320293
8/11/2023 15:15,2.76,0.000323813
8/11/2023 15:30,2.74,0.000321467
8/11/2023 15:45,2.79,0.000327333
8/11/2023 16:00,2.745,0.000322053
8/11/2023 16:15,2.755,0.000323226
8/11/2023 16:30,2.68,0.000314427
8/11/2023 16:45,2.755,0.000323226
8/11/2023 17:00,2.82,0.000330853
8/11/2023 17:15,2.845,0.000333786
8/11/2023 17:30,2.975,0.000349038
8/11/2023 17:45,2.725,0.000319707
8/11/2023 18:00,2.64,0.000309734
8/11/2023 18:15,2.66,0.000312081
8/11/2023 18:30,2.615,0.000306801
8/11/2023 18:45,2.695,0.000316187
8/11/2023 19:00,2.87,0.000336719
8/11/2023 19:15,2.76,0.000323813
8/11/2023 19:30,2.845,0.000333786
8/11/2023 19:45,2.925,0.000343172
8/11/2023 20:00,3.11,0.000364876
8/11/2023 20:15,3.275,0.000384235
8/11/2023 20:30,3.35,0.000393034
8/11/2023 20:45,3.53,0.000414152
8/11/2023 21:00,3.565,0.000418259
8/11/2023 21:15,3.615,0.000424125
8/11/2023 21:30,3.545,0.000415912
8/11/2023 21:45,3.61,0.000423538
8/11/2023 22:00,3.51,0.000411806
8/11/2023 22:15,3.38,0.000396554
8/11/2023 22:30,3.23,0.000378955
8/11/2023 22:45,3.15,0.000369569
8/11/2023 23:00,3.095,0.000363117
8/11/2023 23:15,3.055,0.000358424
8/11/2023 23:30,2.905,0.000340825
8/11/2023 23:45,2.865,0.000336132
8/12/2023 0:00,3.21,0.000376609
8/12/2023 0:15,8.99,0.001054739
8/12/2023 0:30,3.29,0.000385995
8/12/2023 0:45,2.86,0.000335545
8/12/2023 1:00,2.79,0.000327333
8/12/2023 1:15,2.72,0.00031912
8/12/2023 1:30,2.965,0.000347864
8/12/2023 1:45,3.015,0.000353731
8/12/2023 2:00,3,0.000351971
8/12/2023 2:15,3.05,0.000357837
8/12/2023 2:30,2.94,0.000344931
8/12/2023 2:45,2.915,0.000341998
8/12/2023 3:00,2.94,0.000344931
8/12/2023 3:15,2.855,0.000334959
8/12/2023 3:30,3.06,0.00035901
8/12/2023 3:45,2.985,0.000350211
8/12/2023 4:00,3.065,0.000359597
8/12/2023 4:15,2.97,0.000348451
8/12/2023 4:30,3.085,0.000361943
8/12/2023 4:45,13.16,0.001543978
8/12/2023 5:00,26.915,0.003157764
8/12/2023 5:15,3.02,0.000354317
8/12/2023 5:30,3.035,0.000356077
8/12/2023 5:45,3.07,0.000360183
8/12/2023 6:00,3.1,0.000363703
8/12/2023 6:15,3.12,0.00036605
8/12/2023 6:30,2.99,0.000350798
8/12/2023 6:45,3.015,0.000353731
8/12/2023 7:00,2.935,0.000344345
8/12/2023 7:15,2.9,0.000340238
8/12/2023 7:30,2.77,0.000324986
8/12/2023 7:45,2.79,0.000327333
8/12/2023 8:00,2.805,0.000329093
8/12/2023 8:15,2.785,0.000326746
8/12/2023 8:30,2.735,0.00032088
8/12/2023 8:45,2.735,0.00032088
8/12/2023 9:00,2.81,0.000329679
8/12/2023 9:15,2.695,0.000316187
8/12/2023 9:30,2.785,0.000326746
8/12/2023 9:45,2.77,0.000324986
8/12/2023 10:00,2.795,0.000327919
8/12/2023 10:15,2.7,0.000316774
8/12/2023 10:30,2.71,0.000317947
8/12/2023 10:45,2.635,0.000309148
8/12/2023 11:00,2.58,0.000302695
8/12/2023 11:15,2.59,0.000303868
8/12/2023 11:30,2.55,0.000299175
8/12/2023 11:45,2.645,0.000310321
8/12/2023 12:00,2.6,0.000305041
8/12/2023 12:15,2.67,0.000313254
8/12/2023 12:30,2.645,0.000310321
8/12/2023 12:45,2.635,0.000309148
8/12/2023 13:00,2.62,0.000307388
8/12/2023 13:15,2.54,0.000298002
8/12/2023 13:30,2.5,0.000293309
8/12/2023 13:45,2.47,0.000289789
8/12/2023 14:00,2.52,0.000295655
8/12/2023 14:15,2.545,0.000298589
8/12/2023 14:30,2.51,0.000294482
8/12/2023 14:45,2.605,0.000305628
8/12/2023 15:00,2.54,0.000298002
8/12/2023 15:15,2.55,0.000299175
8/12/2023 15:30,2.395,0.00028099
8/12/2023 15:45,2.405,0.000282163
8/12/2023 16:00,2.335,0.000273951
8/12/2023 16:15,2.305,0.000270431
8/12/2023 16:30,2.29,0.000268671
8/12/2023 16:45,2.23,0.000261632
8/12/2023 17:00,2.225,0.000261045
8/12/2023 17:15,2.305,0.000270431
8/12/2023 17:30,2.315,0.000271604
8/12/2023 17:45,2.525,0.000296242
8/12/2023 18:00,2.73,0.000320293
8/12/2023 18:15,2.985,0.000350211
8/12/2023 18:30,3.23,0.000378955
8/12/2023 18:45,3.36,0.000394207
8/12/2023 19:00,3.435,0.000403007
8/12/2023 19:15,3.455,0.000405353
8/12/2023 19:30,3.33,0.000390688
8/12/2023 19:45,3.22,0.000377782
8/12/2023 20:00,3.06,0.00035901
8/12/2023 20:15,2.91,0.000341412
8/12/2023 20:30,11.16,0.001309331
8/12/2023 20:45,5.87,0.000688689
8/12/2023 21:00,4.85,0.000569019
8/12/2023 21:15,2.815,0.000330266
8/12/2023 21:30,2.635,0.000309148
8/12/2023 21:45,2.84,0.000333199
8/12/2023 22:00,2.9,0.000340238
8/12/2023 22:15,2.585,0.000303281
8/12/2023 22:30,2.69,0.0003156
8/12/2023 22:45,2.45,0.000287443
8/12/2023 23:00,2.365,0.00027747
8/12/2023 23:15,2.42,0.000283923
8/12/2023 23:30,2.46,0.000288616
8/12/2023 23:45,2.35,0.00027571
8/13/2023 0:00,2.405,0.000282163
8/13/2023 0:15,2.38,0.00027923
8/13/2023 0:30,2.475,0.000290376
8/13/2023 0:45,2.585,0.000303281
8/13/2023 1:00,2.69,0.0003156
8/13/2023 1:15,2.94,0.000344931
8/13/2023 1:30,2.75,0.00032264
8/13/2023 1:45,2.815,0.000330266
8/13/2023 2:00,2.81,0.000329679
8/13/2023 2:15,2.89,0.000339065
8/13/2023 2:30,2.65,0.000310908
8/13/2023 2:45,2.82,0.000330853
8/13/2023 3:00,2.755,0.000323226
8/13/2023 3:15,2.73,0.000320293
8/13/2023 3:30,2.725,0.000319707
8/13/2023 3:45,2.94,0.000344931
8/13/2023 4:00,3.13,0.000367223
8/13/2023 4:15,3.09,0.00036253
8/13/2023 4:30,2.93,0.000343758
8/13/2023 4:45,2.84,0.000333199
8/13/2023 5:00,2.58,0.000302695
8/13/2023 5:15,2.705,0.00031736
8/13/2023 5:30,2.55,0.000299175
8/13/2023 5:45,2.555,0.000299762
8/13/2023 6:00,2.67,0.000313254
8/13/2023 6:15,2.625,0.000307974
8/13/2023 6:30,2.565,0.000300935
8/13/2023 6:45,2.765,0.0003244
8/13/2023 7:00,2.61,0.000306215
8/13/2023 7:15,2.77,0.000324986
8/13/2023 7:30,2.67,0.000313254
8/13/2023 7:45,2.695,0.000316187
8/13/2023 8:00,2.74,0.000321467
8/13/2023 8:15,2.715,0.000318534
8/13/2023 8:30,2.8,0.000328506
8/13/2023 8:45,2.66,0.000312081
8/13/2023 9:00,2.615,0.000306801
8/13/2023 9:15,2.59,0.000303868
8/13/2023 9:30,2.535,0.000297415
8/13/2023 9:45,2.43,0.000285096
8/13/2023 10:00,2.4,0.000281577
8/13/2023 10:15,2.37,0.000278057
8/13/2023 10:30,2.41,0.00028275
8/13/2023 10:45,2.31,0.000271017
8/13/2023 11:00,2.345,0.000275124
8/13/2023 11:15,2.305,0.000270431
8/13/2023 11:30,2.37,0.000278057
8/13/2023 11:45,2.385,0.000279817
8/13/2023 12:00,2.395,0.00028099
8/13/2023 12:15,2.505,0.000293896
8/13/2023 12:30,2.54,0.000298002
8/13/2023 12:45,2.67,0.000313254
8/13/2023 13:00,2.485,0.000291549
8/13/2023 13:15,2.47,0.000289789
8/13/2023 13:30,2.37,0.000278057
8/13/2023 13:45,2.39,0.000280403
8/13/2023 14:00,2.34,0.000274537
8/13/2023 14:15,2.37,0.000278057
8/13/2023 14:30,2.37,0.000278057
8/13/2023 14:45,2.42,0.000283923
8/13/2023 15:00,2.41,0.00028275
8/13/2023 15:15,2.5,0.000293309
8/13/2023 15:30,2.565,0.000300935
8/13/2023 15:45,2.61,0.000306215
8/13/2023 16:00,2.58,0.000302695
8/13/2023 16:15,2.51,0.000294482
8/13/2023 16:30,2.405,0.000282163
8/13/2023 16:45,2.32,0.000272191
8/13/2023 17:00,2.275,0.000266911
8/13/2023 17:15,2.275,0.000266911
8/13/2023 17:30,2.18,0.000255765
8/13/2023 17:45,2.15,0.000252246
8/13/2023 18:00,2.125,0.000249313
8/13/2023 18:15,2.17,0.000254592
8/13/2023 18:30,2.13,0.000249899
8/13/2023 18:45,2.16,0.000253419
8/13/2023 19:00,2.135,0.000250486
8/13/2023 19:15,2.22,0.000260458
8/13/2023 19:30,2.18,0.000255765
8/13/2023 19:45,2.13,0.000249899
8/13/2023 20:00,2.165,0.000254006
8/13/2023 20:15,2.22,0.000260458
8/13/2023 20:30,2.22,0.000260458
8/13/2023 20:45,2.26,0.000265151
8/13/2023 21:00,2.325,0.000272777
8/13/2023 21:15,2.195,0.000257525
8/13/2023 21:30,2.245,0.000263391
8/13/2023 21:45,2.245,0.000263391
8/13/2023 22:00,2.26,0.000265151
8/13/2023 22:15,2.2,0.000258112
8/13/2023 22:30,2.205,0.000258699
8/13/2023 22:45,2.15,0.000252246
8/13/2023 23:00,2.47,0.000289789
8/13/2023 23:15,2.735,0.00032088
8/13/2023 23:30,4.16,0.000488066
8/13/2023 23:45,2.525,0.000296242
8/14/2023 0:00,2.53,0.000296829
8/14/2023 0:15,2.465,0.000289203
8/14/2023 0:30,2.47,0.000289789
8/14/2023 0:45,2.435,0.000285683
8/14/2023 1:00,2.495,0.000292722
8/14/2023 1:15,2.495,0.000292722
8/14/2023 1:30,2.52,0.000295655
8/14/2023 1:45,2.81,0.000329679
8/14/2023 2:00,2.47,0.000289789
8/14/2023 2:15,2.535,0.000297415
8/14/2023 2:30,2.495,0.000292722
8/14/2023 2:45,2.445,0.000286856
8/14/2023 3:00,2.59,0.000303868
8/14/2023 3:15,2.865,0.000336132
8/14/2023 3:30,2.59,0.000303868
8/14/2023 3:45,2.765,0.0003244
8/14/2023 4:00,2.705,0.00031736
8/14/2023 4:15,2.64,0.000309734
8/14/2023 4:30,2.515,0.000295069
8/14/2023 4:45,2.94,0.000344931
8/14/2023 5:00,2.81,0.000329679
8/14/2023 5:15,2.585,0.000303281
8/14/2023 5:30,2.59,0.000303868
8/14/2023 5:45,2.735,0.00032088
8/14/2023 6:00,3.11,0.000364876
8/14/2023 6:15,3.04,0.000356664
8/14/2023 6:30,3.61,0.000423538
8/14/2023 6:45,3.82,0.000448176
8/14/2023 7:00,5.14,0.000603043
8/14/2023 7:15,5.87,0.000688689
8/14/2023 7:30,5.415,0.000635307
8/14/2023 7:45,5.135,0.000602457
8/14/2023 8:00,4.975,0.000583685
8/14/2023 8:15,5.1,0.00059835
8/14/2023 8:30,4.86,0.000570193
8/14/2023 8:45,4.98,0.000584271
8/14/2023 9:00,4.925,0.000577819
8/14/2023 9:15,4.85,0.000569019
8/14/2023 9:30,4.76,0.00055846
8/14/2023 9:45,4.655,0.000546141
8/14/2023 10:00,4.475,0.000525023
8/14/2023 10:15,4.305,0.000505078
8/14/2023 10:30,4.175,0.000489826
8/14/2023 10:45,3.99,0.000468121
8/14/2023 11:00,3.905,0.000458149
8/14/2023 11:15,3.67,0.000430578
8/14/2023 11:30,5.34,0.000626508
8/14/2023 11:45,3.52,0.000412979
8/14/2023 12:00,3.6,0.000422365
8/14/2023 12:15,4.26,0.000499798
8/14/2023 12:30,3.65,0.000428231
8/14/2023 12:45,3.38,0.000396554
8/14/2023 13:00,3.29,0.000385995
8/14/2023 13:15,1.73,0.00020297
8/14/2023 16:15,6.01,0.000705115
8/14/2023 16:30,2.92,0.000342585
8/14/2023 16:45,2.83,0.000332026
8/14/2023 17:00,2.76,0.000323813
8/14/2023 17:15,2.77,0.000324986
8/14/2023 17:30,2.85,0.000334372
8/14/2023 17:45,2.755,0.000323226
8/14/2023 18:00,2.695,0.000316187
8/14/2023 18:15,2.695,0.000316187
8/14/2023 18:30,2.685,0.000315014
8/14/2023 18:45,2.665,0.000312667
8/14/2023 19:00,2.67,0.000313254
8/14/2023 19:15,2.69,0.0003156
8/14/2023 19:30,2.7,0.000316774
8/14/2023 19:45,2.65,0.000310908
8/14/2023 20:00,2.74,0.000321467
8/14/2023 20:15,2.845,0.000333786
8/14/2023 20:30,3.085,0.000361943
8/14/2023 20:45,3.23,0.000378955
8/14/2023 21:00,3.315,0.000388928
8/14/2023 21:15,3.26,0.000382475
8/14/2023 21:30,3.22,0.000377782
8/14/2023 21:45,3.07,0.000360183
8/14/2023 22:00,3,0.000351971
8/14/2023 22:15,3.17,0.000371916
8/14/2023 22:30,3.095,0.000363117
8/14/2023 22:45,3.275,0.000384235
8/14/2023 23:00,3.32,0.000389514
8/14/2023 23:15,3.43,0.00040242
8/14/2023 23:30,3.47,0.000407113
8/14/2023 23:45,3.445,0.00040418
8/15/2023 0:00,3.55,0.000416499
8/15/2023 0:15,3.505,0.000411219
8/15/2023 0:30,3.92,0.000459908
8/15/2023 0:45,3.415,0.00040066
8/15/2023 1:00,3.515,0.000412392
8/15/2023 1:15,3.605,0.000422952
8/15/2023 1:30,4.095,0.00048044
8/15/2023 1:45,3.855,0.000452282
8/15/2023 2:00,3.78,0.000443483
8/15/2023 2:15,3.365,0.000394794
8/15/2023 2:30,3.86,0.000452869
8/15/2023 2:45,4.05,0.000475161
8/15/2023 3:00,4.11,0.0004822
8/15/2023 3:15,3.855,0.000452282
8/15/2023 3:30,3.87,0.000454042
8/15/2023 3:45,3.98,0.000466948
8/15/2023 4:00,3.93,0.000461082
8/15/2023 4:15,4.125,0.00048396
8/15/2023 4:30,4.295,0.000503905
8/15/2023 4:45,4.16,0.000488066
8/15/2023 5:00,4.08,0.00047868
8/15/2023 5:15,4.43,0.000519744
8/15/2023 5:30,4.28,0.000502145
8/15/2023 5:45,4.61,0.000540862
8/15/2023 6:00,4.625,0.000542622
8/15/2023 6:15,4.725,0.000554354
8/15/2023 6:30,4.63,0.000543208
8/15/2023 6:45,4.605,0.000540275
8/15/2023 7:00,4.55,0.000533822
8/15/2023 7:15,4.495,0.00052737
8/15/2023 7:30,4.47,0.000524436
8/15/2023 7:45,4.43,0.000519744
8/15/2023 8:00,4.435,0.00052033
8/15/2023 8:15,4.36,0.000511531
8/15/2023 8:30,4.415,0.000517984
8/15/2023 8:45,4.32,0.000506838
8/15/2023 9:00,4.33,0.000508011
8/15/2023 9:15,4.205,0.000493346
8/15/2023 9:30,4.06,0.000476334
8/15/2023 9:45,4.055,0.000475747
8/15/2023 10:00,3.955,0.000464015
8/15/2023 10:15,3.945,0.000462842
8/15/2023 10:30,3.75,0.000439963
8/15/2023 10:45,3.81,0.000447003
8/15/2023 11:00,3.74,0.00043879
8/15/2023 11:15,3.73,0.000437617
8/15/2023 11:30,3.66,0.000429404
8/15/2023 11:45,3.67,0.000430578
8/15/2023 12:00,3.61,0.000423538
8/15/2023 12:15,3.605,0.000422952
8/15/2023 12:30,3.54,0.000415326
8/15/2023 12:45,3.67,0.000430578
8/15/2023 13:00,3.58,0.000420018
8/15/2023 13:15,3.51,0.000411806
8/15/2023 13:30,3.415,0.00040066
8/15/2023 13:45,3.395,0.000398314
8/15/2023 14:00,3.325,0.000390101
8/15/2023 14:15,3.32,0.000389514
8/15/2023 14:30,3.515,0.000412392
8/15/2023 14:45,3.46,0.00040594
8/15/2023 15:00,3.295,0.000386581
8/15/2023 15:15,3.23,0.000378955
8/15/2023 15:30,3.25,0.000381302
8/15/2023 15:45,3.16,0.000370743
8/15/2023 16:00,3.01,0.000353144
8/15/2023 16:15,2.89,0.000339065
8/15/2023 16:30,2.735,0.00032088
8/15/2023 16:45,2.69,0.0003156
8/15/2023 17:00,2.56,0.000300348
8/15/2023 17:15,2.555,0.000299762
8/15/2023 17:30,2.455,0.000288029
8/15/2023 17:45,3.025,0.000354904
8/15/2023 18:00,2.93,0.000343758
8/15/2023 18:15,2.28,0.000267498
8/15/2023 18:30,2.25,0.000263978
8/15/2023 18:45,2.21,0.000259285
8/15/2023 19:00,2.205,0.000258699
8/15/2023 19:15,2.155,0.000252832
8/15/2023 19:30,2.315,0.000271604
8/15/2023 19:45,2.56,0.000300348
8/15/2023 20:00,2.81,0.000329679
8/15/2023 20:15,2.91,0.000341412
8/15/2023 20:30,3.07,0.000360183
8/15/2023 20:45,3.235,0.000379542
8/15/2023 21:00,3.095,0.000363117
8/15/2023 21:15,3.275,0.000384235
8/15/2023 21:30,3.215,0.000377195
8/15/2023 21:45,3.25,0.000381302
8/15/2023 22:00,3.14,0.000368396
8/15/2023 22:15,3.2,0.000375435
8/15/2023 22:30,3.185,0.000373676
8/15/2023 22:45,3.075,0.00036077
8/15/2023 23:00,2.98,0.000349624
8/15/2023 23:15,2.975,0.000349038
8/15/2023 23:30,3.255,0.000381888
8/15/2023 23:45,11.1,0.001302292
8/16/2023 0:00,36.89,0.004328067
8/16/2023 0:15,35.93,0.004215437
8/16/2023 0:30,33.06,0.003878718
8/16/2023 0:45,32.11,0.003767261
8/16/2023 1:00,30.485,0.00357661
8/16/2023 1:15,28.5,0.003343722
8/16/2023 1:30,26.385,0.003095583
8/16/2023 1:45,24.605,0.002886747
8/16/2023 2:00,23.175,0.002718974
8/16/2023 2:15,23.49,0.002755931
8/16/2023 2:30,24.155,0.002833951
8/16/2023 2:45,25.08,0.002942476
8/16/2023 3:00,26.08,0.003059799
8/16/2023 3:15,26.53,0.003112595
8/16/2023 3:30,26.59,0.003119634
8/16/2023 3:45,26.86,0.003151312
8/16/2023 4:00,29.74,0.003489204
8/16/2023 4:15,36.345,0.004264126
8/16/2023 4:30,44.93,0.005271349
8/16/2023 4:45,51.56,0.006049204
8/16/2023 5:00,52.405,0.006148343
8/16/2023 5:15,49.135,0.005764695
8/16/2023 5:30,44.73,0.005247884
8/16/2023 5:45,41.065,0.004817893
8/16/2023 6:00,38.675,0.00453749
8/16/2023 6:15,38.105,0.004470615
8/16/2023 6:30,38.495,0.004516372
8/16/2023 6:45,38.71,0.004541596
8/16/2023 7:00,39.23,0.004602604
8/16/2023 7:15,40.13,0.004708196
8/16/2023 7:30,40.395,0.004739286
8/16/2023 7:45,40.66,0.004770377
8/16/2023 8:00,40.845,0.004792082
8/16/2023 8:15,42.76,0.005016757
8/16/2023 8:30,48.955,0.005743576
8/16/2023 8:45,67.285,0.007894118
8/16/2023 9:00,108.23,0.012697932
8/16/2023 9:15,192.12,0.022540208
8/16/2023 9:30,308,0.036135666
8/16/2023 9:45,416.34,0.048846504
8/16/2023 10:00,503.455,0.059067148
8/16/2023 10:15,562.705,0.066018571
8/16/2023 10:30,598.34,0.070199397
8/16/2023 10:45,603.035,0.070750232
8/16/2023 11:00,593.6,0.069643283
8/16/2023 11:15,563.97,0.066166985
8/16/2023 11:30,520.81,0.061103299
8/16/2023 11:45,471.3,0.055294608
8/16/2023 12:00,422.015,0.049512315
8/16/2023 12:15,366.86,0.043041333
8/16/2023 12:30,313.975,0.036836674
8/16/2023 12:45,269.31,0.031596416
8/16/2023 13:00,236.95,0.027799825
8/16/2023 13:15,222.2,0.026069302
8/16/2023 13:30,217.1,0.025470952
8/16/2023 13:45,225.145,0.02641482
8/16/2023 14:00,234.45,0.027506516
8/16/2023 14:15,241.88,0.02837823
8/16/2023 14:30,243.975,0.028624023
8/16/2023 14:45,238.465,0.02797757
8/16/2023 15:00,226.895,0.026620136
8/16/2023 15:15,214.75,0.025195241
8/16/2023 15:30,199.34,0.023387285
8/16/2023 15:45,191.835,0.022506771
8/16/2023 16:00,184.575,0.021655002
8/16/2023 16:15,178.595,0.020953407
8/16/2023 16:30,174.145,0.020431317
8/16/2023 16:45,170.545,0.020008952
8/16/2023 17:00,275.15,0.032281586
8/16/2023 17:15,291.97,0.034254969
8/16/2023 17:30,294.81,0.034588168
8/16/2023 17:45,279.395,0.032779625
8/16/2023 18:00,252.845,0.029664683
8/16/2023 18:15,215.905,0.02533075
8/16/2023 18:30,192.29,0.022560153
8/16/2023 18:45,181.165,0.021254928
8/16/2023 19:00,183.06,0.021477257
8/16/2023 19:15,194.08,0.022770162
8/16/2023 19:30,343.575,0.040309453
8/16/2023 19:45,374.97,0.043992827
8/16/2023 20:00,392.25,0.046020178
8/16/2023 20:15,619.67,0.07270191
8/16/2023 20:30,1193.29,0.140001068
8/16/2023 20:45,1596.43,0.1872989
8/16/2023 21:00,1736.575,0.203741215
8/16/2023 21:15,1816.115,0.213073133
8/16/2023 21:30,1840.565,0.215941695
8/16/2023 21:45,1878.605,0.220404684
8/16/2023 22:00,1905.025,0.223504374
8/16/2023 22:15,1931.75,0.226639846
8/16/2023 22:30,1974.08,0.231606154
8/16/2023 22:45,1978.11,0.232078968
8/16/2023 23:00,1979.64,0.232258473
8/16/2023 23:15,1964.35,0.230464596
8/16/2023 23:30,2018.55,0.236823534
8/16/2023 23:45,2052.595,0.240817816
8/17/2023 0:00,2107.9,0.247306397
8/17/2023 0:15,2171.22,0.254735327
8/17/2023 0:30,2212.625,0.25959311
8/17/2023 0:45,2253.095,0.264341196
8/17/2023 1:00,2274.685,0.266874212
8/17/2023 1:15,2280.685,0.267578154
8/17/2023 1:30,2291.65,0.268864607
8/17/2023 1:45,2295.945,0.269368512
8/17/2023 2:00,2284.51,0.268026916
8/17/2023 2:15,2255.355,0.264606347
8/17/2023 2:30,2263.045,0.265508566
8/17/2023 2:45,2243.74,0.263243634
8/17/2023 3:00,2210.24,0.259313293
8/17/2023 3:15,2168.135,0.254373384
8/17/2023 3:30,2093.255,0.245588193
8/17/2023 3:45,2033.52,0.238579868
8/17/2023 4:00,1923.37,0.225656675
8/17/2023 4:15,1836.605,0.215477093
8/17/2023 4:30,1726.55,0.202565046
8/17/2023 4:45,1639.88,0.19239661
8/17/2023 5:00,1553.205,0.182227588
8/17/2023 5:15,1537.13,0.180341611
8/17/2023 5:30,1555.835,0.182536149
8/17/2023 5:45,1598.405,0.187530614
8/17/2023 6:00,1655.32,0.194208086
8/17/2023 6:15,1690.135,0.198292707
8/17/2023 6:30,1735.245,0.203585174
8/17/2023 6:45,1728.895,0.202840169
8/17/2023 7:00,1749.52,0.205259969
8/17/2023 7:15,1761.72,0.206691316
8/17/2023 7:30,1792.575,0.210311336
8/17/2023 7:45,1812.64,0.212665434
8/17/2023 8:00,1740.31,0.204179418
8/17/2023 8:15,1581.3,0.185523794
8/17/2023 8:30,1357.57,0.159274987
8/17/2023 8:45,1132.04,0.132814998
8/17/2023 9:00,917.84,0.107684285
8/17/2023 9:15,770.27,0.090370842
8/17/2023 9:30,666.02,0.078139858
8/17/2023 9:45,589.545,0.069167536
8/17/2023 10:00,523.395,0.061406581
8/17/2023 10:15,467.265,0.054821208
8/17/2023 10:30,413.195,0.048477521
8/17/2023 10:45,364.1,0.042717519
8/17/2023 11:00,320.49,0.037601038
8/17/2023 11:15,286.34,0.033594437
8/17/2023 11:30,260.415,0.030552823
8/17/2023 11:45,235.385,0.027616213
8/17/2023 12:00,215.905,0.02533075
8/17/2023 12:15,196.46,0.023049393
8/17/2023 12:30,180.785,0.021210345
8/17/2023 12:45,167.225,0.019619437
8/17/2023 13:00,155.95,0.018296614
8/17/2023 13:15,147.68,0.017326348
8/17/2023 13:30,140.835,0.016523268
8/17/2023 13:45,137.69,0.016154285
8/17/2023 14:00,135.25,0.015868016
8/17/2023 14:15,132.915,0.015594065
8/17/2023 14:30,131.325,0.015407521
8/17/2023 14:45,129.74,0.015221563
8/17/2023 15:00,126.125,0.014797438
8/17/2023 15:15,121.79,0.01428884
8/17/2023 15:30,118.54,0.013907538
8/17/2023 15:45,113.905,0.013363744
8/17/2023 16:00,109.38,0.012832854
8/17/2023 16:15,104.74,0.012288473
8/17/2023 16:30,100.565,0.011798647
8/17/2023 16:45,97.445,0.011432597
8/17/2023 17:00,94.105,0.011040737
8/17/2023 17:15,91.71,0.010759747
8/17/2023 17:30,88.72,0.010408949
8/17/2023 17:45,93.445,0.010963303
8/17/2023 18:00,85.305,0.010008289
8/17/2023 18:15,83.595,0.009807666
8/17/2023 18:30,82.515,0.009680956
8/17/2023 18:45,81.765,0.009592963
8/17/2023 19:00,81.79,0.009595896
8/17/2023 19:15,82.67,0.009699141
8/17/2023 19:30,83.725,0.009822918
8/17/2023 19:45,84.255,0.009885099
8/17/2023 20:00,85.055,0.009978958
8/17/2023 20:15,84.98,0.009970159
8/17/2023 20:30,85.23,0.00999949
8/17/2023 20:45,86.3,0.010125026
8/17/2023 21:00,86.09,0.010100388
8/17/2023 21:15,85.755,0.010061085
8/17/2023 21:30,85.165,0.009991864
8/17/2023 21:45,84.855,0.009955493
8/17/2023 22:00,85.115,0.009985997
8/17/2023 22:15,84.725,0.009940241
8/17/2023 22:30,84.96,0.009967812
8/17/2023 22:45,84.34,0.009895072
8/17/2023 23:00,83.67,0.009816465
8/17/2023 23:15,81.4,0.00955014
8/17/2023 23:30,79.785,0.009360663
8/17/2023 23:45,78.15,0.009168839
8/18/2023 0:00,76.89,0.009021011
8/18/2023 0:15,75.02,0.008801616
8/18/2023 0:30,73.795,0.008657894
8/18/2023 0:45,72.495,0.008505374
8/18/2023 1:00,72.035,0.008451405
8/18/2023 1:15,70.93,0.008321762
8/18/2023 1:30,69.645,0.008171001
8/18/2023 1:45,68.62,0.008050745
8/18/2023 2:00,66.845,0.007842495
8/18/2023 2:15,64.925,0.007617234
8/18/2023 2:30,63.79,0.007484072
8/18/2023 2:45,62.525,0.007335658
8/18/2023 3:00,61.23,0.007183723
8/18/2023 3:15,59.905,0.00702827
8/18/2023 3:30,59.21,0.00694673
8/18/2023 3:45,59.315,0.006959049
8/18/2023 4:00,59.765,0.007011844
8/18/2023 4:15,60.42,0.007088691
8/18/2023 4:30,59.585,0.006990726
8/18/2023 4:45,59.435,0.006973128
8/18/2023 5:00,59.66,0.006999525
8/18/2023 5:15,59.555,0.006987206
8/18/2023 5:30,58.775,0.006895694
8/18/2023 5:45,57.765,0.006777197
8/18/2023 6:00,56.845,0.00666926
8/18/2023 6:15,56.195,0.006592999
8/18/2023 6:30,55.73,0.006538444
8/18/2023 6:45,55.68,0.006532578
8/18/2023 7:00,54.645,0.006411148
8/18/2023 7:15,54.355,0.006377124
8/18/2023 7:30,54.16,0.006354246
8/18/2023 7:45,53.76,0.006307316
8/18/2023 8:00,53.52,0.006279159
8/18/2023 8:15,51.955,0.006095547
8/18/2023 8:30,51.16,0.006002275
8/18/2023 8:45,49.995,0.005865593
8/18/2023 9:00,48.84,0.005730084
8/18/2023 9:15,47.39,0.005559965
8/18/2023 9:30,46.19,0.005419177
8/18/2023 9:45,45.05,0.005285428
8/18/2023 10:00,44.06,0.005169277
8/18/2023 10:15,43.59,0.005114135
8/18/2023 10:30,42.93,0.005036702
8/18/2023 10:45,41.98,0.004925244
8/18/2023 11:00,40.8,0.004786803
8/18/2023 11:15,39.67,0.004654227
8/18/2023 11:30,38.17,0.004478241
8/18/2023 11:45,36.54,0.004287004
8/18/2023 12:00,34.945,0.004099873
8/18/2023 12:15,33.915,0.00397903
8/18/2023 12:30,32.41,0.003802458
8/18/2023 12:45,31.515,0.003697453
8/18/2023 13:00,30.545,0.003583649
8/18/2023 13:15,29.805,0.00349683
8/18/2023 13:30,28.94,0.003395345
8/18/2023 13:45,28.52,0.003346069
8/18/2023 14:00,27.91,0.003274501
8/18/2023 14:15,27.595,0.003237544
8/18/2023 14:30,27.495,0.003225812
8/18/2023 14:45,27.015,0.003169497
8/18/2023 15:00,26.695,0.003131953
8/18/2023 15:15,26.56,0.003116115
8/18/2023 15:30,26.55,0.003114941
8/18/2023 15:45,26.41,0.003098516
8/18/2023 16:00,26.655,0.00312726
8/18/2023 16:15,26.405,0.003097929
8/18/2023 16:30,26.99,0.003166564
8/18/2023 16:45,27.01,0.00316891
8/18/2023 17:00,27.35,0.0032088
8/18/2023 17:15,27.57,0.003234611
8/18/2023 17:30,27.84,0.003266289
8/18/2023 17:45,28.145,0.003302072
8/18/2023 18:00,28.235,0.003312632
8/18/2023 18:15,28.51,0.003344896
8/18/2023 18:30,28.635,0.003359561
8/18/2023 18:45,28.9,0.003390652
8/18/2023 19:00,29.035,0.00340649
8/18/2023 19:15,29.2,0.003425849
8/18/2023 19:30,29.39,0.00344814
8/18/2023 19:45,30.16,0.003538479
8/18/2023 20:00,30.885,0.003623539
8/18/2023 20:15,31.855,0.003737343
8/18/2023 20:30,32.755,0.003842934
8/18/2023 20:45,33.53,0.00393386
8/18/2023 21:00,33.765,0.003961431
8/18/2023 21:15,33.59,0.003940899
8/18/2023 21:30,33.26,0.003902183
8/18/2023 21:45,33.01,0.003872852
8/18/2023 22:00,32.67,0.003832962
8/18/2023 22:15,32.3,0.003789552
8/18/2023 22:30,32.525,0.00381595
8/18/2023 22:45,32.435,0.003805391
8/18/2023 23:00,32.115,0.003767847
8/18/2023 23:15,33.075,0.003880478
8/18/2023 23:30,34.88,0.004092247
8/18/2023 23:45,33.46,0.003925647
8/19/2023 0:00,32.58,0.003822403
8/19/2023 0:15,32.01,0.003755528
8/19/2023 0:30,32.11,0.003767261
8/19/2023 0:45,32.075,0.003763154
8/19/2023 1:00,32.525,0.00381595
8/19/2023 1:15,33.7,0.003953805
8/19/2023 1:30,35.005,0.004106912
8/19/2023 1:45,35.4,0.004153255
8/19/2023 2:00,35.44,0.004157948
8/19/2023 2:15,34.58,0.00405705
8/19/2023 2:30,33.625,0.003945006
8/19/2023 2:45,33.165,0.003891037
8/19/2023 3:00,33.04,0.003876371
8/19/2023 3:15,33.085,0.003881651
8/19/2023 3:30,33.48,0.003927994
8/19/2023 3:45,33.42,0.003920954
8/19/2023 4:00,32.63,0.003828269
8/19/2023 4:15,32.65,0.003830615
8/19/2023 4:30,31.815,0.00373265
8/19/2023 4:45,32.64,0.003829442
8/19/2023 5:00,32.485,0.003811257
8/19/2023 5:15,31.97,0.003750835
8/19/2023 5:30,31.965,0.003750249
8/19/2023 5:45,31.89,0.003741449
8/19/2023 6:00,31.6,0.003707425
8/19/2023 6:15,32.03,0.003757875
8/19/2023 6:30,32.45,0.003807151
8/19/2023 6:45,32.175,0.003774887
8/19/2023 7:00,32.09,0.003764914
8/19/2023 7:15,31.795,0.003730304
8/19/2023 7:30,31.43,0.00368748
8/19/2023 7:45,30.98,0.003634685
8/19/2023 8:00,30.47,0.00357485
8/19/2023 8:15,29.5,0.003461046
8/19/2023 8:30,28.895,0.003390065
8/19/2023 8:45,28.015,0.00328682
8/19/2023 9:00,27.93,0.003276848
8/19/2023 9:15,27.785,0.003259836
8/19/2023 9:30,27.33,0.003206454
8/19/2023 9:45,26.835,0.003148379
8/19/2023 10:00,26.475,0.003106142
8/19/2023 10:15,25.815,0.003028708
8/19/2023 10:30,24.785,0.002907865
8/19/2023 10:45,24.09,0.002826325
8/19/2023 11:00,23.48,0.002754758
8/19/2023 11:15,23.055,0.002704895
8/19/2023 11:30,22.265,0.00261221
8/19/2023 11:45,21.12,0.002477874
8/19/2023 12:00,20.28,0.002379322
8/19/2023 12:15,19.505,0.002288397
8/19/2023 12:30,18.92,0.002219762
8/19/2023 12:45,18.63,0.002185738
8/19/2023 13:00,18.09,0.002122384
8/19/2023 13:15,17.985,0.002110065
8/19/2023 13:30,17.54,0.002057856
8/19/2023 13:45,20.135,0.002362311
8/19/2023 14:00,20.175,0.002367003
8/19/2023 14:15,18.79,0.00220451
8/19/2023 14:30,18.235,0.002139396
8/19/2023 14:45,17.875,0.002097159
8/19/2023 15:00,17.76,0.002083667
8/19/2023 15:15,17.84,0.002093053
8/19/2023 15:30,17.66,0.002071935
8/19/2023 15:45,17.04,0.001999194
8/19/2023 16:00,16.665,0.001955198
8/19/2023 16:15,17.03,0.001998021
8/19/2023 16:30,17.54,0.002057856
8/19/2023 16:45,17.36,0.002036738
8/19/2023 17:00,17.51,0.002054336
8/19/2023 17:15,18.19,0.002134116
8/19/2023 17:30,18.605,0.002182805
8/19/2023 17:45,19.37,0.002272558
8/19/2023 18:00,20,0.002346472
8/19/2023 18:15,20.05,0.002352338
8/19/2023 18:30,19.81,0.00232418
8/19/2023 18:45,19.705,0.002311861
8/19/2023 19:00,19.385,0.002274318
8/19/2023 19:15,19.135,0.002244987
8/19/2023 19:30,18.335,0.002151128
8/19/2023 19:45,18.39,0.002157581
8/19/2023 20:00,18.24,0.002139982
8/19/2023 20:15,18.68,0.002191605
8/19/2023 20:30,18.485,0.002168727
8/19/2023 20:45,18.765,0.002201577
8/19/2023 21:00,18.68,0.002191605
8/19/2023 21:15,18.16,0.002130596
8/19/2023 21:30,18.125,0.00212649
8/19/2023 21:45,18.05,0.002117691
8/19/2023 22:00,17.985,0.002110065
8/19/2023 22:15,18.345,0.002152301
8/19/2023 22:30,18.075,0.002120624
8/19/2023 22:45,18.75,0.002199817
8/19/2023 23:00,19.385,0.002274318
8/19/2023 23:15,20.01,0.002347645
8/19/2023 23:30,20.155,0.002364657
8/19/2023 23:45,19.63,0.002303062
8/20/2023 0:00,19.695,0.002310688
8/20/2023 0:15,19.73,0.002314794
8/20/2023 0:30,19.605,0.002300129
8/20/2023 0:45,19.43,0.002279597
8/20/2023 1:00,19.055,0.002235601
8/20/2023 1:15,18.995,0.002228562
8/20/2023 1:30,19.145,0.00224616
8/20/2023 1:45,18.945,0.002222695
8/20/2023 2:00,19.315,0.002266105
8/20/2023 2:15,18.7,0.002193951
8/20/2023 2:30,18.645,0.002187498
8/20/2023 2:45,18.675,0.002191018
8/20/2023 3:00,18.59,0.002181046
8/20/2023 3:15,18.325,0.002149955
8/20/2023 3:30,18.125,0.00212649
8/20/2023 3:45,17.97,0.002108305
8/20/2023 4:00,17.875,0.002097159
8/20/2023 4:15,17.815,0.00209012
8/20/2023 4:30,17.965,0.002107718
8/20/2023 4:45,17.495,0.002052576
8/20/2023 5:00,17.315,0.002031458
8/20/2023 5:15,16.795,0.00197045
8/20/2023 5:30,16.625,0.001950505
8/20/2023 5:45,16.645,0.001952851
8/20/2023 6:00,16.75,0.00196517
8/20/2023 6:15,16.305,0.001912961
8/20/2023 6:30,16.415,0.001925867
8/20/2023 6:45,16.38,0.00192176
8/20/2023 7:00,15.975,0.001874244
8/20/2023 7:15,16.09,0.001887737
8/20/2023 7:30,15.81,0.001854886
8/20/2023 7:45,15.185,0.001781559
8/20/2023 8:00,15.04,0.001764547
8/20/2023 8:15,14.68,0.00172231
8/20/2023 8:30,14.795,0.001735803
8/20/2023 8:45,14.66,0.001719964
8/20/2023 9:00,14.42,0.001691806
8/20/2023 9:15,14.11,0.001655436
8/20/2023 9:30,13.77,0.001615546
8/20/2023 9:45,13.565,0.001591495
8/20/2023 10:00,13.24,0.001553364
8/20/2023 10:15,13.025,0.00152814
8/20/2023 10:30,12.54,0.001471238
8/20/2023 10:45,12.19,0.001430175
8/20/2023 11:00,11.91,0.001397324
8/20/2023 11:15,11.78,0.001382072
8/20/2023 11:30,11.895,0.001395564
8/20/2023 11:45,11.475,0.001346288
8/20/2023 12:00,11.11,0.001303465
8/20/2023 12:15,10.9,0.001278827
8/20/2023 12:30,10.91,0.00128
8/20/2023 12:45,10.375,0.001217232
8/20/2023 13:00,10.005,0.001173823
8/20/2023 13:15,9.76,0.001145078
8/20/2023 13:30,9.61,0.00112748
8/20/2023 13:45,9.3,0.001091109
8/20/2023 14:00,9.375,0.001099909
8/20/2023 14:15,9.665,0.001133933
8/20/2023 14:30,9.505,0.001115161
8/20/2023 14:45,9.21,0.00108055
8/20/2023 15:00,8.995,0.001055326
8/20/2023 15:15,8.5,0.000997251
8/20/2023 15:30,8.43,0.000989038
8/20/2023 15:45,8.41,0.000986691
8/20/2023 16:00,8.27,0.000970266
8/20/2023 16:15,8.295,0.000973199
8/20/2023 16:30,8.425,0.000988451
8/20/2023 16:45,8.295,0.000973199
8/20/2023 17:00,8.245,0.000967333
8/20/2023 17:15,8.24,0.000966746
8/20/2023 17:30,8.335,0.000977892
8/20/2023 17:45,8.25,0.00096792
8/20/2023 18:00,8.315,0.000975546
8/20/2023 18:15,8.35,0.000979652
8/20/2023 18:30,8.39,0.000984345
8/20/2023 18:45,8.335,0.000977892
8/20/2023 19:00,8.515,0.00099901
8/20/2023 19:15,8.545,0.00100253
8/20/2023 19:30,8.735,0.001024822
8/20/2023 19:45,8.81,0.001033621
8/20/2023 20:00,8.935,0.001048286
8/20/2023 20:15,9.305,0.001091696
8/20/2023 20:30,9.625,0.00112924
8/20/2023 20:45,9.635,0.001130413
8/20/2023 21:00,9.91,0.001162677
8/20/2023 21:15,10.155,0.001191421
8/20/2023 21:30,10.28,0.001206087
8/20/2023 21:45,10.575,0.001240697
8/20/2023 22:00,10.455,0.001226618
8/20/2023 22:15,10.28,0.001206087
8/20/2023 22:30,10.395,0.001219579
8/20/2023 22:45,10.575,0.001240697
8/20/2023 23:00,10.355,0.001214886
8/20/2023 23:15,10.525,0.001234831
8/20/2023 23:30,10.61,0.001244803
8/20/2023 23:45,10.455,0.001226618
8/21/2023 0:00,10.375,0.001217232
8/21/2023 0:15,10.235,0.001200807
8/21/2023 0:30,10.32,0.001210779
8/21/2023 0:45,10.49,0.001230724
8/21/2023 1:00,10.42,0.001222512
8/21/2023 1:15,10.6,0.00124363
8/21/2023 1:30,10.335,0.001212539
8/21/2023 1:45,10.705,0.001255949
8/21/2023 2:00,10.695,0.001254776
8/21/2023 2:15,10.555,0.001238351
8/21/2023 2:30,10.69,0.001254189
8/21/2023 2:45,10.9,0.001278827
8/21/2023 3:00,10.835,0.001271201
8/21/2023 3:15,10.625,0.001246563
8/21/2023 3:30,10.5,0.001231898
8/21/2023 3:45,10.36,0.001215472
8/21/2023 4:00,10.32,0.001210779
8/21/2023 4:15,10.445,0.001225445
8/21/2023 4:30,10.325,0.001211366
8/21/2023 4:45,10.665,0.001251256
8/21/2023 5:00,10.3,0.001208433
8/21/2023 5:15,9.96,0.001168543
8/21/2023 5:30,9.99,0.001172063
8/21/2023 5:45,10.51,0.001233071
8/21/2023 6:00,10.265,0.001204327
8/21/2023 6:15,10.12,0.001187315
8/21/2023 6:30,10.335,0.001212539
8/21/2023 6:45,10.2,0.001196701
8/21/2023 7:00,10.19,0.001195527
8/21/2023 7:15,10.07,0.001181449
8/21/2023 7:30,10.055,0.001179689
8/21/2023 7:45,9.765,0.001145665
8/21/2023 8:00,9.745,0.001143318
8/21/2023 8:15,9.685,0.001136279
8/21/2023 8:30,9.865,0.001157397
8/21/2023 8:45,9.76,0.001145078
8/21/2023 9:00,9.75,0.001143905
8/21/2023 9:15,9.525,0.001117507
8/21/2023 9:30,9.28,0.001088763
8/21/2023 9:45,8.925,0.001047113
8/21/2023 10:00,8.835,0.001036554
8/21/2023 10:15,8.475,0.000994317
8/21/2023 10:30,8.33,0.000977306
8/21/2023 10:45,8.23,0.000965573
8/21/2023 11:00,8.095,0.000949734
8/21/2023 11:15,8.09,0.000949148
8/21/2023 11:30,8.065,0.000946215
8/21/2023 11:45,8.075,0.000947388
8/21/2023 12:00,8.145,0.000955601
8/21/2023 12:15,8.225,0.000964987
8/21/2023 12:30,8.09,0.000949148
8/21/2023 12:45,8.115,0.000952081
8/21/2023 13:00,8.06,0.000945628
8/21/2023 13:15,8.265,0.000969679
8/21/2023 13:30,8.525,0.001000184
8/21/2023 13:45,8.14,0.000955014
8/21/2023 14:00,7.905,0.000927443
8/21/2023 14:15,7.855,0.000921577
8/21/2023 14:30,7.55,0.000885793
8/21/2023 14:45,7.505,0.000880514
8/21/2023 15:00,7.05,0.000827131
8/21/2023 15:15,6.815,0.00079956
8/21/2023 15:30,6.82,0.000800147
8/21/2023 15:45,6.36,0.000746178
8/21/2023 16:00,6.41,0.000752044
8/21/2023 16:15,6.17,0.000723887
8/21/2023 16:30,6.5,0.000762603
8/21/2023 16:45,6.335,0.000743245
8/21/2023 17:00,6.35,0.000745005
8/21/2023 17:15,6.485,0.000760843
8/21/2023 17:30,6.39,0.000749698
8/21/2023 17:45,6.415,0.000752631
8/21/2023 18:00,6.355,0.000745591
8/21/2023 18:15,6.295,0.000738552
8/21/2023 18:30,6.455,0.000757324
8/21/2023 18:45,6.305,0.000739725
8/21/2023 19:00,6.48,0.000760257
8/21/2023 19:15,9.36,0.001098149
8/21/2023 19:30,60.205,0.007063467
8/21/2023 19:45,71.795,0.008423247
8/21/2023 20:00,76.13,0.008931845
8/21/2023 20:15,95.14,0.011162166
8/21/2023 20:30,99.35,0.011656099
8/21/2023 20:45,248.03,0.02909977
8/21/2023 21:00,1232.295,0.144577274
8/21/2023 21:15,1612.475,0.189181357
8/21/2023 21:30,1384.565,0.162442137
8/21/2023 21:45,1233.495,0.144718063
8/21/2023 22:00,773.15,0.090708734
8/21/2023 22:15,373.4,0.043808629
8/21/2023 22:30,449.56,0.052743993
8/21/2023 22:45,793.03,0.093041127
8/21/2023 23:00,568.48,0.066696115
8/21/2023 23:15,541.07,0.063480275
8/21/2023 23:30,600.655,0.070471001
8/21/2023 23:45,711.49,0.083474562
8/22/2023 0:00,1038.685,0.121862254
8/22/2023 0:15,1400.79,0.164345713
8/22/2023 0:30,1107.1,0.129888947
8/22/2023 0:45,854.605,0.100265327
8/22/2023 1:00,782.92,0.091854986
8/22/2023 1:15,791.665,0.09288098
8/22/2023 1:30,851.525,0.099903971
8/22/2023 1:45,933.535,0.109525678
8/22/2023 2:00,1027.26,0.120521832
8/22/2023 2:15,1135.735,0.133248508
8/22/2023 2:30,1239.66,0.145441363
8/22/2023 2:45,1328.235,0.1558333
8/22/2023 3:00,1405.2,0.16486311
8/22/2023 3:15,1471.67,0.172661609
8/22/2023 3:30,1518.125,0.178111876
8/22/2023 3:45,1552.31,0.182122583
8/22/2023 4:00,1582.79,0.185698606
8/22/2023 4:15,1604.225,0.188213437
8/22/2023 4:30,1629.455,0.191173512
8/22/2023 4:45,1667.035,0.195582532
8/22/2023 5:00,1696.03,0.19898433
8/22/2023 5:15,1732.62,0.2032772
8/22/2023 5:30,1764.455,0.207012196
8/22/2023 5:45,1795.845,0.210694984
8/22/2023 6:00,1818.955,0.213406332
8/22/2023 6:15,1828.275,0.214499788
8/22/2023 6:30,1829.5,0.214643509
8/22/2023 6:45,1818.24,0.213322446
8/22/2023 7:00,1811.17,0.212492968
8/22/2023 7:15,1778.315,0.208638301
8/22/2023 7:30,1732.785,0.203296558
8/22/2023 7:45,1679.49,0.197043797
8/22/2023 8:00,1601.675,0.187914262
8/22/2023 8:15,1516.86,0.177963462
8/22/2023 8:30,1414.275,0.165927821
8/22/2023 8:45,1304.68,0.153069742
8/22/2023 9:00,1183.405,0.138841324
8/22/2023 9:15,1057.87,0.124113107
8/22/2023 9:30,928.11,0.108889198
8/22/2023 9:45,811.025,0.095152365
8/22/2023 10:00,706.505,0.082889704
8/22/2023 10:15,614.705,0.072119398
8/22/2023 10:30,538.575,0.063187553
8/22/2023 10:45,469.125,0.05503943
8/22/2023 11:00,412.395,0.048383662
8/22/2023 11:15,367.805,0.043152203
8/22/2023 11:30,1835.47,0.215343931
8/22/2023 11:45,1964.63,0.230497446
8/22/2023 12:00,3669.195,0.430483133
8/22/2023 12:15,3105.925,0.364398274
8/22/2023 12:30,3152.26,0.369834462
8/22/2023 12:45,3121.84,0.366265479
8/22/2023 13:00,3449.91,0.404755829
8/22/2023 13:15,3330.02,0.390689904
8/22/2023 13:30,3559.655,0.417631507
8/22/2023 13:45,3458.76,0.405794143
8/22/2023 14:00,3635.195,0.426494131
8/22/2023 14:15,2610.32,0.306252115
8/22/2023 14:30,2625.08,0.307983812
8/22/2023 14:45,2562.68,0.30066282
8/22/2023 15:00,2418.895,0.283793447
8/22/2023 15:15,2548,0.298940509
8/22/2023 15:30,2304.15,0.270331152
8/22/2023 15:45,2392.925,0.280746553
8/22/2023 16:00,2268.22,0.266115715
8/22/2023 16:15,2092.1,0.245452684
8/22/2023 16:30,2247.54,0.263689463
8/22/2023 16:45,2369.31,0.277975957
8/22/2023 17:00,1942.81,0.227937445
8/22/2023 17:15,1797.35,0.210871556
8/22/2023 17:30,2348.56,0.275541492
8/22/2023 17:45,2190.45,0.256991459
8/22/2023 18:00,1958.5,0.229778253
8/22/2023 18:15,2395.9,0.281095591
8/22/2023 18:30,2360.21,0.276908312
8/22/2023 18:45,2164.12,0.253902329
8/22/2023 19:00,2307.86,0.270766422
8/22/2023 19:15,2361,0.277000998
8/22/2023 19:30,2210.37,0.259328545
8/22/2023 19:45,2355.175,0.276317588
8/22/2023 20:00,2167.325,0.254278351
8/22/2023 20:15,2080.07,0.244041281
8/22/2023 20:30,2285.605,0.268155386
8/22/2023 20:45,2315.255,0.27163403
8/22/2023 21:00,2341.965,0.274767743
8/22/2023 21:15,2395.485,0.281046902
8/22/2023 21:30,2337.11,0.274198137
8/22/2023 21:45,2283.83,0.267947136
8/22/2023 22:00,2270.24,0.266352709
8/22/2023 22:15,2099.405,0.246309733
8/22/2023 22:30,2174.36,0.255103723
8/22/2023 22:45,2261.22,0.26529445
8/22/2023 23:00,2373.165,0.278428239
8/22/2023 23:15,2277.945,0.267256687
8/22/2023 23:30,2261.18,0.265289757
8/22/2023 23:45,2078.415,0.243847111
8/23/2023 0:00,2135.52,0.250546875
8/23/2023 0:15,2417.735,0.283657352
8/23/2023 0:30,2260.665,0.265229335
8/23/2023 0:45,2285.5,0.268143067
8/23/2023 1:00,2303.14,0.270212655
8/23/2023 1:15,2202.065,0.258354173
8/23/2023 1:30,1830.805,0.214796617
8/23/2023 1:45,1995.985,0.234176127
8/23/2023 2:00,1967.01,0.230776676
8/23/2023 2:15,1782.305,0.209106422
8/23/2023 2:30,2010.57,0.235887292
8/23/2023 2:45,2126.36,0.24947219
8/23/2023 3:00,2044.975,0.23992381
8/23/2023 3:15,2084.315,0.24453932
8/23/2023 3:30,2038.41,0.239153581
8/23/2023 3:45,2160.82,0.253515161
8/23/2023 4:00,2086.59,0.244806231
8/23/2023 4:15,2094.965,0.245788816
8/23/2023 4:30,2169.22,0.25450068
8/23/2023 4:45,2291.535,0.268851115
8/23/2023 5:00,2215.755,0.259960333
8/23/2023 5:15,2192.22,0.257199122
8/23/2023 5:30,2216.805,0.260083523
8/23/2023 5:45,2247.42,0.263675384
8/23/2023 6:00,2221.75,0.260663688
8/23/2023 6:15,2226.96,0.261274944
8/23/2023 6:30,2200.945,0.258222771
8/23/2023 6:45,2003.9,0.235104744
8/23/2023 7:00,2145.175,0.251679634
8/23/2023 7:15,2109.175,0.247455985
8/23/2023 7:30,2297.445,0.269544497
8/23/2023 7:45,2244.635,0.263348638
8/23/2023 8:00,2053.365,0.240908155
8/23/2023 8:15,2033.035,0.238522966
8/23/2023 8:30,2248.975,0.263857823
8/23/2023 8:45,2141.355,0.251231458
8/23/2023 9:00,2264.705,0.265703323
8/23/2023 9:15,2361.695,0.277082538
8/23/2023 9:30,2225.84,0.261143541
8/23/2023 9:45,2293.345,0.26906347
8/23/2023 10:00,2044.11,0.239822325
8/23/2023 10:15,2059.185,0.241590978
8/23/2023 10:30,1890.3,0.221776784
8/23/2023 10:45,2088.855,0.245071969
8/23/2023 11:00,1999.535,0.234592626
8/23/2023 11:15,2049.575,0.240463499
8/23/2023 11:30,2017.885,0.236745514
8/23/2023 11:45,1810.25,0.21238503
8/23/2023 12:00,1942.65,0.227918674
8/23/2023 12:15,2133.98,0.250366196
8/23/2023 12:30,2196.6,0.257713
8/23/2023 12:45,1874.535,0.219927177
8/23/2023 13:00,2485.395,0.291595466
8/23/2023 13:15,2291.93,0.268897457
8/23/2023 13:30,2089.225,0.245115379
8/23/2023 13:45,2146.155,0.251794611
8/23/2023 14:00,2219.53,0.260403229
8/23/2023 14:15,2095.1,0.245804655
8/23/2023 14:30,2114.72,0.248106544
8/23/2023 14:45,2058.88,0.241555195
8/23/2023 15:00,2075.815,0.24354207
8/23/2023 15:15,2187.33,0.25662541
8/23/2023 15:30,2126.915,0.249537305
8/23/2023 15:45,2085.2,0.244643151
8/23/2023 16:00,2125.56,0.249378332
8/23/2023 16:15,2078.165,0.24381778
8/23/2023 16:30,2174.46,0.255115455
8/23/2023 16:45,2503.025,0.293663881
8/23/2023 17:00,2524.285,0.29615818
8/23/2023 17:15,2482.675,0.291276346
8/23/2023 17:30,2260.62,0.265224056
8/23/2023 17:45,2278.93,0.267372251
8/23/2023 18:00,2271.445,0.266494084
8/23/2023 18:15,2956.095,0.34681968
8/23/2023 18:30,3136.33,0.367965497
8/23/2023 18:45,2958.6,0.347113576
8/23/2023 19:00,3593.86,0.42164456
8/23/2023 19:15,3527.66,0.413877738
8/23/2023 19:30,3517.475,0.412682797
8/23/2023 19:45,2563.445,0.300752572
8/23/2023 20:00,2431.79,0.285306335
8/23/2023 20:15,2489.86,0.292119316
8/23/2023 20:30,3452.88,0.40510428
8/23/2023 20:45,3411.685,0.400271135
8/23/2023 21:00,3416.635,0.400851887
8/23/2023 21:15,3417.91,0.401001474
8/23/2023 21:30,3324.35,0.390024679
8/23/2023 21:45,3348.975,0.392913772
8/23/2023 22:00,2467.65,0.289513559
8/23/2023 22:15,2514.645,0.295027181
8/23/2023 22:30,1993.08,0.233835302
8/23/2023 22:45,3354.03,0.393506843
8/23/2023 23:00,3406.01,0.399605323
8/23/2023 23:15,3355.12,0.393634726
8/23/2023 23:30,3412.31,0.400344462
8/23/2023 23:45,3421.505,0.401423252
8/24/2023 0:00,3407.54,0.399784829
8/24/2023 0:15,2575.22,0.302134057
8/24/2023 0:30,2529.545,0.296775302
8/24/2023 0:45,2427.135,0.284760194
8/24/2023 1:00,3466.99,0.406759716
8/24/2023 1:15,3431.05,0.402543106
8/24/2023 1:30,3411.105,0.400203087
8/24/2023 1:45,3462.975,0.406288662
8/24/2023 2:00,3445.75,0.404267763
8/24/2023 2:15,3418.4,0.401058963
8/24/2023 2:30,2740.755,0.321555218
8/24/2023 2:45,2635.66,0.309225095
8/24/2023 3:00,2583.32,0.303084379
8/24/2023 3:15,2664.13,0.312565298
8/24/2023 3:30,2659.09,0.311973987
8/24/2023 3:45,2628.245,0.308355141
8/24/2023 4:00,3501.995,0.410866628
8/24/2023 4:15,3468.395,0.406924556
8/24/2023 4:30,3453.165,0.405137717
8/24/2023 4:45,3523.595,0.413400818
8/24/2023 5:00,3487.2,0.409130826
8/24/2023 5:15,3492.585,0.409762613
8/24/2023 5:30,2865.185,0.336153792
8/24/2023 5:45,2817.86,0.330601454
8/24/2023 6:00,2798.255,0.328301325
8/24/2023 6:15,2745.135,0.322069095
8/24/2023 6:30,2705.46,0.317414282
8/24/2023 6:45,2690.86,0.315701357
8/24/2023 7:00,3398.465,0.398720117
8/24/2023 7:15,3420.44,0.401298303
8/24/2023 7:30,3392.655,0.398038467
8/24/2023 7:45,3520.035,0.412983146
8/24/2023 8:00,3429.165,0.402321951
8/24/2023 8:15,3427.665,0.402145966
8/24/2023 8:30,3482.9,0.408626334
8/24/2023 8:45,3457.48,0.405643969
8/24/2023 9:00,3321.865,0.38973313
8/24/2023 9:15,3414.115,0.400556231
8/24/2023 9:30,3408.58,0.399906845
8/24/2023 9:45,1091.375,0.128044034
8/24/2023 10:00,969.22,0.113712371
8/24/2023 10:15,978.06,0.114749511
8/24/2023 10:30,887.14,0.10408245
8/24/2023 10:45,809.395,0.094961128
8/24/2023 11:00,791.76,0.092892126
8/24/2023 11:15,748.585,0.08782668
8/24/2023 11:30,669.25,0.078518813
8/24/2023 11:45,677.445,0.07948028
8/24/2023 12:00,694.715,0.081506458
8/24/2023 12:15,744.565,0.087355039
8/24/2023 12:30,657.565,0.077147887
8/24/2023 12:45,627.11,0.073574797
8/24/2023 13:00,560.825,0.065798003
8/24/2023 13:15,472.73,0.055462381
8/24/2023 13:30,433.63,0.050875029
8/24/2023 13:45,347,0.040711286
8/24/2023 14:00,291.435,0.034192201
8/24/2023 14:15,318.12,0.037322981
8/24/2023 14:30,243.935,0.02861933
8/24/2023 14:45,117.765,0.013816613
8/24/2023 15:00,272.75,0.032000009
8/24/2023 15:15,104.715,0.01228554
8/24/2023 15:30,136.215,0.015981233
8/24/2023 15:45,155.93,0.018294268
8/24/2023 16:00,172.24,0.020207815
8/24/2023 16:15,129.98,0.01524972
8/24/2023 16:30,117.595,0.013796668
8/24/2023 16:45,105.42,0.012368253
8/24/2023 17:00,120.675,0.014158024
8/24/2023 17:15,63.605,0.007462367
8/24/2023 17:30,130.38,0.01529665
8/24/2023 17:45,94.16,0.011047189
8/24/2023 18:00,91.17,0.010696392
8/24/2023 18:15,75.235,0.00882684
8/24/2023 18:30,78.565,0.009217528
8/24/2023 18:45,149.61,0.017552782
8/24/2023 19:00,72.595,0.008517106
8/24/2023 19:15,65.88,0.007729278
8/24/2023 19:30,79.25,0.009297895
8/24/2023 19:45,76.275,0.008948857
8/24/2023 20:00,71.21,0.008354613
8/24/2023 20:15,81.365,0.009546034
8/24/2023 20:30,73.34,0.008604512
8/24/2023 20:45,71.8,0.008423834
8/24/2023 21:00,70.315,0.008249608
8/24/2023 21:15,72.985,0.008562862
8/24/2023 21:30,73.255,0.00859454
8/24/2023 21:45,70.995,0.008329388
8/24/2023 22:00,70.525,0.008274246
8/24/2023 22:15,67.1,0.007872413
8/24/2023 22:30,75.775,0.008890195
8/24/2023 22:45,72.72,0.008531772
8/24/2023 23:00,57.73,0.006773091
8/24/2023 23:15,57.62,0.006760185
8/24/2023 23:30,71.375,0.008373971
8/24/2023 23:45,68.67,0.008056611
8/25/2023 0:00,75.19,0.008821561
8/25/2023 0:15,71.73,0.008415621
8/25/2023 0:30,70.175,0.008233183
8/25/2023 0:45,66.63,0.007817271
8/25/2023 1:00,63.57,0.007458261
8/25/2023 1:15,66.5,0.007802019
8/25/2023 1:30,58.895,0.006909773
8/25/2023 1:45,62.7,0.007356189
8/25/2023 2:00,79.33,0.00930728
8/25/2023 2:15,62.315,0.00731102
8/25/2023 2:30,63.475,0.007447115
8/25/2023 2:45,64.97,0.007622514
8/25/2023 3:00,61.5,0.007215401
8/25/2023 3:15,66.24,0.007771515
8/25/2023 3:30,65.575,0.007693494
8/25/2023 3:45,64.15,0.007526308
8/25/2023 4:00,66.5,0.007802019
8/25/2023 4:15,80.515,0.009446309
8/25/2023 4:30,65.775,0.007716959
8/25/2023 4:45,64.835,0.007606675
8/25/2023 5:00,59.215,0.006947316
8/25/2023 5:15,55.72,0.00653727
8/25/2023 5:30,61.385,0.007201909
8/25/2023 5:45,59.66,0.006999525
8/25/2023 6:00,63.805,0.007485832
8/25/2023 6:15,60.91,0.00714618
8/25/2023 6:30,63.695,0.007472926
8/25/2023 6:45,62.345,0.007314539
8/25/2023 7:00,75.605,0.00887025
8/25/2023 7:15,67.35,0.007901744
8/25/2023 7:30,62.39,0.007319819
8/25/2023 7:45,58.9,0.006910359
8/25/2023 8:00,60.815,0.007135034
8/25/2023 8:15,64.01,0.007509883
8/25/2023 8:30,53.76,0.006307316
8/25/2023 8:45,51.385,0.006028673
8/25/2023 9:00,117.805,0.013821306
8/25/2023 9:15,391.49,0.045931013
8/25/2023 9:30,251.815,0.02954384
8/25/2023 9:45,327.64,0.038439901
8/25/2023 10:00,170.265,0.019976101
8/25/2023 10:15,267.685,0.031405765
8/25/2023 10:30,181.665,0.02131359
8/25/2023 10:45,127.61,0.014971663
8/25/2023 11:00,398.365,0.046737612
8/25/2023 11:15,142.43,0.016710399
8/25/2023 11:30,298.195,0.034985308
8/25/2023 11:45,247.94,0.029089211
8/25/2023 12:00,418.78,0.049132773
8/25/2023 12:15,198.59,0.023299292
8/25/2023 12:30,83.295,0.009772468
8/25/2023 12:45,55.065,0.006460424
8/25/2023 13:00,64.485,0.007565612
8/25/2023 13:15,252.01,0.029566718
8/25/2023 13:30,126.545,0.014846714
8/25/2023 13:45,103.7,0.012166456
8/25/2023 14:00,190.65,0.022367743
8/25/2023 14:15,199.055,0.023353847
8/25/2023 14:30,339.095,0.039783843
8/25/2023 14:45,541.85,0.063571788
8/25/2023 15:00,1071.19,0.125675857
8/25/2023 15:15,810.875,0.095134767
8/25/2023 15:30,900.43,0.105641681
8/25/2023 15:45,1103.43,0.12945837
8/25/2023 16:00,1226.275,0.143870986
8/25/2023 16:15,1199.06,0.140678025
8/25/2023 16:30,1292.025,0.151585012
8/25/2023 16:45,1342.675,0.157527452
8/25/2023 17:00,1557.21,0.182697469
8/25/2023 17:15,1601.81,0.187930101
8/25/2023 17:30,1521.29,0.178483205
8/25/2023 17:45,1485.275,0.174257796
8/25/2023 18:00,1511.98,0.177390923
8/25/2023 18:15,1593.415,0.186945169
8/25/2023 18:30,1659.685,0.194720204
8/25/2023 18:45,1704.02,0.199921745
8/25/2023 19:00,1740.39,0.204188804
8/25/2023 19:15,1727.635,0.202692342
8/25/2023 19:30,1688.06,0.198049261
8/25/2023 19:45,1532.62,0.179812482
8/25/2023 20:00,1112.18,0.130484951
8/25/2023 20:15,1015.57,0.119150319
8/25/2023 20:30,790.79,0.092778322
8/25/2023 20:45,556.98,0.065346894
8/25/2023 21:00,448.705,0.052643682
8/25/2023 21:15,427.855,0.050197485
8/25/2023 21:30,431.325,0.050604598
8/25/2023 21:45,445.575,0.052276459
8/25/2023 22:00,451.365,0.052955763
8/25/2023 22:15,457.875,0.053719539
8/25/2023 22:30,489.04,0.057375929
8/25/2023 22:45,541.21,0.063496701
8/25/2023 23:00,610.245,0.071596135
8/25/2023 23:15,669.4,0.078536412
8/25/2023 23:30,729.17,0.085548843
8/25/2023 23:45,813.59,0.0954533
8/26/2023 0:00,887.32,0.104103569
8/26/2023 0:15,950.53,0.111519593
8/26/2023 0:30,996.315,0.116891253
8/26/2023 0:45,1092.64,0.128192448
8/26/2023 1:00,1079.46,0.126646123
8/26/2023 1:15,1104,0.129525244
8/26/2023 1:30,1116.705,0.13101584
8/26/2023 1:45,1082.465,0.126998681
8/26/2023 2:00,1076.995,0.126356921
8/26/2023 2:15,1064.155,0.124850486
8/26/2023 2:30,1025.815,0.120352299
8/26/2023 2:45,993.56,0.116568027
8/26/2023 3:00,957.8,0.112372535
8/26/2023 3:15,910.88,0.106867712
8/26/2023 3:30,869.105,0.101966519
8/26/2023 3:45,823.865,0.0966588
8/26/2023 4:00,782.655,0.091823895
8/26/2023 4:15,746.125,0.087538064
8/26/2023 4:30,712.705,0.08361711
8/26/2023 4:45,689.785,0.080928053
8/26/2023 5:00,661.105,0.077563212
8/26/2023 5:15,631.13,0.074046438
8/26/2023 5:30,609.7,0.071532193
8/26/2023 5:45,584.93,0.068626088
8/26/2023 6:00,560.51,0.065761046
8/26/2023 6:15,541.235,0.063499634
8/26/2023 6:30,512.245,0.060098423
8/26/2023 6:45,493.785,0.057932629
8/26/2023 7:00,466.82,0.054768999
8/26/2023 7:15,450.205,0.052819667
8/26/2023 7:30,430.94,0.050559428
8/26/2023 7:45,412.985,0.048452883
8/26/2023 8:00,396.03,0.046463662
8/26/2023 8:15,378.82,0.044444523
8/26/2023 8:30,363.505,0.042647712
8/26/2023 8:45,346.455,0.040647345
8/26/2023 9:00,334.7,0.039268206
8/26/2023 9:15,320.055,0.037550002
8/26/2023 9:30,304.885,0.035770203
8/26/2023 9:45,292.42,0.034307764
8/26/2023 10:00,283.15,0.033220175
8/26/2023 10:15,271.625,0.03186802
8/26/2023 10:30,265.005,0.031091338
8/26/2023 10:45,264.98,0.031088405
8/26/2023 11:00,263.67,0.030934711
8/26/2023 11:15,269.455,0.031613428
8/26/2023 11:30,276.605,0.032452292
8/26/2023 11:45,289.58,0.033974565
8/26/2023 12:00,309.51,0.036312825
8/26/2023 12:15,323.325,0.03793365
8/26/2023 12:30,327.825,0.038461606
8/26/2023 12:45,313.7,0.03680441
8/26/2023 13:00,293,0.034375812
8/26/2023 13:15,263.13,0.030871356
8/26/2023 13:30,239.015,0.028042098
8/26/2023 13:45,219.425,0.025743729
8/26/2023 14:00,204.78,0.024025525
8/26/2023 14:15,196.31,0.023031794
8/26/2023 14:30,193.52,0.022704461
8/26/2023 14:45,195.07,0.022886313
8/26/2023 15:00,206.44,0.024220282
8/26/2023 15:15,235.855,0.027671356
8/26/2023 15:30,276.675,0.032460504
8/26/2023 15:45,329.105,0.03861178
8/26/2023 16:00,375.725,0.044081406
8/26/2023 16:15,417.72,0.04900841
8/26/2023 16:30,434.475,0.050974167
8/26/2023 16:45,435.475,0.051091491
8/26/2023 17:00,456.815,0.053595176
8/26/2023 17:15,463.285,0.05435426
8/26/2023 17:30,478.285,0.056114114
8/26/2023 17:45,462.955,0.054315543
8/26/2023 18:00,427.57,0.050164048
8/26/2023 18:15,367.84,0.04315631
8/26/2023 18:30,310.4,0.036417243
8/26/2023 18:45,265.915,0.031198103
8/26/2023 19:00,243.025,0.028512566
8/26/2023 19:15,228.325,0.026787909
8/26/2023 19:30,211.125,0.024769943
8/26/2023 19:45,204.215,0.023959237
8/26/2023 20:00,192.69,0.022607083
8/26/2023 20:15,182.16,0.021371665
8/26/2023 20:30,172.115,0.02019315
8/26/2023 20:45,163.495,0.01918182
8/26/2023 21:00,163.635,0.019198246
8/26/2023 21:15,170.395,0.019991353
8/26/2023 21:30,192.275,0.022558393
8/26/2023 21:45,267.615,0.031397553
8/26/2023 22:00,374.965,0.04399224
8/26/2023 22:15,446.595,0.052396129
8/26/2023 22:30,530.375,0.062225499
8/26/2023 22:45,655.995,0.076963689
8/26/2023 23:00,712.64,0.083609484
8/26/2023 23:15,672.545,0.078905394
8/26/2023 23:30,563.75,0.066141174
8/26/2023 23:45,457.39,0.053662637
8/27/2023 0:00,405.055,0.047522507
8/27/2023 0:15,400.11,0.046942342
8/27/2023 0:30,382.14,0.044834037
8/27/2023 0:45,350.145,0.041080269
8/27/2023 1:00,343.735,0.040328224
8/27/2023 1:15,347.46,0.040765255
8/27/2023 1:30,347.615,0.04078344
8/27/2023 1:45,328.305,0.038517921
8/27/2023 2:00,322.305,0.03781398
8/27/2023 2:15,341.145,0.040024356
8/27/2023 2:30,385.99,0.045285733
8/27/2023 2:45,422.02,0.049512902
8/27/2023 3:00,442.93,0.051966138
8/27/2023 3:15,463.365,0.054363646
8/27/2023 3:30,469.39,0.05507052
8/27/2023 3:45,448.265,0.052592059
8/27/2023 4:00,415.86,0.048790188
8/27/2023 4:15,384.145,0.045069271
8/27/2023 4:30,357.89,0.04198894
8/27/2023 4:45,336.495,0.039478802
8/27/2023 5:00,338.725,0.039740433
8/27/2023 5:15,365.77,0.04291345
8/27/2023 5:30,379.625,0.044538968
8/27/2023 5:45,359.9,0.04222476
8/27/2023 6:00,334.69,0.039267033
8/27/2023 6:15,326.075,0.03825629
8/27/2023 6:30,317.565,0.037257866
8/27/2023 6:45,300.49,0.035254566
8/27/2023 7:00,287.415,0.03372056
8/27/2023 7:15,285.285,0.033470661
8/27/2023 7:30,289.835,0.034004483
8/27/2023 7:45,288.125,0.03380386
8/27/2023 8:00,276.585,0.032449945
8/27/2023 8:15,256.22,0.03006065
8/27/2023 8:30,232.97,0.027332877
8/27/2023 8:45,211.98,0.024870255
8/27/2023 9:00,194.69,0.02284173
8/27/2023 9:15,187.07,0.021947724
8/27/2023 9:30,183.015,0.021471977
8/27/2023 9:45,189.785,0.022266258
8/27/2023 10:00,195.205,0.022902152
8/27/2023 10:15,198.015,0.023231831
8/27/2023 10:30,194.045,0.022766056
8/27/2023 10:45,179.11,0.021013828
8/27/2023 11:00,164.655,0.019317916
8/27/2023 11:15,150.36,0.017640775
8/27/2023 11:30,139.325,0.016346109
8/27/2023 11:45,127.4,0.014947025
8/27/2023 12:00,117.545,0.013790801
8/27/2023 12:15,111.345,0.013063395
8/27/2023 12:30,107.19,0.012575916
8/27/2023 12:45,100.33,0.011771076
8/27/2023 13:00,97.205,0.01140444
8/27/2023 13:15,94.855,0.011128729
8/27/2023 13:30,98.47,0.011552854
8/27/2023 13:45,117.745,0.013814266
8/27/2023 14:00,98.89,0.01160213
8/27/2023 14:15,102.25,0.011996337
8/27/2023 14:30,104.625,0.012274981
8/27/2023 14:45,95.12,0.01115982
8/27/2023 15:00,90.185,0.010580828
8/27/2023 15:15,86.78,0.010181341
8/27/2023 15:30,84.555,0.009920296
8/27/2023 15:45,79.075,0.009277363
8/27/2023 16:00,77.4,0.009080846
8/27/2023 16:15,77.71,0.009117216
8/27/2023 16:30,78.4,0.00919817
8/27/2023 16:45,76.73,0.009002239
8/27/2023 17:00,74.14,0.008698371
8/27/2023 17:15,71.535,0.008392743
8/27/2023 17:30,69.29,0.008129352
8/27/2023 17:45,67.785,0.00795278
8/27/2023 18:00,64.44,0.007560332
8/27/2023 18:15,61.88,0.007259984
8/27/2023 18:30,59.93,0.007031203
8/27/2023 18:45,59.53,0.006984273
8/27/2023 19:00,58.715,0.006888655
8/27/2023 19:15,57.235,0.006715016
8/27/2023 19:30,56.615,0.006642275
8/27/2023 19:45,55.285,0.006486235
8/27/2023 20:00,55.65,0.006529058
8/27/2023 20:15,54.8,0.006429333
8/27/2023 20:30,54.265,0.006366565
8/27/2023 20:45,53.385,0.00626332
8/27/2023 21:00,58.77,0.006895107
8/27/2023 21:15,229.785,0.026959201
8/27/2023 21:30,356.3,0.041802395
8/27/2023 21:45,469.88,0.055128009
8/27/2023 22:00,771.8,0.090550347
8/27/2023 22:15,1177.77,0.138180206
8/27/2023 22:30,1294.115,0.151830219
8/27/2023 22:45,1069.165,0.125438277
8/27/2023 23:00,1047.75,0.122925792
8/27/2023 23:15,1250.255,0.146684406
8/27/2023 23:30,1312.95,0.154040009
8/27/2023 23:45,1171.055,0.137392378
8/28/2023 0:00,1115.94,0.130926088
8/28/2023 0:15,1134.39,0.133090708
8/28/2023 0:30,1266.925,0.14864019
8/28/2023 0:45,1383.01,0.162259699
8/28/2023 1:00,1370.285,0.160766757
8/28/2023 1:15,1232.775,0.14463359
8/28/2023 1:30,1124.9,0.131977307
8/28/2023 1:45,1092.14,0.128133786
8/28/2023 2:00,1104.8,0.129619103
8/28/2023 2:15,1094.52,0.128413017
8/28/2023 2:30,1081.655,0.126903649
8/28/2023 2:45,1083.62,0.127134189
8/28/2023 3:00,1086.205,0.127437471
8/28/2023 3:15,1081.115,0.126840294
8/28/2023 3:30,1057.705,0.124093749
8/28/2023 3:45,1011.665,0.11869217
8/28/2023 4:00,962.385,0.112910464
8/28/2023 4:15,926.265,0.108672736
8/28/2023 4:30,908.795,0.106623093
8/28/2023 4:45,913.465,0.107170994
8/28/2023 5:00,926.235,0.108669216
8/28/2023 5:15,918.56,0.107768758
8/28/2023 5:30,903.62,0.106015943
8/28/2023 5:45,855.38,0.100356253
8/28/2023 6:00,803.47,0.094265985
8/28/2023 6:15,737.95,0.086578944
8/28/2023 6:30,688.715,0.080802517
8/28/2023 6:45,666.015,0.078139271
8/28/2023 7:00,618.695,0.072587519
8/28/2023 7:15,587.99,0.068985098
8/28/2023 7:30,562.07,0.065944071
8/28/2023 7:45,537.985,0.063118332
8/28/2023 8:00,514.365,0.060347149
8/28/2023 8:15,488.585,0.057322547
8/28/2023 8:30,458.34,0.053774095
8/28/2023 8:45,430.015,0.050450904
8/28/2023 9:00,403.935,0.047391105
8/28/2023 9:15,378.43,0.044398766
8/28/2023 9:30,348.81,0.040923642
8/28/2023 9:45,328.19,0.038504429
8/28/2023 10:00,308.21,0.036160304
8/28/2023 10:15,293.1,0.034387544
8/28/2023 10:30,272.925,0.032020541
8/28/2023 10:45,253.645,0.029758542
8/28/2023 11:00,239.215,0.028065563
8/28/2023 11:15,222.925,0.026154361
8/28/2023 11:30,210.83,0.024735333
8/28/2023 11:45,200.125,0.023479384
8/28/2023 12:00,189.16,0.02219293
8/28/2023 12:15,176.4,0.020695881
8/28/2023 12:30,166.765,0.019565469
8/28/2023 12:45,163.565,0.019190033
8/28/2023 13:00,153.11,0.017963415
8/28/2023 13:15,144.39,0.016940353
8/28/2023 13:30,139.215,0.016333204
8/28/2023 13:45,132.405,0.01553423
8/28/2023 14:00,126.045,0.014788052
8/28/2023 14:15,122.49,0.014370967
8/28/2023 14:30,118.39,0.01388994
8/28/2023 14:45,115.48,0.013548528
8/28/2023 15:00,112.42,0.013189518
8/28/2023 15:15,109.53,0.012850453
8/28/2023 15:30,107.09,0.012564183
8/28/2023 15:45,104.95,0.012313111
8/28/2023 16:00,102.165,0.011986365
8/28/2023 16:15,100.295,0.01176697
8/28/2023 16:30,101.505,0.011908931
8/28/2023 16:45,98.98,0.011612689
8/28/2023 17:00,96.255,0.011292982
8/28/2023 17:15,92.675,0.010872964
8/28/2023 17:30,91.13,0.010691699
8/28/2023 17:45,90.25,0.010588454
8/28/2023 18:00,87.85,0.010306877
8/28/2023 18:15,126.175,0.014803304
8/28/2023 18:30,98.95,0.011609169
8/28/2023 18:45,89.105,0.010454119
8/28/2023 19:00,82.35,0.009661598
8/28/2023 19:15,79.95,0.009380021
8/28/2023 19:30,79.4,0.009315493
8/28/2023 19:45,101.14,0.011866108
8/28/2023 20:00,110.86,0.013006493
8/28/2023 20:15,110.585,0.012974229
8/28/2023 20:30,111.605,0.013093899
8/28/2023 20:45,107.915,0.012660975
8/28/2023 21:00,102.81,0.012062038
8/28/2023 21:15,104.985,0.012317217
8/28/2023 21:30,109.66,0.012865705
8/28/2023 21:45,110.745,0.012993001
8/28/2023 22:00,152.08,0.017842572
8/28/2023 22:15,463.095,0.054331968
8/28/2023 22:30,784.55,0.092046223
8/28/2023 22:45,811.225,0.09517583
8/28/2023 23:00,656.87,0.077066347
8/28/2023 23:15,512.325,0.060107809
8/28/2023 23:30,411.745,0.048307402
8/28/2023 23:45,344.61,0.040430883
8/29/2023 0:00,312.22,0.036630772
8/29/2023 0:15,293.54,0.034439167
8/29/2023 0:30,283.605,0.033273557
8/29/2023 0:45,265.76,0.031179917
8/29/2023 1:00,259.22,0.030412621
8/29/2023 1:15,248.98,0.029211228
8/29/2023 1:30,242.325,0.028430439
8/29/2023 1:45,233.905,0.027442575
8/29/2023 2:00,224.315,0.026317441
8/29/2023 2:15,219.305,0.02572965
8/29/2023 2:30,217.59,0.02552844
8/29/2023 2:45,209.545,0.024584572
8/29/2023 3:00,201.995,0.023698779
8/29/2023 3:15,190.27,0.02232316
8/29/2023 3:30,181.33,0.021274287
8/29/2023 3:45,173.73,0.020382627
8/29/2023 4:00,165.86,0.019459291
8/29/2023 4:15,157.055,0.018426257
8/29/2023 4:30,147.665,0.017324588
8/29/2023 4:45,142.3,0.016695147
8/29/2023 5:00,141.605,0.016613607
8/29/2023 5:15,149.84,0.017579767
8/29/2023 5:30,154.335,0.018107136
8/29/2023 5:45,149.095,0.017492361
8/29/2023 6:00,154.32,0.018105377
8/29/2023 6:15,176.94,0.020759236
8/29/2023 6:30,219.375,0.025737863
8/29/2023 6:45,257.435,0.030203199
8/29/2023 7:00,284.795,0.033413172
8/29/2023 7:15,294.6,0.03456353
8/29/2023 7:30,292.57,0.034325363
8/29/2023 7:45,285.225,0.033463621
8/29/2023 8:00,277.77,0.032588974
8/29/2023 8:15,270.22,0.031703181
8/29/2023 8:30,260.615,0.030576288
8/29/2023 8:45,247.115,0.028992419
8/29/2023 9:00,236.025,0.027691301
8/29/2023 9:15,231.05,0.027107616
8/29/2023 9:30,232.45,0.027271869
8/29/2023 9:45,233.84,0.027434948
8/29/2023 10:00,231.12,0.027115828
8/29/2023 10:15,222.035,0.026049943
8/29/2023 10:30,209.05,0.024526497
8/29/2023 10:45,192.47,0.022581272
8/29/2023 11:00,173.89,0.020401399
8/29/2023 11:15,155.285,0.018218594
8/29/2023 11:30,138.585,0.01625929
8/29/2023 11:45,122.955,0.014425522
8/29/2023 12:00,113.895,0.01336257
8/29/2023 12:15,105.16,0.012337749
8/29/2023 12:30,97.67,0.011458995
8/29/2023 12:45,92.3,0.010828967
8/29/2023 13:00,87.145,0.010224164
8/29/2023 13:15,83.905,0.009844036
8/29/2023 13:30,80.07,0.0093941
8/29/2023 13:45,76.685,0.00899696
8/29/2023 14:00,74.07,0.008690158
8/29/2023 14:15,71.32,0.008367518
8/29/2023 14:30,68.83,0.008075383
8/29/2023 14:45,67.42,0.007909956
8/29/2023 15:00,65.76,0.007715199
8/29/2023 15:15,64.535,0.007571478
8/29/2023 15:30,63.16,0.007410158
8/29/2023 15:45,64.505,0.007567958
8/29/2023 16:00,64.595,0.007578517
8/29/2023 16:15,61.61,0.007228306
8/29/2023 16:30,59.29,0.006956116
8/29/2023 16:45,59.105,0.006934411
8/29/2023 17:00,58.985,0.006920332
8/29/2023 17:15,57.65,0.006763705
8/29/2023 17:30,56.36,0.006612358
8/29/2023 17:45,55.475,0.006508526
8/29/2023 18:00,55.55,0.006517325
8/29/2023 18:15,53.475,0.006273879
8/29/2023 18:30,56.235,0.006597692
8/29/2023 18:45,55.105,0.006465116
8/29/2023 19:00,52.605,0.006171807
8/29/2023 19:15,51.785,0.006075602
8/29/2023 19:30,50.86,0.005967078
8/29/2023 19:45,50.75,0.005954172
8/29/2023 20:00,50.555,0.005931294
8/29/2023 20:15,50.755,0.005954759
8/29/2023 20:30,50.135,0.005882018
8/29/2023 20:45,49.72,0.005833329
8/29/2023 21:00,49.94,0.00585914
8/29/2023 21:15,51.27,0.00601518
8/29/2023 21:30,52.215,0.006126051
8/29/2023 21:45,50.78,0.005957692
8/29/2023 22:00,51.37,0.006026913
8/29/2023 22:15,50.195,0.005889058
8/29/2023 22:30,49.855,0.005849168
8/29/2023 22:45,48.85,0.005731257
8/29/2023 23:00,48.375,0.005675529
8/29/2023 23:15,50.005,0.005866766
8/29/2023 23:30,47.57,0.005581083
8/29/2023 23:45,47.83,0.005611587
8/30/2023 0:00,47.745,0.005601615
8/30/2023 0:15,47.85,0.005613934
8/30/2023 0:30,47.71,0.005597509
8/30/2023 0:45,47.17,0.005534154
8/30/2023 1:00,46.285,0.005430322
8/30/2023 1:15,45.885,0.005383393
8/30/2023 1:30,45.62,0.005352302
8/30/2023 1:45,45.975,0.005393952
8/30/2023 2:00,45.36,0.005321798
8/30/2023 2:15,44.86,0.005263136
8/30/2023 2:30,44.01,0.005163411
8/30/2023 2:45,43.625,0.005118242
8/30/2023 3:00,43.685,0.005125281
8/30/2023 3:15,44.175,0.00518277
8/30/2023 3:30,43.35,0.005085978
8/30/2023 3:45,43.07,0.005053127
8/30/2023 4:00,42.555,0.004992705
8/30/2023 4:15,42.135,0.004943429
8/30/2023 4:30,41.795,0.004903539
8/30/2023 4:45,41.175,0.004830799
8/30/2023 5:00,41.17,0.004830212
8/30/2023 5:15,40.835,0.004790909
8/30/2023 5:30,39.415,0.004624309
8/30/2023 5:45,39.125,0.004590285
8/30/2023 6:00,39.96,0.004688251
8/30/2023 6:15,38.48,0.004514612
8/30/2023 6:30,37.735,0.004427206
8/30/2023 6:45,37.595,0.00441078
8/30/2023 7:00,37.145,0.004357985
8/30/2023 7:15,36.605,0.00429463
8/30/2023 7:30,36.895,0.004328654
8/30/2023 7:45,36.09,0.004234208
8/30/2023 8:00,35.76,0.004195492
8/30/2023 8:15,36.89,0.004328067
8/30/2023 8:30,36.625,0.004296977
8/30/2023 8:45,37.155,0.004359158
8/30/2023 9:00,36.125,0.004238315
8/30/2023 9:15,34.535,0.00405177
8/30/2023 9:30,33.655,0.003948525
8/30/2023 9:45,32.86,0.003855253
8/30/2023 10:00,32.225,0.003780753
8/30/2023 10:15,31.805,0.003731477
8/30/2023 10:30,31.525,0.003698626
8/30/2023 10:45,31.57,0.003703906
8/30/2023 11:00,31.095,0.003648177
8/30/2023 11:15,31.26,0.003667535
8/30/2023 11:30,30.97,0.003633512
8/30/2023 11:45,31.15,0.00365463
8/30/2023 12:00,30.545,0.003583649
8/30/2023 12:15,30.295,0.003554318
8/30/2023 12:30,30.665,0.003597728
8/30/2023 12:45,33.385,0.003916848
8/30/2023 13:00,34.105,0.004001321
8/30/2023 13:15,31.485,0.003693933
8/30/2023 13:30,30.475,0.003575436
8/30/2023 13:45,30.205,0.003543759
8/30/2023 14:00,29.96,0.003515015
8/30/2023 14:15,29.38,0.003446967
8/30/2023 14:30,29.315,0.003439341
8/30/2023 14:45,29.04,0.003407077
8/30/2023 15:00,29.53,0.003464566
8/30/2023 15:15,29.275,0.003434648
8/30/2023 15:30,28.975,0.003399451
8/30/2023 15:45,29.01,0.003403557
8/30/2023 16:00,29.05,0.00340825
8/30/2023 16:15,28.885,0.003388892
8/30/2023 16:30,29.055,0.003408837
8/30/2023 16:45,29.32,0.003439928
8/30/2023 17:00,29.32,0.003439928
8/30/2023 17:15,28.97,0.003398864
8/30/2023 17:30,28.94,0.003395345
8/30/2023 17:45,28.875,0.003387719
8/30/2023 18:00,29.34,0.003442274
8/30/2023 18:15,29.555,0.003467499
8/30/2023 18:30,29.405,0.0034499
8/30/2023 18:45,31.35,0.003678095
8/30/2023 19:00,34.41,0.004037105
8/30/2023 19:15,34.38,0.004033585
8/30/2023 19:30,34.795,0.004082274
8/30/2023 19:45,36.31,0.00426002
8/30/2023 20:00,36.06,0.004230689
8/30/2023 20:15,35.765,0.004196078
8/30/2023 20:30,35.435,0.004157361
8/30/2023 20:45,34.165,0.00400836
8/30/2023 21:00,33.03,0.003875198
8/30/2023 21:15,33.055,0.003878131
8/30/2023 21:30,32.2,0.00377782
8/30/2023 21:45,32.185,0.00377606
8/30/2023 22:00,32.59,0.003823576
8/30/2023 22:15,31.535,0.003699799
8/30/2023 22:30,31.425,0.003686894
8/30/2023 22:45,30.81,0.00361474
8/30/2023 23:00,31.06,0.003644071
8/30/2023 23:15,30.075,0.003528507
8/30/2023 23:30,29.55,0.003466912
8/30/2023 23:45,30.26,0.003550212
8/31/2023 0:00,30.345,0.003560184
8/31/2023 0:15,30.58,0.003587755
8/31/2023 0:30,31.16,0.003655803
8/31/2023 0:45,31.215,0.003662256
8/31/2023 1:00,31.305,0.003672815
8/31/2023 1:15,32.3,0.003789552
8/31/2023 1:30,32.89,0.003858773
8/31/2023 1:45,29.9,0.003507975
8/31/2023 2:00,29.315,0.003439341
8/31/2023 2:15,28.93,0.003394171
8/31/2023 2:30,28.555,0.003350175
8/31/2023 2:45,29.445,0.003454593
8/31/2023 3:00,30.04,0.003524401
8/31/2023 3:15,29.385,0.003447554
8/31/2023 3:30,28.95,0.003396518
8/31/2023 3:45,28.325,0.003323191
8/31/2023 4:00,28.12,0.003299139
8/31/2023 4:15,28.31,0.003321431
8/31/2023 4:30,28.01,0.003286234
8/31/2023 4:45,28.175,0.003305592
8/31/2023 5:00,27.415,0.003216426
8/31/2023 5:15,26.965,0.003163631
8/31/2023 5:30,27.035,0.003171843
8/31/2023 5:45,26.46,0.003104382
8/31/2023 6:00,26.01,0.003051587
8/31/2023 6:15,25.915,0.003040441
8/31/2023 6:30,25.815,0.003028708
8/31/2023 6:45,25.88,0.003036335
8/31/2023 7:00,25.45,0.002985885
8/31/2023 7:15,25.285,0.002966527
8/31/2023 7:30,25.08,0.002942476
8/31/2023 7:45,24.865,0.002917251
8/31/2023 8:00,24.16,0.002834538
8/31/2023 8:15,24.255,0.002845684
8/31/2023 8:30,24.09,0.002826325
8/31/2023 8:45,23.62,0.002771183
8/31/2023 9:00,23.535,0.002761211
8/31/2023 9:15,23.235,0.002726014
8/31/2023 9:30,22.68,0.002660899
8/31/2023 9:45,22.73,0.002666765
8/31/2023 10:00,22.305,0.002616903
8/31/2023 10:15,22.745,0.002668525
8/31/2023 10:30,22.26,0.002611623
8/31/2023 10:45,21.785,0.002555894
8/31/2023 11:00,21.07,0.002472008
8/31/2023 11:15,20.815,0.002442091
8/31/2023 11:30,20.83,0.00244385
8/31/2023 11:45,20.855,0.002446783
8/31/2023 12:00,20.54,0.002409827
8/31/2023 12:15,20.275,0.002378736
8/31/2023 12:30,19.78,0.002320661
8/31/2023 12:45,19.705,0.002311861
8/31/2023 13:00,19.49,0.002286637
8/31/2023 13:15,20.155,0.002364657
8/31/2023 13:30,19.355,0.002270798
8/31/2023 13:45,19.65,0.002305409
8/31/2023 14:00,20.295,0.002381082
8/31/2023 14:15,19.8,0.002323007
8/31/2023 14:30,19.7,0.002311275
8/31/2023 14:45,19.38,0.002273731
8/31/2023 15:00,18.885,0.002215656
8/31/2023 15:15,19.23,0.002256133
8/31/2023 15:30,19.34,0.002269038
8/31/2023 15:45,19.71,0.002312448
8/31/2023 16:00,19.425,0.002279011
8/31/2023 16:15,19.39,0.002274904
8/31/2023 16:30,20.06,0.002353511
8/31/2023 16:45,19.72,0.002313621
8/31/2023 17:00,19.52,0.002290156
8/31/2023 17:15,19.355,0.002270798
8/31/2023 17:30,19.66,0.002306582
8/31/2023 17:45,20.09,0.002357031
8/31/2023 18:00,19.6,0.002299542
8/31/2023 18:15,19.54,0.002292503
8/31/2023 18:30,19.485,0.00228605
8/31/2023 18:45,19.355,0.002270798
8/31/2023 19:00,18.995,0.002228562
8/31/2023 19:15,19.175,0.00224968
8/31/2023 19:30,19.58,0.002297196
8/31/2023 19:45,19.675,0.002308342
8/31/2023 20:00,19.73,0.002314794
8/31/2023 20:15,18.54,0.002175179
8/31/2023 20:30,20.04,0.002351165
8/31/2023 20:45,19.815,0.002324767
8/31/2023 21:00,20.36,0.002388708
8/31/2023 21:15,20.445,0.002398681
8/31/2023 21:30,20.39,0.002392228
8/31/2023 21:45,20.635,0.002420972
8/31/2023 22:00,20.89,0.00245089
8/31/2023 22:15,21.54,0.00252715
8/31/2023 22:30,21.495,0.002521871
8/31/2023 22:45,21.215,0.00248902
8/31/2023 23:00,20.995,0.002463209
8/31/2023 23:15,21.695,0.002545335
8/31/2023 23:30,21.32,0.002501339
8/31/2023 23:45,21.26,0.0024943
9/1/2023 0:00,22.02,0.002583465
9/1/2023 0:15,22.29,0.002615143
9/1/2023 0:30,22.19,0.00260341
9/1/2023 0:45,21.835,0.002561761
9/1/2023 1:00,21.755,0.002552375
9/1/2023 1:15,21.005,0.002464382
9/1/2023 1:30,20.48,0.002402787
9/1/2023 1:45,20.71,0.002429772
9/1/2023 2:00,20.845,0.00244561
9/1/2023 2:15,21.02,0.002466142
9/1/2023 2:30,20.96,0.002459102
9/1/2023 2:45,20.73,0.002432118
9/1/2023 3:00,20.4,0.002393401
9/1/2023 3:15,20.345,0.002386948
9/1/2023 3:30,20.32,0.002384015
9/1/2023 3:45,20.09,0.002357031
9/1/2023 4:00,19.82,0.002325354
9/1/2023 4:15,19.835,0.002327113
9/1/2023 4:30,19.735,0.002315381
9/1/2023 4:45,20.12,0.002360551
9/1/2023 5:00,20.195,0.00236935
9/1/2023 5:15,20.25,0.002375803
9/1/2023 5:30,19.76,0.002318314
9/1/2023 5:45,19.69,0.002310102
9/1/2023 6:00,19.22,0.002254959
9/1/2023 6:15,19.265,0.002260239
9/1/2023 6:30,19.26,0.002259652
9/1/2023 6:45,18.88,0.002215069
9/1/2023 7:00,18.78,0.002203337
9/1/2023 7:15,18.415,0.002160514
9/1/2023 7:30,17.95,0.002105958
9/1/2023 7:45,18.18,0.002132943
9/1/2023 8:00,17.65,0.002070761
9/1/2023 8:15,17.905,0.002100679
9/1/2023 8:30,17.66,0.002071935
9/1/2023 8:45,17.77,0.00208484
9/1/2023 9:00,19.085,0.002239121
9/1/2023 9:15,20.9,0.002452063
9/1/2023 9:30,22.545,0.00264506
9/1/2023 9:45,22.415,0.002629808
9/1/2023 10:00,21.155,0.002481981
9/1/2023 10:15,19.68,0.002308928
9/1/2023 10:30,18.02,0.002114171
9/1/2023 10:45,16.885,0.001981009
9/1/2023 11:00,16.51,0.001937012
9/1/2023 11:15,16.66,0.001954611
9/1/2023 11:30,17.425,0.002044364
9/1/2023 11:45,17.84,0.002093053
9/1/2023 12:00,17.7,0.002076628
9/1/2023 12:15,17.375,0.002038497
9/1/2023 12:30,16.765,0.00196693
9/1/2023 12:45,16.055,0.00188363
9/1/2023 13:00,16.23,0.001904162
9/1/2023 13:15,15.71,0.001843154
9/1/2023 13:30,15.57,0.001826728
9/1/2023 13:45,15.535,0.001822622
9/1/2023 14:00,15.845,0.001858992
9/1/2023 14:15,15.185,0.001781559
9/1/2023 14:30,14.745,0.001729936
9/1/2023 14:45,14.295,0.001677141
9/1/2023 15:00,13.995,0.001641944
9/1/2023 15:15,13.88,0.001628451
9/1/2023 15:30,13.495,0.001583282
9/1/2023 15:45,13.2,0.001548671
9/1/2023 16:00,13.345,0.001565683
9/1/2023 16:15,13.24,0.001553364
9/1/2023 16:30,13.32,0.00156275
9/1/2023 16:45,13.2,0.001548671
9/1/2023 17:00,13.035,0.001529313
9/1/2023 17:15,13.395,0.001571549
9/1/2023 17:30,13.545,0.001589148
9/1/2023 17:45,13.96,0.001637837
9/1/2023 18:00,13.93,0.001634318
9/1/2023 18:15,13.975,0.001639597
9/1/2023 18:30,13.835,0.001623172
9/1/2023 18:45,14.26,0.001673034
9/1/2023 19:00,14.095,0.001653676
9/1/2023 19:15,14.505,0.001701779
9/1/2023 19:30,14.105,0.001654849
9/1/2023 19:45,14.08,0.001651916
9/1/2023 20:00,14.095,0.001653676
9/1/2023 20:15,14.56,0.001708231
9/1/2023 20:30,14.66,0.001719964
9/1/2023 20:45,15.52,0.001820862
9/1/2023 21:00,17.21,0.002019139
9/1/2023 21:15,18.2,0.002135289
9/1/2023 21:30,19.295,0.002263759
9/1/2023 21:45,18.72,0.002196298
9/1/2023 22:00,17.845,0.002093639
9/1/2023 22:15,17.975,0.002108892
9/1/2023 22:30,19.575,0.002296609
9/1/2023 22:45,21.355,0.002505445
9/1/2023 23:00,20.83,0.00244385
9/1/2023 23:15,18.765,0.002201577
9/1/2023 23:30,17.9,0.002100092
9/1/2023 23:45,16.99,0.001993328
9/2/2023 0:00,16.87,0.001979249
9/2/2023 0:15,16.5,0.001935839
9/2/2023 0:30,17.13,0.002009753
9/2/2023 0:45,18.205,0.002135876
9/2/2023 1:00,18.945,0.002222695
9/2/2023 1:15,19.75,0.002317141
9/2/2023 1:30,20.15,0.00236407
9/2/2023 1:45,20.06,0.002353511
9/2/2023 2:00,19.695,0.002310688
9/2/2023 2:15,19.76,0.002318314
9/2/2023 2:30,19,0.002229148
9/2/2023 2:45,18.84,0.002210376
9/2/2023 3:00,17.605,0.002065482
9/2/2023 3:15,16.57,0.001944052
9/2/2023 3:30,16.43,0.001927627
9/2/2023 3:45,16.565,0.001943465
9/2/2023 4:00,16.28,0.001910028
9/2/2023 4:15,16.32,0.001914721
9/2/2023 4:30,16.095,0.001888323
9/2/2023 4:45,16.4,0.001924107
9/2/2023 5:00,15.385,0.001805023
9/2/2023 5:15,15.235,0.001787425
9/2/2023 5:30,14.98,0.001757507
9/2/2023 5:45,15.08,0.00176924
9/2/2023 6:00,14.95,0.001753988
9/2/2023 6:15,14.79,0.001735216
9/2/2023 6:30,14.81,0.001737562
9/2/2023 6:45,14.485,0.001699432
9/2/2023 7:00,14.37,0.00168594
9/2/2023 7:15,14.005,0.001643117
9/2/2023 7:30,13.795,0.001618479
9/2/2023 7:45,13.71,0.001608506
9/2/2023 8:00,14.16,0.001661302
9/2/2023 8:15,14.605,0.001713511
9/2/2023 8:30,14.675,0.001721724
9/2/2023 8:45,15.36,0.00180209
9/2/2023 9:00,15.94,0.001870138
9/2/2023 9:15,15.78,0.001851366
9/2/2023 9:30,15.37,0.001803264
9/2/2023 9:45,14.79,0.001735216
9/2/2023 10:00,14.005,0.001643117
9/2/2023 10:15,13.34,0.001565097
9/2/2023 10:30,13.14,0.001541632
9/2/2023 10:45,12.38,0.001452466
9/2/2023 11:00,12.135,0.001423722
9/2/2023 11:15,11.645,0.001366233
9/2/2023 11:30,11.555,0.001355674
9/2/2023 11:45,12.025,0.001410816
9/2/2023 12:00,12,0.001407883
9/2/2023 12:15,11.705,0.001373273
9/2/2023 12:30,11.39,0.001336316
9/2/2023 12:45,11.07,0.001298772
9/2/2023 13:00,10.875,0.001275894
9/2/2023 13:15,10.665,0.001251256
9/2/2023 13:30,10.87,0.001275307
9/2/2023 13:45,11.87,0.001392631
9/2/2023 14:00,12.17,0.001427828
9/2/2023 14:15,12.325,0.001446013
9/2/2023 14:30,13.505,0.001584455
9/2/2023 14:45,14.995,0.001759267
9/2/2023 15:00,15.075,0.001768653
9/2/2023 15:15,13.985,0.00164077
9/2/2023 15:30,13.05,0.001531073
9/2/2023 15:45,14.025,0.001645463
9/2/2023 16:00,12.865,0.001509368
9/2/2023 16:15,12.13,0.001423135
9/2/2023 16:30,11.385,0.001335729
9/2/2023 16:45,10.98,0.001288213
9/2/2023 17:00,10.655,0.001250083
9/2/2023 17:15,10.565,0.001239524
9/2/2023 17:30,10.275,0.0012055
9/2/2023 17:45,10.315,0.001210193
9/2/2023 18:00,10.41,0.001221339
9/2/2023 18:15,10.2,0.001196701
9/2/2023 18:30,10.41,0.001221339
9/2/2023 18:45,11.075,0.001299359
9/2/2023 19:00,11.385,0.001335729
9/2/2023 19:15,11.475,0.001346288
9/2/2023 19:30,11.21,0.001315197
9/2/2023 19:45,11.315,0.001327516
9/2/2023 20:00,11.645,0.001366233
9/2/2023 20:15,12.285,0.00144132
9/2/2023 20:30,13.16,0.001543978
9/2/2023 20:45,12.98,0.00152286
9/2/2023 21:00,15.78,0.001851366
9/2/2023 21:15,20.125,0.002361137
9/2/2023 21:30,17.88,0.002097746
9/2/2023 21:45,14.645,0.001718204
9/2/2023 22:00,13.35,0.00156627
9/2/2023 22:15,12.94,0.001518167
9/2/2023 22:30,13.085,0.001535179
9/2/2023 22:45,13.74,0.001612026
9/2/2023 23:00,14.415,0.00169122
9/2/2023 23:15,14.105,0.001654849
9/2/2023 23:30,13.59,0.001594428
9/2/2023 23:45,13.815,0.001620825
9/3/2023 0:00,14.53,0.001704712
9/3/2023 0:15,14.395,0.001688873
9/3/2023 0:30,14.185,0.001664235
9/3/2023 0:45,13.61,0.001596774
9/3/2023 1:00,13.855,0.001625518
9/3/2023 1:15,14.115,0.001656022
9/3/2023 1:30,14.07,0.001650743
9/3/2023 1:45,16.3,0.001912375
9/3/2023 2:00,21.02,0.002466142
9/3/2023 2:15,25.04,0.002937783
9/3/2023 2:30,25.99,0.00304924
9/3/2023 2:45,22.435,0.002632155
9/3/2023 3:00,19.025,0.002232081
9/3/2023 3:15,16.835,0.001975143
9/3/2023 3:30,15.29,0.001793878
9/3/2023 3:45,14.725,0.00172759
9/3/2023 4:00,14.275,0.001674794
9/3/2023 4:15,13.595,0.001595014
9/3/2023 4:30,13.625,0.001598534
9/3/2023 4:45,13.36,0.001567443
9/3/2023 5:00,13.165,0.001544565
9/3/2023 5:15,12.97,0.001521687
9/3/2023 5:30,12.845,0.001507022
9/3/2023 5:45,12.685,0.00148825
9/3/2023 6:00,12.765,0.001497636
9/3/2023 6:15,12.88,0.001511128
9/3/2023 6:30,12.695,0.001489423
9/3/2023 6:45,13.08,0.001534593
9/3/2023 7:00,12.615,0.001480037
9/3/2023 7:15,12.43,0.001458332
9/3/2023 7:30,12.58,0.001475931
9/3/2023 7:45,12.91,0.001514648
9/3/2023 8:00,12.68,0.001487663
9/3/2023 8:15,12.07,0.001416096
9/3/2023 8:30,11.875,0.001393218
9/3/2023 8:45,11.375,0.001334556
9/3/2023 9:00,11.47,0.001345702
9/3/2023 9:15,12.1,0.001419615
9/3/2023 9:30,12.41,0.001455986
9/3/2023 9:45,12.1,0.001419615
9/3/2023 10:00,11.535,0.001353328
9/3/2023 10:15,10.885,0.001277067
9/3/2023 10:30,10.385,0.001218405
9/3/2023 10:45,9.91,0.001162677
9/3/2023 11:00,9.575,0.001123373
9/3/2023 11:15,9.725,0.001140972
9/3/2023 11:30,9.36,0.001098149
9/3/2023 11:45,9.52,0.001116921
9/3/2023 12:00,9.575,0.001123373
9/3/2023 12:15,9.495,0.001113987
9/3/2023 12:30,9.32,0.001093456
9/3/2023 12:45,8.95,0.001050046
9/3/2023 13:00,8.68,0.001018369
9/3/2023 13:15,8.5,0.000997251
9/3/2023 13:30,8.44,0.000990211
9/3/2023 13:45,8.13,0.000953841
9/3/2023 14:00,8.225,0.000964987
9/3/2023 14:15,7.78,0.000912778
9/3/2023 14:30,7.615,0.000893419
9/3/2023 14:45,7.78,0.000912778
9/3/2023 15:00,7.885,0.000925097
9/3/2023 15:15,7.89,0.000925683
9/3/2023 15:30,7.965,0.000934482
9/3/2023 15:45,8.235,0.00096616
9/3/2023 16:00,8.57,0.001005463
9/3/2023 16:15,9.075,0.001064712
9/3/2023 16:30,9.415,0.001104602
9/3/2023 16:45,9.195,0.00107879
9/3/2023 17:00,8.58,0.001006636
9/3/2023 17:15,7.91,0.00092803
9/3/2023 17:30,7.695,0.000902805
9/3/2023 17:45,7.625,0.000894592
9/3/2023 18:00,7.73,0.000906911
9/3/2023 18:15,7.77,0.000911604
9/3/2023 18:30,7.9,0.000926856
9/3/2023 18:45,8.03,0.000942108
9/3/2023 19:00,8.425,0.000988451
9/3/2023 19:15,8.15,0.000956187
9/3/2023 19:30,8.245,0.000967333
9/3/2023 19:45,8.605,0.001009569
9/3/2023 20:00,8.82,0.001034794
9/3/2023 20:15,9.09,0.001066471
9/3/2023 20:30,9.36,0.001098149
9/3/2023 20:45,9.45,0.001108708
9/3/2023 21:00,9.555,0.001121027
9/3/2023 21:15,9.6,0.001126306
9/3/2023 21:30,9.925,0.001164437
9/3/2023 21:45,10.115,0.001186728
9/3/2023 22:00,10.41,0.001221339
9/3/2023 22:15,10.615,0.00124539
9/3/2023 22:30,10.82,0.001269441
9/3/2023 22:45,10.665,0.001251256
9/3/2023 23:00,10.39,0.001218992
9/3/2023 23:15,10.69,0.001254189
9/3/2023 23:30,11.03,0.001294079
9/3/2023 23:45,11.59,0.00135978
9/4/2023 0:00,11.905,0.001396737
9/4/2023 0:15,11.915,0.001397911
9/4/2023 0:30,11.725,0.001375619
9/4/2023 0:45,11.735,0.001376792
9/4/2023 1:00,11.465,0.001345115
9/4/2023 1:15,11.32,0.001328103
9/4/2023 1:30,10.765,0.001262988
9/4/2023 1:45,10.78,0.001264748
9/4/2023 2:00,10.165,0.001192594
9/4/2023 2:15,9.99,0.001172063
9/4/2023 2:30,10.22,0.001199047
9/4/2023 2:45,9.885,0.001159744
9/4/2023 3:00,9.905,0.00116209
9/4/2023 3:15,9.93,0.001165023
9/4/2023 3:30,9.65,0.001132173
9/4/2023 3:45,9.76,0.001145078
9/4/2023 4:00,9.66,0.001133346
9/4/2023 4:15,9.735,0.001142145
9/4/2023 4:30,9.66,0.001133346
9/4/2023 4:45,9.815,0.001151531
9/4/2023 5:00,10.19,0.001195527
9/4/2023 5:15,10.395,0.001219579
9/4/2023 5:30,10.575,0.001240697
9/4/2023 5:45,10.64,0.001248323
9/4/2023 6:00,10.15,0.001190834
9/4/2023 6:15,10.165,0.001192594
9/4/2023 6:30,10.1,0.001184968
9/4/2023 6:45,10.32,0.001210779
9/4/2023 7:00,10.16,0.001192008
9/4/2023 7:15,9.91,0.001162677
9/4/2023 7:30,9.92,0.00116385
9/4/2023 7:45,10.08,0.001182622
9/4/2023 8:00,10.2,0.001196701
9/4/2023 8:15,9.885,0.001159744
9/4/2023 8:30,9.57,0.001122787
9/4/2023 8:45,9.285,0.00108935
9/4/2023 9:00,9.085,0.001065885
9/4/2023 9:15,9.08,0.001065298
9/4/2023 9:30,9.665,0.001133933
9/4/2023 9:45,9.865,0.001157397
9/4/2023 10:00,9.74,0.001142732
9/4/2023 10:15,9.425,0.001105775
9/4/2023 10:30,9.49,0.001113401
9/4/2023 10:45,9.335,0.001095216
9/4/2023 11:00,8.79,0.001031274
9/4/2023 11:15,8.24,0.000966746
9/4/2023 11:30,8.09,0.000949148
9/4/2023 11:45,7.68,0.000901045
9/4/2023 12:00,7.575,0.000888726
9/4/2023 12:15,7.36,0.000863502
9/4/2023 12:30,7.18,0.000842383
9/4/2023 12:45,7.115,0.000834757
9/4/2023 13:00,7.01,0.000822438
9/4/2023 13:15,7.01,0.000822438
9/4/2023 13:30,6.645,0.000779615
9/4/2023 13:45,6.72,0.000788415
9/4/2023 14:00,6.87,0.000806013
9/4/2023 14:15,7.21,0.000845903
9/4/2023 14:30,7.06,0.000828305
9/4/2023 14:45,6.82,0.000800147
9/4/2023 15:00,6.52,0.00076495
9/4/2023 15:15,6.475,0.00075967
9/4/2023 15:30,6.475,0.00075967
9/4/2023 15:45,6.35,0.000745005
9/4/2023 16:00,6.26,0.000734446
9/4/2023 16:15,6.68,0.000783722
9/4/2023 16:30,7.35,0.000862328
9/4/2023 16:45,7.9,0.000926856
9/4/2023 17:00,7.805,0.000915711
9/4/2023 17:15,7.36,0.000863502
9/4/2023 17:30,6.64,0.000779029
9/4/2023 17:45,6.205,0.000727993
9/4/2023 18:00,6.02,0.000706288
9/4/2023 18:15,6.015,0.000705701
9/4/2023 18:30,5.98,0.000701595
9/4/2023 18:45,5.83,0.000683997
9/4/2023 19:00,5.84,0.00068517
9/4/2023 19:15,5.925,0.000695142
9/4/2023 19:30,5.96,0.000699249
9/4/2023 19:45,6.105,0.000716261
9/4/2023 20:00,6.98,0.000818919
9/4/2023 20:15,7.29,0.000855289
9/4/2023 20:30,7.21,0.000845903
9/4/2023 20:45,7.415,0.000869954
9/4/2023 21:00,7.8,0.000915124
9/4/2023 21:15,8.045,0.000943868
9/4/2023 21:30,8.195,0.000961467
9/4/2023 21:45,8.06,0.000945628
9/4/2023 22:00,7.59,0.000890486
9/4/2023 22:15,7.435,0.000872301
9/4/2023 22:30,7.59,0.000890486
9/4/2023 22:45,7.775,0.000912191
9/4/2023 23:00,7.805,0.000915711
9/4/2023 23:15,7.6,0.000891659
9/4/2023 23:30,7.76,0.000910431
9/4/2023 23:45,7.445,0.000873474
9/5/2023 0:00,7.525,0.00088286
9/5/2023 0:15,7.47,0.000876407
9/5/2023 0:30,7.705,0.000903978
9/5/2023 0:45,7.665,0.000899285
9/5/2023 1:00,7.335,0.000860569
9/5/2023 1:15,7.305,0.000857049
9/5/2023 1:30,7.2,0.00084473
9/5/2023 1:45,7.55,0.000885793
9/5/2023 2:00,11.78,0.001382072
9/5/2023 2:15,9.21,0.00108055
9/5/2023 2:30,8.08,0.000947975
9/5/2023 2:45,9.895,0.001160917
9/5/2023 3:00,8.265,0.000969679
9/5/2023 3:15,8.165,0.000957947
9/5/2023 3:30,8.025,0.000941522
9/5/2023 3:45,7.745,0.000908671
9/5/2023 4:00,7.62,0.000894006
9/5/2023 4:15,7.53,0.000883447
9/5/2023 4:30,7.555,0.00088638
9/5/2023 4:45,7.465,0.000875821
9/5/2023 5:00,7.525,0.00088286
9/5/2023 5:15,7.615,0.000893419
9/5/2023 5:30,7.45,0.000874061
9/5/2023 5:45,7.465,0.000875821
9/5/2023 6:00,7.535,0.000884033
9/5/2023 6:15,7.535,0.000884033
9/5/2023 6:30,7.63,0.000895179
9/5/2023 6:45,7.72,0.000905738
9/5/2023 7:00,7.89,0.000925683
9/5/2023 7:15,7.915,0.000928616
9/5/2023 7:30,8.095,0.000949734
9/5/2023 7:45,8.195,0.000961467
9/5/2023 8:00,8.265,0.000969679
9/5/2023 8:15,7.95,0.000932723
9/5/2023 8:30,7.895,0.00092627
9/5/2023 8:45,8.315,0.000975546
9/5/2023 9:00,9.26,0.001086416
9/5/2023 9:15,10.62,0.001245977
9/5/2023 9:30,12.465,0.001462439
9/5/2023 9:45,13.375,0.001569203
9/5/2023 10:00,13.235,0.001552778
9/5/2023 10:15,12.035,0.001411989
9/5/2023 10:30,10.645,0.00124891
9/5/2023 10:45,9.42,0.001105188
9/5/2023 11:00,8.45,0.000991384
9/5/2023 11:15,7.78,0.000912778
9/5/2023 11:30,7.255,0.000851183
9/5/2023 11:45,6.875,0.0008066
9/5/2023 12:00,6.74,0.000790761
9/5/2023 12:15,6.52,0.00076495
9/5/2023 12:30,6.365,0.000746765
9/5/2023 12:45,6.07,0.000712154
9/5/2023 13:00,5.985,0.000702182
9/5/2023 13:15,5.65,0.000662878
9/5/2023 13:30,5.44,0.00063824
9/5/2023 13:45,5.335,0.000625921
9/5/2023 14:00,5.3,0.000621815
9/5/2023 14:15,5.16,0.00060539
9/5/2023 14:30,5.14,0.000603043
9/5/2023 14:45,4.845,0.000568433
9/5/2023 15:00,4.635,0.000543795
9/5/2023 15:15,4.445,0.000521503
9/5/2023 15:30,4.36,0.000511531
9/5/2023 15:45,4.37,0.000512704
9/5/2023 16:00,4.2,0.000492759
9/5/2023 16:15,4.17,0.000489239
9/5/2023 16:30,4.195,0.000492172
9/5/2023 16:45,4.13,0.000484546
9/5/2023 17:00,4.045,0.000474574
9/5/2023 17:15,4.14,0.00048572
9/5/2023 17:30,4.205,0.000493346
9/5/2023 17:45,4.215,0.000494519
9/5/2023 18:00,4.3,0.000504491
9/5/2023 18:15,4.41,0.000517397
9/5/2023 18:30,4.41,0.000517397
9/5/2023 18:45,4.25,0.000498625
9/5/2023 19:00,4.24,0.000497452
9/5/2023 19:15,4.155,0.00048748
9/5/2023 19:30,4.205,0.000493346
9/5/2023 19:45,4.175,0.000489826
9/5/2023 20:00,4.415,0.000517984
9/5/2023 20:15,4.445,0.000521503
9/5/2023 20:30,4.71,0.000552594
9/5/2023 20:45,4.96,0.000581925
9/5/2023 21:00,5.155,0.000604803
9/5/2023 21:15,5.35,0.000627681
9/5/2023 21:30,5.335,0.000625921
9/5/2023 21:45,5.3,0.000621815
9/5/2023 22:00,5.33,0.000625335
9/5/2023 22:15,5.385,0.000631788
9/5/2023 22:30,5.61,0.000658185
9/5/2023 22:45,5.5,0.00064528
9/5/2023 23:00,5.73,0.000672264
9/5/2023 23:15,5.645,0.000662292
9/5/2023 23:30,5.6,0.000657012
9/5/2023 23:45,5.52,0.000647626
9/6/2023 0:00,5.67,0.000665225
9/6/2023 0:15,5.845,0.000685756
9/6/2023 0:30,6.285,0.000737379
9/6/2023 0:45,6.31,0.000740312
9/6/2023 1:00,6.2,0.000727406
9/6/2023 1:15,6.28,0.000736792
9/6/2023 1:30,5.755,0.000675197
9/6/2023 1:45,5.58,0.000654666
9/6/2023 2:00,5.78,0.00067813
9/6/2023 2:15,5.86,0.000687516
9/6/2023 2:30,5.815,0.000682237
9/6/2023 2:45,5.75,0.000674611
9/6/2023 3:00,5.74,0.000673437
9/6/2023 3:15,5.775,0.000677544
9/6/2023 3:30,5.745,0.000674024
9/6/2023 3:45,5.705,0.000669331
9/6/2023 4:00,5.835,0.000684583
9/6/2023 4:15,5.87,0.000688689
9/6/2023 4:30,6.065,0.000711568
9/6/2023 4:45,6.45,0.000756737
9/6/2023 5:00,9.005,0.001056499
9/6/2023 5:15,8.695,0.001020129
9/6/2023 5:30,6.62,0.000776682
9/6/2023 5:45,6.115,0.000717434
9/6/2023 6:00,5.955,0.000698662
9/6/2023 6:15,5.865,0.000688103
9/6/2023 6:30,5.655,0.000663465
9/6/2023 6:45,5.605,0.000657599
9/6/2023 7:00,5.465,0.000641173
9/6/2023 7:15,5.285,0.000620055
9/6/2023 7:30,5.125,0.000601283
9/6/2023 7:45,5.14,0.000603043
9/6/2023 8:00,4.955,0.000581338
9/6/2023 8:15,4.8,0.000563153
9/6/2023 8:30,4.67,0.000547901
9/6/2023 8:45,4.72,0.000553767
9/6/2023 9:00,4.57,0.000536169
9/6/2023 9:15,4.66,0.000546728
9/6/2023 9:30,4.545,0.000533236
9/6/2023 9:45,4.375,0.000513291
9/6/2023 10:00,4.27,0.000500972
9/6/2023 10:15,4.425,0.000519157
9/6/2023 10:30,4.38,0.000513877
9/6/2023 10:45,4.64,0.000544381
9/6/2023 11:00,4.73,0.000554941
9/6/2023 11:15,4.625,0.000542622
9/6/2023 11:30,4.515,0.000529716
9/6/2023 11:45,4.335,0.000508598
9/6/2023 12:00,4.09,0.000479853
9/6/2023 12:15,3.765,0.000441723
9/6/2023 12:30,3.545,0.000415912
9/6/2023 12:45,3.34,0.000391861
9/6/2023 13:00,3.39,0.000397727
9/6/2023 13:15,3.31,0.000388341
9/6/2023 13:30,3.38,0.000396554
9/6/2023 13:45,3.385,0.00039714
9/6/2023 14:00,3.425,0.000401833
9/6/2023 14:15,3.115,0.000365463
9/6/2023 14:30,3.085,0.000361943
9/6/2023 14:45,3.095,0.000363117
9/6/2023 15:00,3.105,0.00036429
9/6/2023 15:15,2.96,0.000347278
9/6/2023 15:30,2.875,0.000337305
9/6/2023 15:45,2.845,0.000333786
9/6/2023 16:00,3.125,0.000366636
9/6/2023 16:15,2.775,0.000325573
9/6/2023 16:30,2.705,0.00031736
9/6/2023 16:45,2.74,0.000321467
9/6/2023 17:00,2.645,0.000310321
9/6/2023 17:15,2.67,0.000313254
9/6/2023 17:30,2.685,0.000315014
9/6/2023 17:45,2.585,0.000303281
9/6/2023 18:00,2.615,0.000306801
9/6/2023 18:15,2.645,0.000310321
9/6/2023 18:30,2.585,0.000303281
9/6/2023 18:45,2.6,0.000305041
9/6/2023 19:00,2.62,0.000307388
9/6/2023 19:15,2.6,0.000305041
9/6/2023 19:30,2.645,0.000310321
9/6/2023 19:45,2.615,0.000306801
9/6/2023 20:00,2.765,0.0003244
9/6/2023 20:15,2.89,0.000339065
9/6/2023 20:30,2.92,0.000342585
9/6/2023 20:45,3.06,0.00035901
9/6/2023 21:00,3.215,0.000377195
9/6/2023 21:15,3.075,0.00036077
9/6/2023 21:30,3.21,0.000376609
9/6/2023 21:45,3.53,0.000414152
9/6/2023 22:00,3.785,0.00044407
9/6/2023 22:15,3.705,0.000434684
9/6/2023 22:30,3.56,0.000417672
9/6/2023 22:45,3.65,0.000428231
9/6/2023 23:00,3.675,0.000431164
9/6/2023 23:15,3.84,0.000450523
9/6/2023 23:30,3.925,0.000460495
9/6/2023 23:45,3.905,0.000458149
9/7/2023 0:00,3.91,0.000458735
9/7/2023 0:15,3.82,0.000448176
9/7/2023 0:30,3.605,0.000422952
9/7/2023 0:45,4.42,0.00051857
9/7/2023 1:00,3.62,0.000424711
9/7/2023 1:15,3.745,0.000439377
9/7/2023 1:30,3.655,0.000428818
9/7/2023 1:45,3.59,0.000421192
9/7/2023 2:00,3.665,0.000429991
9/7/2023 2:15,3.585,0.000420605
9/7/2023 2:30,3.45,0.000404766
9/7/2023 2:45,3.49,0.000409459
9/7/2023 3:00,3.525,0.000413566
9/7/2023 3:15,3.63,0.000425885
9/7/2023 3:30,3.67,0.000430578
9/7/2023 3:45,3.64,0.000427058
9/7/2023 4:00,3.79,0.000444656
9/7/2023 4:15,3.9,0.000457562
9/7/2023 4:30,3.8,0.00044583
9/7/2023 4:45,3.77,0.00044231
9/7/2023 5:00,3.78,0.000443483
9/7/2023 5:15,3.69,0.000432924
9/7/2023 5:30,3.805,0.000446416
9/7/2023 5:45,3.82,0.000448176
9/7/2023 6:00,3.76,0.000441137
9/7/2023 6:15,3.915,0.000459322
9/7/2023 6:30,3.93,0.000461082
9/7/2023 6:45,4.025,0.000472227
9/7/2023 7:00,4.045,0.000474574
9/7/2023 7:15,3.955,0.000464015
9/7/2023 7:30,4.05,0.000475161
9/7/2023 7:45,3.94,0.000462255
9/7/2023 8:00,3.96,0.000464601
9/7/2023 8:15,3.91,0.000458735
9/7/2023 8:30,3.93,0.000461082
9/7/2023 8:45,3.81,0.000447003
9/7/2023 9:00,3.72,0.000436444
9/7/2023 9:15,3.5,0.000410633
9/7/2023 9:30,3.4,0.0003989
9/7/2023 9:45,3.365,0.000394794
9/7/2023 10:00,3.31,0.000388341
9/7/2023 10:15,3.255,0.000381888
9/7/2023 10:30,3.37,0.000395381
9/7/2023 10:45,3.24,0.000380128
9/7/2023 11:00,3.195,0.000374849
9/7/2023 11:15,3.125,0.000366636
9/7/2023 11:30,3.14,0.000368396
9/7/2023 11:45,2.955,0.000346691
9/7/2023 12:00,2.89,0.000339065
9/7/2023 12:15,2.81,0.000329679
9/7/2023 12:30,2.825,0.000331439
9/7/2023 12:45,2.73,0.000320293
9/7/2023 13:00,2.64,0.000309734
9/7/2023 13:15,2.73,0.000320293
9/7/2023 13:30,2.565,0.000300935
9/7/2023 13:45,2.45,0.000287443
9/7/2023 14:00,2.505,0.000293896
9/7/2023 14:15,2.355,0.000276297
9/7/2023 14:30,2.28,0.000267498
9/7/2023 14:45,2.23,0.000261632
9/7/2023 15:00,2.135,0.000250486
9/7/2023 15:15,2.145,0.000251659
9/7/2023 15:30,2.17,0.000254592
9/7/2023 15:45,2.6,0.000305041
9/7/2023 16:00,2.14,0.000251072
9/7/2023 16:15,2.13,0.000249899
9/7/2023 16:30,1.94,0.000227608
9/7/2023 16:45,1.88,0.000220568
9/7/2023 17:00,1.92,0.000225261
9/7/2023 17:15,1.98,0.000232301
9/7/2023 17:30,1.975,0.000231714
9/7/2023 17:45,2,0.000234647
9/7/2023 18:00,1.955,0.000229368
9/7/2023 18:15,1.91,0.000224088
9/7/2023 18:30,2.08,0.000244033
9/7/2023 18:45,1.91,0.000224088
9/7/2023 19:00,1.92,0.000225261
9/7/2023 19:15,1.92,0.000225261
9/7/2023 19:30,1.965,0.000230541
9/7/2023 19:45,1.95,0.000228781
9/7/2023 20:00,1.98,0.000232301
9/7/2023 20:15,2.125,0.000249313
9/7/2023 20:30,2.19,0.000256939
9/7/2023 20:45,2.275,0.000266911
9/7/2023 21:00,2.315,0.000271604
9/7/2023 21:15,2.28,0.000267498
9/7/2023 21:30,2.265,0.000265738
9/7/2023 21:45,2.34,0.000274537
9/7/2023 22:00,2.44,0.00028627
9/7/2023 22:15,2.37,0.000278057
9/7/2023 22:30,2.415,0.000283336
9/7/2023 22:45,2.54,0.000298002
9/7/2023 23:00,2.51,0.000294482
9/7/2023 23:15,2.56,0.000300348
9/7/2023 23:30,2.605,0.000305628
9/7/2023 23:45,2.62,0.000307388
9/8/2023 0:00,2.595,0.000304455
9/8/2023 0:15,2.705,0.00031736
9/8/2023 0:30,2.81,0.000329679
9/8/2023 0:45,2.71,0.000317947
9/8/2023 1:00,2.705,0.00031736
9/8/2023 1:15,2.76,0.000323813
9/8/2023 1:30,2.705,0.00031736
9/8/2023 1:45,2.775,0.000325573
9/8/2023 2:00,2.685,0.000315014
9/8/2023 2:15,2.68,0.000314427
9/8/2023 2:30,2.675,0.000313841
9/8/2023 2:45,2.645,0.000310321
9/8/2023 3:00,2.67,0.000313254
9/8/2023 3:15,2.7,0.000316774
9/8/2023 3:30,2.715,0.000318534
9/8/2023 3:45,2.695,0.000316187
9/8/2023 4:00,2.75,0.00032264
9/8/2023 4:15,2.81,0.000329679
9/8/2023 4:30,2.715,0.000318534
9/8/2023 4:45,2.76,0.000323813
9/8/2023 5:00,2.85,0.000334372
9/8/2023 5:15,2.85,0.000334372
9/8/2023 5:30,2.84,0.000333199
9/8/2023 5:45,2.88,0.000337892
9/8/2023 6:00,2.835,0.000332612
9/8/2023 6:15,2.955,0.000346691
9/8/2023 6:30,2.99,0.000350798
9/8/2023 6:45,2.945,0.000345518
9/8/2023 7:00,2.82,0.000330853
9/8/2023 7:15,2.84,0.000333199
9/8/2023 7:30,3.01,0.000353144
9/8/2023 7:45,3.045,0.00035725
9/8/2023 8:00,3.075,0.00036077
9/8/2023 8:15,3.1,0.000363703
9/8/2023 8:30,3.115,0.000365463
9/8/2023 8:45,3.15,0.000369569
9/8/2023 9:00,3.34,0.000391861
9/8/2023 9:15,3.565,0.000418259
9/8/2023 9:30,3.91,0.000458735
9/8/2023 9:45,4.19,0.000491586
9/8/2023 10:00,4.09,0.000479853
9/8/2023 10:15,3.915,0.000459322
9/8/2023 10:30,3.8,0.00044583
9/8/2023 10:45,3.63,0.000425885
9/8/2023 11:00,3.49,0.000409459
9/8/2023 11:15,3.43,0.00040242
9/8/2023 11:30,3.385,0.00039714
9/8/2023 11:45,3.225,0.000378369
9/8/2023 12:00,3.24,0.000380128
9/8/2023 12:15,3.155,0.000370156
9/8/2023 12:30,2.915,0.000341998
9/8/2023 12:45,2.765,0.0003244
9/8/2023 13:00,2.61,0.000306215
9/8/2023 13:15,2.55,0.000299175
9/8/2023 13:30,2.415,0.000283336
9/8/2023 13:45,2.28,0.000267498
9/8/2023 14:00,2.255,0.000264565
9/8/2023 14:15,2.145,0.000251659
9/8/2023 14:30,2.21,0.000259285
9/8/2023 14:45,2.295,0.000269258
9/8/2023 15:00,2.335,0.000273951
9/8/2023 15:15,2.24,0.000262805
9/8/2023 15:30,2.155,0.000252832
9/8/2023 15:45,2.215,0.000259872
9/8/2023 16:00,2.195,0.000257525
9/8/2023 16:15,2.045,0.000239927
9/8/2023 16:30,1.96,0.000229954
9/8/2023 16:45,1.985,0.000232887
9/8/2023 17:00,1.9,0.000222915
9/8/2023 17:15,1.775,0.000208249
9/8/2023 17:30,1.87,0.000219395
9/8/2023 17:45,1.795,0.000210596
9/8/2023 18:00,1.74,0.000204143
9/8/2023 18:15,1.805,0.000211769
9/8/2023 18:30,1.86,0.000218222
9/8/2023 18:45,1.86,0.000218222
9/8/2023 19:00,1.855,0.000217635
9/8/2023 19:15,1.87,0.000219395
9/8/2023 19:30,1.925,0.000225848
9/8/2023 19:45,1.905,0.000223501
9/8/2023 20:00,1.92,0.000225261
9/8/2023 20:15,1.9,0.000222915
9/8/2023 20:30,2.095,0.000245793
9/8/2023 20:45,2.065,0.000242273
9/8/2023 21:00,2.065,0.000242273
9/8/2023 21:15,2.225,0.000261045
9/8/2023 21:30,2.06,0.000241687
9/8/2023 21:45,2.01,0.00023582
9/8/2023 22:00,2.175,0.000255179
9/8/2023 22:15,2.17,0.000254592
9/8/2023 22:30,2.305,0.000270431
9/8/2023 22:45,2.4,0.000281577
9/8/2023 23:00,2.44,0.00028627
9/8/2023 23:15,2.42,0.000283923
9/8/2023 23:30,2.5,0.000293309
9/8/2023 23:45,2.475,0.000290376
9/9/2023 0:00,2.48,0.000290963
9/9/2023 0:15,2.435,0.000285683
9/9/2023 0:30,2.39,0.000280403
9/9/2023 0:45,2.4,0.000281577
9/9/2023 1:00,2.46,0.000288616
9/9/2023 1:15,2.64,0.000309734
9/9/2023 1:30,2.575,0.000302108
9/9/2023 1:45,2.71,0.000317947
9/9/2023 2:00,3.16,0.000370743
9/9/2023 2:15,3.145,0.000368983
9/9/2023 2:30,3.185,0.000373676
9/9/2023 2:45,3.135,0.000367809
9/9/2023 3:00,3.02,0.000354317
9/9/2023 3:15,2.845,0.000333786
9/9/2023 3:30,2.655,0.000311494
9/9/2023 3:45,2.84,0.000333199
9/9/2023 4:00,2.935,0.000344345
9/9/2023 4:15,2.73,0.000320293
9/9/2023 4:30,2.515,0.000295069
9/9/2023 4:45,2.5,0.000293309
9/9/2023 5:00,2.435,0.000285683
9/9/2023 5:15,2.45,0.000287443
9/9/2023 5:30,2.545,0.000298589
9/9/2023 5:45,2.54,0.000298002
9/9/2023 6:00,2.43,0.000285096
9/9/2023 6:15,2.495,0.000292722
9/9/2023 6:30,2.43,0.000285096
9/9/2023 6:45,2.49,0.000292136
9/9/2023 7:00,2.44,0.00028627
9/9/2023 7:15,2.525,0.000296242
9/9/2023 7:30,2.56,0.000300348
9/9/2023 7:45,2.69,0.0003156
9/9/2023 8:00,2.655,0.000311494
9/9/2023 8:15,2.67,0.000313254
9/9/2023 8:30,2.68,0.000314427
9/9/2023 8:45,2.67,0.000313254
9/9/2023 9:00,2.62,0.000307388
9/9/2023 9:15,2.755,0.000323226
9/9/2023 9:30,2.94,0.000344931
9/9/2023 9:45,2.95,0.000346105
9/9/2023 10:00,2.97,0.000348451
9/9/2023 10:15,2.94,0.000344931
9/9/2023 10:30,2.86,0.000335545
9/9/2023 10:45,2.67,0.000313254
9/9/2023 11:00,2.71,0.000317947
9/9/2023 11:15,2.63,0.000308561
9/9/2023 11:30,2.595,0.000304455
9/9/2023 11:45,2.665,0.000312667
9/9/2023 12:00,2.73,0.000320293
9/9/2023 12:15,2.82,0.000330853
9/9/2023 12:30,2.835,0.000332612
9/9/2023 12:45,2.99,0.000350798
9/9/2023 13:00,3,0.000351971
9/9/2023 13:15,3,0.000351971
9/9/2023 13:30,3.06,0.00035901
9/9/2023 13:45,2.96,0.000347278
9/9/2023 14:00,2.81,0.000329679
9/9/2023 14:15,2.75,0.00032264
9/9/2023 14:30,2.575,0.000302108
9/9/2023 14:45,2.55,0.000299175
9/9/2023 15:00,2.465,0.000289203
9/9/2023 15:15,2.49,0.000292136
9/9/2023 15:30,2.405,0.000282163
9/9/2023 15:45,2.335,0.000273951
9/9/2023 16:00,2.31,0.000271017
9/9/2023 16:15,2.275,0.000266911
9/9/2023 16:30,2.16,0.000253419
9/9/2023 16:45,2.125,0.000249313
9/9/2023 17:00,2.025,0.00023758
9/9/2023 17:15,1.97,0.000231127
9/9/2023 17:30,1.925,0.000225848
9/9/2023 17:45,1.91,0.000224088
9/9/2023 18:00,1.84,0.000215875
9/9/2023 18:15,1.82,0.000213529
9/9/2023 18:30,1.895,0.000222328
9/9/2023 18:45,1.85,0.000217049
9/9/2023 19:00,1.825,0.000214116
9/9/2023 19:15,1.855,0.000217635
9/9/2023 19:30,1.925,0.000225848
9/9/2023 19:45,1.97,0.000231127
9/9/2023 20:00,2,0.000234647
9/9/2023 20:15,1.95,0.000228781
9/9/2023 20:30,2.04,0.00023934
9/9/2023 20:45,1.97,0.000231127
9/9/2023 21:00,1.97,0.000231127
9/9/2023 21:15,2.06,0.000241687
9/9/2023 21:30,2.055,0.0002411
9/9/2023 21:45,2.035,0.000238754
9/9/2023 22:00,2.095,0.000245793
9/9/2023 22:15,2.045,0.000239927
9/9/2023 22:30,2.01,0.00023582
9/9/2023 22:45,2.09,0.000245206
9/9/2023 23:00,2,0.000234647
9/9/2023 23:15,1.98,0.000232301
9/9/2023 23:30,2.045,0.000239927
9/9/2023 23:45,1.98,0.000232301
9/10/2023 0:00,1.94,0.000227608
9/10/2023 0:15,1.91,0.000224088
9/10/2023 0:30,1.975,0.000231714
9/10/2023 0:45,1.985,0.000232887
9/10/2023 1:00,1.92,0.000225261
9/10/2023 1:15,2.01,0.00023582
9/10/2023 1:30,1.95,0.000228781
9/10/2023 1:45,1.995,0.000234061
9/10/2023 2:00,2.045,0.000239927
9/10/2023 2:15,2.03,0.000238167
9/10/2023 2:30,2.035,0.000238754
9/10/2023 2:45,1.99,0.000233474
9/10/2023 3:00,2.015,0.000236407
9/10/2023 3:15,2.005,0.000235234
9/10/2023 3:30,2.12,0.000248726
9/10/2023 3:45,2.21,0.000259285
9/10/2023 4:00,2.205,0.000258699
9/10/2023 4:15,2.18,0.000255765
9/10/2023 4:30,2.18,0.000255765
9/10/2023 4:45,2.09,0.000245206
9/10/2023 5:00,2.115,0.000248139
9/10/2023 5:15,2.135,0.000250486
9/10/2023 5:30,2.1,0.00024638
9/10/2023 5:45,2.14,0.000251072
9/10/2023 6:00,2.14,0.000251072
9/10/2023 6:15,2.2,0.000258112
9/10/2023 6:30,2.145,0.000251659
9/10/2023 6:45,2.15,0.000252246
9/10/2023 7:00,2.12,0.000248726
9/10/2023 7:15,2.12,0.000248726
9/10/2023 7:30,2.03,0.000238167
9/10/2023 7:45,2.125,0.000249313
9/10/2023 8:00,2.1,0.00024638
9/10/2023 8:15,2.09,0.000245206
9/10/2023 8:30,2.085,0.00024462
9/10/2023 8:45,2.105,0.000246966
9/10/2023 9:00,2.17,0.000254592
9/10/2023 9:15,2.2,0.000258112
9/10/2023 9:30,2.23,0.000261632
9/10/2023 9:45,2.26,0.000265151
9/10/2023 10:00,2.24,0.000262805
9/10/2023 10:15,2.31,0.000271017
9/10/2023 10:30,2.29,0.000268671
9/10/2023 10:45,2.245,0.000263391
9/10/2023 11:00,2.225,0.000261045
9/10/2023 11:15,2.155,0.000252832
9/10/2023 11:30,2.13,0.000249899
9/10/2023 11:45,2.215,0.000259872
9/10/2023 12:00,2.35,0.00027571
9/10/2023 12:15,2.47,0.000289789
9/10/2023 12:30,2.48,0.000290963
9/10/2023 12:45,2.47,0.000289789
9/10/2023 13:00,2.42,0.000283923
9/10/2023 13:15,2.42,0.000283923
9/10/2023 13:30,2.445,0.000286856
9/10/2023 13:45,2.295,0.000269258
9/10/2023 14:00,2.3,0.000269844
9/10/2023 14:15,2.26,0.000265151
9/10/2023 14:30,2.265,0.000265738
9/10/2023 14:45,2.16,0.000253419
9/10/2023 15:00,2.1,0.00024638
9/10/2023 15:15,2.025,0.00023758
9/10/2023 15:30,2,0.000234647
9/10/2023 15:45,2.11,0.000247553
9/10/2023 16:00,2.055,0.0002411
9/10/2023 16:15,2.085,0.00024462
9/10/2023 16:30,2.01,0.00023582
9/10/2023 16:45,1.98,0.000232301
9/10/2023 17:00,1.92,0.000225261
9/10/2023 17:15,1.905,0.000223501
9/10/2023 17:30,1.84,0.000215875
9/10/2023 17:45,1.76,0.00020649
9/10/2023 18:00,1.79,0.000210009
9/10/2023 18:15,1.71,0.000200623
9/10/2023 18:30,1.69,0.000198277
9/10/2023 18:45,1.64,0.000192411
9/10/2023 19:00,1.635,0.000191824
9/10/2023 19:15,1.695,0.000198863
9/10/2023 19:30,1.67,0.00019593
9/10/2023 19:45,1.7,0.00019945
9/10/2023 20:00,1.815,0.000212942
9/10/2023 20:15,1.84,0.000215875
9/10/2023 20:30,1.87,0.000219395
9/10/2023 20:45,1.95,0.000228781
9/10/2023 21:00,1.955,0.000229368
9/10/2023 21:15,1.98,0.000232301
9/10/2023 21:30,1.985,0.000232887
9/10/2023 21:45,2.01,0.00023582
9/10/2023 22:00,1.915,0.000224675
9/10/2023 22:15,2.08,0.000244033
9/10/2023 22:30,2.23,0.000261632
9/10/2023 22:45,2.435,0.000285683
9/10/2023 23:00,2.46,0.000288616
9/10/2023 23:15,2.535,0.000297415
9/10/2023 23:30,2.415,0.000283336
9/10/2023 23:45,2.255,0.000264565
9/11/2023 0:00,2.16,0.000253419
9/11/2023 0:15,2.115,0.000248139
9/11/2023 0:30,2.04,0.00023934
9/11/2023 0:45,1.94,0.000227608
9/11/2023 1:00,2.055,0.0002411
9/11/2023 1:15,2,0.000234647
9/11/2023 1:30,1.98,0.000232301
9/11/2023 1:45,2.07,0.00024286
9/11/2023 2:00,2.105,0.000246966
9/11/2023 2:15,2.1,0.00024638
9/11/2023 2:30,2.02,0.000236994
9/11/2023 2:45,1.92,0.000225261
9/11/2023 3:00,1.99,0.000233474
9/11/2023 3:15,1.935,0.000227021
9/11/2023 3:30,1.98,0.000232301
9/11/2023 3:45,2.01,0.00023582
9/11/2023 4:00,1.995,0.000234061
9/11/2023 4:15,2.05,0.000240513
9/11/2023 4:30,2.075,0.000243446
9/11/2023 4:45,1.985,0.000232887
9/11/2023 5:00,2.02,0.000236994
9/11/2023 5:15,2.09,0.000245206
9/11/2023 5:30,2.125,0.000249313
9/11/2023 5:45,2.19,0.000256939
9/11/2023 6:00,2.41,0.00028275
9/11/2023 6:15,2.555,0.000299762
9/11/2023 6:30,2.715,0.000318534
9/11/2023 6:45,2.76,0.000323813
9/11/2023 7:00,2.75,0.00032264
9/11/2023 7:15,2.685,0.000315014
9/11/2023 7:30,2.64,0.000309734
9/11/2023 7:45,2.525,0.000296242
9/11/2023 8:00,2.47,0.000289789
9/11/2023 8:15,2.42,0.000283923
9/11/2023 8:30,2.49,0.000292136
9/11/2023 8:45,2.38,0.00027923
9/11/2023 9:00,2.4,0.000281577
9/11/2023 9:15,2.45,0.000287443
9/11/2023 9:30,2.465,0.000289203
9/11/2023 9:45,2.355,0.000276297
9/11/2023 10:00,2.35,0.00027571
9/11/2023 10:15,2.445,0.000286856
9/11/2023 10:30,2.38,0.00027923
9/11/2023 10:45,2.405,0.000282163
9/11/2023 11:00,2.345,0.000275124
9/11/2023 11:15,2.395,0.00028099
9/11/2023 11:30,2.305,0.000270431
9/11/2023 11:45,2.32,0.000272191
9/11/2023 12:00,2.255,0.000264565
9/11/2023 12:15,2.34,0.000274537
9/11/2023 12:30,2.39,0.000280403
9/11/2023 12:45,2.325,0.000272777
9/11/2023 13:00,2.33,0.000273364
9/11/2023 13:15,2.4,0.000281577
9/11/2023 13:30,2.44,0.00028627
9/11/2023 13:45,2.385,0.000279817
9/11/2023 14:00,2.44,0.00028627
9/11/2023 14:15,2.79,0.000327333
9/11/2023 14:30,2.585,0.000303281
9/11/2023 14:45,2.48,0.000290963
9/11/2023 15:00,2.435,0.000285683
9/11/2023 15:15,2.415,0.000283336
9/11/2023 15:30,2.58,0.000302695
9/11/2023 15:45,2.535,0.000297415
9/11/2023 16:00,2.485,0.000291549
9/11/2023 16:15,2.535,0.000297415
9/11/2023 16:30,2.64,0.000309734
9/11/2023 16:45,3.575,0.000419432
9/11/2023 17:00,4.94,0.000579579
9/11/2023 17:15,4.875,0.000571953
9/11/2023 17:30,4.805,0.00056374
9/11/2023 17:45,4.6,0.000539689
9/11/2023 18:00,4.79,0.00056198
9/11/2023 18:15,4.835,0.00056726
9/11/2023 18:30,4.725,0.000554354
9/11/2023 18:45,4.72,0.000553767
9/11/2023 19:00,4.795,0.000562567
9/11/2023 19:15,4.92,0.000577232
9/11/2023 19:30,5.13,0.00060187
9/11/2023 19:45,4.995,0.000586031
9/11/2023 20:00,5.05,0.000592484
9/11/2023 20:15,4.865,0.000570779
9/11/2023 20:30,4.955,0.000581338
9/11/2023 20:45,4.93,0.000578405
9/11/2023 21:00,4.77,0.000559634
9/11/2023 21:15,4.925,0.000577819
9/11/2023 21:30,5.1,0.00059835
9/11/2023 21:45,5.335,0.000625921
9/11/2023 22:00,5.29,0.000620642
9/11/2023 22:15,5.43,0.000637067
9/11/2023 22:30,6.125,0.000718607
9/11/2023 22:45,6.595,0.000773749
9/11/2023 23:00,7.355,0.000862915
9/11/2023 23:15,7.475,0.000876994
9/11/2023 23:30,7.405,0.000868781
9/11/2023 23:45,7.295,0.000855876
9/12/2023 0:00,7.31,0.000857635
9/12/2023 0:15,7.355,0.000862915
9/12/2023 0:30,7.8,0.000915124
9/12/2023 0:45,8.185,0.000960294
9/12/2023 1:00,8.805,0.001033034
9/12/2023 1:15,8.98,0.001053566
9/12/2023 1:30,8.87,0.00104066
9/12/2023 1:45,8.655,0.001015436
9/12/2023 2:00,8.415,0.000987278
9/12/2023 2:15,8.315,0.000975546
9/12/2023 2:30,8.34,0.000978479
9/12/2023 2:45,8.455,0.000991971
9/12/2023 3:00,8.475,0.000994317
9/12/2023 3:15,8.595,0.001008396
9/12/2023 3:30,8.8,0.001032448
9/12/2023 3:45,9.14,0.001072338
9/12/2023 4:00,9.8,0.001149771
9/12/2023 4:15,18.35,0.002152888
9/12/2023 4:30,23.16,0.002717214
9/12/2023 4:45,22.515,0.002641541
9/12/2023 5:00,22.99,0.002697269
9/12/2023 5:15,22.995,0.002697856
9/12/2023 5:30,22.435,0.002632155
9/12/2023 5:45,21.415,0.002512485
9/12/2023 6:00,20.735,0.002432705
9/12/2023 6:15,20.72,0.002430945
9/12/2023 6:30,21.375,0.002507792
9/12/2023 6:45,22.73,0.002666765
9/12/2023 7:00,23.725,0.002783502
9/12/2023 7:15,23.415,0.002747132
9/12/2023 7:30,24.5,0.002874428
9/12/2023 7:45,25.745,0.003020496
9/12/2023 8:00,27.65,0.003243997
9/12/2023 8:15,29.975,0.003516775
9/12/2023 8:30,29.505,0.003461633
9/12/2023 8:45,28.265,0.003316151
9/12/2023 9:00,27.85,0.003267462
9/12/2023 9:15,27.145,0.003184749
9/12/2023 9:30,26.58,0.003118461
9/12/2023 9:45,27.245,0.003196481
9/12/2023 10:00,27.97,0.003281541
9/12/2023 10:15,28.81,0.003380093
9/12/2023 10:30,30.86,0.003620606
9/12/2023 10:45,33.395,0.003918021
9/12/2023 11:00,36.525,0.004285244
9/12/2023 11:15,38.61,0.004529864
9/12/2023 11:30,39.33,0.004614337
9/12/2023 11:45,40.295,0.004727554
9/12/2023 12:00,39.565,0.004641908
9/12/2023 12:15,37.385,0.004386142
9/12/2023 12:30,35.015,0.004108086
9/12/2023 12:45,32.87,0.003856426
9/12/2023 13:00,31.025,0.003639964
9/12/2023 13:15,29.18,0.003423502
9/12/2023 13:30,28.09,0.00329562
9/12/2023 13:45,26.75,0.003138406
9/12/2023 14:00,26.21,0.003075051
9/12/2023 14:15,25.185,0.002954795
9/12/2023 14:30,24.72,0.002900239
9/12/2023 14:45,24.44,0.002867389
9/12/2023 15:00,24.565,0.002882054
9/12/2023 15:15,24.25,0.002845097
9/12/2023 15:30,23.885,0.002802274
9/12/2023 15:45,23.55,0.002762971
9/12/2023 16:00,23.19,0.002720734
9/12/2023 16:15,22.295,0.002615729
9/12/2023 16:30,21.76,0.002552961
9/12/2023 16:45,21.15,0.002481394
9/12/2023 17:00,20.96,0.002459102
9/12/2023 17:15,20.305,0.002382256
9/12/2023 17:30,20.26,0.002376976
9/12/2023 17:45,20,0.002346472
9/12/2023 18:00,19.61,0.002300716
9/12/2023 18:15,19.91,0.002335913
9/12/2023 18:30,20.43,0.002396921
9/12/2023 18:45,20.52,0.00240748
9/12/2023 19:00,20.11,0.002359377
9/12/2023 19:15,19.74,0.002315968
9/12/2023 19:30,18.955,0.002223869
9/12/2023 19:45,18.66,0.002189258
9/12/2023 20:00,18.365,0.002154648
9/12/2023 20:15,17.6,0.002064895
9/12/2023 20:30,17.655,0.002071348
9/12/2023 20:45,16.7,0.001959304
9/12/2023 21:00,15.93,0.001868965
9/12/2023 21:15,15.535,0.001822622
9/12/2023 21:30,15.43,0.001810303
9/12/2023 21:45,15.065,0.00176748
9/12/2023 22:00,14.99,0.001758681
9/12/2023 22:15,14.53,0.001704712
9/12/2023 22:30,14.31,0.001678901
9/12/2023 22:45,14.275,0.001674794
9/12/2023 23:00,14.075,0.00165133
9/12/2023 23:15,13.66,0.00160264
9/12/2023 23:30,13.37,0.001568616
9/12/2023 23:45,13.245,0.001553951
9/13/2023 0:00,12.83,0.001505262
9/13/2023 0:15,12.415,0.001456572
9/13/2023 0:30,12.225,0.001434281
9/13/2023 0:45,11.99,0.00140671
9/13/2023 1:00,11.565,0.001356847
9/13/2023 1:15,11.33,0.001329276
9/13/2023 1:30,11.1,0.001302292
9/13/2023 1:45,10.81,0.001268268
9/13/2023 2:00,10.83,0.001270614
9/13/2023 2:15,10.58,0.001241284
9/13/2023 2:30,10.155,0.001191421
9/13/2023 2:45,10.175,0.001193768
9/13/2023 3:00,10.235,0.001200807
9/13/2023 3:15,10.005,0.001173823
9/13/2023 3:30,10.045,0.001178515
9/13/2023 3:45,9.74,0.001142732
9/13/2023 4:00,9.885,0.001159744
9/13/2023 4:15,9.71,0.001139212
9/13/2023 4:30,9.57,0.001122787
9/13/2023 4:45,9.79,0.001148598
9/13/2023 5:00,9.58,0.00112396
9/13/2023 5:15,9.7,0.001138039
9/13/2023 5:30,9.835,0.001153878
9/13/2023 5:45,9.61,0.00112748
9/13/2023 6:00,9.44,0.001107535
9/13/2023 6:15,9.54,0.001119267
9/13/2023 6:30,8.875,0.001041247
9/13/2023 6:45,8.66,0.001016022
9/13/2023 7:00,8.395,0.000984932
9/13/2023 7:15,8.49,0.000996077
9/13/2023 7:30,8.295,0.000973199
9/13/2023 7:45,8.14,0.000955014
9/13/2023 8:00,8,0.000938589
9/13/2023 8:15,7.585,0.000889899
9/13/2023 8:30,7.43,0.000871714
9/13/2023 8:45,7.245,0.000850009
9/13/2023 9:00,7.02,0.000823612
9/13/2023 9:15,6.855,0.000804253
9/13/2023 9:30,6.905,0.000810119
9/13/2023 9:45,6.9,0.000809533
9/13/2023 10:00,6.96,0.000816572
9/13/2023 10:15,6.74,0.000790761
9/13/2023 10:30,6.465,0.000758497
9/13/2023 10:45,6.3,0.000739139
9/13/2023 11:00,6.06,0.000710981
9/13/2023 11:15,5.875,0.000689276
9/13/2023 11:30,5.72,0.000671091
9/13/2023 11:45,5.615,0.000658772
9/13/2023 12:00,5.57,0.000653492
9/13/2023 12:15,5.495,0.000644693
9/13/2023 12:30,5.425,0.00063648
9/13/2023 12:45,5.335,0.000625921
9/13/2023 13:00,5.27,0.000618295
9/13/2023 13:15,5.28,0.000619469
9/13/2023 13:30,5.24,0.000614776
9/13/2023 13:45,5.145,0.00060363
9/13/2023 14:00,5.32,0.000624162
9/13/2023 14:15,5.34,0.000626508
9/13/2023 14:30,5.37,0.000630028
9/13/2023 14:45,5.1,0.00059835
9/13/2023 15:00,5.02,0.000588964
9/13/2023 15:15,4.835,0.00056726
9/13/2023 15:30,4.735,0.000555527
9/13/2023 15:45,4.63,0.000543208
9/13/2023 16:00,4.53,0.000531476
9/13/2023 16:15,4.555,0.000534409
9/13/2023 16:30,4.525,0.000530889
9/13/2023 16:45,4.455,0.000522677
9/13/2023 17:00,4.425,0.000519157
9/13/2023 17:15,4.38,0.000513877
9/13/2023 17:30,4.41,0.000517397
9/13/2023 17:45,4.48,0.00052561
9/13/2023 18:00,58.24,0.006832926
9/13/2023 18:15,83.87,0.00983993
9/13/2023 18:30,87.19,0.010229444
9/13/2023 18:45,79.15,0.009286162
9/13/2023 19:00,71.285,0.008363412
9/13/2023 19:15,62.55,0.007338591
9/13/2023 19:30,58.815,0.006900387
9/13/2023 19:45,58.66,0.006882202
9/13/2023 20:00,58.27,0.006836446
9/13/2023 20:15,60.7,0.007121542
9/13/2023 20:30,104.97,0.012315457
9/13/2023 20:45,353.525,0.041476822
9/13/2023 21:00,860.735,0.100984521
9/13/2023 21:15,1444.22,0.169441076
9/13/2023 21:30,1524.26,0.178831656
9/13/2023 21:45,1400.355,0.164294677
9/13/2023 22:00,1374.165,0.161221972
9/13/2023 22:15,1428.36,0.167580324
9/13/2023 22:30,1532.05,0.179745607
9/13/2023 22:45,1629.78,0.191211642
9/13/2023 23:00,1717.59,0.201513826
9/13/2023 23:15,1735.945,0.203667301
9/13/2023 23:30,1694.885,0.198849994
9/13/2023 23:45,1609.15,0.188791256
9/14/2023 0:00,1488.64,0.17465259
9/14/2023 0:15,1345.295,0.15783484
9/14/2023 0:30,1204.13,0.141272855
9/14/2023 0:45,1063.675,0.12479417
9/14/2023 1:00,933.545,0.109526852
9/14/2023 1:15,832.06,0.097620267
9/14/2023 1:30,724.315,0.084979237
9/14/2023 1:45,637.09,0.074745686
9/14/2023 2:00,554.94,0.065107553
9/14/2023 2:15,481.985,0.056548211
9/14/2023 2:30,420.18,0.049297026
9/14/2023 2:45,363.015,0.042590223
9/14/2023 3:00,319.1,0.037437958
9/14/2023 3:15,279.06,0.032740321
9/14/2023 3:30,249.325,0.029251704
9/14/2023 3:45,217.31,0.02549559
9/14/2023 4:00,192.58,0.022594177
9/14/2023 4:15,170.54,0.020008365
9/14/2023 4:30,149.7,0.017563342
9/14/2023 4:45,132.65,0.015562974
9/14/2023 5:00,119.865,0.014062992
9/14/2023 5:15,110.02,0.012907941
9/14/2023 5:30,102.4,0.012013936
9/14/2023 5:45,93.99,0.011027244
9/14/2023 6:00,86.645,0.010165503
9/14/2023 6:15,80.48,0.009442203
9/14/2023 6:30,75.215,0.008824494
9/14/2023 6:45,70.48,0.008268967
9/14/2023 7:00,68.195,0.008000882
9/14/2023 7:15,65.795,0.007719306
9/14/2023 7:30,63.28,0.007424237
9/14/2023 7:45,60.325,0.007077546
9/14/2023 8:00,57.325,0.006725575
9/14/2023 8:15,54.21,0.006360112
9/14/2023 8:30,52.575,0.006168288
9/14/2023 8:45,49.83,0.005846235
9/14/2023 9:00,47.75,0.005602201
9/14/2023 9:15,45.87,0.005381633
9/14/2023 9:30,43.56,0.005110616
9/14/2023 9:45,42.03,0.004931111
9/14/2023 10:00,41.29,0.004844291
9/14/2023 10:15,41.18,0.004831385
9/14/2023 10:30,39.86,0.004676518
9/14/2023 10:45,38.735,0.004544529
9/14/2023 11:00,37.42,0.004390249
9/14/2023 11:15,37.63,0.004414887
9/14/2023 11:30,35.905,0.004212504
9/14/2023 11:45,34.2,0.004012467
9/14/2023 12:00,33.015,0.003873438
9/14/2023 12:15,31.93,0.003746142
9/14/2023 12:30,31.39,0.003682788
9/14/2023 12:45,30.415,0.003568397
9/14/2023 13:00,30.64,0.003594795
9/14/2023 13:15,29.92,0.003510322
9/14/2023 13:30,29.625,0.003475711
9/14/2023 13:45,28.585,0.003353695
9/14/2023 14:00,28.14,0.003301486
9/14/2023 14:15,29.14,0.003418809
9/14/2023 14:30,31.77,0.00372737
9/14/2023 14:45,31.605,0.003708012
9/14/2023 15:00,31.55,0.003701559
9/14/2023 15:15,33.795,0.003964951
9/14/2023 15:30,33.16,0.00389045
9/14/2023 15:45,31.51,0.003696866
9/14/2023 16:00,30.575,0.003587169
9/14/2023 16:15,30.295,0.003554318
9/14/2023 16:30,30.52,0.003580716
9/14/2023 16:45,30.235,0.003547279
9/14/2023 17:00,30.04,0.003524401
9/14/2023 17:15,29.815,0.003498003
9/14/2023 17:30,30.51,0.003579543
9/14/2023 17:45,31.325,0.003675161
9/14/2023 18:00,31.235,0.003664602
9/14/2023 18:15,30.86,0.003620606
9/14/2023 18:30,30.2,0.003543172
9/14/2023 18:45,30.05,0.003525574
9/14/2023 19:00,31.925,0.003745556
9/14/2023 19:15,34.875,0.00409166
9/14/2023 19:30,36.285,0.004257086
9/14/2023 19:45,35.42,0.004155602
9/14/2023 20:00,34.605,0.004059983
9/14/2023 20:15,33.075,0.003880478
9/14/2023 20:30,31.6,0.003707425
9/14/2023 20:45,28.91,0.003391825
9/14/2023 21:00,27.045,0.003173017
9/14/2023 21:15,25.63,0.003007004
9/14/2023 21:30,24.73,0.002901412
9/14/2023 21:45,23.81,0.002793475
9/14/2023 22:00,23.125,0.002713108
9/14/2023 22:15,22.39,0.002626875
9/14/2023 22:30,21.94,0.00257408
9/14/2023 22:45,21.36,0.002506032
9/14/2023 23:00,20.995,0.002463209
9/14/2023 23:15,20.415,0.002395161
9/14/2023 23:30,20.065,0.002354098
9/14/2023 23:45,19.81,0.00232418
9/15/2023 0:00,19.775,0.002320074
9/15/2023 0:15,19.62,0.002301889
9/15/2023 0:30,19.475,0.002284877
9/15/2023 0:45,19.41,0.002277251
9/15/2023 1:00,19.075,0.002237947
9/15/2023 1:15,18.89,0.002216243
9/15/2023 1:30,19.45,0.002281944
9/15/2023 1:45,22.495,0.002639194
9/15/2023 2:00,23.06,0.002705482
9/15/2023 2:15,21.685,0.002544162
9/15/2023 2:30,21.79,0.002556481
9/15/2023 2:45,23.095,0.002709588
9/15/2023 3:00,33,0.003871678
9/15/2023 3:15,34.4,0.004035932
9/15/2023 3:30,28.805,0.003379506
9/15/2023 3:45,27.24,0.003195895
9/15/2023 4:00,26.125,0.003065079
9/15/2023 4:15,37.31,0.004377343
9/15/2023 4:30,24.84,0.002914318
9/15/2023 4:45,29.495,0.003460459
9/15/2023 5:00,53.93,0.006327261
9/15/2023 5:15,65.64,0.00770112
9/15/2023 5:30,75.215,0.008824494
9/15/2023 5:45,79.035,0.00927267
9/15/2023 6:00,78.645,0.009226914
9/15/2023 6:15,75.495,0.008857344
9/15/2023 6:30,71.505,0.008389223
9/15/2023 6:45,69.16,0.0081141
9/15/2023 7:00,69.325,0.008133458
9/15/2023 7:15,72.33,0.008486015
9/15/2023 7:30,72.88,0.008550543
9/15/2023 7:45,72.435,0.008498334
9/15/2023 8:00,69.205,0.008119379
9/15/2023 8:15,66.43,0.007793806
9/15/2023 8:30,61.61,0.007228306
9/15/2023 8:45,57.7,0.006769571
9/15/2023 9:00,53.805,0.006312596
9/15/2023 9:15,50.58,0.005934227
9/15/2023 9:30,46.64,0.005471972
9/15/2023 9:45,44.785,0.005254337
9/15/2023 10:00,42.355,0.004969241
9/15/2023 10:15,39.425,0.004625483
9/15/2023 10:30,37.49,0.004398461
9/15/2023 10:45,35.75,0.004194318
9/15/2023 11:00,33.945,0.003982549
9/15/2023 11:15,32.485,0.003811257
9/15/2023 11:30,31.045,0.003642311
9/15/2023 11:45,29.45,0.00345518
9/15/2023 12:00,28.055,0.003291513
9/15/2023 12:15,26.93,0.003159524
9/15/2023 12:30,25.68,0.00301287
9/15/2023 12:45,24.41,0.002863869
9/15/2023 13:00,23.15,0.002716041
9/15/2023 13:15,22.33,0.002619836
9/15/2023 13:30,21.6,0.00253419
9/15/2023 13:45,20.805,0.002440917
9/15/2023 14:00,20.225,0.00237287
9/15/2023 14:15,20,0.002346472
9/15/2023 14:30,21.935,0.002573493
9/15/2023 14:45,23.985,0.002814006
9/15/2023 15:00,24.46,0.002869735
9/15/2023 15:15,23.19,0.002720734
9/15/2023 15:30,21.3,0.002498992
9/15/2023 15:45,20.605,0.002417453
9/15/2023 16:00,20.815,0.002442091
9/15/2023 16:15,20.375,0.002390468
9/15/2023 16:30,20.64,0.002421559
9/15/2023 16:45,20.345,0.002386948
9/15/2023 17:00,19.36,0.002271385
9/15/2023 17:15,18.84,0.002210376
9/15/2023 17:30,18.35,0.002152888
9/15/2023 17:45,18.28,0.002144675
9/15/2023 18:00,18.53,0.002174006
9/15/2023 18:15,21.03,0.002467315
9/15/2023 18:30,20.61,0.002418039
9/15/2023 18:45,20.33,0.002385189
9/15/2023 19:00,20.215,0.002371696
9/15/2023 19:15,20.525,0.002408067
9/15/2023 19:30,21.525,0.00252539
9/15/2023 19:45,20.74,0.002433291
9/15/2023 20:00,20.535,0.00240924
9/15/2023 20:15,20.955,0.002458516
9/15/2023 20:30,20.175,0.002367003
9/15/2023 20:45,19.935,0.002338846
9/15/2023 21:00,19.785,0.002321247
9/15/2023 21:15,18.995,0.002228562
9/15/2023 21:30,18.265,0.002142915
9/15/2023 21:45,17.93,0.002103612
9/15/2023 22:00,17.415,0.00204319
9/15/2023 22:15,17.43,0.00204495
9/15/2023 22:30,18.03,0.002115344
9/15/2023 22:45,19.025,0.002232081
9/15/2023 23:00,20.58,0.002414519
9/15/2023 23:15,21.51,0.00252363
9/15/2023 23:30,22.085,0.002591092
9/15/2023 23:45,21.64,0.002538883
9/16/2023 0:00,20.965,0.002459689
9/16/2023 0:15,20.455,0.002399854
9/16/2023 0:30,19.625,0.002302475
9/16/2023 0:45,19.245,0.002257893
9/16/2023 1:00,18.635,0.002186325
9/16/2023 1:15,18.275,0.002144089
9/16/2023 1:30,17.615,0.002066655
9/16/2023 1:45,17.015,0.001996261
9/16/2023 2:00,16.665,0.001955198
9/16/2023 2:15,16.6,0.001947572
9/16/2023 2:30,16.26,0.001907682
9/16/2023 2:45,15.94,0.001870138
9/16/2023 3:00,15.47,0.001814996
9/16/2023 3:15,15.26,0.001790358
9/16/2023 3:30,14.935,0.001752228
9/16/2023 3:45,14.575,0.001709991
9/16/2023 4:00,14.37,0.00168594
9/16/2023 4:15,14.065,0.001650156
9/16/2023 4:30,13.905,0.001631385
9/16/2023 4:45,13.675,0.0016044
9/16/2023 5:00,13.41,0.001573309
9/16/2023 5:15,13.585,0.001593841
9/16/2023 5:30,13.785,0.001617306
9/16/2023 5:45,13.775,0.001616132
9/16/2023 6:00,13.675,0.0016044
9/16/2023 6:15,13.395,0.001571549
9/16/2023 6:30,13.26,0.001555711
9/16/2023 6:45,13.045,0.001530486
9/16/2023 7:00,12.815,0.001503502
9/16/2023 7:15,12.555,0.001472998
9/16/2023 7:30,12.43,0.001458332
9/16/2023 7:45,12.24,0.001436041
9/16/2023 8:00,11.915,0.001397911
9/16/2023 8:15,11.745,0.001377966
9/16/2023 8:30,11.76,0.001379725
9/16/2023 8:45,11.84,0.001389111
9/16/2023 9:00,11.5,0.001349221
9/16/2023 9:15,11.06,0.001297599
9/16/2023 9:30,10.835,0.001271201
9/16/2023 9:45,10.47,0.001228378
9/16/2023 10:00,10.265,0.001204327
9/16/2023 10:15,9.985,0.001171476
9/16/2023 10:30,9.84,0.001154464
9/16/2023 10:45,9.345,0.001096389
9/16/2023 11:00,8.925,0.001047113
9/16/2023 11:15,8.64,0.001013676
9/16/2023 11:30,8.47,0.000993731
9/16/2023 11:45,8.345,0.000979065
9/16/2023 12:00,8.26,0.000969093
9/16/2023 12:15,8.195,0.000961467
9/16/2023 12:30,8.415,0.000987278
9/16/2023 12:45,8.25,0.00096792
9/16/2023 13:00,8.27,0.000970266
9/16/2023 13:15,7.705,0.000903978
9/16/2023 13:30,7.425,0.000871128
9/16/2023 13:45,7.4,0.000868195
9/16/2023 14:00,7.325,0.000859395
9/16/2023 14:15,7.175,0.000841797
9/16/2023 14:30,7,0.000821265
9/16/2023 14:45,6.85,0.000803667
9/16/2023 15:00,6.815,0.00079956
9/16/2023 15:15,6.825,0.000800734
9/16/2023 15:30,6.75,0.000791934
9/16/2023 15:45,6.725,0.000789001
9/16/2023 16:00,6.82,0.000800147
9/16/2023 16:15,7.845,0.000920404
9/16/2023 16:30,6.62,0.000776682
9/16/2023 16:45,6.565,0.000770229
9/16/2023 17:00,6.365,0.000746765
9/16/2023 17:15,6.255,0.000733859
9/16/2023 17:30,6.375,0.000747938
9/16/2023 17:45,6.375,0.000747938
9/16/2023 18:00,6.67,0.000782548
9/16/2023 18:15,6.405,0.000751458
9/16/2023 18:30,6.465,0.000758497
9/16/2023 18:45,6.505,0.00076319
9/16/2023 19:00,6.835,0.000801907
9/16/2023 19:15,6.765,0.000793694
9/16/2023 19:30,6.91,0.000810706
9/16/2023 19:45,7.04,0.000825958
9/16/2023 20:00,7.15,0.000838864
9/16/2023 20:15,7.15,0.000838864
9/16/2023 20:30,7.12,0.000835344
9/16/2023 20:45,7.09,0.000831824
9/16/2023 21:00,7.03,0.000824785
9/16/2023 21:15,7.185,0.00084297
9/16/2023 21:30,7,0.000821265
9/16/2023 21:45,7.075,0.000830064
9/16/2023 22:00,7.06,0.000828305
9/16/2023 22:15,7.105,0.000833584
9/16/2023 22:30,7.005,0.000821852
9/16/2023 22:45,6.9,0.000809533
9/16/2023 23:00,6.97,0.000817745
9/16/2023 23:15,6.735,0.000790174
9/16/2023 23:30,6.735,0.000790174
9/16/2023 23:45,6.83,0.00080132
9/17/2023 0:00,6.775,0.000794867
9/17/2023 0:15,6.77,0.000794281
9/17/2023 0:30,7.065,0.000828891
9/17/2023 0:45,7.205,0.000845316
9/17/2023 1:00,7.32,0.000858809
9/17/2023 1:15,7.255,0.000851183
9/17/2023 1:30,7.34,0.000861155
9/17/2023 1:45,7.305,0.000857049
9/17/2023 2:00,7.375,0.000865261
9/17/2023 2:15,7.27,0.000852943
9/17/2023 2:30,7.08,0.000830651
9/17/2023 2:45,7.185,0.00084297
9/17/2023 3:00,7.085,0.000831238
9/17/2023 3:15,7.25,0.000850596
9/17/2023 3:30,7.115,0.000834757
9/17/2023 3:45,7.18,0.000842383
9/17/2023 4:00,7.355,0.000862915
9/17/2023 4:15,7.47,0.000876407
9/17/2023 4:30,7.42,0.000870541
9/17/2023 4:45,7.425,0.000871128
9/17/2023 5:00,7.035,0.000825371
9/17/2023 5:15,6.95,0.000815399
9/17/2023 5:30,6.995,0.000820679
9/17/2023 5:45,6.865,0.000805426
9/17/2023 6:00,6.885,0.000807773
9/17/2023 6:15,6.75,0.000791934
9/17/2023 6:30,6.86,0.00080484
9/17/2023 6:45,6.78,0.000795454
9/17/2023 7:00,6.7,0.000786068
9/17/2023 7:15,6.71,0.000787241
9/17/2023 7:30,6.435,0.000754977
9/17/2023 7:45,6.26,0.000734446
9/17/2023 8:00,6.23,0.000730926
9/17/2023 8:15,6.1,0.000715674
9/17/2023 8:30,6.03,0.000707461
9/17/2023 8:45,6.045,0.000709221
9/17/2023 9:00,5.975,0.000701008
9/17/2023 9:15,5.985,0.000702182
9/17/2023 9:30,5.905,0.000692796
9/17/2023 9:45,5.96,0.000699249
9/17/2023 10:00,5.705,0.000669331
9/17/2023 10:15,5.585,0.000655252
9/17/2023 10:30,5.39,0.000632374
9/17/2023 10:45,5.335,0.000625921
9/17/2023 11:00,5.225,0.000613016
9/17/2023 11:15,5.15,0.000604216
9/17/2023 11:30,4.95,0.000580752
9/17/2023 11:45,5.05,0.000592484
9/17/2023 12:00,4.995,0.000586031
9/17/2023 12:15,5,0.000586618
9/17/2023 12:30,4.835,0.00056726
9/17/2023 12:45,4.985,0.000584858
9/17/2023 13:00,4.845,0.000568433
9/17/2023 13:15,4.8,0.000563153
9/17/2023 13:30,4.705,0.000552007
9/17/2023 13:45,4.72,0.000553767
9/17/2023 14:00,4.76,0.00055846
9/17/2023 14:15,4.86,0.000570193
9/17/2023 14:30,4.755,0.000557874
9/17/2023 14:45,4.56,0.000534996
9/17/2023 15:00,4.565,0.000535582
9/17/2023 15:15,4.43,0.000519744
9/17/2023 15:30,4.36,0.000511531
9/17/2023 15:45,4.165,0.000488653
9/17/2023 16:00,4.145,0.000486306
9/17/2023 16:15,4.11,0.0004822
9/17/2023 16:30,4.085,0.000479267
9/17/2023 16:45,4.045,0.000474574
9/17/2023 17:00,4.07,0.000477507
9/17/2023 17:15,4.045,0.000474574
9/17/2023 17:30,4.06,0.000476334
9/17/2023 17:45,3.995,0.000468708
9/17/2023 18:00,4.085,0.000479267
9/17/2023 18:15,3.995,0.000468708
9/17/2023 18:30,4.09,0.000479853
9/17/2023 18:45,4.085,0.000479267
9/17/2023 19:00,4.27,0.000500972
9/17/2023 19:15,4.37,0.000512704
9/17/2023 19:30,4.515,0.000529716
9/17/2023 19:45,4.58,0.000537342
9/17/2023 20:00,4.72,0.000553767
9/17/2023 20:15,4.965,0.000582512
9/17/2023 20:30,4.795,0.000562567
9/17/2023 20:45,5.07,0.000594831
9/17/2023 21:00,6.295,0.000738552
9/17/2023 21:15,4.97,0.000583098
9/17/2023 21:30,4.855,0.000569606
9/17/2023 21:45,4.825,0.000566086
9/17/2023 22:00,5.005,0.000587205
9/17/2023 22:15,4.82,0.0005655
9/17/2023 22:30,4.885,0.000573126
9/17/2023 22:45,4.805,0.00056374
9/17/2023 23:00,4.69,0.000550248
9/17/2023 23:15,4.885,0.000573126
9/17/2023 23:30,5.095,0.000597764
9/17/2023 23:45,5.005,0.000587205
9/18/2023 0:00,4.84,0.000567846
9/18/2023 0:15,5.045,0.000591898
9/18/2023 0:30,5.105,0.000598937
9/18/2023 0:45,5.065,0.000594244
9/18/2023 1:00,5.39,0.000632374
9/18/2023 1:15,5.225,0.000613016
9/18/2023 1:30,5.275,0.000618882
9/18/2023 1:45,5.47,0.00064176
9/18/2023 2:00,5.445,0.000638827
9/18/2023 2:15,5.31,0.000622988
9/18/2023 2:30,5.57,0.000653492
9/18/2023 2:45,5.45,0.000639414
9/18/2023 3:00,5.54,0.000649973
9/18/2023 3:15,5.58,0.000654666
9/18/2023 3:30,5.82,0.000682823
9/18/2023 3:45,5.84,0.00068517
9/18/2023 4:00,5.845,0.000685756
9/18/2023 4:15,6.02,0.000706288
9/18/2023 4:30,6.145,0.000720953
9/18/2023 4:45,6.13,0.000719194
9/18/2023 5:00,6.17,0.000723887
9/18/2023 5:15,6.165,0.0007233
9/18/2023 5:30,6.095,0.000715087
9/18/2023 5:45,5.855,0.00068693
9/18/2023 6:00,5.91,0.000693382
9/18/2023 6:15,5.89,0.000691036
9/18/2023 6:30,6.095,0.000715087
9/18/2023 6:45,6.345,0.000744418
9/18/2023 7:00,6.62,0.000776682
9/18/2023 7:15,6.31,0.000740312
9/18/2023 7:30,6,0.000703942
9/18/2023 7:45,5.825,0.00068341
9/18/2023 8:00,5.74,0.000673437
9/18/2023 8:15,5.54,0.000649973
9/18/2023 8:30,5.515,0.00064704
9/18/2023 8:45,5.395,0.000632961
9/18/2023 9:00,5.405,0.000634134
9/18/2023 9:15,5.375,0.000630614
9/18/2023 9:30,5.255,0.000616535
9/18/2023 9:45,5.055,0.000593071
9/18/2023 10:00,4.93,0.000578405
9/18/2023 10:15,4.83,0.000566673
9/18/2023 10:30,4.8,0.000563153
9/18/2023 10:45,4.59,0.000538515
9/18/2023 11:00,4.465,0.00052385
9/18/2023 11:15,4.4,0.000516224
9/18/2023 11:30,4.28,0.000502145
9/18/2023 11:45,4.3,0.000504491
9/18/2023 12:00,4.18,0.000490413
9/18/2023 12:15,4.275,0.000501558
9/18/2023 12:30,4.185,0.000490999
9/18/2023 12:45,4.29,0.000503318
9/18/2023 13:00,3.98,0.000466948
9/18/2023 13:15,3.91,0.000458735
9/18/2023 13:30,3.91,0.000458735
9/18/2023 13:45,7.665,0.000899285
9/18/2023 14:00,7.33,0.000859982
9/18/2023 14:15,5.32,0.000624162
9/18/2023 14:30,4.67,0.000547901
9/18/2023 14:45,4.38,0.000513877
9/18/2023 15:00,4.25,0.000498625
9/18/2023 15:15,4.105,0.000481613
9/18/2023 15:30,3.805,0.000446416
9/18/2023 15:45,3.83,0.000449349
9/18/2023 16:00,3.845,0.000451109
9/18/2023 16:15,3.965,0.000465188
9/18/2023 16:30,3.805,0.000446416
9/18/2023 16:45,3.635,0.000426471
9/18/2023 17:00,3.495,0.000410046
9/18/2023 17:15,3.45,0.000404766
9/18/2023 17:30,3.43,0.00040242
9/18/2023 17:45,3.35,0.000393034
9/18/2023 18:00,3.4,0.0003989
9/18/2023 18:15,3.295,0.000386581
9/18/2023 18:30,3.4,0.0003989
9/18/2023 18:45,3.34,0.000391861
9/18/2023 19:00,3.285,0.000385408
9/18/2023 19:15,3.385,0.00039714
9/18/2023 19:30,3.78,0.000443483
9/18/2023 19:45,3.875,0.000454629
9/18/2023 20:00,5.64,0.000661705
9/18/2023 20:15,4.065,0.00047692
9/18/2023 20:30,4.07,0.000477507
9/18/2023 20:45,4.21,0.000493932
9/18/2023 21:00,4.005,0.000469881
9/18/2023 21:15,4.005,0.000469881
9/18/2023 21:30,4.13,0.000484546
9/18/2023 21:45,4.095,0.00048044
9/18/2023 22:00,4.14,0.00048572
9/18/2023 22:15,4.18,0.000490413
9/18/2023 22:30,4.105,0.000481613
9/18/2023 22:45,4.02,0.000471641
9/18/2023 23:00,4.045,0.000474574
9/18/2023 23:15,3.98,0.000466948
9/18/2023 23:30,3.975,0.000466361
9/18/2023 23:45,3.89,0.000456389
9/19/2023 0:00,3.86,0.000452869
9/19/2023 0:15,3.83,0.000449349
9/19/2023 0:30,3.805,0.000446416
9/19/2023 0:45,3.835,0.000449936
9/19/2023 1:00,3.815,0.000447589
9/19/2023 1:15,3.83,0.000449349
9/19/2023 1:30,3.865,0.000453456
9/19/2023 1:45,3.935,0.000461668
9/19/2023 2:00,4.025,0.000472227
9/19/2023 2:15,3.85,0.000451696
9/19/2023 2:30,3.8,0.00044583
9/19/2023 2:45,3.73,0.000437617
9/19/2023 3:00,3.87,0.000454042
9/19/2023 3:15,3.86,0.000452869
9/19/2023 3:30,3.96,0.000464601
9/19/2023 3:45,3.825,0.000448763
9/19/2023 4:00,3.84,0.000450523
9/19/2023 4:15,3.8,0.00044583
9/19/2023 4:30,3.855,0.000452282
9/19/2023 4:45,3.84,0.000450523
9/19/2023 5:00,3.82,0.000448176
9/19/2023 5:15,3.855,0.000452282
9/19/2023 5:30,3.98,0.000466948
9/19/2023 5:45,3.865,0.000453456
9/19/2023 6:00,4.055,0.000475747
9/19/2023 6:15,4.035,0.000473401
9/19/2023 6:30,4.01,0.000470468
9/19/2023 6:45,4.17,0.000489239
9/19/2023 7:00,4.465,0.00052385
9/19/2023 7:15,4.46,0.000523263
9/19/2023 7:30,4.515,0.000529716
9/19/2023 7:45,4.325,0.000507425
9/19/2023 8:00,3.955,0.000464015
9/19/2023 8:15,3.875,0.000454629
9/19/2023 8:30,3.665,0.000429991
9/19/2023 8:45,3.605,0.000422952
9/19/2023 9:00,3.58,0.000420018
9/19/2023 9:15,3.49,0.000409459
9/19/2023 9:30,3.57,0.000418845
9/19/2023 9:45,3.41,0.000400073
9/19/2023 10:00,3.335,0.000391274
9/19/2023 10:15,3.305,0.000387754
9/19/2023 10:30,3.26,0.000382475
9/19/2023 10:45,3.08,0.000361357
9/19/2023 11:00,3.075,0.00036077
9/19/2023 11:15,3.095,0.000363117
9/19/2023 11:30,3.15,0.000369569
9/19/2023 11:45,3.26,0.000382475
9/19/2023 12:00,3.405,0.000399487
9/19/2023 12:15,3.38,0.000396554
9/19/2023 12:30,3.235,0.000379542
9/19/2023 12:45,3.125,0.000366636
9/19/2023 13:00,3.225,0.000378369
9/19/2023 13:15,3.32,0.000389514
9/19/2023 13:30,3.31,0.000388341
9/19/2023 13:45,3.225,0.000378369
9/19/2023 14:00,3.055,0.000358424
9/19/2023 14:15,3.085,0.000361943
9/19/2023 14:30,3.11,0.000364876
9/19/2023 14:45,3.065,0.000359597
9/19/2023 15:00,3.07,0.000360183
9/19/2023 15:15,2.95,0.000346105
9/19/2023 15:30,2.95,0.000346105
9/19/2023 15:45,2.9,0.000340238
9/19/2023 16:00,2.735,0.00032088
9/19/2023 16:15,2.67,0.000313254
9/19/2023 16:30,2.635,0.000309148
9/19/2023 16:45,2.61,0.000306215
9/19/2023 17:00,2.645,0.000310321
9/19/2023 17:15,2.68,0.000314427
9/19/2023 17:30,2.705,0.00031736
9/19/2023 17:45,2.65,0.000310908
9/19/2023 18:00,2.78,0.00032616
9/19/2023 18:15,2.66,0.000312081
9/19/2023 18:30,2.775,0.000325573
9/19/2023 18:45,2.85,0.000334372
9/19/2023 19:00,3.07,0.000360183
9/19/2023 19:15,3.155,0.000370156
9/19/2023 19:30,3.17,0.000371916
9/19/2023 19:45,3.21,0.000376609
9/19/2023 20:00,3.265,0.000383062
9/19/2023 20:15,3.4,0.0003989
9/19/2023 20:30,3.565,0.000418259
9/19/2023 20:45,3.54,0.000415326
9/19/2023 21:00,3.49,0.000409459
9/19/2023 21:15,3.505,0.000411219
9/19/2023 21:30,5.495,0.000644693
9/19/2023 21:45,5.38,0.000631201
9/19/2023 22:00,4.105,0.000481613
9/19/2023 22:15,3.87,0.000454042
9/19/2023 22:30,3.92,0.000459908
9/19/2023 22:45,3.905,0.000458149
9/19/2023 23:00,3.815,0.000447589
9/19/2023 23:15,3.855,0.000452282
9/19/2023 23:30,3.875,0.000454629
9/19/2023 23:45,3.95,0.000463428
9/20/2023 0:00,3.99,0.000468121
9/20/2023 0:15,3.715,0.000435857
9/20/2023 0:30,3.82,0.000448176
9/20/2023 0:45,3.675,0.000431164
9/20/2023 1:00,3.62,0.000424711
9/20/2023 1:15,3.775,0.000442897
9/20/2023 1:30,3.645,0.000427644
9/20/2023 1:45,3.595,0.000421778
9/20/2023 2:00,3.575,0.000419432
9/20/2023 2:15,3.55,0.000416499
9/20/2023 2:30,3.54,0.000415326
9/20/2023 2:45,3.425,0.000401833
9/20/2023 3:00,3.45,0.000404766
9/20/2023 3:15,3.48,0.000408286
9/20/2023 3:30,3.42,0.000401247
9/20/2023 3:45,3.325,0.000390101
9/20/2023 4:00,3.47,0.000407113
9/20/2023 4:15,3.55,0.000416499
9/20/2023 4:30,3.525,0.000413566
9/20/2023 4:45,3.705,0.000434684
9/20/2023 5:00,3.88,0.000455216
9/20/2023 5:15,3.75,0.000439963
9/20/2023 5:30,3.675,0.000431164
9/20/2023 5:45,3.61,0.000423538
9/20/2023 6:00,3.575,0.000419432
9/20/2023 6:15,3.715,0.000435857
9/20/2023 6:30,4.07,0.000477507
9/20/2023 6:45,4.64,0.000544381
9/20/2023 7:00,5.275,0.000618882
9/20/2023 7:15,5.785,0.000678717
9/20/2023 7:30,6.125,0.000718607
9/20/2023 7:45,6.09,0.000714501
9/20/2023 8:00,5.71,0.000669918
9/20/2023 8:15,5.24,0.000614776
9/20/2023 8:30,4.68,0.000549074
9/20/2023 8:45,4.37,0.000512704
9/20/2023 9:00,4.13,0.000484546
9/20/2023 9:15,3.925,0.000460495
9/20/2023 9:30,3.875,0.000454629
9/20/2023 9:45,3.795,0.000445243
9/20/2023 10:00,3.77,0.00044231
9/20/2023 10:15,3.625,0.000425298
9/20/2023 10:30,3.49,0.000409459
9/20/2023 10:45,3.51,0.000411806
9/20/2023 11:00,3.885,0.000455802
9/20/2023 11:15,3.62,0.000424711
9/20/2023 11:30,3.375,0.000395967
9/20/2023 11:45,3.18,0.000373089
9/20/2023 12:00,3.13,0.000367223
9/20/2023 12:15,3.25,0.000381302
9/20/2023 12:30,3.44,0.000403593
9/20/2023 12:45,3.595,0.000421778
9/20/2023 13:00,3.575,0.000419432
9/20/2023 13:15,3.53,0.000414152
9/20/2023 13:30,3.555,0.000417085
9/20/2023 13:45,3.49,0.000409459
9/20/2023 14:00,3.27,0.000383648
9/20/2023 14:15,3.035,0.000356077
9/20/2023 14:30,2.9,0.000340238
9/20/2023 14:45,2.775,0.000325573
9/20/2023 15:00,2.57,0.000301522
9/20/2023 15:15,2.475,0.000290376
9/20/2023 15:30,2.445,0.000286856
9/20/2023 15:45,2.42,0.000283923
9/20/2023 16:00,2.35,0.00027571
9/20/2023 16:15,2.31,0.000271017
9/20/2023 16:30,2.265,0.000265738
9/20/2023 16:45,2.21,0.000259285
9/20/2023 17:00,2.25,0.000263978
9/20/2023 17:15,2.305,0.000270431
9/20/2023 17:30,2.27,0.000266325
9/20/2023 17:45,2.21,0.000259285
9/20/2023 18:00,2.185,0.000256352
9/20/2023 18:15,2.185,0.000256352
9/20/2023 18:30,2.16,0.000253419
9/20/2023 18:45,2.255,0.000264565
9/20/2023 19:00,2.26,0.000265151
9/20/2023 19:15,2.45,0.000287443
9/20/2023 19:30,4.35,0.000510358
9/20/2023 19:45,4.63,0.000543208
9/20/2023 20:00,3.315,0.000388928
9/20/2023 20:15,3.06,0.00035901
9/20/2023 20:30,2.935,0.000344345
9/20/2023 20:45,2.945,0.000345518
9/20/2023 21:00,2.815,0.000330266
9/20/2023 21:15,2.925,0.000343172
9/20/2023 21:30,2.89,0.000339065
9/20/2023 21:45,2.83,0.000332026
9/20/2023 22:00,2.9,0.000340238
9/20/2023 22:15,3,0.000351971
9/20/2023 22:30,2.79,0.000327333
9/20/2023 22:45,2.78,0.00032616
9/20/2023 23:00,2.72,0.00031912
9/20/2023 23:15,2.775,0.000325573
9/20/2023 23:30,2.9,0.000340238
9/20/2023 23:45,2.825,0.000331439
9/21/2023 0:00,2.765,0.0003244
9/21/2023 0:15,2.825,0.000331439
9/21/2023 0:30,2.76,0.000323813
9/21/2023 0:45,2.86,0.000335545
9/21/2023 1:00,2.84,0.000333199
9/21/2023 1:15,2.69,0.0003156
9/21/2023 1:30,2.73,0.000320293
9/21/2023 1:45,2.785,0.000326746
9/21/2023 2:00,2.85,0.000334372
9/21/2023 2:15,2.815,0.000330266
9/21/2023 2:30,2.86,0.000335545
9/21/2023 2:45,3.21,0.000376609
9/21/2023 3:00,3.72,0.000436444
9/21/2023 3:15,4.59,0.000538515
9/21/2023 3:30,3.9,0.000457562
9/21/2023 3:45,3.185,0.000373676
9/21/2023 4:00,3.13,0.000367223
9/21/2023 4:15,3.09,0.00036253
9/21/2023 4:30,2.93,0.000343758
9/21/2023 4:45,2.86,0.000335545
9/21/2023 5:00,2.8,0.000328506
9/21/2023 5:15,2.805,0.000329093
9/21/2023 5:30,2.73,0.000320293
9/21/2023 5:45,2.77,0.000324986
9/21/2023 6:00,2.685,0.000315014
9/21/2023 6:15,2.72,0.00031912
9/21/2023 6:30,2.835,0.000332612
9/21/2023 6:45,2.695,0.000316187
9/21/2023 7:00,2.68,0.000314427
9/21/2023 7:15,2.6,0.000305041
9/21/2023 7:30,2.545,0.000298589
9/21/2023 7:45,2.49,0.000292136
9/21/2023 8:00,2.495,0.000292722
9/21/2023 8:15,2.565,0.000300935
9/21/2023 8:30,2.51,0.000294482
9/21/2023 8:45,2.535,0.000297415
9/21/2023 9:00,2.435,0.000285683
9/21/2023 9:15,2.47,0.000289789
9/21/2023 9:30,2.425,0.00028451
9/21/2023 9:45,2.31,0.000271017
9/21/2023 10:00,2.305,0.000270431
9/21/2023 10:15,2.27,0.000266325
9/21/2023 10:30,2.235,0.000262218
9/21/2023 10:45,2.195,0.000257525
9/21/2023 11:00,2.285,0.000268084
9/21/2023 11:15,2.27,0.000266325
9/21/2023 11:30,2.32,0.000272191
9/21/2023 11:45,2.345,0.000275124
9/21/2023 12:00,4.405,0.00051681
9/21/2023 12:15,9.245,0.001084657
9/21/2023 12:30,9.43,0.001106361
9/21/2023 12:45,6.41,0.000752044
9/21/2023 13:00,5.49,0.000644107
9/21/2023 13:15,6.28,0.000736792
9/21/2023 13:30,6.09,0.000714501
9/21/2023 13:45,4.555,0.000534409
9/21/2023 14:00,4.465,0.00052385
9/21/2023 14:15,7.52,0.000882273
9/21/2023 14:30,5.74,0.000673437
9/21/2023 14:45,6.24,0.000732099
9/21/2023 15:00,6.075,0.000712741
9/21/2023 15:15,5.35,0.000627681
9/21/2023 15:30,4.62,0.000542035
9/21/2023 15:45,4.415,0.000517984
9/21/2023 16:00,4.02,0.000471641
9/21/2023 16:15,3.86,0.000452869
9/21/2023 16:30,5.74,0.000673437
9/21/2023 16:45,5.24,0.000614776
9/21/2023 17:00,8,0.000938589
9/21/2023 17:15,8.925,0.001047113
9/21/2023 17:30,7.84,0.000919817
9/21/2023 17:45,6.76,0.000793107
9/21/2023 18:00,6.66,0.000781375
9/21/2023 18:15,5.425,0.00063648
9/21/2023 18:30,5.1,0.00059835
9/21/2023 18:45,6.7,0.000786068
9/21/2023 19:00,5.33,0.000625335
9/21/2023 19:15,4.71,0.000552594
9/21/2023 19:30,5.515,0.00064704
9/21/2023 19:45,5.08,0.000596004
9/21/2023 20:00,3.97,0.000465775
9/21/2023 20:15,5.24,0.000614776
9/21/2023 20:30,4.595,0.000539102
9/21/2023 20:45,4.45,0.00052209
9/21/2023 21:00,4.995,0.000586031
9/21/2023 21:15,4.36,0.000511531
9/21/2023 21:30,4.39,0.000515051
9/21/2023 21:45,4.845,0.000568433
9/21/2023 22:00,4.38,0.000513877
9/21/2023 22:15,4.155,0.00048748
9/21/2023 22:30,4.365,0.000512117
9/21/2023 22:45,4.29,0.000503318
9/21/2023 23:00,4.17,0.000489239
9/21/2023 23:15,4.335,0.000508598
9/21/2023 23:30,4.15,0.000486893
9/21/2023 23:45,3.985,0.000467535
9/22/2023 0:00,4.15,0.000486893
9/22/2023 0:15,4.18,0.000490413
9/22/2023 0:30,3.875,0.000454629
9/22/2023 0:45,4.27,0.000500972
9/22/2023 1:00,3.965,0.000465188
9/22/2023 1:15,3.875,0.000454629
9/22/2023 1:30,3.99,0.000468121
9/22/2023 1:45,3.85,0.000451696
9/22/2023 2:00,3.795,0.000445243
9/22/2023 2:15,4,0.000469294
9/22/2023 2:30,3.71,0.000435271
9/22/2023 2:45,3.705,0.000434684
9/22/2023 3:00,4.055,0.000475747
9/22/2023 3:15,3.78,0.000443483
9/22/2023 3:30,3.78,0.000443483
9/22/2023 3:45,4.03,0.000472814
9/22/2023 4:00,3.615,0.000424125
9/22/2023 4:15,3.575,0.000419432
9/22/2023 4:30,3.725,0.00043703
9/22/2023 4:45,3.635,0.000426471
9/22/2023 5:00,3.44,0.000403593
9/22/2023 5:15,3.55,0.000416499
9/22/2023 5:30,3.52,0.000412979
9/22/2023 5:45,3.305,0.000387754
9/22/2023 6:00,3.57,0.000418845
9/22/2023 6:15,3.48,0.000408286
9/22/2023 6:30,3.55,0.000416499
9/22/2023 6:45,3.455,0.000405353
9/22/2023 7:00,3.495,0.000410046
9/22/2023 7:15,3.45,0.000404766
9/22/2023 7:30,3.435,0.000403007
9/22/2023 7:45,3.36,0.000394207
9/22/2023 8:00,3.41,0.000400073
9/22/2023 8:15,3.385,0.00039714
9/22/2023 8:30,3.255,0.000381888
9/22/2023 8:45,3.37,0.000395381
9/22/2023 9:00,3.46,0.00040594
9/22/2023 9:15,3.315,0.000388928
9/22/2023 9:30,3.225,0.000378369
9/22/2023 9:45,3.595,0.000421778
9/22/2023 10:00,3.445,0.00040418
9/22/2023 10:15,3.46,0.00040594
9/22/2023 10:30,3.635,0.000426471
9/22/2023 10:45,3.385,0.00039714
9/22/2023 11:00,3.425,0.000401833
9/22/2023 11:15,3.54,0.000415326
9/22/2023 11:30,3.295,0.000386581
9/22/2023 11:45,3.27,0.000383648
9/22/2023 12:00,3.34,0.000391861
9/22/2023 12:15,3.3,0.000387168
9/22/2023 12:30,4.335,0.000508598
9/22/2023 12:45,8.165,0.000957947
9/22/2023 13:00,5.575,0.000654079
9/22/2023 13:15,4.75,0.000557287
